TIME,27.4658,30.2124,32.959,35.7056,38.4521,41.1987,43.9453,46.6919,49.4385,52.1851,54.9316,57.6782,60.4248,63.1714,65.918,68.6646,71.4111,74.1577,76.9043,79.6509,82.3975,85.144,87.8906,90.6372,93.3838,96.1304,98.877,101.624,104.37,107.117,109.863,112.61,115.356,118.103,120.85,123.596,126.343,129.089,131.836,134.583,137.329,140.076,142.822,145.569,148.315,151.062,153.809,156.555,159.302,162.048,164.795,167.542,170.288,173.035,175.781,178.528,181.274,184.021,186.768,189.514,192.261,195.007,197.754,200.5,203.247,205.994,208.74,211.487,214.233,216.98,219.727,222.473,225.22,227.966,230.713,233.459,236.206,238.953,241.699,244.446,247.192,249.939,252.686,255.432,258.179,260.925,263.672,266.418,269.165,271.912,274.658,277.405,280.151,282.898,285.645,288.391,291.138,293.884,296.631,299.377,302.124,304.871,307.617,310.364,313.11,315.857,318.604,321.35,324.097,326.843,329.59,332.336,335.083,337.83,340.576,343.323,346.069,348.816,351.562,354.309,357.056,359.802,362.549,365.295,368.042,370.789,373.535,376.282,379.028,381.775,384.521,387.268,390.015,392.761,395.508,398.254,401.001,403.748,406.494,409.241,411.987,414.734,417.48,420.227,422.974,425.72,428.467,431.213,433.96,436.707,439.453,442.2,444.946,447.693,450.439,453.186,455.933,458.679,461.426,464.172,466.919,469.666,472.412,475.159,477.905,480.652
0.000000000,244.157,294.661,343.544,296.081,241.46,234.752,210.782,186.696,198.634,207.806,223.681,238.005,219.944,225.157,238.944,216.574,201.829,190.611,184.753,213.458,227.139,235.365,303.423,340.128,277.928,231.883,244.236,296.076,237.451,253.302,451.79,792.003,1009.42,4705.38,15919.9,20828.3,10980.3,2389.6,1023.94,792.942,411.742,170.414,240.368,296.135,245.356,249.782,300.788,332.967,282.035,241.317,231.881,200.72,184.34,199.238,206.607,222.143,226.521,209.207,223.366,229.014,202.048,188.68,176.441,178.822,207.439,210.113,224.707,302.388,322.269,252.43,214.031,235.762,294.047,275.884,301.041,440.714,737.721,1119.44,6274.3,17521.1,19082.3,8335.22,1727.46,1035.23,744.45,364.238,149.381,253.368,282.704,238.222,248.326,295.372,310.502,262.758,233.727,219.04,185.096,177.273,192.292,198.701,211.464,206.332,194.314,213.52,209.502,181.669,169.173,158.204,168.961,192.484,186.233,211.102,291.628,291.429,220.858,192.342,224.878,312.433,357.674,339.928,412.969,656.512,1384.21,7917.85,18170.9,16479.5,5973.3,1331.64,1003.68,672.684,307.461,143.623,259.404,261.157,226.503,239.821,278.579,279.332,239.331,218.397,198.06,165.743,165.337,178.769,184.772,192.251,180.313,176.241,195.559,182.955,157.123,145.126,138.22,155.14,169.817,159.069,195.727,270.802,250.916,186.817,169.261,220.799,379.993,488.082,361.755,374.129
1.365333333,221.118,271.493,350.715,277.86,218.481,221.33,197.393,163.428,187.123,190.731,208.453,231.175,200.315,208.482,233.257,198.657,187.133,176.716,162.486,202.281,212.532,209.552,291.87,347.471,251.355,209.658,213.346,291.938,213.658,196.138,437.336,722.614,883.106,4402.93,22297.8,31343.6,13585.8,1765.93,1041.15,714.623,433.68,99.5249,243.814,283.43,217.732,225.296,283.223,336.162,260.829,221.276,219.946,184.583,162.65,188.974,188.558,210.087,217.578,188.409,210.801,223.09,182.975,176.644,159.925,159.912,197.456,194.709,197.164,299.944,325.575,225.645,191.309,206.294,287.252,245.199,257.193,389.455,708.298,834.147,6662.06,25499,28208.7,9427.99,1273.79,1030.06,702.141,374.74,85.2663,263.436,264.085,214.066,223.241,283.545,307.886,241.891,216.418,208.469,166.661,158.984,182.093,181.612,202.053,195.084,174.349,205.289,202.164,163.518,158.958,140.171,154.631,182.889,170.131,184.35,298.011,288.073,196.263,168.629,196.356,301.55,337.947,305.221,331.183,662.041,952.742,9335,27108.8,23630.1,6057.41,1090.82,954.799,673.329,294.512,93.6778,269.159,239.094,205.413,216.1,270.751,271.435,220.823,203.752,188.288,146.445,150.996,168.161,170.281,184.423,167.343,158.909,190.918,173.804,141.694,135.387,120.821,145.114,160.422,142.055,173.313,282.62,241.08,164.748,145.687,188.925,376.755,505.218,326.915,280.967
2.730666667,171.422,210.83,314.071,219.513,168.64,176.534,160.455,117.556,153.051,147.351,165.548,193.663,153.788,163.952,196.603,154.227,147.062,141.588,117.746,166.741,167.793,158.307,237.937,314.101,186.297,167.751,146.49,264.183,156.912,130.72,369.364,534.227,734.697,3395.13,27946.6,42354,14833,999.805,877.476,568.898,394.762,38.0907,229.481,229.124,166.494,168.539,229.784,294.724,202.938,173.025,177.631,145.961,119.114,155.29,144.491,170.086,179.885,142.136,170.282,187.506,139.322,141.334,123.791,119.51,162.815,152.563,145.084,255.186,291.945,162.258,153.507,141.653,256.145,175.736,183.476,308.819,535.933,580.57,6076.5,33296.8,37400.6,9250.78,803.811,819.897,595.808,343.159,26.5317,258.067,199.86,170.239,163.98,236.949,262.723,188.077,170.334,170.291,127.057,120.322,148.342,139.832,165.505,158.358,130.541,170.178,167.758,123.398,128.459,104.322,120.418,149.253,132.203,133.137,265.301,250.563,141.58,129.484,141.808,250.582,278.651,218.652,243.889,527.008,527.479,9667.72,36341.8,30318.1,5167.32,841.18,724.081,602.052,262.392,42.133,260.795,174.667,164.728,160.062,229.002,225.505,172.939,161.11,154.674,107.726,118.15,134.817,133.145,151.506,132.897,119.58,161.662,141.071,107.449,108.835,87.5171,117.208,128.802,108.653,125.948,261.509,198.479,122.964,102.617,143.357,304.357,486.057,226.93,193.801
4.096000000,115.014,131.94,248.39,142.02,108.327,117.057,111.783,66.0259,108.169,92.4965,110.669,137.795,96.9513,108.033,140.476,99.8567,95.2897,97.0799,67.4854,117.78,109.578,99.0093,160.774,253.414,106.6,117.109,78.4712,202.638,110.62,80.3093,241.781,357.722,505.475,2207.9,31819.4,52148.2,14560.5,422.545,579.089,379.928,335.222,5.58438,209.704,153.722,103.087,106.039,156.354,224.206,129.591,112.44,120.16,98.1266,69.21,110.01,89.7486,116.124,126.626,86.3528,117.03,133.478,87.1888,94.95,80.1588,72.9118,114.421,98.8484,86.9214,184.084,233.943,88.5762,106.226,77.3108,197.16,100.242,120.331,182.693,346.982,365.311,4897.77,39582.1,45129.4,8048.69,445.734,536.106,399.38,319.636,2.20982,229.228,125.109,111.428,97.6723,170.456,190.546,121.172,111.161,117.427,80.75,74.5527,102.885,88.2921,113.943,109.56,77.9049,121.067,117.77,75.6135,88.378,62.8875,78.8457,102.851,85.3234,76.5175,205.133,192.637,80.391,82.7133,85.5305,179.34,184.51,141.443,142.94,330.388,240.627,9011.04,44400.9,35327.3,3786.7,566.804,477.933,420.068,254.981,25.4513,217.478,105.53,110.358,94.1712,168.597,156.566,113.031,105.636,107.979,64.1216,77.8832,90.294,86.9197,104.103,89.6275,72.087,117.829,96.4918,66.0985,74.8153,50.0391,80.9966,86.3154,69.3507,72.3918,214.218,140.079,77.5244,55.3538,93.81,207.546,403.618,138.934,123.591
5.461333333,64.0832,63.6087,173.087,71.4312,54.3047,62.3667,65.5001,24.8144,66.1013,43.9747,58.8604,82.7191,47.2732,56.29,84.5066,51.3566,47.4186,57.1868,27.5991,68.8999,57.3458,48.3394,86.1375,183.029,42.3173,69.1812,26.4934,142.624,73.5197,46.3814,136.723,217.558,233.635,1308.95,33411.9,59269.2,13161,123.452,313.863,168.593,284.279,24.5466,176.236,84.5369,51.0519,53.2577,88.2514,145.816,65.0587,57.3172,65.2256,55.7487,28.4209,66.1738,42.8499,63.3321,74.4775,39.8924,65.4165,78.9575,43.0779,50.6245,42.6726,35.178,65.686,50.7624,40.1168,110.5,167.957,31.9449,63.4151,26.6301,137.553,45.1384,58.9359,75.3618,217.631,161.776,3664.31,43413.7,50249.8,6423.48,190.174,323.832,178.989,298.156,29.4556,185.534,58.7582,59.7466,43.4825,105.503,113.779,62.1856,57.6473,65.1745,42.2953,36.0843,58.5539,44.1477,63.1964,62.2513,34.8466,72.0735,67.3832,36.0685,49.9796,28.4567,43.211,57.528,43.0543,32.331,138.685,130.786,32.7936,46.4088,40.3109,104.168,109.232,66.9906,53.0228,188.025,80.3151,7785.05,50072,37957.4,2502.01,269.618,298.315,227.378,252.802,47.1826,163.669,46.0313,60.6784,39.6477,107.786,86.989,58.6885,55.7293,61.3984,29.2658,42.9177,47.6508,45.911,58.1792,48.7631,32.4433,73.387,52.732,31.24,43.3467,19.6061,47.3276,46.8981,34.4662,29.4528,158.529,84.3344,38.6459,24.2931,56.8246,99.857,319.308,71.5277,59.6639
6.826666667,31.4742,25.067,105.152,24.4788,18.8897,24.9433,31.1264,3.49833,35.0541,13.2957,22.5597,40.5789,15.8062,21.4744,41.6112,18.9111,15.6097,29.5404,6.55484,31.5319,22.3274,16.5488,34.6227,117.718,9.23397,37.2025,2.80875,83.0602,63.2029,40.9635,69.4873,99.8325,54.074,834.936,32914.6,63104.7,11256.7,24.5069,172.63,36.896,202.201,87.1262,147.135,38.0867,16.5369,20.5574,44.111,80.2737,22.5055,20.267,26.4272,26.5073,6.33071,33.269,13.7458,25.3371,35.1789,11.8586,28.4747,37.6221,15.1454,19.52,19.0801,13.4261,28.7095,18.8107,12.5422,55.7966,110.033,3.45027,33.909,6.01473,83.9688,13.4027,21.7109,26.6488,127.308,20.0671,2698.1,44654.5,52399,4934.15,29.7778,192.05,55.2706,244.807,100.154,134.523,22.3833,24.7417,10.9526,57.1937,54.6245,23.0349,21.2785,26.9945,18.5036,13.3724,26.0648,16.0261,26.3356,27.6376,9.46746,34.9845,30.0541,11.9484,22.064,8.85951,20.0436,24.1873,15.1148,7.97117,83.6871,83.3958,7.91028,22.7862,18.0183,53.5081,47.7359,18.9562,11.8863,117.979,10.097,6409.22,52957.1,38190.7,1656.01,53.8788,158.53,107.2,243.343,105.364,100.674,14.5059,28.4692,7.69271,58.469,36.4645,22.2369,21.6266,26.5482,9.94167,20.1799,17.8527,18.2803,24.8752,20.1536,8.84289,38.2588,21.4632,9.91546,20.5619,3.37617,23.1601,19.0967,11.7007,6.45561,107.038,48.3926,16.4453,9.3445,31.7215,30.6151,243.733,34.5488,17.9154
8.192000000,14.285,14.2087,56.9682,4.54676,3.23486,6.36911,11.4979,0.527823,16.9985,1.21412,4.83457,15.8715,2.88876,5.5455,16.5264,3.85365,2.17928,14.7902,2.26497,10.3759,5.5181,2.89005,11.1968,70.4298,5.14128,17.189,1.30428,47.3741,61.5147,56.6777,18.1561,31.4938,32.7746,604.485,31109.5,64085.9,9342.84,60.5009,106.641,2.277,126.302,170.031,104.685,17.9435,4.93565,8.32851,24.5401,37.2838,3.93669,3.60785,6.72799,10.7558,2.06085,14.5035,2.094,6.10089,12.8178,1.39368,9.54,14.2528,3.04593,4.87166,9.12748,5.77838,8.43566,4.13849,1.80345,26.7328,70.6637,1.78332,15.8026,5.35017,46.7227,10.7296,10.5921,5.35871,61.7621,19.3297,1980.44,43934.6,52202.9,3747.07,18.8565,97.0973,10.0944,203.927,182.557,83.0052,7.74328,8.51417,2.54276,30.3534,19.9339,4.90697,4.39015,7.09124,7.9094,6.06273,9.07818,3.69276,7.17132,8.98653,0.620428,13.9097,10.1057,2.18037,7.55155,3.37104,8.71102,6.55328,2.76119,0.333605,48.5955,56.9987,4.29409,11.4678,14.3154,21.7516,17.0202,10.3685,2.7795,76.6336,44.012,5128.14,53454.7,36818.9,1157.89,12.3716,59.2098,30.6719,252.702,162.305,53.6907,2.67973,10.6521,0.0498566,28.4902,9.87876,4.89246,5.1276,7.69427,4.08064,9.81841,3.97075,4.88079,7.29315,5.76335,0.669142,16.7689,5.89199,1.43744,8.12185,0.400196,9.57551,4.98651,1.86992,0.7943,68.5448,35.7637,8.8127,6.99205,23.4845,1.96607,175.8,49.8402,3.84893
9.557333333,7.76251,18.356,30.6057,1.39013,0.0220128,0.765022,3.44579,5.6216,9.17598,0.413752,0.305187,5.19623,0.953458,1.93039,5.84466,0.124531,0.968009,9.18157,5.24387,2.296,0.739383,0.0490613,6.53924,43.0255,14.477,8.76426,8.4815,25.946,59.4991,63.0036,3.9585,11.1133,98.5193,385.765,29065.2,63298.8,7702.2,209.229,65.581,0.912466,95.7377,212.248,75.8091,10.9111,5.32517,6.47771,20.5453,16.7557,0.134032,0.0314008,0.663433,4.3697,6.36816,7.18106,0.469484,0.782547,3.73163,0.529333,3.54729,5.22593,0.183333,2.11977,7.47795,5.01679,1.35785,0.525305,0.0418364,17.3715,48.5785,11.0004,9.2563,11.7279,27.2086,14.0152,6.30202,0.481877,28.7618,138.254,1322.21,42389.4,50851.6,2754.81,163.026,42.3897,1.89643,179.023,225.779,50.2982,6.35606,4.89759,5.3053,19.1741,6.48019,0.300159,0.225788,0.711755,4.68778,7.14341,4.15485,0.702032,1.27212,2.24985,0.470358,5.44096,3.63695,0.231568,3.21739,5.25578,4.54791,0.816198,0.266026,0.541508,32.7048,45.1021,8.89468,9.30971,15.7803,14.0445,11.8085,9.82394,1.86292,46.2963,181.866,3972.35,52585.7,34996.9,740.2,104.618,18.7021,10.9867,245.49,191.513,25.8787,3.57007,4.56488,4.61507,14.2122,1.56016,0.405041,0.497729,1.13089,4.3717,7.19489,1.5728,0.771523,1.40482,1.27461,0.765126,6.82883,1.88506,0.151775,3.47688,3.60912,3.69434,0.568189,0.101829,2.78803,47.5422,35.0761,7.87332,9.26726,18.7266,7.93183,154.994,59.6458,1.7721
10.922666667,6.58232,22.3523,19.3101,2.44335,0.291889,0.0834506,1.71008,7.5783,8.33506,1.81186,0.554523,2.24421,1.14719,1.6934,2.85451,0.232332,2.81569,8.86221,6.08,0.940252,0.289681,0.0400204,7.01186,30.3194,20.3786,6.53595,11.3189,15.2098,54.8982,51.0331,11.4587,4.24904,172.397,137.836,27576.7,62017.1,6486.77,396.837,43.8519,4.29884,83.5517,215.076,53.3587,9.06562,6.09044,7.36472,20.6211,9.57177,0.501318,0.435341,0.00136904,2.63509,8.52148,6.86664,0.938617,0.743807,1.49366,0.937388,2.46936,3.04101,0.0263485,3.56175,8.31377,4.48992,0.405226,0.494702,0.139095,15.031,38.6434,16.1599,7.37846,13.125,17.2005,17.0414,2.33379,3.68554,11.9697,284.198,704.287,41045.4,49492.8,1924.59,355.715,21.6244,12.7463,150.682,235.04,29.6203,7.02577,4.22696,8.38633,15.5333,3.35513,0.0167039,0.379916,0.0904872,3.53911,8.48899,4.94304,0.400908,0.679728,0.873128,1.06075,3.25985,2.68259,0.0889457,3.72945,6.94558,3.12075,0.109122,0.530793,1.31506,25.9825,40.8162,11.7535,8.79924,13.8976,14.459,16.383,14.7224,1.95647,23.6856,355.097,3021.77,51456.1,33621.7,321.765,223.286,8.79534,27.6818,214.625,197.349,12.2864,5.09147,3.16873,8.90665,9.19641,0.62161,0.079447,0.246128,0.361063,4.17663,7.35965,3.15,0.157893,0.440674,0.525887,1.42507,3.7974,1.92391,0.313181,3.28785,5.23301,2.08724,0.0106109,0.340009,4.21962,37.2998,36.1211,8.53614,9.79968,14.0176,25.8796,163.323,58.7882,1.65877
12.288000000,5.36908,22.3022,13.2881,2.82821,0.517935,0.252412,1.88783,5.53246,10.4621,2.44902,0.862324,1.49727,0.622692,1.18557,1.98798,0.685883,3.79113,10.3168,4.13307,1.29323,0.519703,0.265569,6.3138,22.8386,21.0986,4.8387,11.0247,8.09415,39.8313,43.5211,13.8364,1.06975,234.819,6.62237,26899.6,61043.4,5992.02,503.212,37.516,1.49756,94.9921,176.614,43.507,6.21876,5.55373,7.14731,19.5195,5.92864,0.997433,0.809352,0.212474,2.34688,6.88932,9.16459,1.3749,0.838893,0.971841,0.355794,1.87317,2.26418,0.483673,4.92995,8.79919,3.03035,0.69597,0.750232,0.570263,12.1625,31.5161,16.785,5.8426,10.8645,12.9982,11.6691,2.27399,3.22158,3.32097,391.053,427.035,40269.5,48679.7,1555.29,476.638,11.8216,9.04378,159.827,193.917,23.3217,6.76351,3.2629,9.22182,13.9595,1.84572,0.218669,0.83563,0.465062,2.6245,7.67217,6.96113,0.726607,0.602983,0.560973,0.441089,2.47109,2.20275,0.438381,5.32907,6.52927,2.27678,0.266325,0.697917,1.878,20.4745,35.7646,11.603,7.81751,8.35213,18.3712,31.3647,11.7834,0.753224,11.2889,469.881,2645.63,50610.8,32987.7,112.285,306.401,3.8301,26.1837,213.32,166.321,7.93968,5.80886,2.19718,10.3899,8.09381,0.317272,0.0849499,0.628981,0.881998,2.73041,7.46037,4.65521,0.387921,0.292928,0.339442,0.795784,2.80859,1.81988,0.554473,4.75905,4.28332,1.74607,0.094172,0.389029,4.4391,29.7982,33.7737,7.6212,9.10835,6.66023,44.3591,197.784,50.4204,0.368078
13.653333333,2.79617,21.6157,8.01946,2.98418,1.14234,0.92551,1.9697,3.40621,11.8687,3.6276,1.09482,0.851627,0.302868,0.784876,1.17008,1.22256,5.15938,11.0322,2.14494,1.70143,1.04314,1.16466,4.97758,16.2398,19.9689,2.28016,10.8356,1.40809,30.368,31.1025,14.5401,1.1368,252.512,126.04,27155.8,60236,6529.71,468.454,52.4993,3.95271,89.6504,144.89,31.6964,3.01007,6.15895,5.20309,19.2916,2.68673,1.69457,1.2912,0.969912,1.9397,5.02723,10.9874,2.32305,0.810567,0.552628,0.0489905,1.32159,1.43521,1.23428,6.41337,8.7253,1.49434,1.25472,1.08837,1.68669,8.43606,24.7825,15.1728,3.9807,9.10543,5.39205,15.7557,2.09711,3.56482,4.48561,387.604,719.401,40121.8,48272.5,1952.37,456.069,16.9346,11.5241,146.217,162.128,16.8255,4.97514,3.04751,8.29303,14.2175,0.491181,0.882399,1.30809,1.24399,1.68219,6.42591,8.85028,1.42392,0.446891,0.327994,0.0960642,1.72922,1.57329,1.23113,6.78315,5.79331,1.31942,0.845204,0.903948,2.82932,14.1507,30.008,9.43306,6.85671,5.02797,15.9093,54.1521,19.655,1.11951,17.1823,443.419,3089.67,50079.7,33026,315.453,311.128,3.9752,27.5947,191.557,140.52,5.71038,5.42483,1.29152,10.6971,8.83518,0.10263,0.55505,1.13412,1.59651,1.38279,7.0127,6.29886,0.847364,0.144432,0.206777,0.37904,1.90252,1.53851,1.24477,5.9681,3.19491,1.3044,0.599026,0.588812,4.60368,21.6714,29.6598,4.95577,8.62756,1.87635,59.8997,236.891,60.9743,1.34612
15.018666667,1.0795,21.0005,3.99772,2.92936,2.00251,1.99068,2.12279,1.84334,12.5438,4.95978,1.19187,0.338742,0.298837,0.63963,0.504902,1.5931,6.49098,11.3043,0.634546,2.29122,1.77904,2.34516,3.45363,10.2511,19.2806,0.112813,10.805,0.800628,20.8641,14.4887,22.6106,7.01272,215.709,452.872,27980.7,59389.6,7789.67,330.91,85.3606,13.0319,67.372,113.349,25.7482,2.30215,6.2393,4.58271,18.8314,0.73101,2.44146,1.85483,2.19187,1.60504,3.71179,11.9644,3.49149,0.737443,0.254021,0.085101,0.946519,0.739565,1.89453,7.61729,8.53355,0.303643,2.14672,1.50066,2.88626,4.84692,17.8421,14.0624,1.86884,9.03088,4.62456,14.9779,2.70065,15.0209,21.0425,278.504,1437.61,40303.7,48011.7,2914.65,316.858,40.4239,25.2074,109,131.733,16.1568,4.56406,2.58027,9.06482,14.3905,0.0035089,1.84884,1.78485,2.40326,0.918282,5.56582,10.0039,2.31495,0.330536,0.211548,0.097576,1.1106,0.977674,2.07918,7.79423,5.18201,0.575022,1.82684,1.18668,3.53347,8.22179,23.5356,7.6397,4.94599,5.02984,18.4664,70.1517,36.8166,10.22,45.9129,298.332,4109.01,49648.9,33429.3,843.36,238.761,13.3706,38.7372,149.376,115.12,7.94212,5.75482,0.336479,12.6885,9.98146,0.320474,1.36889,1.69771,2.52851,0.370897,6.67246,7.46725,1.45535,0.0875788,0.168135,0.294638,1.12295,1.143,2.10514,6.73465,2.35101,0.985117,1.41621,0.945238,4.35239,13.8366,24.5151,2.68282,7.21059,0.981882,74.7258,277.207,85.63,6.63318
16.384000000,2.03259,20.8452,1.94678,2.53647,2.72381,3.23372,2.25589,1.47045,12.6293,5.86314,1.06425,0.0331588,0.642983,0.748883,0.133347,1.47622,7.59147,10.9895,0.332603,2.84628,2.74988,2.98125,2.25038,5.73237,19.3209,1.08671,8.96759,4.06755,13.1717,7.8084,18.3534,24.3664,155.089,789.838,28656.4,58363.3,8974.34,193.474,115.181,11.6165,58.8388,75.1074,22.0404,3.62865,7.10907,5.89735,19.0412,0.483761,2.65489,2.47041,3.59233,1.43217,3.24448,12.444,4.15024,0.675068,0.10852,0.518198,0.715625,0.373899,1.90595,8.76061,7.98531,0.015025,3.03824,2.27232,3.06762,2.59489,11.1484,14.4019,2.71787,7.47346,6.09148,21.6991,5.21839,17.341,52.0109,151.391,2148.52,40295.3,47608.5,3839.85,160.038,70.5509,15.169,101.133,88.1093,17.5948,4.27287,4.14144,11.2054,15.5898,0.586906,2.38256,2.34597,3.69263,0.648015,5.09482,10.7136,2.76372,0.365825,0.244591,0.501133,0.569319,0.61157,2.3342,8.74795,4.63336,0.307045,2.80864,1.87097,2.98436,4.47921,16.0942,8.00259,5.10312,5.06305,18.89,102.605,46.0877,14.7172,83.8635,149.948,5097.7,49005.6,33720.6,1367.66,141.83,32.3066,21.8845,135.834,78.5516,11.9304,4.95976,1.61809,15.8049,12.3246,1.02574,1.91352,2.35638,3.45766,0.159912,6.3697,8.19557,1.76988,0.233158,0.291963,0.576997,0.447386,0.735751,2.64748,7.29227,1.95321,0.813824,2.24876,1.51133,3.15716,8.03411,18.2312,2.81659,6.50176,2.25566,82.8945,332.046,109.329,10.1099
17.749333333,5.86508,21.5445,2.0041,1.90921,2.94804,4.65937,2.20434,1.87039,12.597,5.96554,0.812194,0.0814098,1.31179,1.08245,0.110936,0.945632,8.21477,10.5895,0.831769,2.9628,4.19828,2.58591,1.61684,4.07237,19.0771,4.40022,8.2087,7.63653,10.2108,2.1259,10.5839,39.2818,119.013,930.825,28502.6,57029.6,9342.45,151.646,114.972,11.4637,34.8888,57.6478,13.6311,8.31079,5.74504,8.89196,21.8275,1.49256,2.00116,3.14611,4.79946,1.42521,3.39311,12.8108,3.84512,0.695612,0.287427,1.36612,0.6784,0.321207,1.24783,9.7305,7.45463,0.392385,3.46044,3.57522,2.02563,1.5253,7.49469,14.8655,4.21373,8.19673,9.377,26.427,18.5711,10.893,65.674,101.498,2412.7,39693.9,46695.8,4184.83,101.677,82.6388,9.03477,67.218,69.7111,12.6081,7.79436,4.30752,13.2489,20.3082,1.77121,1.83689,3.31515,4.50081,0.839197,5.04509,11.27,2.3303,0.597402,0.57625,1.31106,0.256917,0.496884,1.86306,9.68183,4.23196,0.438745,3.52797,2.86102,1.55442,2.16196,11.0177,10.0061,4.72331,6.92543,25.0226,117.408,79.8804,11.4906,90.5566,101.872,5422,48025.8,33318.4,1583.76,96.0941,47.4155,12.7458,100.066,58.6884,11.5117,6.55758,3.37944,18.1234,17.7283,1.91799,1.57734,3.50276,3.79657,0.552575,6.35123,8.63946,1.45859,0.63147,0.738387,1.15441,0.0426993,0.474514,2.67687,7.83999,1.79566,0.740143,3.13087,2.01238,1.78875,3.71003,13.1214,5.66897,5.26185,4.7038,96.2969,363.586,151.714,13.2381
19.114666667,10.2921,23.4867,4.02562,1.18976,2.75294,5.95642,2.11331,2.37069,12.5287,5.53501,0.51019,0.543454,2.40784,1.79513,0.447519,0.336622,8.28675,10.2689,1.43385,2.87341,5.68706,1.7315,1.20887,4.82051,20.4074,8.19126,5.74872,12.9308,5.54209,0.240929,11.4357,32.1149,122.243,799.095,27253.8,55383.7,8597.94,214.609,76.2026,20.4463,17.7016,41.0392,8.51763,10.2245,5.01212,13.5008,25.098,3.92023,1.02684,3.6431,5.68877,1.47838,3.77606,12.916,3.08513,0.728024,0.898242,2.68381,1.03346,0.536253,0.503219,10.2331,6.98749,0.956307,3.52743,4.98239,0.750892,1.09877,6.58651,16.4016,6.94299,5.72269,16.5227,28.5467,24.839,21.8099,41.7887,145.492,2086.17,38303.9,45209.5,3722.87,160.433,53.1703,13.6983,47.6833,48.1445,11.3388,7.83499,4.95901,17.8331,25.0098,3.79302,0.845797,4.37747,4.85751,1.09807,5.42262,11.3733,1.51357,0.922634,1.36952,2.5572,0.396853,0.577968,1.3067,10.2979,3.83761,0.822021,3.86384,3.88529,0.290802,0.96361,8.8004,12.2375,6.1413,5.23916,34.4276,130.982,93.7656,26.7853,56.2541,167.78,4884.99,46594.4,32072.5,1361.93,120.343,33.9724,9.83563,81.4325,35.5894,13.7303,5.32135,5.34464,22.8808,23.188,3.12384,0.831868,4.89863,3.64367,0.988077,6.84461,8.59483,0.814549,1.19961,1.72077,2.06569,0.116131,0.40547,2.64542,8.2175,1.62161,0.900926,3.79304,2.42645,0.960646,1.00975,10.3599,8.62139,5.25817,5.11233,107.512,391.762,171.298,24.4158
20.480000000,11.6044,28.8368,6.71151,0.476986,1.89952,7.2896,2.19485,2.33314,13.2402,4.40291,0.19957,1.22504,4.46698,3.2648,0.848729,0.0664475,7.25395,11.1385,1.14257,3.51707,6.22376,1.11417,0.590827,7.31135,25.486,7.35611,6.23763,10.744,7.93251,1.00867,9.3735,19.4924,134.443,482.342,25248.7,53470,7091.8,314.084,29.3209,23.1266,17.6835,29.1754,2.50325,12.1549,3.07738,17.8753,29.8164,6.22734,0.437533,3.10654,7.17081,1.15153,4.46561,12.7027,2.35069,0.514277,1.96958,4.97195,1.92658,0.686885,0.238468,9.9995,7.23856,0.877626,4.56379,4.70073,0.411168,1.03607,8.36229,20.0219,5.46251,6.72853,14.1291,42.2073,20.3623,29.9538,12.7053,219.321,1365.54,36370.1,43265.4,2720.15,260.376,14.6067,10.4939,53.6417,32.4212,5.17579,9.85817,3.2196,24.8818,28.917,5.51786,0.250512,4.79337,5.75013,0.707679,6.83401,10.2588,1.10235,1.00932,2.97851,4.54593,0.964382,0.561973,1.02168,11.0129,3.40258,1.12855,4.83075,3.36054,0.0380606,1.3886,9.87985,13.8236,5.29828,5.52226,34.1152,156.96,81.1712,40.745,16.499,276.63,3774.03,44830.9,30190.2,849.871,167.309,12.6294,0.498813,86.4723,21.2581,9.9527,5.739,4.95116,30.9427,26.6799,4.28788,0.209541,6.3638,3.64802,0.930103,8.37467,7.31309,0.414721,1.7163,3.82433,3.42101,0.553567,0.392623,2.58522,9.29869,1.02013,1.51709,4.26306,2.22818,0.939995,0.963351,11.0481,8.73498,5.56381,4.48687,113.059,415.814,162.386,32.8785
21.845333333,11.1758,37.7797,8.93993,0.0940753,0.845695,8.52968,3.19877,2.36529,15.0037,2.73026,0.00197164,2.30282,7.86572,5.77571,1.23393,0.0562775,5.64941,13.7554,0.288221,5.66286,5.74579,0.73718,0.244851,12.0956,33.147,4.29979,7.41145,6.4067,10.9372,4.18691,7.95935,24.4488,136.644,157.667,23264.6,51198.8,5676.83,375.384,6.10225,22.0109,19.5756,27.6061,1.68339,9.93129,1.64472,21.2417,37.8509,6.45379,0.293498,2.10937,9.44488,0.973746,6.16089,12.4773,1.4634,0.152172,3.86381,8.6799,3.58293,0.609192,0.181157,9.63127,9.08675,0.405736,6.97977,3.02751,0.731393,1.52661,14.8386,24.5995,2.43193,7.68234,10.6295,50.4418,22.1621,23.6034,11.9118,270.291,678.755,34355,41046.3,1780.23,328.326,5.61568,12.5693,50.1374,30.9942,4.12861,9.03791,1.41254,31.1928,34.3033,5.20985,0.134353,4.81677,7.92439,0.0424136,9.61998,8.35339,0.972157,0.864861,5.72849,7.77515,1.99536,0.324863,0.847874,12.26,3.86892,1.78248,6.42399,1.71779,0.827018,3.29113,16.2117,14.6684,4.49686,5.69557,34.7805,168.588,72.8753,35.2146,2.4893,355.042,2740.71,42863.3,28148.7,356.527,195.148,12.5424,8.60904,79.6643,20.8885,8.80725,5.3103,4.66396,38.3051,29.0854,4.53426,0.0441046,7.742,4.88883,0.811198,10.8463,5.01551,0.46854,2.30231,7.13421,5.67378,1.20003,0.247321,2.61072,11.6114,0.672368,3.09792,4.39776,1.57345,2.25995,4.01061,15.9863,6.38696,7.26658,3.23481,122.768,422.069,136.464,32.9925
23.210666667,11.4194,48.617,12.6025,0.29775,0.220556,9.87502,4.7253,3.03193,19.882,0.947652,0.72637,5.37639,11.4295,8.01747,2.58309,0.572178,3.79433,20.0605,0.925159,9.4233,4.59375,0.445908,0.461285,17.497,44.3437,2.99977,12.3805,0.654648,20.5066,9.33837,13.91,31.798,139.095,3.35959,21875.7,48707.7,4983.7,350.719,1.57209,28.7295,40.0169,28.1818,1.61184,7.59699,1.90561,29.3093,45.8192,4.98413,0.222161,1.78027,10.4603,3.44656,11.8461,12.6002,1.05098,0.808251,5.91877,11.2971,8.04098,0.948731,0.0125416,11.9281,11.5348,0.744329,9.53447,2.2236,1.55276,4.13954,25.6438,28.6424,0.0527764,12.7523,3.7561,77.7742,13.704,25.6697,13.8695,272.891,404.34,32608.1,38917.2,1344.86,308.974,2.92257,23.8918,74.7323,25.9076,2.1556,11.3255,0.734039,36.7125,39.0995,3.58122,0.376647,5.96005,10.7204,0.360661,12.6549,7.78376,0.823413,1.50297,11.3842,10.1359,3.14288,0.566283,0.478115,14.129,8.19141,5.23009,7.20798,0.796873,1.93237,5.7741,27.4968,18.8835,4.84242,9.48657,34.8156,197.441,42.0023,34.1799,0.884334,362.038,2341.95,40770.4,26470.6,130.448,186.267,12.8728,21.8828,94.9015,22.3858,4.75928,8.06147,5.81289,46.9611,26.5315,4.83747,0.52727,8.12354,7.77909,2.02852,15.9559,1.74705,1.69232,4.39916,9.71222,8.22602,3.06881,0.0925943,2.84423,17.2263,1.68142,5.0208,4.41069,0.532048,5.18804,12.268,25.3087,4.29898,8.16866,5.14235,129.861,457.375,72.7099,39.8172
24.576000000,10.813,60.5947,22.4908,2.78185,2.24143,11.9899,4.31286,4.21547,30.8216,4.11813,6.49428,15.5419,12.4554,8.30457,8.09228,3.49867,6.29302,30.3149,5.37662,12.7816,3.84568,0.193406,1.18292,22.9925,58.2639,8.9281,19.2289,1.05953,31.7564,25.3409,33.9036,29.1893,144.632,71.9821,21197.8,46289.9,5051.8,237.27,22.3095,57.3727,54.7889,33.6277,4.95799,4.65326,10.1053,49.0909,54.1614,1.92003,1.03794,1.5159,10.5369,12.1465,25.3779,17.0242,2.13367,4.81731,7.82975,9.98266,18.7645,5.84227,2.21483,20.996,12.3916,1.22529,12.2727,4.47647,4.27589,11.4059,37.1458,31.9216,1.96049,18.5023,5.6834,104.923,30.7733,54.1561,10.1591,208.135,571.722,31396.9,37143.1,1446.44,203.49,6.72508,67.1918,100.558,24.2674,2.4973,12.2101,4.0295,40.7593,40.5861,2.84756,1.31423,9.76035,14.7495,1.68305,12.9166,11.5872,1.65887,6.86011,23.1791,9.44117,4.1007,2.41764,0.0262786,18.7893,19.7223,14.578,9.101,1.0624,2.2731,6.77073,43.8237,34.8709,14.6413,16.5189,46.9502,197.995,38.3806,54.9561,13.6235,271.09,2589.89,38818,25281.3,230.613,151.556,5.63411,51.9347,109.76,28.8792,2.69201,10.5649,11.909,56.7485,19.5959,5.01549,1.57711,7.69794,10.8486,6.40649,23.643,1.18315,5.85558,11.1998,10.1372,8.85118,9.87508,2.60485,7.58175,29.9621,4.81875,4.85115,4.95731,0.139697,11.3902,29.2746,37.9634,3.78481,7.90101,9.54425,151.291,505.475,22.7072,67.5338
25.941333333,8.44718,73.6583,42.5504,10.5217,9.78907,13.3327,3.0668,7.85741,42.9396,20.2241,25.429,44.5158,15.3874,11.4961,25.5367,11.923,16.0206,39.1587,15.5236,16.6283,2.72247,0.0364406,2.17641,29.3359,70.6379,22.1072,28.4826,12.3403,52.5327,38.5229,52.8356,49.039,147.771,246.14,20877.5,44487.2,5282.31,97.8684,110.496,86.8824,46.5622,52.5075,9.60414,8.3447,25.3284,78.8513,69.3638,0.0129492,4.95083,2.40055,12.7027,32.7494,49.5704,24.8796,5.41269,13.3667,13.7327,4.74352,41.991,27.1102,16.6113,37.5158,10.5992,1.9151,15.6218,10.5352,10.3919,23.8626,47.2363,31.6579,6.62563,26.9232,26.1557,142.791,53.6108,82.4133,60.7463,108.083,883.248,30767.5,35990.2,1707.35,75.7599,64.2518,104.924,105.894,37.2955,1.70008,19.4878,11.4579,36.6801,41.1404,4.73691,3.73833,16.0175,19.2709,4.56723,9.84005,18.5738,8.75159,26.3726,47.8355,5.86452,8.00604,7.20438,1.18077,24.0397,38.0836,34.2607,16.3651,3.93713,2.11326,7.08492,67.778,66.3733,35.4283,26.538,64.7506,181.667,55.8834,78.8538,104.39,130.179,2957.49,37375.6,24445.3,470.957,107.257,21.6463,68.3488,117.296,47.8258,0.319731,17.4899,25.0528,60.6198,13.2537,4.49189,3.45182,5.55999,14.0841,16.5486,30.4336,5.27589,12.8534,28.2144,13.6948,10.0157,30.807,16.0461,26.0558,47.3931,10.6932,3.70724,5.20301,2.43176,22.3123,55.9608,53.9904,5.46344,5.5597,15.6156,201.058,560.362,27.6416,95.3576
27.306666667,6.63579,85.1578,72.068,24.9523,23.7524,16.9656,1.21263,17.5751,50.9241,41.5382,63.4401,117.19,44.89,40.5645,67.1283,24.6332,22.4463,49.2185,32.937,17.4437,2.18148,0.097293,3.08238,36.1716,75.327,42.4326,38.8625,26.7651,79.0846,70.6279,42.1428,88.9826,181.616,334.217,20522.3,43945.7,4951.41,90.2995,270.619,77.4466,48.744,60.1965,18.2132,18.5527,49.722,115.015,90.9401,4.25878,12.9142,5.31444,18.5135,65.1112,92.744,37.2506,6.69837,20.0272,34.0026,6.45862,102.032,87.5621,53.2637,49.7809,9.7697,2.17225,18.0968,21.8624,20.5035,38.5816,54.5905,25.3181,15.5295,33.7958,51.1187,205.126,101.588,67.3086,144.687,75.4837,941.441,30763,35772.7,1644.73,47.3004,150.457,76.4142,150.111,46.4113,4.44462,25.7639,22.5507,26.8297,39.2866,9.77405,7.97194,26.7199,21.8622,6.45711,8.07353,20.0234,27.0436,76.4159,109.326,9.6024,24.5465,13.0277,1.99986,26.1466,68.7625,63.5188,28.9415,10.4814,4.01966,10.2378,96.3769,105.192,71.5058,46.0041,62.5792,182.972,63.5056,75.7249,280.08,109.926,2822.95,36873.8,23841.8,556.354,98.9835,59.7631,37.7231,161.732,59.9118,1.8165,24.8173,43.9128,58.2014,9.11534,4.02839,4.59371,3.93884,13.7719,33.4111,41.4085,8.17689,17.228,60.8741,39.898,29.9054,87.403,51.4707,54.945,61.3426,21.9671,2.59203,6.74493,8.7608,36.752,89.6739,72.424,8.46647,3.39229,20.1555,256.727,660.565,87.1667,98.5231
28.672000000,5.13781,96.1479,107.048,42.785,39.4445,24.6204,2.1427,34.5065,57.5868,51.4797,117.833,259.579,154.359,138.571,146.101,37.442,18.9906,65.7314,52.4897,14.7951,2.35255,0.0578274,3.72729,43.2316,70.8158,59.5549,50.4574,43.2679,92.3064,117.67,32.7351,104.679,309.624,247.263,20241.4,45021.7,4022.94,377.34,418.128,54.2816,38.9182,67.6047,29.6927,29.8675,78.8075,149.561,112.253,19.0134,26.1249,10.9844,27.8246,100.244,150.463,65.692,6.44092,21.0945,81.4003,53.4755,238.287,213.178,110.352,49.1885,11.0892,0.720583,23.405,37.9476,30.1457,50.0484,59.1543,15.7365,23.9708,39.7267,83.4079,236.673,194.085,60.3909,160.034,214.356,621.78,31602.6,36731.6,1181.19,226.942,177.539,59.8404,171.238,59.1029,13.1122,37.2727,27.8626,17.0608,34.2636,15.718,13.4066,40.0893,24.7243,5.40331,7.68253,15.1217,56.5088,172.085,240.936,57.9561,70.0689,21.6317,0.412238,34.5614,110.669,90.6313,42.9685,22.545,11.9327,22.1732,119.657,140.808,119.483,67.326,52.7776,157.058,100.004,62.3044,414.568,383.612,2097.83,37684.3,23600.7,359.004,205.757,82.878,30.9643,174.075,78.6579,11.148,36.8923,53.4409,54.4955,7.93775,3.97215,4.12477,2.8636,11.2089,53.6929,58.8893,9.13529,16.5771,111.974,118.795,110.264,206.75,113.999,76.0975,69.3738,40.6993,4.1773,11.2401,16.7017,48.6291,127.992,91.7855,10.0672,2.36249,20.8192,321.909,752.577,207.288,102.82
30.037333333,3.17775,111.597,140.279,54.112,53.8628,37.7445,9.74463,52.8985,63.0356,45.7724,176.631,476.712,403.645,353.885,266.368,47.4824,13.1773,81.6052,69.7499,11.7569,2.49355,0.228122,3.98421,53.8511,52.2838,73.1183,65.3704,39.6616,122.841,137.577,35.8465,83.0532,538.658,123.735,20643.4,47817.4,3293.62,932.434,462.697,50.7239,18.6537,79.5901,30.1726,44.8334,114.076,156.368,131.485,47.7949,42.2166,16.9571,35.7829,136.457,206.406,105.881,12.9031,22.9281,170.867,201.144,489.093,407.907,171.399,39.8328,12.4705,0.0223923,29.3087,57.1914,39.4491,48.3425,66.4134,4.02195,38.9563,38.997,93.7962,303.029,227.841,80.7959,100.124,500.991,257.818,33543.1,39134.1,759.975,570.767,123.618,71.1108,143.891,94.6235,26.6054,37.4925,36.2101,4.94961,33.0728,15.6221,20.3427,57.8182,25.1559,3.61542,6.61292,9.75175,88.8062,308.918,469.303,205.317,166.437,41.4797,1.48666,55.5625,149.246,111.625,52.129,36.7201,27.8848,45.9675,137.532,147.486,169.973,104.616,21.6301,155.044,97.5156,74.3569,413.733,910.249,1454.65,39905.6,24261.3,59.7869,449.389,69.7918,37.1706,163.229,108.175,19.9502,45.0186,61.1144,40.7108,13.3774,6.14763,1.4376,3.45603,9.56956,76.619,74.0669,12.1282,13.272,176.606,278.735,300.872,402.203,195.413,77.6055,73.0135,61.5612,11.4694,18.5485,25.5525,51.9015,160.743,118.202,7.71634,2.78023,16.2003,378.478,844.759,317.764,110.187
31.402666667,2.00919,141.079,163.514,50.6129,69.5918,49.1558,21.7512,74.1755,61.773,32.974,224.415,720.068,825.834,721.486,412.144,52.8647,10.2045,90.2618,84.2867,8.97839,2.83003,1.17955,6.13534,63.5592,31.9217,76.4441,86.2364,21.5783,154.671,162.032,22.046,47.9749,793.024,261.986,22573.8,51802.9,3960.77,1544,445.954,44.4746,10.1284,91.9695,20.9715,61.7746,157.368,122.209,152.185,78.7943,55.8794,26.1155,34.2061,168.385,255.01,131.979,32.2203,39.9452,324.768,495.991,835.976,630.475,231.704,24.2811,15.6675,2.21803,32.3804,73.3387,50.6651,31.8922,81.792,1.51274,55.9116,33.0233,90.0464,349.358,260.57,63.3234,43.4267,770.706,404.954,36791,42924.6,1094.39,904.309,61.955,48.997,131.585,117.225,43.1472,31.1779,41.2096,0.116706,38.3698,8.36241,31.8716,77.4218,22.5744,1.70944,6.25397,5.62711,122.673,456.3,767.426,495.908,340.259,83.7806,11.8791,75.926,178.235,123.709,47.6653,56.0635,46.7805,72.5534,154.37,112.865,225.689,148.012,6.80193,145.281,77.5677,76.6959,356.077,1430.61,1864.25,43195.8,26407.6,91.0228,759.21,42.302,19.5598,175.139,124.052,24.9639,52.282,60.1007,24.964,22.7509,9.98832,0.0672244,5.3798,12.0423,100.054,82.9827,15.0647,10.0003,243.727,537.539,631.568,637.567,272.892,68.0484,64.787,87.6592,23.1361,23.354,35.1309,44.702,176.155,163.139,4.37704,5.56786,14.5119,408.487,893.262,405.483,91.212
32.768000000,7.83294,188.542,179.294,32.4128,86.6502,54.0852,31.9152,96.7309,58.7725,21.7306,241.671,917.472,1395.53,1219.88,550.744,55.5605,9.19647,93.8025,90.2973,9.08619,3.55548,3.1041,10.5889,70.2009,18.1438,72.9152,115.988,2.64142,195.588,169.792,9.61926,29.2512,965.129,906.566,26146.4,56365.4,6498.87,1916.37,462.906,17.2127,8.33251,137.978,6.40858,103.502,191.464,68.0072,169.594,96.2167,64.4905,39.4258,21.4212,199.081,279.446,133.431,61.7729,89.3614,543.948,936.766,1207.26,798.201,290.951,11.9079,24.0256,9.44701,27.0712,85.9596,62.9924,14.7299,102.344,16.5125,69.5104,28.5188,80.4624,372.805,256.692,39.0137,23.127,867.79,1425.08,41107.7,47661.7,2578.29,1047.75,40.1301,29.5693,86.5208,149.97,60.0979,17.7643,44.0352,7.6455,46.8159,2.28104,47.6407,99.5872,17.5924,0.778866,6.07035,6.44028,161.746,559.188,1061.23,927.894,595.521,156.388,33.8066,85.9099,188.078,129.946,29.8641,79.9554,65.3449,87.8574,166.52,58.9757,266.207,221.403,30.8922,121.844,62.6657,38.3065,346.426,1635.3,3696.36,47115.7,29977.6,828.762,997.993,35.8744,10.7786,160.978,155.595,17.085,62.4503,53.1532,13.4157,31.8847,14.4127,1.8008,8.90919,22.3043,117.783,83.9039,16.3448,9.57493,301.655,870.013,1085.53,850.231,312.968,58.6372,49.1863,119.696,35.9074,21.8004,45.5036,27.7965,180.322,225.401,12.7599,12.4962,22.3593,396.359,873.638,444.441,61.7864
34.133333333,28.8649,248.384,194.194,11.2318,103.998,48.5095,39.4247,110.746,61.9374,17.7429,229.149,988.128,2037.92,1766.91,630.146,61.7822,13.9368,85.7505,89.2771,12.8574,4.69894,5.04435,16.4489,72.0598,16.0841,75.2627,138.667,3.69166,239.415,182.074,2.30077,37.742,1015.86,1917.83,30548.4,60955,10113.1,1895.69,557.939,1.23661,50.0748,194.716,17.9687,161.385,225.688,18.6916,182.498,92.7604,65.3375,56.1901,6.18736,232.298,273.387,109.374,99.2135,164.559,777.624,1480.96,1506.6,821.612,355.511,17.0351,37.4277,19.6153,17.54,91.0316,78.2972,11.382,121.529,48.7944,85.1288,20.4412,66.2397,387.851,204.285,36.311,27.0251,779.238,3077.63,45715,52667.1,4818.19,941.523,60.4314,38.3784,41.6833,172.872,66.8507,5.9533,46.0815,26.4555,57.0779,4.89082,67.7548,117.247,16.7265,0.668609,5.31012,16.6145,213.004,561.623,1263.01,1462.52,880.203,242.863,67.3248,83.953,171.253,137.913,10.3013,103.912,78.3879,85.1687,169.876,13.9623,309.529,305.527,90.3118,117.046,29.2094,16.4436,395.248,1468.2,6315.74,51058.4,34297.9,2157.62,1058.37,70.4624,2.7531,175.566,177.274,6.94396,68.8303,49.7374,7.47045,38.8283,18.7569,5.55399,12.5197,40.0376,131.466,69.5032,19.2765,15.1188,328.645,1210.5,1608.43,960.112,303.715,54.9167,42.7966,145.025,50.0406,14.1648,55.7544,10.7054,185.509,291.682,43.4012,28.6013,45.8883,320.741,825.126,393.677,47.2495
35.498666667,69.4364,306.086,208.788,4.78372,117.989,36.6208,41.2741,116.459,63.6702,26.3017,200.569,893.919,2643.82,2251.66,607.06,75.7622,25.6565,63.7099,84.2715,18.9011,5.54459,6.4919,22.6834,67.6293,24.9777,82.9998,156.783,31.4236,262.697,215.147,4.50341,88.9418,1002.43,2770.82,34443.9,65028.6,13151.6,1630.18,705.616,20.6465,114.934,260.452,75.5336,236.655,248.309,3.61233,189.945,71.0469,59.7197,71.6811,2.1029,261.305,254.73,64.0835,146.043,238.47,945.264,2038.79,1654.66,679.007,421.91,47.0089,50.7666,30.8105,7.26133,90.2428,96.1022,28.5004,137.011,87.272,91.4465,20.0732,65.9213,337.724,191.613,17.4564,67.6753,624.25,4531,49694,57044.3,6783.16,726.773,134.627,36.6022,30.3073,166.534,72.9849,0.747414,42.4358,51.4086,66.781,18.8562,89.8246,128.089,19.7833,0.883553,5.5522,35.8555,273.188,457.815,1316.65,2016.02,1103.79,311.851,113.929,64.1926,145.599,144.548,3.98353,121.828,82.5154,65.0343,165.621,6.48932,339.222,406.428,179.911,97.2655,10.9689,28.8887,462.776,1171.83,8353.48,54529.1,38204.7,3421.22,995.198,161.998,6.93808,199.963,192.837,0.557005,78.006,47.8461,8.90717,41.4175,21.3177,9.79237,16.1451,59.4935,138.057,46.8118,22.7939,28.8066,305.166,1484.65,2116.24,913.349,261.133,58.4645,45.2566,159.744,64.2198,5.10181,64.7116,6.6413,194.856,348.379,96.9685,52.4046,74.8167,221.72,713.977,327.734,33.7546
36.864000000,124.122,338.71,220.088,24.5623,127.873,22.6964,38.0623,110.205,64.6324,40.9692,169.033,663.023,3124.05,2571.17,479.827,97.8202,32.321,43.1347,68.7297,27.7612,5.82147,6.52724,28.2301,57.1527,36.521,100.256,159.826,68.6925,290.25,230.163,22.4999,164.035,1041.36,2931.24,36488.4,68367,14004.7,1447.69,800.231,48.6989,191.99,361.219,155.615,289.559,277.659,33.6849,184.935,44.0482,48.8757,80.7975,19.1872,289.329,220.609,22.3749,194.75,294.615,955.751,2530.85,1620.65,446.954,462.81,88.7902,66.9563,39.7447,1.20959,81.8988,115.401,62.5131,146.821,109.014,95.9922,23.7544,54.5214,306.435,146.003,1.69552,134.85,584.986,4909.16,52205.8,60175.9,7356.36,641.102,218.422,19.0217,17.7507,180.704,56.1847,1.09336,44.7938,67.8163,71.9228,41.1228,113.504,124.97,25.6182,2.80858,10.5005,59.7422,311.611,313.72,1207.38,2521.51,1164.62,341.58,172.233,32.9478,119.604,148.508,19.3815,131.02,74.9566,38.3428,150.466,40.3748,371.974,489.035,240.398,107.977,20.5901,32.4034,485.81,1064.77,8615.71,57192.7,40655.6,3814.1,996.24,260.076,23.7652,205.156,224.334,6.47251,70.7673,55.4029,18.1282,36.0247,22.1482,13.3813,16.6428,77.1642,134.287,27.6099,20.1989,48.9764,238.419,1619.76,2546.33,716.934,212.227,64.0734,49.7327,166.642,72.3261,0.765198,70.4439,23.0388,209.129,376.265,156.632,83.278,105.606,113.513,583.998,269.323,11.6616
38.229333333,174.817,333.112,222.998,63.6191,132.041,14.6422,35.3765,85.3974,72.4435,48.3227,136.14,386.698,3439.78,2699.32,288.842,123.651,24.8437,28.0752,50.8953,35.6134,4.69209,5.61794,31.0547,41.8107,45.7781,115.004,152.52,103.714,268.224,290.008,37.8496,189.496,1173.42,2278.8,36196.8,70902.8,12280.6,1510.92,745.795,94.8476,305.305,424.912,237.505,322.537,289.022,98.6043,170.781,24.7162,34.7034,82.0445,51.5655,314.372,180.178,5.96759,215.514,346.044,766.679,2932.99,1447.01,244.331,445.749,126.139,87.1607,41.1314,0.22261,72.6657,129.107,98.8798,146.437,106.911,92.5685,31.7277,49.8941,241.49,135.014,0.526619,149.747,740.866,3921.7,52971.8,61884.8,6156.01,791.742,217.051,19.5097,43.8692,160.039,45.443,4.9156,47.7941,70.4691,71.5568,61.5467,129.464,117.014,24.8957,7.94997,22.9649,86.0754,297.539,201.208,998.674,2952.57,1012.27,346.726,217.901,12.1003,87.0463,156.169,49.6911,129.234,57.9527,18.908,124.54,104.638,384.371,539.606,261.459,109.593,59.7332,57.6167,417.249,1205.21,6976.87,58912.5,41267.1,3021.25,1173.03,269.807,34.3077,259.032,219.159,25.3656,60.9254,60.3929,31.8319,25.2466,20.3664,14.7515,15.3099,81.9293,135.268,9.89331,11.7258,69.4926,148.622,1614.38,2862.88,455.055,168.27,63.4686,59.7971,156.217,74.8829,3.99147,74.3345,53.2006,220.953,364.859,199.4,117.819,116.096,37.7799,479.621,196.832,0.660197
39.594666667,189.148,297.636,210.708,95.2659,141.352,16.1251,27.2678,60.118,72.8141,47.1028,98.2015,180.494,3584.68,2723.98,103.137,150.636,11.0539,16.5576,40.2179,39.0162,3.12003,3.53589,31.6612,26.6897,48.1232,120.228,128.744,121.234,216.398,350.066,80.3001,139.857,1343.1,1190.29,34403.9,72265.3,9350.28,1647.39,605.851,148.804,387.257,482.286,256.569,344.145,257.98,172.151,165.847,10.915,19.4178,88.1293,69.8145,335.081,167.354,4.09806,206.588,409.2,483.361,3221.91,1249.35,126.675,387.298,136.921,103.192,42.1541,1.19637,65.5528,137.225,111.885,145.406,75.0816,89.3608,35.3924,40.48,163.684,166.119,11.6618,88.9827,1017.86,2122.82,52496.5,62337.5,3931.96,1072.04,134.868,40.0389,62.5544,146.134,31.99,11.3694,56.9395,52.7858,70.932,67.2246,133.68,111.173,16.3313,20.9708,41.084,99.5206,247.939,133.504,819.637,3265.58,754.52,351.253,240.039,3.66625,62.0139,172.933,64.2607,129.628,37.4141,8.47991,102.968,176.332,344.561,564.175,214.527,117.901,101.432,107.599,306.167,1361.25,4597.08,59601.6,40503.5,1521.43,1446.29,192.615,73.4626,281.949,209.232,50.5746,42.0932,62.6442,44.1337,13.1046,17.548,12.2339,13.5253,73.2704,144.36,1.28788,5.07199,87.8865,65.1103,1566.67,3038.47,251.173,122.808,57.3432,61.9883,140.281,64.995,13.0349,83.2708,80.4923,211.494,335.295,189.101,160.808,98.9422,9.58718,384.65,165.664,0.345273
40.960000000,153.785,250.155,181.665,103.803,151.079,31.084,17.325,39.1512,60.6751,39.6337,59.361,98.471,3640.64,2744.05,6.30783,170.396,3.02122,14.1281,38.6232,42.5029,1.60103,1.2335,32.351,17.1614,46.0329,113.305,91.5403,118.947,147.715,390.919,136.791,79.6944,1399.38,361.794,32426,72473.2,7107.75,1575.26,495.506,131.189,482.432,503.509,206.623,346.313,195.336,225.433,176.268,1.38788,20.255,106.28,54.1675,367.792,197.137,2.72737,206.892,476.163,290.146,3388.88,1142.61,95.0887,306.625,110.249,115.777,50.1071,0.444237,69.5892,134.309,94.8534,145.22,29.5743,95.263,25.1368,32.4911,106.259,174.628,37.0251,34.4883,1228.93,637.952,51590.6,62118.8,2046.25,1253.61,65.6967,45.3354,71.5755,126.34,31.4039,14.0449,76.0347,23.6773,72.7493,55.3624,124.861,115.665,5.05404,48.7323,63.2638,85.355,187.908,100.175,759.108,3452.67,571.102,373.797,255.538,0.376956,59.9453,203.499,49.033,138.729,36.3125,2.9165,99.3002,221.98,270.384,534.156,148.717,129.798,158.682,106.536,231.232,1279.12,2991.28,59425.1,39314.2,292.489,1580.19,120.98,104.909,284.541,179.268,68.0665,25.4115,58.7219,54.0179,3.56535,15.1503,6.69909,12.9593,60.0245,163.313,9.22076,4.58163,104.301,28.9268,1572.21,3116.07,173.498,77.1083,47.328,47.0967,126.045,47.7237,24.2414,95.148,92.5316,178.795,299.643,125.331,213.859,62.2916,5.2433,345.912,161.39,1.44457
42.325333333,91.2837,200.392,144.321,86.0161,160.631,51.1479,9.0895,22.3913,44.3392,26.0863,27.6739,130.634,3704.61,2829.23,34.7554,176.184,6.371,24.5739,53.0452,47.7664,1.65743,1.0915,36.0845,15.6064,48.151,90.8483,55.4388,98.9247,70.0451,447.717,190.178,47.9391,1242.76,207.555,31452.9,71968.2,6660.01,1175.29,464.994,65.5595,603.628,463.037,123.136,325.204,118.189,243.73,205.885,3.51064,47.8261,136.009,19.4058,411.797,279.691,5.18199,251.531,512.379,312.133,3469.71,1174.13,96.5781,233.238,58.4788,127.967,66.833,0.387586,83.7671,122.778,60.7024,137.931,4.23428,93.5171,19.4936,31.5372,43.8208,226.921,53.575,22.4663,1177.97,286.919,51206.2,61907.6,1529.63,1154.8,44.6831,40.2363,84.6921,88.9524,44.8571,23.3854,92.4875,5.74341,73.1359,34.6644,109.427,127.15,6.13019,86.031,91.6775,47.5366,140.237,73.7497,832.868,3553.19,585.16,398.325,294.879,2.50303,91.1284,245.036,18.3418,154.284,68.91,6.65502,119.45,236.838,168.996,472.651,101.305,111.793,252.307,76.2141,213.516,890.313,2863.47,59015.2,38550.3,42.4537,1412.8,97.717,114.049,290.72,124.065,75.0837,12.2128,49.0291,61.0132,0.0392102,14.1451,2.46705,13.6291,53.8253,193.208,35.1621,11.0107,119.169,57.9566,1678.69,3170.71,214.726,35.7546,34.5671,26.9082,105.564,36.3123,29.2894,113.385,81.6652,138.211,253.017,54.2802,248.129,51.1974,6.61134,362.321,196.294,7.99628
43.690666667,35.0053,161.432,105.576,54.7153,166.021,66.007,3.49975,13.6812,27.0934,10.2914,10.0864,228.191,3829.8,2975.42,157.275,165.246,28.9659,50.0453,77.4334,54.777,5.02652,5.29366,43.4453,24.4498,55.3611,63.9347,22.6807,77.8094,28.1484,454.512,284.016,65.1211,959.21,555.702,31867.1,71518,7747.11,615.495,486.99,48.2037,631.951,428.291,41.3231,284.922,56.9651,221.055,258.211,23.9078,92.6706,174.693,1.36309,457.27,392.846,35.7074,344.778,490.49,539.492,3504.11,1314.03,82.2998,185.823,16.2828,129.234,88.0686,6.87289,105.645,108.549,29.0134,123.419,3.45481,90.7856,26.0186,31.7572,19.9182,259.72,111.056,55.1294,868.484,1077.64,51813.8,62261.3,2437.61,795.822,63.3919,65.5275,58.0693,69.5165,55.2607,40.4403,111.308,4.78907,70.4396,17.9676,94.0751,141.741,27.9984,124.094,115.641,12.6005,108.177,43.4802,984.761,3621.69,789.058,397.208,364.688,23.7145,158.488,284.158,3.07546,171.849,120.903,26.2395,172.614,217.776,88.6455,378.456,88.2447,107.048,307.202,80.6406,223.202,400.373,3833.27,59058.4,38642.2,662.963,1030.25,122.031,158.784,238.85,79.317,64.9986,5.44038,44.5525,59.7342,3.73658,15.0742,3.37879,17.1146,63.4541,218.872,77.8894,28.6692,132.264,132.069,1850.69,3266.96,314.673,8.50277,19.4642,11.172,83.4054,31.4927,28.6276,135.225,56.069,99.5317,206.026,7.33486,262.147,79.0998,15.3407,409.331,285.637,36.3934
45.056000000,18.1729,132.442,72.5893,28.7218,166.964,66.7391,2.06921,10.5143,10.0015,4.12266,4.56328,328.722,4008.15,3136.29,277.153,149.305,73.1628,75.8242,101.521,66.9785,10.9513,11.5479,52.708,43.8657,63.3915,39.4355,6.37557,55.5531,27.394,458.829,329.442,150.934,718.996,894.154,33198.3,71896.3,9139.61,218.72,480.752,62.4793,623.02,371.901,13.1344,231.901,22.6439,186.986,308.247,69.3648,143.313,204.647,31.9806,502.151,484.677,104.688,451.375,443.414,795.818,3550.63,1479.99,43.7615,158.885,10.7609,116.298,109.42,21.9409,121.094,100.959,19.4177,102.863,18.6579,83.6115,50.6425,45.3753,36.1774,262.112,166.848,146.307,501.999,2243.88,53304.3,63428.6,3886.49,386.519,130.367,79.981,36.6514,35.6328,74.4655,68.1342,119.628,20.6087,65.755,15.2536,86.0473,146.873,64.0959,162.237,125.383,0.356743,82.8067,17.5028,1131.03,3708.72,1036.87,375.424,438.263,74.6554,234.751,316.939,25.8279,181.869,171.137,69.1637,243.019,185.611,42.939,293.071,87.9835,114.727,360.966,71.0518,218.851,97.7536,4933.6,59906.3,39569,1403.45,670.068,201.167,169.69,194.884,30.389,53.2808,6.50958,40.7792,54.3657,12.9931,16.8305,8.92158,22.8305,89.2751,235.862,113.674,59.1254,143.454,198.749,2016.6,3411.8,411.257,0.093436,7.21044,3.03239,63.1134,31.1493,28.1562,154.664,33.0061,70.7944,161.295,5.14372,254.608,140.754,48.6899,498.906,354.4,89.0493
46.421333333,40.4732,112.508,48.68,19.0572,162.211,55.9858,3.23777,8.23404,2.03931,5.90158,2.45406,386.721,4182.31,3283.11,291.435,154.12,110.122,86.3483,134.223,70.6077,17.8469,19.4656,56.2029,71.0497,70.9265,19.7833,2.38879,37.1901,53.952,488.632,297.27,243.618,640.36,838.851,34686.9,73299.4,9831.04,165.331,409.047,99.5342,582.633,315.885,30.1944,178.553,22.6112,150.98,344.987,126.916,180.112,227.847,100.93,519.805,548.471,180.617,522.925,424.435,863.878,3670.5,1596.98,9.44927,142.593,29.6909,101.225,123.617,37.6656,126.78,104.276,30.6122,82.1748,37.2073,71.3664,88.9307,55.5071,70.923,310.264,141.953,232.308,317.81,2826.71,55280,65292.2,4750.83,177.029,204.895,50.6386,27.9438,24.8265,70.4345,107.064,112.901,44.541,62.432,21.3116,88.1212,140.559,92.2595,201.415,119.062,5.95111,66.2412,5.72812,1219.73,3851.09,1137.68,352.852,486.004,134.907,302.81,341.174,71.2778,186.788,200.814,120.149,313.011,160.229,43.4867,212.352,87.3333,131.173,416.454,65.5382,171.652,83.3607,5421.93,61519.4,40906.2,1559.79,550.178,284.708,126.455,165.916,8.21253,30.7208,18.8104,35.5993,46.5742,24.8759,16.9874,15.846,30.9058,114.572,250.449,121.173,87.046,163.297,200.736,2125.04,3569.54,465.819,1.10821,2.74335,5.011,42.6237,33.5263,34.4984,163.37,26.428,51.3056,122.104,37.5716,245.27,207.977,110.198,576.142,427.763,127.737
47.786666667,67.5242,110.798,33.9496,19.9717,166.939,34.0576,10.3404,7.59022,1.21286,3.46209,3.10545,376.132,4325.09,3388.53,188.469,192.497,109.966,93.58,155.959,66.4769,23.0878,26.8515,49.7832,99.941,72.9345,8.82157,10.2779,22.5235,93.294,473.443,292.715,266.416,690.424,436.579,35729.4,75478.5,9702.33,321.458,310.253,166.467,453.992,311.207,44.8055,159.485,38.3868,106.78,387.835,163.379,186.695,255.267,155.276,515.119,567.988,222.288,545.383,451.634,708.855,3871.75,1616.83,4.03069,133.014,53.0224,83.0556,134.699,45.0823,119.501,126.165,43.8372,64.6582,46.1919,60.722,113.703,85.627,110.353,301.39,156.988,214.152,406.831,2448.56,57237.2,67659.7,4487.72,264.31,188.998,55.263,15.7891,12.697,70.112,137.266,94.2488,65.408,60.7889,22.6578,103.557,128.033,93.6158,249.213,98.0096,16.2677,65.0193,6.02826,1212.81,4063.22,1044.31,340.885,507.426,163.128,353.562,367.482,93.332,199.696,199.138,149.092,389.293,148.827,44.4764,188.734,47.4255,205.646,368.199,116.906,108.116,204.576,5282.93,63480.4,42251.7,1045.11,670.369,284.346,129.993,108.243,2.78427,17.8939,32.6258,33.215,32.7997,36.7593,15.5907,19.9886,39.6809,129.6,242.218,115.098,93.1274,195.246,134.974,2142.82,3743.29,453.7,0.339905,4.89405,5.57358,34.7141,30.9435,41.1234,171.442,35.9899,32.6081,101.062,65.5145,239.304,263.302,185.852,603.704,491.688,146.187
49.152000000,66.8631,127.07,31.1611,29.6743,175.179,23.6238,19.7859,13.6184,3.79642,0.609147,14.4342,303.647,4445.67,3454.81,58.5113,233.041,87.0818,88.9736,164.53,55.0355,24.714,33.599,34.5813,121.742,75.3823,1.57481,26.0885,11.7108,121.566,475.544,242.065,249.189,687.156,69.3022,36301,78053.3,9301.5,394.624,252.958,155.989,385.986,316.433,38.8994,161.97,60.6893,78.7094,420.693,172.884,164.416,291.46,155.722,491.136,554.347,194.969,537.65,482.749,493.853,4077.23,1598.56,21.8475,122.172,74.5768,57.2347,150.719,36.0734,112.938,158.551,48.0314,46.9726,47.4653,43.7581,138.49,92.7735,152.395,246.071,194.826,121.137,615.581,1531.67,59039.5,70255.2,3548.18,514.256,98.2744,90.4129,14.0892,6.26042,51.6783,164.702,64.692,76.0914,63.6387,14.4548,128.885,120.346,70.4338,305.894,77.3273,26.8524,74.1576,11.6988,1165.55,4274.83,884.388,337.704,508.812,138.137,387.703,402.489,71.384,227.056,172.859,149.756,455.365,162.865,38.2866,178.277,13.3879,293.849,354.862,107.378,89.2495,233.054,4917.3,65536.2,43415.4,415.429,783.905,228.641,120.146,79.175,5.75258,5.28289,50.5633,26.7366,21.0051,44.801,11.7898,21.8485,44.7799,122.835,219.341,94.6467,78.5084,220.521,51.3114,2125.34,3901.58,402.302,3.05105,13.7884,1.88417,35.2243,27.3938,45.7098,174.88,60.5886,15.5858,97.8094,61.5587,239.923,303.059,224.718,600.956,496.752,139.758
50.517333333,36.5888,157.795,42.1538,45.4222,190.14,29.2011,30.9812,25.0904,11.9678,7.81608,42.1782,218.248,4561.65,3514.7,5.53893,238.805,62.5608,64.0301,169.355,40.0808,25.364,37.036,18.9472,128.391,82.8986,1.90093,44.1136,9.61038,134.421,504.268,130.912,239.751,523.068,46.6119,36897.4,80519.5,9374.23,285.402,265.646,77.363,343.026,346.961,10.4115,205.857,74.8444,75.2849,431.951,163.202,133.881,327.628,104.896,450.379,524.694,108.413,511.492,474.344,408.906,4219.96,1621.43,31.5167,119.562,91.1341,37.51,169.132,18.9888,111.691,181.883,45.8489,32.6577,44.8499,33.5729,141.661,97.0557,147.934,223.6,145.219,58.5806,726.655,940.453,60808.1,72798,2960.16,707.23,35.0182,81.4082,27.6773,5.21757,46.8981,159.379,45.2457,71.7422,76.4373,4.55409,150.931,123.208,47.4328,364.17,76.074,40.3107,95.8681,13.8769,1147.34,4431,816.488,334.565,495.266,73.7474,410.375,436.234,27.6149,259.889,149.495,130.567,496.968,190.957,18.9026,202.908,11.4784,365.516,377.384,39.5031,138.798,140.26,4804.41,67533.2,44510.3,282.242,691.718,198.26,60.0424,75.4033,9.96332,3.30362,59.5516,24.0717,15.3634,46.1944,7.54955,21.8862,44.9096,96.1366,190.655,60.7475,55.1953,219.084,15.4714,2133.21,4042.09,353.835,19.2827,28.2243,1.15374,36.3064,25.941,40.1206,182.367,86.5109,7.13819,107.324,30.7303,250.935,308.745,220.133,528.927,493.732,81.574
51.882666667,7.08357,195.694,67.1208,70.2537,200.186,49.1745,44.1037,47.7649,25.5255,22.4125,78.6063,194.487,4676.78,3579.12,74.2898,199.902,44.1113,41.1062,156.899,34.3359,24.1108,42.0874,9.03182,123.769,85.309,11.8877,66.4734,19.8403,175.014,476.101,65.7083,206.956,278.527,323.473,38019.4,82595.6,10139.8,113.003,270.992,31.4591,278.243,407.355,10.6903,263.661,86.9916,82.6799,433.468,145.335,111.582,358.43,36.805,411.294,461.221,26.5913,465.07,417.623,538.301,4260.85,1718.65,16.7024,142.305,100.23,33.8976,180.333,14.7625,114.556,183.913,41.5972,24.9735,46.416,29.5832,149.609,66.1691,149.352,152.533,97.5181,33.2938,634.097,1248.32,62639.5,75203.7,3396.22,678.089,19.5358,64.5459,56.801,1.77947,37.172,150.249,31.8257,70.5893,91.1789,4.32648,160.03,134.072,57.2515,407.102,103.304,63.1227,134.095,12.8118,1193.85,4503.49,922.351,321.868,464.743,16.7742,409.27,463.505,0.970623,290.406,141.793,114.992,513.549,206.781,10.5517,223.336,72.5535,469.338,358.476,8.73437,170.94,56.2743,5139.07,69331.6,45881.2,731.618,418.055,172.944,26.4874,50.6533,22.0287,6.61535,73.0177,21.1112,12.9674,44.2076,5.02036,24.5421,36.4189,66.9255,151.29,32.6684,32.0824,187.488,55.2432,2192.02,4164.73,356.858,47.2984,42.1298,7.59561,41.077,22.3291,31.2973,185.789,107.407,13.0994,125.725,4.19383,247.569,302.635,148.504,449.188,426.284,26.0222
53.248000000,8.94765,234.763,105.669,97.2958,197.325,76.6902,55.7555,74.9796,50.1284,42.1225,105.2,282.378,4751.93,3641.21,213.234,142.188,29.1323,26.3049,137.586,36.065,24.5366,46.673,11.4227,115.161,72.9184,33.7101,95.5568,39.7985,215.783,462.462,24.8578,130.768,113.578,622.162,39555.2,84405,11189.8,9.74302,195.548,37.2781,274.799,429.168,64.6626,328.364,107.57,100.721,399.588,151.141,118.03,356.822,8.46638,368.279,378.86,0.463075,387.404,343.948,773.859,4236.14,1851.81,0.518268,175.983,112.78,48.0427,181.903,30.4291,116.652,166.114,37.8262,22.34,60.6391,50.5015,131.355,39.6293,124.77,83.6204,87.6247,9.37032,398.503,2269.67,64548,77276.5,4727.07,454.553,28.1937,88.452,66.7001,4.11704,36.368,116.554,44.235,83.5374,100.668,15.6309,156.328,146.19,100.967,428.558,156.235,99.1365,175.556,22.4166,1305.48,4491.34,1133.68,305.473,404.857,8.48917,383.411,474.686,23.3625,297.561,160.716,136.215,482.324,204.929,24.9627,253.136,163.446,534.773,409.948,18.2107,117.861,47.2613,5743.44,70984.8,47470.9,1380.66,164.552,115.26,13.4197,35.0123,30.9178,14.8021,90.2928,23.0318,10.2224,41.4886,7.6933,27.6528,25.4727,40.4749,116.554,14.3192,14.1905,140.139,139.764,2296.98,4223.02,449.213,74.3982,56.6708,22.6316,42.3678,19.691,27.1732,179.091,116.786,37.4724,149.526,6.58311,232.565,267.487,60.5092,378.18,285.53,33.2548
54.613333333,43.2821,278.063,153.694,103.411,192.44,92.8766,66.4689,96.6689,75.093,71.6625,111.665,451.129,4735.53,3679,312.146,100.397,19.439,13.8061,125.203,39.2925,25.7804,52.4666,28.285,99.4217,52.4364,57.5636,125.682,76.6041,241.512,439.934,30.098,51.6743,74.1019,712.192,41099.7,85672.2,12156,13.4812,96.9727,75.6798,280.715,437.313,160.017,371.724,146.178,109.428,345.881,172.868,149.634,333.252,28.4563,316.744,311.963,18.9226,298.341,283.655,920.615,4206.07,1944.9,13.9885,206.107,122.516,79.4375,177.426,50.0592,118.4,137.939,31.5652,33.6824,88.3575,75.5604,112.48,10.0452,94.4768,50.9932,53.6065,35.5276,185.884,3293.47,66183.3,78804.2,6121.77,213.728,75.8138,84.9137,79.3864,16.7966,21.2615,97.205,62.0758,104.04,117.007,27.5428,141.453,160.681,142.448,435.158,221.15,131.545,214.15,50.5674,1432.33,4437.34,1279.08,278.924,335.522,39.0667,347.091,468.308,77.8289,286.67,200.464,181.638,418.989,175.823,69.8904,270.638,245.335,583.248,465.394,75.8077,57.4364,77.4929,6433.96,72206,48954.1,1755.34,68.9695,52.1831,1.91719,25.8827,33.0674,35.2165,110.168,28.6111,7.16375,37.982,14.9199,30.4941,16.0438,26.8638,87.0453,5.37404,6.61216,104.645,198.523,2388.25,4203.2,592.203,88.1732,78.9095,35.8984,40.6875,16.8958,28.441,169.732,103.096,75.9322,184.753,42.8154,189.766,228.435,9.88141,278.075,170.044,66.8849
55.978666667,88.6374,322.004,207.521,80.5499,188.95,90.5963,68.3297,122.935,76.0747,106.594,110.78,581.106,4635.04,3633.54,301.369,85.4499,17.6422,13.3507,108.537,44.3463,25.3582,61.1134,53.099,75.1988,31.8957,71.3147,165.938,107.288,240.392,400.513,77.2556,15.2694,80.5905,601.641,41947.1,86340.5,12621,34.108,62.338,85.4647,298.461,432.278,216.849,426.391,191.888,87.1735,300.153,177.877,194.766,305.352,63.7481,276.022,265.114,42.1799,232.148,244.886,888.858,4160.39,1938.15,66.5063,222.802,124.506,106.952,180.973,52.7178,122.455,113.184,23.0168,66.6894,117.216,96.6909,81.2235,3.75901,82.2426,17.1073,20.2138,96.5476,125.626,3609.5,67061.5,79680.6,6618.28,130.22,130.108,45.5867,110.175,27.2425,10.8375,73.0592,80.3499,126.937,141.788,30.7495,122.904,181.08,141.934,440.278,274.847,141.032,245.9,96.4159,1492.95,4348.87,1263.15,238.274,278.795,68.1731,314.379,456.171,117.855,268.685,251.234,213.387,341.067,124.481,120.819,318.155,233.527,630.774,522.742,110.981,66.0709,63.0441,6926.55,72771.5,49828,1660.22,86.9741,17.7667,2.12604,10.1262,33.695,52.9167,138.653,36.6361,4.21257,34.454,21.7646,33.2663,12.6524,21.604,61.5552,9.11202,8.22741,90.3623,183.906,2405.23,4123.4,680.795,96.2383,109.077,32.8694,43.9477,13.0171,30.8375,164.883,67.8966,122.495,233.433,90.4089,138.233,179.968,13.6475,197.03,82.5178,89.6851
57.344000000,116.08,368.329,252.347,41.6795,184.829,75.7335,61.4075,146.959,60.6649,126.797,133.801,560.248,4491.03,3462.08,201.052,82.5859,17.454,12.9737,101.596,44.8397,23.6711,71.167,70.1449,52.3691,14.6346,73.424,194.362,143.323,176.915,422.775,91.4424,8.89468,58.4665,448.606,41662.3,86478.4,12350.4,7.80542,92.644,42.6116,375.761,375.93,223.525,460.114,247.73,46.0351,265.636,153.322,231.065,288.348,75.6702,248.09,250.765,37.3817,198.758,203.273,707.092,4087.34,1825.31,124.921,235.551,112.301,117.616,196.315,34.7583,131.159,104.138,14.7135,113.961,146.198,93.8499,59.7236,8.17663,55.4917,31.426,22.1419,90.7838,227.22,3012.34,67015.1,79765.9,5913.21,252.26,122.161,48.6205,99.3549,45.9465,0.591132,62.126,78.4935,148.454,165.342,24.9318,112.483,202.483,95.7185,446.734,304.213,118.895,270.545,144.121,1433.95,4243.23,1079.7,182.985,238.943,67.1918,294.198,445.545,109.208,257.22,287.369,202.938,267.271,69.7752,166.408,354.986,174.268,594.439,694.881,83.8713,98.7508,10.0177,6877.66,72828.1,49620,1289.2,99.6965,9.19921,1.16693,12.1129,18.0031,81.1767,154.237,50.5449,3.62591,33.7881,21.4872,36.7928,15.2362,16.8312,48.014,13.2066,10.8662,90.4571,111.413,2310.58,4016.69,634.113,123.875,137.796,18.9388,47.511,11.4221,33.6751,160.915,31.4824,165.744,297.654,123.567,86.6996,140.718,52.9074,136.211,22.6891,109.518
58.709333333,111.27,410.55,277.054,11.0414,172.495,62.9037,54.1799,157.031,42.8979,120.7,195.187,388.401,4351.12,3166.48,92.2727,70.5719,17.9002,10.3911,99.9847,43.7946,19.2247,84.4738,67.143,35.9381,5.56478,57.8268,229.256,142.162,115.433,419.65,127.123,18.0956,13.1441,334.956,40591.4,85879.4,11588,17.109,143.533,14.5618,400.721,333.703,149.698,501.287,282.054,16.049,233.528,109.848,230.131,298.836,46.0698,236.458,243.108,10.7092,195.56,135.015,503.958,3953.32,1674.01,140.346,265.412,84.2285,119.958,214.177,12.3225,137.627,109.055,16.5818,170.288,165.204,67.669,41.9524,16.1533,51.3525,43.3854,42.2266,34.9872,397.19,1967.84,66165.6,79145.5,4523.23,468.911,62.1215,52.3538,84.256,68.1267,2.37454,44.7552,67.0865,144.136,191.355,17.689,114.52,212.499,34.829,453.125,307.585,73.9113,289.573,174.134,1274.11,4131.25,821.353,112.14,219.143,35.2462,282.114,428.765,59.9116,257.196,288.885,150.005,204.014,32.5135,170.069,411.513,73.2119,572.733,801.076,90.5716,119.604,58.2454,6328.68,72307.7,48533.8,911.388,66.4632,22.922,1.46354,12.1936,13.4696,82.8043,174.031,64.5169,8.62971,33.2511,14.393,39.9233,20.8023,11.4379,39.9265,14.1831,13.1863,91.4787,40.0887,2088.29,3938.73,461.699,186.186,152.365,5.9792,49.9493,12.3913,37.9065,153.155,14.0884,194.997,379.359,123.812,52.1264,105.733,92.5225,95.6864,3.07096,101.854
60.074666667,80.1585,437.37,283.177,3.92504,154.496,55.6003,46.1252,177.445,16.0001,100.743,250.243,174.901,4276.47,2838.82,30.6744,39.2115,23.3817,14.2967,86.1044,51.1167,20.9118,93.6221,48.6218,24.479,1.40571,42.1855,250.073,125.813,69.7088,369.398,191.725,54.9442,8.24574,233.282,39576.8,84078.7,10886.3,129.595,188.546,17.9088,407.368,265.744,67.9517,512.948,302.597,15.6561,202.463,60.4383,193.692,323.135,8.13098,239.44,202.005,0.934333,210.473,60.6893,368.217,3783.79,1567.92,117.037,304.132,55.4278,104.152,239.934,7.31926,136.358,116.192,39.0462,220.386,168.7,33.9677,36.0112,12.7736,60.1069,42.7371,50.6596,10.0481,528.53,1209.21,65006.6,77790.8,3466.69,636.231,18.5888,26.8191,87.5195,77.1605,10.3502,31.4425,47.554,117.244,207.649,26.4395,121.191,203.378,2.98627,458.805,285.773,33.8657,290.457,186.954,1080.15,4048.64,606.542,42.4816,216.421,6.16107,252.273,399.798,15.8134,262.901,252.973,81.3209,149.612,16.0878,153.392,443.195,24.9122,533.214,863.014,111.54,140.954,261.772,5694.2,71026.1,47106,702.575,46.0532,55.0057,11.8016,7.96502,10.4143,71.2512,181.05,81.9099,17.6621,30.9134,5.84623,40.7461,28.9836,5.65212,37.6463,10.1588,22.9011,82.0698,7.9398,1795.7,3937.26,271.175,254.979,148.05,0.334616,60.4243,14.1287,42.0699,142.34,19.3205,211.706,468.031,100.277,34.8404,76.3718,104.043,74.0842,2.29287,72.6476
61.440000000,52.1147,425.38,283.934,25.9846,123.744,55.966,52.1754,187.424,7.25056,90.9196,237.797,60.0851,4329.51,2641.9,6.13105,12.1057,35.8013,12.1026,77.7186,62.4121,31.7,95.4922,25.3314,17.5417,0.161407,33.3992,260.557,98.7495,43.8501,317.701,225.724,117.748,107.505,204.913,38837.8,80887.3,10679.1,279.127,232.013,76.839,390.102,188.401,15.8967,493.046,317.738,46.1445,160.297,28.98,153.12,329.125,10.8677,232.802,150.845,14.8126,225.627,38.6106,260.5,3747.61,1562.88,118.904,294.184,48.6042,96.1269,253.533,31.3512,128.695,115.594,71.8768,254.783,163.799,9.15983,36.107,9.25133,59.979,44.8218,47.4112,13.825,576.208,1337.91,63768,75521.2,3559.17,677.401,4.51041,12.3576,68.3746,104.9,20.3385,17.4559,27.3572,85.4464,203.892,52.5872,125.972,178.715,21.6073,444.677,271.959,23.3387,245.167,203.988,945.805,4110.16,478.171,4.64885,219.469,11.0317,200.848,353.467,20.1257,255.319,205.375,31.0083,99.3402,16.0163,139.178,441.408,48.3395,478.938,873.939,159.444,172.415,505.176,5555.3,68717,45537,782.179,98.9868,81.9826,24.6881,11.3254,13.634,42.8554,184.551,95.1338,26.5346,26.6522,0.685893,40.2235,36.7152,5.58632,42.7117,2.15676,46.4482,75.1729,5.5048,1534.59,4059.22,204.77,277.952,136.77,13.8473,70.1544,19.5485,47.0675,122.254,42.5983,231.62,521.964,92.2191,29.1937,44.6784,96.6204,51.9428,11.965,59.9529
62.805333333,39.1502,381.544,274.111,60.4572,94.414,53.2254,75.5705,173.125,28.8592,98.1445,148.945,114.979,4601.57,2709.02,1.53437,25.7255,47.6536,7.09051,63.5885,81.8415,56.3357,81.6342,9.43994,14.8351,0.510571,38.2778,243.826,90.5055,44.3614,233.047,260.218,175.749,278.284,400.821,37962.9,76139.5,11110.5,348.032,328.705,206.961,301.576,134.132,16.8646,432.411,338.453,83.2596,114.782,22.5222,125.662,306.282,64.7133,218.112,103.126,35.2205,223.688,122.83,160.823,3962.73,1775.5,171.253,222.743,63.9498,111.628,241.031,76.2115,113,105.793,99.7732,260.643,163.768,4.85565,33.5201,6.55983,69.3226,26.1597,56.9025,14.4154,565.7,2514.06,61946.4,72081.6,4868.32,597.706,1.8535,16.0426,75.7036,122.328,27.403,6.6329,16.4392,60.3434,181.863,80.9782,127.183,141.105,73.3899,422.26,263.146,43.3379,176.118,208.597,1008.16,4411.77,449.451,37.8841,215.231,38.6075,153.191,285.157,69.2584,241.563,160.047,11.5017,64.2831,17.8099,144.738,395.89,121.885,459.867,727.708,287.595,251.899,620.013,6255.92,65046.5,43551.8,1189.74,189.144,90.9531,58.6508,22.3842,16.6415,22.6713,168.472,107.337,28.5118,23.2829,0.85306,34.9915,46.616,17.5721,47.942,0.235686,73.996,96.2526,16.145,1399.62,4375.55,344.891,220.56,135.843,43.1652,69.5103,31.045,49.5619,97.325,67.8802,250.814,523.377,115.287,30.3036,19.3462,68.1964,44.0986,13.2346,66.2136
64.170666667,40.5563,319.563,251.617,86.3761,66.7631,44.3852,95.877,166.365,49.6519,103.144,47.3674,301.662,5174.75,3140.47,31.8241,76.1409,46.6354,5.61351,49.5306,103.457,77.8629,64.7844,2.52159,13.4118,2.39898,48.1211,223.359,84.9019,51.1599,149.837,274.536,241.205,394.696,874.074,36287.1,69863.3,11764.1,340.573,500.106,303.798,219.683,80.7165,47.7071,362.393,345.498,105.603,73.7896,33.7706,111.404,259.781,144.544,205.255,54.9854,57.1154,197.443,282.523,135.812,4535.65,2286.43,240.154,130.552,89.777,119.572,225.09,113.277,91.8371,84.6323,107.424,243.858,165.079,16.9178,37.3602,12.8721,59.3076,20.0514,64.1723,47.5153,509.243,4205.14,58859.8,67096.1,6648.69,471.755,44.3526,36.5663,88.2449,130.254,35.1841,4.1039,10.3107,48.899,150.141,95.1737,116.217,104.97,119.544,397.733,248.325,75.8641,117.427,176.94,1343.21,5032.82,566.816,147.553,194.243,67.5517,108.736,214.77,132.693,216.363,130.844,18.829,41.7429,15.9857,158.877,338.56,190.012,406.027,561.445,365.566,415.616,574.902,7435.72,59971.4,40616,1793.27,228.075,126.245,108.186,31.1072,19.4117,8.62068,152.972,105.19,24.8005,19.3913,5.24641,29.3858,50.7031,41.2251,63.5366,5.64369,86.3933,142.425,48.4029,1493.37,4937.71,666.365,116.295,137.207,67.1276,69.3905,40.2703,46.4461,70.5765,81.1993,253.526,482.227,156.059,30.7078,4.5284,42.7296,36.3272,8.84663,71.808
65.536000000,47.9991,252.901,213.526,86.0175,48.4139,28.4821,106.178,150.875,68.2653,85.8653,2.51214,523.356,6095.64,3967.02,140.092,120.919,37.1925,3.03806,48.1374,110.341,93.7878,44.8198,4.11404,12.7796,5.79388,61.1099,189.164,87.6207,49.4142,99.4952,210.332,341.61,404.919,1462.17,33267.7,62371.2,11883.2,408.691,651.359,312.956,155.074,48.4163,76.1296,294.088,323.381,100.456,42.7515,47.4214,103.554,198.24,215.879,180.565,27.2618,64.8837,161.345,414.669,328.829,5532.9,3087.74,268.678,66.7341,100.645,120.729,194.829,126.917,66.1911,61.1004,87.6246,209.959,163.4,44.0761,38.263,19.9458,51.5169,15.7767,51.8004,152.932,458.404,5501.4,53943.1,60454.8,7770.65,419.278,145.447,54.8668,86.8264,139.271,33.9941,5.88307,13.0823,50.5138,114.236,85.4503,95.3817,72.1802,135.404,357.863,233.928,92.0128,80.6969,113.078,1923.07,6030.31,904.028,277.27,162.673,80.9875,66.7169,150.84,172.478,184.56,110.737,38.9499,28.8997,10.1634,162.662,280.409,206.016,336.672,405.361,325.42,589.026,539.286,8244.56,53683.6,36421.8,2292.43,215.319,208.985,119.803,47.1684,24.6407,10.8662,127.415,94.274,16.2335,15.4725,10.8646,21.9735,51.6697,67.7617,83.7199,23.8102,84.4284,176.829,127.333,1887.16,5797.08,1044.38,31.783,116.831,82.4121,65.2497,41.7399,38.4538,47.0535,75.0237,228.526,411.912,189.86,32.179,1.24482,19.4617,34.5551,4.20032,64.5499
66.901333333,50.951,194.042,155.684,66.2961,34.0522,11.6827,104.226,121.729,79.5699,52.8738,15.9469,710.689,7348.37,5145.56,343.879,122.362,35.4026,3.56754,37.9628,117.509,85.0978,32.8601,7.35047,12.2604,11.7643,65.2434,161.977,71.6609,46.2542,50.2511,136.097,395.793,397.648,1824.49,28945.8,54095,10901,640.896,657.146,295.305,88.4287,30.7316,74.6678,236.666,268.708,73.3204,23.9253,50.3972,87.4563,140.546,235.701,162.995,11.7312,49.3497,132.298,442.542,859.101,6909.39,4099.31,238.256,44.616,78.4627,118.598,147.786,115.816,40.833,36.8347,56.0284,158.969,157.405,66.0932,44.9904,22.7028,43.2856,13.8544,37.4207,255.842,514.696,5686.02,47151.7,52452.8,7451.94,536.196,222.438,53.6084,112.806,109.403,39.6249,11.4327,18.5595,54.8988,79.4284,58.2468,66.2653,48.2672,113.139,307.904,202.853,79.3988,60.9856,56.2964,2632.85,7366.94,1544.75,354.019,129.662,68.1061,36.2486,97.9134,168.67,143.43,92.7713,52.3471,24.2009,5.41364,145.004,229.511,152.9,271.813,226.168,270.806,618.53,664.495,7957.2,46525.7,31196.2,2364.18,248.932,257.706,108.702,71.8079,20.8004,17.5504,107.243,73.7848,6.06275,13.6912,12.3827,16.6015,43.9459,95.9284,95.5264,48.4195,81.1185,167.341,257.163,2617.21,6939.05,1360.87,1.59284,75.8208,88.5214,52.4538,36.8681,24.6794,29.0936,54.9168,175.225,328.772,195.625,33.7449,3.71551,8.07877,30.4498,5.05975,63.9889
68.266666667,44.0604,144.879,93.6646,37.7007,24.7502,2.18629,84.5552,97.7625,64.7464,24.2328,45.2942,913.046,8752.1,6559.5,617.973,79.9151,41.7064,6.60054,30.548,108.151,68.044,21.0282,10.3575,11.0007,20.5602,61.3342,130.937,51.8353,31.1835,16.888,95.9688,324.251,455.967,1705.7,23823.2,45681.6,8767.25,907.216,528.341,240.659,55.0147,11.8155,47.8502,194.231,180.833,50.6586,13.3679,38.5995,66.2519,87.0183,207.156,145.068,5.44677,30.6515,104.97,374.14,1684.17,8534.53,5146.22,198.937,42.3967,45.3503,93.0341,106.307,84.1063,19.1762,19.0484,28.5429,102.105,141.095,74.0526,51.7895,18.5415,30.2046,27.6335,44.1781,260.888,690.881,4668.68,39139.6,43646.8,5816.37,766.602,220.779,65.7313,109.597,85.2441,36.8295,19.323,22.6433,55.3106,46.8495,31.0151,38.6566,27.6535,75.6894,251.759,146.528,52.8589,47.2121,40.6486,3326.44,8899.92,2481.14,357.445,95.4122,42.829,16.8926,57.9394,129.58,97.8155,72.255,49.4885,24.3547,11.1782,102.595,187.54,79.8691,169.94,120.34,198.525,479.846,875.662,6407.89,39096.9,25526.8,1902.85,375.252,212.049,112.71,73.5352,20.9151,27.037,84.2294,51.5903,0.842409,11.8429,10.6272,10.2424,34.871,108.352,108.058,60.5328,78.612,116.166,413.692,3627.83,8226.72,1618.01,11.0298,34.7682,77.867,38.8885,24.3125,12.5626,17.5466,28.8616,110.706,249.33,159.679,41.5346,8.48589,2.72103,21.226,14.9401,83.6944
69.632000000,27.5944,112.682,41.3772,14.9839,18.5832,1.58947,61.8355,72.4493,39.882,8.81058,73.6267,1250.71,9925.25,7972.52,940.086,24.644,52.0298,5.68859,31.286,81.2786,52.1539,9.06161,15.0529,5.97832,35.2361,45.1588,111.47,25.5013,21.7877,5.57755,58.2847,195.123,538.872,1153.79,18735.3,37560.8,6157.8,989.715,385.498,146.769,41.0177,4.91923,18.1174,153.238,95.2778,43.3765,9.85173,17.5981,47.9231,43.8415,150.894,124.687,7.84576,17.7604,78.9784,266.992,2640.38,10052.4,6076.37,227.451,45.2159,30.6143,46.8008,74.8797,50.7475,3.3,10.0086,16.1412,49.5092,125.467,54.7669,68.9683,5.54675,30.7058,24.5109,68.501,192.439,850.628,2964.84,30980.8,34867.8,3643.74,919.52,180.123,75.7089,84.1645,63.0935,31.4881,30.8471,17.4232,56.2074,19.3382,16.2121,19.1648,10.1632,45.475,194.708,77.655,37.4162,31.3023,81.6528,3979.46,10238.9,3578.57,324.769,65.7548,23.4776,6.43658,33.2438,76.946,58.1321,51.8469,32.9591,28.2102,25.3856,57.687,148.695,21.3107,87.9969,61.4041,107.788,307.871,974.839,4229.35,31850.9,20197.9,1109.36,511.577,127.805,95.5105,71.8596,17.2911,32.3433,64.713,33.7407,3.35746,9.24687,8.27732,4.27863,28.287,97.4338,120.625,54.4634,73.9387,48.8594,574.326,4756.95,9310.1,1948.51,42.6631,6.3911,64.3083,21.9024,11.1037,7.00441,10.7044,7.685,56.1834,184.666,96.4909,56.353,11.8824,2.53004,16.0598,27.7099,92.5839
70.997333333,17.3793,95.034,16.8249,5.24243,11.7772,6.40073,41.413,53.3388,15.5734,14.163,114.333,1808.95,10403.3,9015.57,1325.74,2.38604,61.4732,2.77769,27.9995,58.6281,31.9093,1.37501,23.1012,0.29177,63.8258,22.5423,114.466,20.1238,15.3658,1.20272,31.543,105.459,523.652,501.887,14379.9,30124.4,3977.8,757.025,302.405,69.351,18.8319,3.79721,6.00729,146.562,23.1083,63.7737,20.441,4.16383,25.0565,20.8224,100.71,88.3879,19.3944,6.18034,75.6565,182.569,3620.54,10827.2,6758.39,420.627,60.5946,45.0137,9.32855,40.5821,30.9045,0.786685,5.72276,12.7672,11.6752,132.335,16.2003,112.035,1.32458,20.6933,29.0432,66.4795,155.606,779.703,1415.57,23683.9,26905.5,1880.63,797.768,178.957,47.1021,60.1931,54.1601,11.259,64.7024,3.03011,72.3344,2.88133,6.96023,9.14827,6.10654,33.7722,120.229,43.3646,36.9138,21.6236,219.865,4550.02,10789,4730.16,297.915,70.767,12.9762,0.360816,12.7939,43.3591,30.8583,23.8338,25.0031,31.6032,60.6004,15.5927,145.246,11.094,22.8516,24.235,54.7092,193.469,811.154,2360.32,25277.3,15667,407.61,530.367,72.8468,57.5567,62.9929,17.207,31.3601,61.0239,19.3448,22.365,7.49831,10.0721,0.465261,17.1868,84.4253,108.287,49.5859,57.639,5.27559,746.083,5730.61,9732.35,2480.67,103.228,4.88963,47.5849,12.1555,2.31689,3.68672,6.42014,1.92507,27.8066,132.344,47.7177,85.3782,25.8928,7.88777,9.49332,55.0667,64.5804
72.362666667,44.7838,102.539,16.9152,10.3479,6.19444,12.3753,26.4001,39.9883,8.66774,54.7625,204.663,2497.4,9914.16,9278.47,1797.88,49.8208,81.5946,1.13671,18.6254,45.6077,11.9453,1.66893,36.6354,7.56758,114.688,25.7259,149.668,54.7054,15.6034,0.712241,26.6549,54.7893,377.724,86.1398,11099.7,23786.6,2621.7,363.275,252.704,37.3106,7.83999,19.5456,14.4879,172.395,19.2652,117.775,53.8352,18.3072,13.054,11.1943,72.8609,50.8737,36.5121,1.0874,105.59,220.176,4408.61,10493.3,6923.61,856.125,130.662,83.4053,1.63196,15.3484,23.0182,3.01308,3.35986,20.0091,3.2755,155.836,6.02848,183.369,36.2513,31.2214,48.672,63.7492,164.052,435.4,505.87,18101.4,20492.7,911.507,421.528,232.928,49.9858,15.3587,80.8969,17.2469,117.917,5.44909,99.6374,8.84421,7.46904,4.69285,6.94285,36.9246,52.4461,52.7684,50.4492,63.042,498.404,4802.5,10286,5651.89,392.671,119.311,15.4999,6.04788,0.540428,27.8146,15.4471,7.3479,37.1138,47.4814,124.947,26.2676,178.27,34.6153,1.42182,34.1014,42.9423,113.664,468.215,1304.5,19801.5,12107.3,88.2609,404.702,41.5891,41.3243,31.85,29.8712,38.4621,77.9698,23.6962,65.2906,17.2127,18.3359,1.22402,6.15815,74.363,74.889,51.078,47.5373,16.6427,959.875,6174.58,9270.19,3131.47,225.333,52.9453,35.5784,10.9319,0.367646,1.8595,4.43944,9.75938,20.5853,116.129,53.4452,133.317,75.1913,27.0012,19.0314,105.07,19.3925
73.728000000,124.601,141.011,38.0479,26.7433,4.56539,14.8187,20.0992,28.3492,39.8713,152.799,393.57,3029.59,8518.7,8558.23,2288.59,183.66,130.09,12.8455,6.88443,45.0305,1.85753,11.479,59.249,44.4823,194.188,81.8589,213.111,129.775,36.2854,7.43477,37.5162,22.6271,193.659,8.06041,8863.52,18704.5,2017.2,84.7616,217.017,25.0973,18.3414,42.4706,59.5988,252.222,100.368,202.886,124.778,71.8897,29.2876,10.6554,71.9812,35.7501,52.7082,25.2331,185.958,442.335,4740.09,9100.19,6372.21,1476.1,298.643,155.295,30.8411,9.6111,23.8053,3.47191,3.10081,33.036,23.806,196.596,72.2503,309.278,117.428,52.3448,70.6051,125.82,202.98,132.864,146.756,14826.3,16355,453.379,178.234,342.323,112.05,6.30656,93.4919,60.1866,213.848,55.0413,142.138,35.1123,17.9572,3.20447,8.41069,46.4608,13.5351,92.5274,96.3847,194.811,896.654,4511.06,8855.01,5995.4,700.412,223.326,40.8302,26.1217,5.80621,26.5993,11.3843,21.7995,77.7712,97.0088,210.845,109.209,274.113,90.0094,26.4507,56.1197,42.7286,62.4534,179.567,1055.43,15449.8,9546.76,112.263,225.525,31.6122,41.8404,14.5369,44.8929,59.0641,120.47,61.0983,135.568,49.2785,36.2982,9.63972,4.67407,70.0988,34.6489,68.1859,65.0169,93.454,1211.46,5854.59,8005.39,3603.12,458.576,169.922,44.6443,15.5856,2.78919,1.20222,5.6682,26.7242,32.494,142.296,126.388,215.699,191.13,76.6587,62.2696,153.828,0.601252
75.093333333,233.679,208.289,80.4521,48.4524,5.85827,18.2766,19.3234,26.3718,103.007,310.196,725.002,3095.95,6573.02,6962.29,2643.52,411.072,213.309,46.5736,7.12399,50.0719,6.65791,27.4805,94.7728,123.201,296.571,186.35,284.425,238.719,87.5379,31.3079,39.6705,14.0408,81.5228,134.503,7264.48,14992.7,1726.39,39.3284,168.355,19.9004,59.4395,96.6937,155.18,343.227,237.919,329.408,247.834,152.836,73.8908,25.4728,99.5476,45.638,70.9424,96.4895,325.488,831.905,4454.8,7039.16,5132.19,2077.79,586.371,280.297,85.701,21.9298,28.9004,4.53499,5.79934,47.3969,67.0456,258.358,212.579,447.868,284.662,121.943,113.265,139.72,275.214,250.204,77.6452,14427.6,15212.6,200.965,545.859,497.507,117.633,28.4576,140.405,179.627,313.937,152.367,201.236,75.2918,35.8494,6.38436,14.6845,52.7187,6.48802,145.551,200.867,414.662,1315.82,3638.33,6894.85,5560.23,1199.61,389.739,98.7471,57.6039,32.4262,41.2803,22.8193,63.4628,140.168,200.954,326.861,237.734,381.127,194.45,107.313,104.38,18.2484,31.4888,64.2686,1126.53,12257.1,7725.65,232.113,123.388,54.9464,34.742,8.46944,73.7276,104.719,170.627,129.711,226.932,113.101,67.0904,24.0999,15.8716,69.0127,10.5039,104.29,120.918,230.212,1437.13,4811.36,6252.14,3587.68,834.269,340.196,82.6636,27.534,9.28393,1.07848,8.90727,46.7304,64.0526,201.336,246.587,340.972,361.845,174.643,154.915,196.027,13.6164
76.458666667,335.053,277.944,140.004,72.5336,8.97885,22.581,29.2021,40.3963,178.987,483.823,1164.65,2630.63,4510.5,4915.56,2691.11,723.816,303.16,89.6143,29.5824,68.1072,22.3838,42.6785,136.765,238.636,403.233,306.025,348.896,332.074,175.956,101.25,43.1398,12.0496,43.8595,275.225,5901.76,12685.8,1293.25,145.57,87.8605,64.6605,134.279,166.678,275.113,438.457,378.281,464.699,411.197,255.096,132.652,53.093,134.988,90.7619,111.981,199.048,474.724,1312.97,3567.15,4905.23,3422.77,2482.46,958.007,437.665,149.355,48.0443,38.9576,7.91306,10.2191,61.3196,132.146,307.651,368.753,641.923,468.321,205.059,203.098,118.634,310.22,794.906,446.119,17468.9,17920.4,548.82,1550.02,572.612,106.481,99.4523,184.074,307.185,461.517,274.895,236.998,128.072,61.8517,15.606,26.8843,55.0047,22.1847,204.103,354.099,670.089,1653.52,2357.22,4914.52,4409.96,1761.27,579.715,185.261,101.577,81.7715,71.6734,46.9649,112.617,215.548,354.923,454.698,352.001,483.078,333.843,213.66,187.7,4.63189,13.5083,99.0844,971.103,10164,6448.5,243.658,114.967,65.076,39.7911,35.4862,111.625,139.019,226.898,221.113,307.596,204.366,113.26,39.3485,32.3686,75.1461,19.0792,146.925,200.347,404.21,1547.38,3344,4417.75,2985.97,1315.2,516.995,138.413,49.2546,21.47,3.58619,13.9682,63.4065,108.29,275.661,371.134,481.086,563.07,312.798,263.05,244.603,54.3279
77.824000000,399.829,322.305,200.667,92.8025,16.4493,28.6622,38.7872,67.3106,271.123,613.769,1540.32,1873.53,2729.96,2930.75,2408.02,1050.03,338.257,147.479,81.5473,87.354,39.301,59.6731,174.51,346.808,509.92,389.255,364.902,411.576,264.269,192.483,92.6163,19.7748,56.5682,330.209,4707.27,11536.4,744.221,276.251,25.7191,145.383,213.351,264.588,381.309,488.528,484.623,565.021,569.676,358.008,190.021,89.3524,155.136,161.777,191.047,294.495,566.186,1777.79,2287.05,3178.46,1705.52,2575.98,1299.7,582.833,212.086,80.6173,49.1653,12.5755,14.7098,78.1981,188.428,341.467,492.21,767.586,712.233,291.731,205.606,199.04,266.531,1304,1792.16,24622.5,25543.3,2500.38,2579.17,490.711,193.17,136.879,200.155,475.793,570.172,385.516,248.068,169.569,96.9606,31.1792,40.0554,54.3043,49.4912,261.266,517.208,877.217,1800.21,1076.12,3315.24,2822.85,2237.87,728.111,266.306,163.983,145.416,105.304,77.7698,154.914,288.458,510.5,563.617,422.462,510.265,497.696,359.794,237.249,31.0574,21.0084,238.795,524.779,8934.63,5712.92,138.781,138.937,44.8607,90.6367,94.3009,125.253,170.773,260.57,293.744,372.629,290.522,163.974,59.7031,44.6334,79.4332,64.9901,204.263,245.174,574.444,1495.95,1894.09,2805.59,2052.36,1725.39,653.934,208.079,72.3786,33.7092,11.2023,23.4386,68.8384,151.033,339.729,461.232,590.37,713.579,498.098,359.026,244.242,139.4
79.189333333,399.404,322.741,248.295,103.101,23.8764,34.266,46.8896,90.1242,362.363,686.058,1641.01,1158.34,1534.52,1434.25,1917.33,1274.01,300.067,220.975,150.268,101.029,48.906,78.206,187.589,415.076,598.759,385.273,351.303,413.272,358.677,283.655,151.23,50.8687,113.398,338.556,3910.33,11304.4,431.15,351.732,8.37734,181.715,325.77,378.756,388.458,521.258,489.077,603.681,685.827,416.955,230.294,129.068,141.216,242.59,305.936,335.317,585.469,2059.78,1067.64,2018.2,480.044,2344.47,1471.43,679.52,258.551,101.363,61.5731,15.9197,17.2749,93.6746,218.166,344.963,515.447,857.826,840.35,416.353,151.389,274.654,269.211,1347.43,4477.95,36540.4,38922.4,6744.45,2974.33,414.177,277.947,117.296,246.73,543.965,669.912,428.983,229.733,183.708,135.127,51.2066,46.4369,52.8544,71.3467,307.207,642.45,959.155,1695.38,222.723,2231.83,1310.85,2462.95,804.668,291.782,244.481,209.582,121.011,110.605,181.612,320.09,630.051,634.955,386.806,509.339,570.471,518.814,304.899,46.8246,35.6395,420.891,93.6984,8503.75,5541.8,78.6576,149.896,45.2042,150.643,156.235,138.164,157.698,291.993,297.32,413.274,346.891,192.991,88.1776,46.3581,76.4122,140.481,282.038,221.544,692.779,1296.77,836.659,1643.6,1156.09,1855.79,738.434,270.847,80.7185,48.0559,24.1666,32.5056,62.7335,178.142,371.635,482.349,620.096,781.777,655.723,427.269,195.785,229.234
80.554666667,323.471,287.426,259.236,106.77,25.2698,39.3981,48.4639,104.727,411.325,704.783,1396.31,749.107,1001.54,623.972,1431.87,1314.27,222.762,270.592,232.207,104.26,46.4838,95.7959,167.154,428.48,633.586,313.215,293.969,362.108,390.127,390.428,196.258,75.8231,200.066,393.423,3878.38,11779.4,652.467,369.719,7.02509,192.109,452.695,448.13,324.932,498.766,410.01,556.744,734.112,406.014,240.454,159.971,99.8644,308.004,452.139,294.099,550.222,2034.88,331.908,1371.41,7.14954,1906.49,1368.56,720.241,264.593,104.648,74.1992,15.8473,19.7145,99.3104,218.226,297.827,467.991,806.992,906.878,476.778,101.452,265.878,342.615,992.492,8102.98,53187.3,58188.5,12726.6,2606.49,417.32,265.07,109.481,227.914,581.721,657.663,423.944,174.339,171.682,162.832,73.4805,41.4043,51.6356,74.0263,331.502,700.824,863.601,1396.41,10.6568,1611.84,342.151,2341.32,804.147,244.743,333.19,253.555,113.107,134.628,184.567,295.924,683.502,642.091,275.979,452.672,558.858,616.345,380.696,62.9599,43.5449,573.862,47.8898,8806.58,6056.29,186.308,140.346,50.1018,194.904,249.81,120.154,133.462,289.825,243.518,408.586,360.92,186.804,117.265,40.4365,68.2522,237.797,346.779,157.226,725.159,1041.28,325.348,1009.56,600.426,1618.89,766.329,298.138,74.9439,58.932,41.8476,35.8891,50.9045,174.037,370.089,412.642,579.1,714.473,762.514,432.9,136.495,272.449
81.920000000,208.076,222.744,228.526,108.733,16.4747,47.9568,38.7511,110.048,413.049,632.14,931.397,715.339,1015.91,464.679,1126.21,1155.03,130.22,294.139,321.687,88.3636,38.8064,101.089,123.382,387.336,596.924,212.983,215.298,269.451,364.128,468.422,223.953,89.9588,276.594,527.763,4718.15,12897.7,1407.69,337.567,9.89914,205.616,507.079,498.686,191.882,453.55,269.037,446.985,701.423,328.109,221.787,168.894,52.7985,335.888,596.426,212.522,487.432,1696.58,225.516,1136.65,221.398,1399.97,1033.34,688.615,231.88,89.4981,83.3952,14.2316,20.8519,97.7994,178.717,233.914,334.73,705.513,775.542,572.133,20.503,287.558,295.501,566.94,11546.4,73423.3,82131.6,18696.3,1827.32,338.938,254.809,63.0893,237.22,488.659,599.724,343.923,116.224,128.369,177.803,90.8653,27.5359,49.1053,57.5088,327.648,679.331,621.197,1011.52,361.625,1363.69,85.4467,1913.66,740.013,157.316,401.466,267.271,85.0765,141.199,164.788,227.183,653.176,586.61,132.466,389.914,416.614,690.459,393.006,84.9766,62.1738,613.017,527.877,9836.02,7194.43,443.327,125.096,38.351,247.164,328.7,97.2824,104.462,260.458,155.442,360.503,327.926,150.829,133.404,34.703,54.7902,347.377,393.516,78.0481,655.764,838.733,319.518,827.371,477.943,1127.73,705.498,287.43,56.4299,63.7985,65.1627,29.9189,37.8586,143.559,325.207,296.351,458.797,570.783,731.722,450.28,61.3428,284.578
83.285333333,94.1193,146.584,171.678,105.855,5.94705,51.9058,30.3867,93.5742,403.788,435.801,478.164,881.242,1403.95,791.994,981.725,872.445,48.3968,330.629,368.633,70.991,24.6525,97.0465,69.2201,314.123,495.721,126.539,131.529,187.698,282.254,536.535,186.555,115.919,293.767,687.885,6262.76,14578.8,2414.8,259.171,37.988,184.109,499.432,514.895,67.8035,377.877,133.418,304.283,605.835,213.965,183.303,151.633,15.7961,338.546,686.468,148.329,416.765,1198.83,547.613,1227.74,830.178,928.875,627.508,560.049,190.267,54.7327,94.2762,11.4281,23.1235,85.7256,117.878,166.577,189.436,540.477,565.893,595.982,9.68207,361.112,132.366,281.113,13730.1,94757.4,107804,22773.3,1084.43,150.425,285.438,21.4835,220.613,360.439,466.46,248.147,65.3237,71.5252,175.874,99.424,11.2212,47.8333,28.7563,304.679,569.823,338.524,650.35,982.459,1414.64,361.894,1352.3,632.093,73.8692,430.434,251.719,49.2524,125.687,132.363,139.136,558.029,474.806,30.8008,316.055,232.196,689.074,398.658,69.657,110.76,500.683,1354.78,11531.7,8722.64,710.494,106.089,49.5207,249.35,384.676,92.1064,104.857,190.727,76.2052,282.107,265.03,97.128,134.069,30.5353,48.2124,426.852,450.561,11.3543,510.248,705.04,657.283,987.991,621.031,618.939,526.036,267.064,27.8249,69.0187,81.7191,21.6347,24.9794,100,250.612,170.087,319.821,376.903,605.904,464.684,16.7999,310.398
84.650666667,24.0941,76.2393,108.326,97.3282,0.0121909,58.2879,18.2596,74.1901,364.591,205.19,185.937,1009.21,1994.55,1362.45,854.77,589.945,34.3671,346.138,377.57,53.3602,14.6694,80.4981,25.0896,236.525,358.499,74.5662,78.645,128.047,206.3,566.522,118.021,141.632,254.496,776.269,8111.71,16618.7,3327.68,161.406,91.9391,126.768,441.959,498.597,4.80023,300.916,42.6986,169.335,476.529,112.83,130.7,121.777,0.726565,308.654,731.043,113.381,355.17,735.89,933.017,1593.09,1487.71,537.076,313.323,361.353,152.164,27.4375,92.2477,14.5201,28.1093,63.238,65.4975,97.9763,79.542,397.641,288.994,636.889,68.1563,357.492,59.5292,169.264,14083,113834,131360,23801.3,629.8,18.0254,242.046,26.3208,226.641,191.681,348.49,151.823,27.8889,28.934,152.238,101.997,1.48854,42.0979,7.41109,269.62,396.327,132.899,367.654,1550.17,1725.55,802.781,838.528,507.706,24.1684,431.808,204.539,20.1498,98.712,91.713,70.112,427.413,331.061,4.45782,262.318,64.9443,653.396,372.351,37.2074,164.539,320.373,2175.63,13612.7,10364.1,842.927,84.1564,91.1019,182.573,432.083,114.841,118.099,118.39,25.0705,194.547,200.009,45.0912,118.304,29.8656,51.781,468.943,482.829,10.1848,355.066,577.399,1110.67,1392.52,781.154,262.862,291.384,234.635,10.6757,65.1776,93.4775,12.8177,16.3334,57.6358,166.2,76.2513,192.223,211.663,438.541,480.743,39.0475,307.39
86.016000000,0.996538,24.6102,53.3884,87.8746,7.4801,56.2708,13.941,66.3712,274.397,62.7053,53.1796,975.032,2625.66,1949.74,635.023,392.301,89.538,316.159,373.66,35.035,7.2452,62.0026,3.6617,167.072,231.444,48.9257,65.7132,111.498,186.071,532.775,66.5999,137.392,204.872,721.203,9789.54,18701.4,3902.04,83.6798,125.956,79.4049,330.013,478.807,31.9139,228.997,6.23407,76.7773,352.355,49.4876,78.7099,92.808,3.43599,263.663,716.764,134.393,301.83,404.883,1107.18,2177.36,1928.79,260.187,135.118,175.026,122.248,14.7415,77.8294,25.5269,38.63,34.3977,30.3169,52.2846,33.6361,264.633,108.092,613.618,233.78,286.079,80.72,179.987,12687.3,127726,149114,21902.6,444.532,3.27489,144.636,82.4544,231.498,80.0802,231.858,97.7732,11.6161,8.54809,109.235,104.953,3.16022,33.9362,1.69881,222.326,227.529,36.4753,190.181,1839.3,2250.43,1097.93,453.674,391.97,39.7836,395.862,149.019,4.49718,70.5063,55.3864,33.6729,298.926,195.953,35.8382,223.238,0.778871,604.934,317.119,18.3523,171.088,177.741,2657.06,15719.6,11796.3,801.376,82.4965,115.27,119.118,415.75,177.655,143.323,59.8852,3.60263,127.768,145.17,15.0861,91.3056,30.1921,55.557,490.616,462.417,73.5865,242.772,404.682,1498.8,1923.93,807.724,84.4263,115.723,172.073,14.4615,64.8095,85.5108,13.0944,14.0071,28.1263,84.87,34.9553,124.341,91.1833,280.853,523.605,130.611,228.674
87.381333333,10.546,2.07144,16.94,74.5055,29.6324,54.0314,9.83999,63.7638,187.504,12.5816,9.07745,817.028,3142,2388.47,359.877,272.168,147.297,296.922,337.349,23.4133,7.97241,45.2443,1.28326,116.178,144.001,34.6539,89.6607,116.965,216.746,491.192,27.4424,103.686,170.222,539.083,10941.8,20429.3,4093.5,40.0669,113.735,46.4539,239.091,441.002,112.573,179.267,11.2492,32.8425,260.212,26.7209,36.3863,78.2971,9.99382,231.73,629.872,203.909,259.017,196.849,1030.94,2832.57,2069.06,115.697,51.7032,62.3453,106.867,14.1265,54.9778,40.7181,54.381,11.6423,11.3422,28.9017,51.7059,172.484,31.0842,541.425,421.891,264.386,62.9807,271.793,10225.8,134810,158829,18244.6,405.631,12.2808,111.406,148.269,213.49,31.8085,161.035,89.3349,6.7272,6.54404,64.3135,106.308,17.0431,26.4673,5.86902,172.471,121.779,7.32322,111.687,1808.73,2852.53,1149.35,203.671,303.867,101.269,329.315,106.169,1.34367,55.3219,31.6823,20.5577,201.572,95.2693,85.671,208.31,41.2914,528.535,296.923,8.72564,125.434,105.668,2692.42,17433.1,12800.5,655.138,104.581,100.481,64.8949,374.837,254.177,145.71,35.4116,0.281105,96.5211,111.405,7.38822,61.0728,31.9995,55.9707,475.112,432.619,135.547,171.896,217.719,1717.31,2441.74,718.471,19.108,32.1531,104.9,40.7982,57.6948,68.0707,22.3129,14.0555,17.4869,28.2255,31.2388,110.389,42.3083,184.385,526.31,265.036,146.354
88.746666667,32.617,3.0073,1.6612,63.0118,56.4255,45.7004,9.6296,59.1594,144.214,1.61357,4.62634,622.334,3447.37,2587.14,149.65,181.209,172.115,276.642,293.077,15.5933,16.8241,33.346,6.01332,89.25,99.0648,19.5023,121.266,131.097,281.952,433.88,19.6596,67.7658,132.414,339.155,11378.4,21482.6,3994.67,18.2296,85.132,20.0273,176.486,414.925,183.516,146.541,34.2152,24.4463,201.425,33.2856,16.4613,71.8075,11.4485,215.096,526.79,240.799,221.796,79.6214,822.678,3357.88,1983.24,80.9361,17.9128,17.1956,108.368,22.8736,29.8628,55.8104,65.235,7.70532,4.83036,17.2631,105.346,122.684,31.4121,482.685,550.409,219.142,31.067,364.923,7493.07,135305,160688,14115.6,402.48,18.0832,91.7877,190.974,213.637,28.4639,124.006,116.066,8.17369,10.1671,36.9595,98.308,37.6103,22.935,9.93912,137.43,78.0722,3.03964,98.2804,1569.72,3343.11,1027.74,73.2678,239.045,142.045,268.905,86.6465,2.89831,53.411,28.608,17.6083,137.596,36.7248,123.881,200.332,125.17,491.507,260.651,11.0774,79.2009,67.7458,2410.5,18394.6,13303.9,519.866,112.819,76.8169,19.1936,332.654,302.548,131.181,33.2182,0.578379,93.8277,103.291,12.6517,32.7803,37.2808,47.8728,441.598,383.425,163.017,113.519,86.26,1739.59,2824.97,602.081,3.2261,7.36381,65.6802,72.5165,46.0614,43.4264,37.5811,17.0685,23.0194,5.26095,42.9322,137.681,41.5521,121.063,543.493,340.734,108.632
90.112000000,63.5157,13.8335,1.15658,55.8326,75.4166,35.6965,11.4712,53.105,128.984,6.62568,19.1648,451.784,3515.85,2549.14,65.2792,108.268,154.256,230.305,253.139,17.0451,31.2468,31.6788,5.64412,77.7361,77.172,7.7442,147.044,131.737,323.831,400.879,29.0441,45.355,75.5007,214.159,11124.3,21785.5,3680.74,3.54569,70.0594,8.76439,125.866,414.695,179.691,139.801,51.7423,34.2125,166.791,48.4277,9.82911,74.8804,6.29906,218.75,427.162,205.811,177.213,27.9939,642.623,3557.41,1834.66,79.4513,11.5242,24.0606,113.249,28.362,14.0869,61.5627,71.0591,18.1118,5.35501,18.6303,160.308,112.439,48.2073,397.328,662.97,116.171,53.3917,356.373,4995.2,131267,156948,10354,377.572,51.2333,42.1999,241.256,177.857,41.9862,119.466,154.755,18.5713,9.87923,25.4304,86.7763,52.2135,23.8448,8.42265,113.919,86.6199,6.53677,92.098,1301.07,3535.17,887.697,29.7417,183.503,126.45,223.521,92.9349,5.31129,63.7276,36.2068,14.246,99.1107,16.878,128.211,211.901,165.523,480.559,233.496,17.263,60.8696,29.8512,1978.3,18586.4,13264.6,471.744,83.152,59.4407,8.81404,276.422,314.677,94.8674,44.3287,3.47893,97.8226,108.838,19.2791,17.3233,44.2753,38.5021,400.58,304.179,148.574,64.2967,32.9657,1617.44,2990.95,529.191,4.45957,6.03715,54.4545,90.6391,35.8115,21.2293,49.9028,25.1197,34.5832,7.92264,63.0172,173.949,65.6852,86.3145,533.583,375.121,65.8728
91.477333333,93.3042,21.4515,8.2837,59.8575,71.3632,29.8911,9.70103,42.0641,131.938,21.1362,36.3432,321.666,3393.23,2368.44,68.1786,62.9697,99.3511,167.177,215.351,28.7191,43.3771,39.3723,1.5337,70.5162,60.427,14.2462,156.58,117.761,308.594,409.387,31.695,44.7246,29.1503,158.669,10433.7,21420.5,3230.26,4.08311,65.7528,8.61359,111.919,398.25,124.125,141.551,63.8253,46.3956,146.988,55.1184,6.47876,88.6627,10.0183,222.299,332.277,120.617,131.736,15.8713,543.585,3425.32,1714.02,57.49,22.5974,56.3435,115.86,26.3911,8.42698,53.4906,72.4599,31.1457,11.8984,30.3758,181.485,150.24,26.8391,401.499,580.071,91.5835,78.7924,253.536,3003.1,125514,151163,7230.46,338.291,75.067,37.8069,195.671,182.42,28.9293,142.896,185.658,36.1041,6.68373,18.9428,77.9328,48.9464,28.4471,2.12081,103.971,117.196,22.0919,68.8732,1091.33,3426.83,804.144,28.9884,141.511,67.1184,186.261,103.283,13.8687,84.9922,39.0296,10.3978,76.6855,15.8735,120.936,228.257,143.202,466.257,239.85,13.3485,61.798,7.79755,1565.71,18148.8,12807.4,463.594,42.3484,48.208,7.37876,252.222,269.761,60.1968,52.2349,13.3996,94.7422,114.037,23.1246,14.7665,49.806,41.9171,350.788,212.074,95.9038,37.4648,27.5893,1431.49,2947.95,500.637,7.27261,13.5446,62.6879,84.0784,27.6041,9.41012,45.6576,41.9439,51.1271,20.9893,80.7682,211.375,95.3584,55.9849,509.258,356.57,20.7772
92.842666667,121.066,27.0947,20.617,61.7893,56.6875,22.5886,6.54635,30.5051,143.658,40.9852,45.4115,230.465,3167.8,2150.26,87.4319,44.7866,40.3522,101.927,173.157,51.0087,53.0851,50.5503,3.98435,57.0177,47.0942,33.3568,158.136,85.1533,272.084,423.486,33.6793,53.5864,26.6451,125.827,9625.64,20507.2,2792.6,35.2068,62.9333,8.71572,111.399,377.598,55.8553,138.817,77.5043,60.9987,119.667,58.4028,9.58557,101.121,36.404,222.731,226.654,53.5327,83.1255,26.8158,460.813,3173.34,1572.82,25.9213,41.6925,91.2456,118.043,19.4385,4.31239,45.0431,60.3749,46.286,21.1033,39.8775,192.775,185.313,6.3539,410.998,464.089,92.4801,59.2788,202.7,1702.36,120802,146406,5030.73,399.289,62.8631,50.6377,138.242,175.322,13.7224,157.356,224.82,48.6746,5.63571,17.7695,60.974,41.1266,26.0804,2.19101,105.288,147.758,52.2446,42.6419,925.229,3203.08,730.341,45.1097,104.155,21.1367,137.523,110.063,33.4142,101.859,42.0565,12.8851,54.2248,24.8727,119.429,242.873,74.4222,462.912,244.291,6.04165,61.0413,28.1321,1297.6,17304.8,12081.7,424.049,41.9115,46.9927,7.11836,235.497,221.061,26.0249,56.0101,25.9375,86.9252,104.389,29.6888,20.6127,53.5831,68.0564,294.295,118.215,42.5931,30.3525,32.7228,1239.17,2783.84,472.388,7.83228,23.0341,78.49,61.5186,21.1404,3.4275,35.7931,54.5442,72.4426,38.8097,89.0136,240.623,122.131,43.9723,495.7,260.243,12.5656
94.208000000,126.589,32.2641,36.0973,54.2324,41.907,12.6037,3.91416,24.5802,152.731,69.635,39.4625,190.35,2889.72,1966.11,75.6393,50.1375,5.78161,45.4644,132.829,71.1594,61.5184,62.6183,15.3975,38.6878,36.9906,48.1072,155.931,52.1649,228.029,454.884,32.3277,54.6458,56.032,74.7568,8929.95,19280.6,2431.76,75.2292,56.8358,9.7488,123.702,346.278,18.8866,125.294,90.6368,66.3846,92.5204,52.8069,25.1048,110.788,68.5883,217.594,135.473,18.909,42.0341,57.4729,370.631,2916.23,1390.68,6.63842,61.9106,124.121,111.134,14.3799,2.66005,35.4214,41.114,57.4338,34.5651,43.3087,175.566,239.342,4.41683,379.215,415.948,30.0158,35.34,297.619,1193.52,119226,144643,4091.8,582.033,37.6772,16.9119,117.676,144.632,3.99431,193.931,241.543,53.1099,6.28405,20.5384,40.9308,30.9071,18.3412,9.91459,112.587,172.911,87.8243,23.4354,819.415,2956.05,638.391,67.5568,75.8741,3.72801,85.199,112.225,52.0333,111.078,49.7361,17.4456,36.033,33.244,120.766,245.046,14.7171,443.682,268.208,4.2898,50.0547,63.3752,1153.19,16357.8,11217.9,317.957,79.8133,51.1489,6.04059,230.943,178.832,7.47884,54.7171,34.8845,73.421,82.379,37.4757,33.605,58.4297,98.7722,240.532,44.0854,12.3541,34.1048,26.6398,1097.58,2545.15,424.81,3.67193,37.1077,94.5533,34.4378,15.3801,2.45102,27.4165,52.8207,95.7106,61.3257,79.1461,253.307,154.144,73.2494,429.319,188.522,13.9767
95.573333333,107.387,36.7109,47.0167,42.7076,25.5597,5.43203,3.7592,27.1269,139.759,115.311,22.437,178.215,2623,1832.75,35.627,57.8216,0.329788,16.2404,90.581,84.0159,59.9715,79.3817,32.1084,20.1318,28.2784,49.2377,147.023,38.8994,202.859,467.17,52.7599,49.9583,81.6448,27.6065,8315.13,18102.8,2112.7,79.8044,59.1381,17.8095,145.966,302.323,24.0206,107.43,98.1345,55.3267,73.3237,34.8225,58.0433,119.032,79.9164,213.586,73.6205,6.91639,22.8536,85.1837,288.144,2715.65,1169.64,10.8645,78.0829,152.463,90.1994,13.6912,2.32286,26.9758,22.3635,57.558,57.5258,30.0338,171.161,252.626,36.1132,393.544,275.895,18.0528,31.0149,466.462,1613.54,121395,146655,4674.25,741.293,15.2205,15.0241,48.1845,141.739,13.4038,205.434,268.022,38.6881,10.2991,20.5132,25.289,19.809,8.30146,24.3915,120.906,179.581,119.702,15.7678,754.72,2753.91,527.295,83.6419,59.5526,5.50367,42.7325,110.422,57.8669,109.471,69.7925,14.9864,27.9146,28.8573,125.79,222.183,4.48666,431.007,271.239,20.5853,51.9542,67.1888,1095.75,15445.1,10363,177.925,105.671,52.799,5.50553,253.194,140.991,4.9366,51.231,33.9457,57.6751,54.4711,42.9628,55.3703,59.0924,114.53,194.332,10.2677,4.29847,34.8976,12.9359,1019.15,2297.14,339.53,0.371787,67.0802,96.8798,15.199,10.9144,4.71381,19.353,41.0132,111.685,88.1036,48.5695,265.935,175.082,111.33,380.857,107.42,22.5177
96.938666667,72.8308,39.6164,49.558,28.1494,13.7321,2.37717,2.83223,34.4443,111.229,154.591,19.9999,145.85,2436.85,1750.55,3.53353,50.0412,5.96337,6.00349,67.8279,78.5642,53.646,93.4733,49.763,5.2241,24.62,35.4513,135.296,41.6761,205.708,458.398,80.6129,54.6565,76.93,17.963,7741.06,17210,1826.22,35.6835,92.1418,30.461,140.747,279.974,46.2096,91.8514,97.2823,36.0383,58.7201,16.8364,98.2138,129.002,62.316,203.765,56.9605,7.97042,24.6211,81.2038,237.256,2607.06,947.105,29.4658,97.3014,162.305,63.9475,15.256,1.69015,21.0615,8.32226,51.2103,79.9704,15.4186,153.266,279.976,82.3044,325.02,253.591,20.0522,8.60351,486.433,2911.85,126833,151966,6697.73,683.392,1.5959,38.0317,29.4692,87.6807,45.5302,239.701,261.339,23.6572,14.3176,16.7622,13.9991,10.9575,1.60816,42.618,123.156,159.364,140.551,20.6282,698.508,2638.56,424.363,78.9255,55.2689,16.0346,17.098,104.182,45.8697,102.795,96.3578,10.1082,25.2664,16.9949,128.852,187.389,37.6248,427.878,261.898,33.4293,86.2765,25.7133,1032.49,14754.3,9555.19,87.5225,80.5734,68.6108,31.1325,242.044,132.763,11.2421,44.212,23.1099,47.1159,27.2305,43.7598,76.5923,61.0169,99.8947,176.198,2.2067,4.46698,28.1646,8.50408,1000.2,2097.56,218.918,16.9106,108.632,84.3966,4.12444,9.65837,5.81809,14.6412,23.2034,119.972,107.947,17.1745,266.692,202.235,135.621,322.177,57.3231,45.7443
98.304000000,45.9198,38.668,44.8187,14.723,5.78995,2.23558,2.9226,36.2937,88.0979,150.627,57.4216,83.1675,2368.79,1728.58,6.21001,30.124,17.8838,4.51993,66.7273,60.7479,39.7037,105.174,62.0667,0.0743794,22.8362,19.3425,125.246,42.3993,218.051,483.008,71.4348,69.9775,58.7165,22.0973,7340.64,16682.6,1590.76,1.99818,139.616,39.2711,134.739,261.522,58.4761,86.2638,91.4333,18.6864,52.6008,7.80386,124.905,144.248,25.3906,195.791,73.7014,14.4213,38.5122,51.3866,258.73,2571.47,791.542,46.7955,133.735,139.559,43.9281,14.4999,0.765683,17.2274,1.86587,45.2098,88.6281,9.99349,146.737,295.099,104.617,267.274,268.228,13.2213,37.1832,319.193,4833.1,133901,159051,9690.87,435.29,42.7837,28.5256,25.4103,61.5415,62.614,268.947,248.732,11.2496,14.4862,11.6093,6.52321,5.64483,1.47736,56.8904,119.264,113.455,150.137,33.6139,642.373,2610,388.691,55.8465,56.3013,26.3746,9.11435,97.8103,21.9622,95.8582,114.628,9.77741,29.5884,8.06894,134.128,153.33,73.8022,425.03,283.509,25.4524,131.805,6.88731,900.575,14367.9,8980.49,51.5596,27.9898,96.7656,52.7443,231.198,134.054,11.5435,44.1864,8.87826,36.5092,12.3421,37.1356,95.0656,57.0866,70.9438,177.642,11.4076,9.88018,19.2937,17.8695,1035.14,1995.59,96.2264,66.3634,133.15,72.8356,0.659194,8.56802,4.69891,11.3831,9.84475,119.056,112.731,1.13887,261.125,234.489,113.725,284.469,43.2306,49.5914
99.669333333,33.8182,32.3804,36.9765,4.98449,2.62843,2.72396,4.65933,31.3191,66.8654,111.768,125.185,39.1949,2410.38,1785.75,36.9427,11.0081,33.0449,12.7825,74.9639,43.5085,26.4503,105.649,68.7729,3.59399,22.286,15.4342,119.265,32.7143,240.952,507.27,53.1026,93.729,75.2744,11.4949,7209.89,16553,1478.56,42.981,165.924,47.8418,114.105,265.043,44.4327,94.5334,83.8356,14.1883,52.4702,10.6293,135.098,148.17,1.86379,189.874,108.763,26.0532,49.0817,23.0958,344.168,2592.17,764.358,68.4346,181.862,94.7245,27.9365,12.7241,0.589726,13.9562,1.97211,40.9017,86.852,11.8037,139.438,325.387,85.164,250.836,248.906,22.0977,108.23,120.973,6773.99,140556,165871,12724.5,178.952,89.5612,11.7149,19.8707,46.2076,67.7204,305.282,220.45,4.63944,12.6104,5.81651,3.82413,3.05736,7.78347,64.3349,103.631,60.8959,149.773,52.908,628.856,2629.42,453.017,32.4266,50.0903,37.5096,16.1678,91.7276,4.7301,81.3587,122.639,18.6262,39.3226,10.3749,136.412,143.087,70.7307,469.385,284.004,14.8973,161.237,80.1282,774.631,14248.2,8822.19,34.2129,19.8952,116.356,50.3676,233.241,137.046,6.34321,47.8516,3.65645,27.38,6.15722,29.1032,102.053,51.1281,48.1547,186.566,33.0963,18.8535,10.8983,31.2776,1123.18,2001.73,35.1058,140.061,129.22,64.6578,3.49809,6.93852,2.45751,8.62797,4.9546,112.85,99.12,6.43309,255.683,257.366,59.8225,280.115,46.4524,37.1147
101.034666667,36.7352,22.4672,30.165,0.481429,2.82537,4.04642,8.32465,21.4762,42.7329,73.3779,180.976,76.3625,2526.39,1913.84,69.8506,1.73104,35.3996,31.9503,96.1878,29.1661,15.9219,98.9476,64.8692,14.7875,24.8262,27.2543,110.479,19.4757,261.39,547.35,37.4497,107.798,135.123,0.319795,7417.59,16728.8,1589.71,140.99,167.835,58.765,87.3666,287.035,20.0528,104.562,81.9809,24.7091,54.39,22.0982,129.389,138.949,4.75501,177.266,161.055,44.54,42.9089,7.78051,424.312,2678.48,891.519,109.082,215.442,52.1252,15.4469,9.68967,4.06364,10.855,3.65595,40.6831,77.1613,17.3993,137.627,349.57,50.1483,197.235,329.624,43.2039,87.0932,16.3314,8021.01,144963,170393,14766.2,36.3012,53.402,28.377,49.1121,24.7473,52.2119,334.71,186.055,5.13475,9.5498,1.89961,3.36482,3.41001,19.2771,66.5055,75.1596,21.0952,141.589,78.7042,692.955,2687.61,565.665,15.2859,35.0559,50.5483,40.4374,84.0534,1.35647,62.8867,119.584,32.6119,50.8082,29.1175,142.303,141.523,40.9518,521.718,315.137,10.2077,164.036,198.289,761.294,14413.4,9054.41,45.8308,82.9222,115.127,42.1961,213.756,159.918,2.65922,49.9114,8.49988,22.7516,5.13905,21.1199,99.8654,43.3372,40.5265,202.24,59.6426,21.9926,6.11574,37.0452,1235.01,2099.15,93.9847,204.353,113.555,50.5184,11.4562,6.17044,1.2814,5.08433,7.38971,106.184,71.7285,26.9458,258.529,253.704,18.6469,251.563,103.267,43.5792
102.400000000,44.9798,15.3739,23.955,0.495309,4.95207,6.93497,16.9636,7.67262,27.5831,51.281,187.645,200.512,2688.09,2069.81,85.9784,0.5229,25.5233,69.7966,113.986,22.0904,13.4415,83.6897,52.9392,28.755,31.9008,42.8801,99.0054,13.3078,272.237,615.48,40.9027,103.665,191.503,42.8646,7886.96,17083.3,1951.02,214.529,172.856,63.2775,82.6608,305.506,14.8642,113.334,78.4627,42.1912,60.4698,33.7103,109.011,124.66,21.3902,165.639,212.416,67.5223,24.6459,5.73767,464.017,2830.28,1112.78,169.005,226.559,20.9251,10.0234,7.3167,11.7686,7.42046,4.81835,40.9431,66.8243,19.1793,146.155,340.527,33.8153,185.12,333.395,131.997,19.5709,18.4427,8212.09,145688,171218,15178.7,18.8889,2.71139,68.9132,44.2278,25.8344,43.8838,328.956,162.983,6.00876,8.22505,1.05736,3.26581,5.28934,33.5212,66.197,41.8935,2.48984,139.06,101.529,795.56,2802.96,664.948,4.53814,17.7574,62.0099,81.9007,77.8369,3.70061,52.6631,102.231,45.2304,63.2212,61.3337,137.64,143.045,17.0573,573.164,362.663,27.4256,165.605,261.112,965.991,14724.7,9595.25,126.209,150.153,101.575,17.9591,216.463,180.897,10.0816,49.3279,15.5582,21.2194,7.82748,16.1734,85.8906,41.9443,45.4964,207.153,96.7076,17.481,5.01369,31.2772,1328.49,2282.65,257.24,218.92,102.606,29.3568,26.2757,5.63123,0.986527,2.93945,15.8686,93.8954,46.3814,46.952,268.809,222.417,4.5444,232.975,154.417,70.3831
103.765333333,47.4535,13.5772,18.2785,3.06558,7.8857,12.175,26.1084,1.66645,28.5905,48.1232,156.274,343.555,2864.15,2214.26,82.9381,0.975569,23.5478,109.748,126.25,19.4707,13.7876,71.1492,33.7729,41.8036,38.4431,55.5622,78.1797,21.9544,298.966,668.768,86.2847,95.6297,203.982,166.056,8398.9,17481.2,2463.48,215.058,196.906,56.1192,79.3196,346.799,44.322,103.114,77.5786,51.1685,68.8563,38.7899,82.7044,115.6,31.0711,158.193,253.334,80.8469,10.1032,10.3146,479.749,3000.76,1356.47,221.304,218.688,7.85626,13.0201,9.96042,19.721,4.81614,4.44396,40.1046,57.2897,14.0838,148.774,328.869,37.4788,165.611,338.228,163.511,29.3097,63.2768,7302.41,142525,167960,13867.7,88.1455,24.3212,60.0464,56.0027,19.5604,34.4304,324.482,139.026,6.33243,10.2606,3.07861,3.05285,7.41153,48.0514,64.4602,16.8315,10.2331,144.668,114.337,901.709,2934.67,735.109,0.5162,6.02492,67.0449,133.087,80.354,3.1048,55.0434,76.5453,50.3082,77.0506,83.8519,133.086,119.41,28.4952,644.698,392.861,56.375,184.582,229.223,1351,15059.2,10192.6,302.172,162.052,97.0485,1.62916,214.509,211.518,31.5205,41.9745,21.233,18.6983,12.6756,10.1635,73.6801,40.5697,52.4411,202.263,129.324,15.5906,4.67808,18.1974,1400.81,2507.48,449.307,186.742,95.3658,14.5175,41.3387,7.346,1.1744,1.6969,26.715,79.11,28.489,52.9738,271.739,189.015,17.4112,215.932,193.208,76.1046
105.130666667,38.9106,13.9634,13.3241,6.29495,9.20424,20.5335,35.9315,8.50844,35.9307,67.8451,128.161,413.782,3029.02,2317.21,73.8482,1.62669,27.6156,136.997,135.926,19.2855,14.5688,64.4721,12.3104,53.212,39.6571,58.2605,57.1407,32.1437,340.395,742.568,128.11,79.7278,182.771,299.411,8783.02,17820.6,2870.26,175.903,211.694,42.729,107.825,384.491,99.6214,86.186,69.6466,46.2595,76.8842,35.9406,64.8865,109.729,26.8645,149.572,277.45,82.8917,3.28486,11.8409,489.389,3157.52,1552.6,223.576,208.594,18.522,21.958,18.7616,24.4419,3.22657,2.63964,36.7021,48.2281,5.42035,154.207,294.256,60.0532,130.501,388.614,109.622,75.5976,144.211,5639.61,136352,161353,11328,234.793,60.4647,29.5268,83.3826,11.3607,38.5137,288.953,141.218,3.94347,15.5072,4.79808,3.22787,7.96659,58.6695,66.7667,8.35222,41.3153,158.625,109.205,971.703,3059.92,769.208,0.813747,1.07774,67.1762,184.175,89.2818,0.560233,62.9487,57.452,42.4829,92.5786,83.2602,120.552,86.8577,76.4243,682.816,468.547,65.2686,192.317,156.279,1674.16,15401.4,10600.1,493.851,135.689,84.8076,5.43479,212.922,254.647,48.8385,34.0199,21.7531,14.5453,18.5854,3.22801,67.7514,35.1372,56.5194,185.994,145.5,17.6318,5.33436,11.2374,1443.65,2734.82,576.927,140.744,90.7601,9.62589,52.0329,13.2241,1.52411,2.00742,32.8411,66.8396,15.3809,42.4326,267.108,162.983,34.9013,189.764,229.319,59.3062
106.496000000,28.4975,14.8839,7.98006,8.96356,10.4056,24.9896,48.9824,32.1836,47.1053,90.1761,129.989,355.775,3190.61,2362.93,67.4659,2.12582,26.3819,164.22,127.814,21.3196,12.6046,66.8282,0.402449,60.127,34.1087,52.837,37.0688,38.9759,401.163,794.148,171.536,50.3672,172.488,340.22,8915.77,18071.3,2936.22,168.2,192.744,32.3326,162.2,409.84,158.189,62.5669,56.1306,30.3196,81.4928,33.2514,58.7863,111.895,11.1195,139.89,261.651,93.1363,2.32528,6.94831,490.27,3301.61,1647.59,165.563,205.276,43.2892,31.5715,35.9068,27.1493,1.63782,0.98335,30.8979,38.9283,1.23388,137.74,290.443,54.5676,139.665,331.757,107.562,69.8727,300.276,3912.48,128504,152894,8514.82,457.534,46.4481,40.4686,65.3018,18.753,29.1815,277.65,142.848,4.4899,22.5817,5.04248,3.65415,6.44261,63.7005,79.7206,19.1848,80.2103,171.81,93.0828,964.726,3198.18,761.878,1.57256,0.262486,72.3534,219.48,98.006,1.20908,72.6645,47.3763,32.6612,103.507,62.451,100.648,51.3002,132.097,721.348,519.387,66.365,167.575,136.698,1745.46,15652.4,10756.2,557.767,125.405,48.2453,21.677,245.828,276.107,60.1644,23.3211,18.9298,9.41314,22.7546,1.19335,70.7379,22.7069,58.936,148.638,152.519,21.1481,5.95253,14.8624,1448.63,2957.46,572.077,113.828,83.8016,11.5677,62.4238,20.6397,2.29431,2.50821,34.8167,55.1607,6.82612,28.1223,236.563,162.601,28.4389,196.096,202.725,55.8021
107.861333333,29.2116,15.2106,3.29527,10.8912,10.3181,25.148,60.9295,66.1883,70.8218,95.6267,142.318,222.348,3329.4,2395.75,55.048,0.522467,31.4446,181.81,105.274,22.6501,14.4256,71.3621,5.81669,64.3542,22.5774,43.7375,25.0427,36.4785,458.699,803.895,202.004,24.936,187.854,249.862,8804.73,18201.6,2641.46,218.896,153.632,20.2635,207.328,438.507,181.582,42.5209,37.4784,13.0026,80.0992,39.9802,67.528,115.365,2.0393,118.739,215.376,114.444,9.51241,4.24429,476.397,3441.21,1636.8,86.434,196.766,65.331,45.1095,57.1078,28.252,0.233797,0.710999,27.5967,24.3378,3.87244,131.495,262.38,50.1336,132.905,305.391,76.471,25.057,457.674,2716.21,120520,144006,6456.73,669.316,12.7962,32.8536,62.6155,22.4312,28.1949,242.696,162.376,14.2901,26.9929,4.38731,3.82389,4.36735,60.6989,106.164,49.071,108.762,170.98,80.0946,908.068,3340.84,738.152,2.70249,2.72823,87.2859,230.976,99.1718,8.71159,79.0519,48.3348,32.8751,105.528,32.6183,76.283,26.6408,161.155,748.86,534.972,50.2309,124.942,185.46,1529.03,15792.8,10656.8,438.204,155.33,17.8653,49.4356,270.666,285.187,56.3387,14.6071,14.2896,4.05892,25.6012,9.1985,75.4494,13.8161,57.2077,102.234,144.068,36.2468,4.4268,16.3013,1459.64,3131.08,468.569,101.845,74.7274,23.0364,66.5347,28.6171,3.77395,2.57442,33.6712,45.5205,1.88811,17.4283,197.364,162.503,11.1771,205.517,165.132,45.8693
109.226666667,42.9469,16.7481,0.441091,11.9119,9.09025,19.6755,73.9053,98.6756,93.686,87.1798,137.268,126.324,3425.56,2456.74,37.3787,2.03354,54.2436,172.934,79.9038,20.7255,22.2673,77.4069,24.8545,65.7074,11.5099,35.3111,21.0032,34.2799,464.168,801.394,189.662,13.2361,204.31,99.1839,8542.22,18231.6,2178.5,274.394,120.826,5.19441,252.47,432.3,172.031,24.0905,22.8497,1.84232,72.573,55.7221,86.9732,118.713,10.4413,85.3794,159.326,133.038,27.6116,13.5835,450.404,3596.01,1563.72,33.9259,173.846,74.238,60.7445,74.5211,28.1975,0.200214,2.25925,27.2773,9.29671,14.0908,114.104,246.006,33.04,122.052,292.297,17.7132,14.26,494.219,2406.72,113179,135633,5818.42,730.501,3.78109,7.62931,65.7823,20.1777,18.9485,227.713,162.079,35.8071,31.1846,2.42971,3.74021,2.24341,52.2259,139.049,92.3513,116.329,150.7,77.9333,872.409,3494.34,712.847,6.46459,10.2709,105.343,219.523,90.2896,19.2001,82.2004,59.2144,44.3251,97.0709,7.91915,56.3614,10.3475,164.49,719.656,541.74,17.8204,89.0235,228.18,1187.36,15824.7,10398,214.923,193.759,10.4754,61.0719,307.376,259.326,45.4002,6.21685,11.5006,1.33314,26.9315,23.0213,80.4703,14.8569,56.3046,56.4154,119.678,67.578,7.48984,10.2201,1495.84,3240.88,355.162,86.3711,66.6436,36.0721,63.0898,36.0422,5.28285,2.13925,30.6265,39.162,0.470847,16.502,147.844,163.696,1.32006,210.381,129.753,19.5878
110.592000000,60.0946,23.602,2.54379,12.6371,5.70458,12.0277,80.6032,134.097,92.8052,76.5587,100.497,133.743,3505.27,2556.52,28.9228,11.5048,71.9543,160.127,47.4533,19.6857,31.5652,84.6122,50.1485,57.6724,10.1682,33.7195,19.4294,31.4108,436.569,730.148,180.071,15.2902,187.45,8.79924,8225.24,18264.8,1824.68,255.581,112.825,10.7307,248.812,415.518,126.155,15.2572,13.5741,2.35234,63.1369,68.7796,110.355,119.955,31.0815,54.5552,98.5172,150.8,50.0501,31.9543,442.204,3750.06,1519.8,26.9514,133.586,69.0602,69.0984,88.7983,25.0431,1.42258,5.3749,29.6773,0.975604,26.4501,95.0574,204.672,41.0501,131.614,217.976,20.3221,36.7537,376.71,3008.83,106288,127782,6704.75,591.461,17.2833,16.793,40.5708,23.7429,24.578,195.649,149.848,61.2437,36.2894,0.410307,3.52285,0.787826,41.1298,172.159,137.531,99.0539,116.508,81.6117,930.643,3642.09,712.985,12.7922,22.5021,120.204,186.491,75.073,26.524,79.887,77.2466,60.8724,76.3598,0.467314,49.6027,1.22342,127.17,689.587,462.882,17.4838,78.4185,193.879,969.158,15764.5,10111.6,51.2194,190.652,16.6092,73.9481,321.642,219.274,26.3214,1.65309,11.3631,4.36121,24.5206,36.9431,83.5168,26.4359,57.11,20.0538,99.3724,92.9108,19.8596,2.95794,1569.85,3293.5,306.047,56.4003,63.6682,34.3844,62.6168,36.7278,6.39132,1.87967,27.6022,41.2289,0.0281982,20.9339,102.009,152.383,13.5745,212.13,92.3937,9.56301
111.957333333,62.4063,38.1976,12.9063,11.8088,3.14524,4.77148,80.0704,159.565,79.1341,58.8278,49.7447,220.257,3621.07,2680.07,41.5912,22.0358,76.0154,146.582,22.494,14.9503,39.629,86.9887,71.5533,44.9858,15.8531,37.5416,23.9323,29.7292,373.618,629.612,155.613,37.3215,128.467,13.0289,8075.16,18364.5,1761.31,153.455,131.569,36.0785,199.377,382.783,76.8785,10.6868,9.61648,15.3109,55.4436,68.5692,127.364,119.485,50.0424,30.1019,49.6489,163.921,68.9302,45.1389,472.985,3901.16,1563.51,44.2972,90.7791,48.6973,72.8034,93.0863,21.8769,2.44275,9.63465,35.6035,1.37589,38.9843,63.0375,174.608,57.7111,111.302,196.576,19.2188,37.4658,196.542,4177,98975.3,119656,8621.18,353.538,31.7508,18.2988,33.6433,12.936,35.0657,171.414,114.669,84.1593,41.4893,0.480069,3.04952,0.317141,33.7416,193.814,174.167,64.0964,81.1009,78.9118,1080.74,3796.34,747.307,18.624,34.3282,129.232,136.385,59.8428,24.0432,75.7151,91.8035,70.1555,54.5554,11.1748,47.1491,2.13847,84.8765,618.428,372.079,32.4201,91.5991,88.9653,943.932,15790.9,9919.25,35.6773,131.829,38.66,96.6395,283.198,184.612,10.3314,1.22936,12.3566,10.9608,20.6764,44.5279,82.065,42.7805,54.7137,7.04728,86.5117,103.544,32.921,6.25915,1670.59,3332.81,325.152,23.3718,61.3363,21.6758,61.2087,33.1894,6.29422,1.77649,25.5882,55.8479,2.24173,21.5383,68.343,138.644,43.952,174.243,109.451,17.1748
113.322666667,50.6663,59.3614,29.4341,11.0453,1.52792,0.560502,79.2756,161.586,62.7983,32.8896,16.8594,315.357,3788.45,2814.33,71.3208,22.4044,84.212,120.291,10.6889,9.61282,39.4613,86.3131,77.9362,32.6339,20.0588,48.2353,36.0571,20.4695,310.024,510.357,109.833,70.8043,78.1308,47.8222,8195.37,18766,1901.34,40.0796,158.987,48.4421,159.236,308.257,50.8484,12.1179,14.1088,33.3953,46.7185,55.525,127.534,117.156,52.9695,15.8652,26.1067,154.26,88.7132,40.9606,548.076,4053.74,1684.94,52.8632,61.376,23.4183,69.6827,88.5111,18.2655,2.81385,14.5973,43.9193,13.1146,53.513,26.9158,137.899,85.113,107.155,153.418,32.8156,11.6098,80.4818,5316.53,90161.7,110476,10523.1,167.571,21.7587,14.2354,33.7516,12.0369,59.4388,131.59,70.6352,95.7429,49.7269,3.76112,2.81686,0.213378,30.7909,202.604,186.801,29.8509,52.8936,62.8444,1260.58,3966.25,815.765,19.1144,44.4899,124.034,86.563,43.9321,13.7998,69.0914,96.0461,66.3688,36.0897,27.4592,52.0617,14.9833,47.4124,526.621,302.441,30.1223,109.779,10.7484,1021.54,16075,9993.74,98.9733,61.8154,72.6323,87.7201,243.955,140.796,2.04495,6.55322,15.9931,17.1629,16.0627,42.2287,77.7481,51.5705,51.8456,10.3266,77.6785,108.603,36.4248,22.3715,1774.16,3408.2,365.576,7.16384,51.7005,9.62655,54.1571,29.2223,4.31692,2.41858,28.4303,75.3274,14.7506,21.5706,50.6084,121.896,63.4688,153.811,112.505,42.1143
114.688000000,29.3088,85.2439,47.0092,11.5339,1.91467,0.418348,73.6967,152.827,38.7439,12.1415,11.569,364.134,3980.54,2950.09,99.8121,13.1654,95.3978,89.7804,6.63453,5.26834,32.3997,79.6709,68.9103,21.2628,21.1014,60.1633,52.6248,8.28518,268.012,365.789,82.2269,77.2846,74.223,43.2595,8631.38,19702.4,2059.01,12.9481,158.992,51.4906,103.865,242.898,46.5966,14.4303,25.0423,48.2447,37.5513,35.2229,110.265,108.967,39.7233,10.5006,21.2881,125.375,104.572,25.6998,651.602,4185.25,1845.71,36.768,50.5838,6.41142,52.9437,83.8475,12.7796,3.14444,17.5363,53.8384,37.2906,61.7413,5.59444,114.436,85.5652,104.739,84.0275,80.5723,4.5251,57.7567,5725.15,79533.3,99944.8,11228.7,111.169,5.17043,61.5223,22.9638,12.347,69.615,98.2851,34.5571,86.8747,62.9974,8.78966,2.85576,0.294069,31.2741,202.003,166.327,10.604,35.9955,35.76,1411.73,4119.06,913.788,15.0324,50.4965,104.012,47.5621,28.0716,3.25734,60.7303,85.2439,53.1806,20.0927,41.4133,59.9684,30.6843,26.5729,464.412,213.291,31.4189,101.699,30.7847,1068.63,16794.6,10439.8,126.138,43.5125,84.2658,77.5121,172,116.578,2.19073,12.7646,20.1883,21.5175,10.4278,32.8379,70.3248,47.9381,44.5573,23.8197,71.9464,106.376,29.3215,39.8251,1881.85,3509.13,396.246,12.326,37.4871,1.39362,46.5082,24.191,1.67315,4.26174,33.3829,94.607,45.1471,21.2654,48.817,110.005,55.662,144.278,94.6158,63.1431
116.053333333,15.274,107.121,61.5431,13.6218,2.60772,2.54892,72.1074,124.677,22.2584,3.97637,18.1674,370.322,4132.79,3069.19,115.096,8.13977,87.4546,68.5286,7.11279,2.18419,22.2731,66.8319,50.909,12.6101,18.8855,66.4441,70.9636,0.150312,218.528,276.58,43.4973,48.2897,103.849,8.10654,9429.44,21288.3,2182.57,95.3054,118.851,54.4102,51.8351,178.865,59.649,19.878,41.6158,51.2645,28.9453,17.6005,80.5327,94.1426,20.8601,9.44017,21.7081,98.8591,97.7702,13.5196,728.335,4317.71,1963.63,13.9091,47.6627,2.588,34.9889,73.4853,10.0199,2.97424,18.9092,59.628,67.179,69.6497,6.03702,91.1729,75.2647,68.2116,70.5011,64.3356,52.4085,153.883,5017.57,67713.3,88466.6,10092.4,235.355,35.2192,89.0483,21.61,15.1035,78.1442,62.9153,9.49525,75.3904,71.725,13.6132,3.58794,0.550372,33.3109,191.536,124.17,8.22895,28.155,11.381,1475.71,4256.17,998.264,9.93545,46.9363,80.5114,19.9542,14.8094,0.0688519,51.1874,62.1573,37.1186,8.92386,44.9606,73.0208,40.2804,26.8106,391.087,177.906,30.9781,58.2572,115.413,1063.64,18107.8,11284.2,88.4457,86.0681,56.743,76.3039,102.396,87.9292,10.1428,20.6759,24.2184,21.4434,4.96644,23.4358,57.6608,35.1145,33.9393,38.8566,66.772,88.996,22.5424,49.3361,1972.58,3607.83,418.283,24.6643,26.7451,1.40471,35.0606,20.9494,0.430721,6.06231,37.685,109.035,86.3209,30.3827,57.3766,92.9513,36.4916,112.312,104.835,52.6085
117.418666667,18.7021,119.818,66.4477,17.3461,4.01032,3.63854,71.93,90.6789,17.436,5.53309,17.3706,363.355,4184.11,3158.33,114.261,15.2512,60.3376,54.1591,8.26605,2.01537,16.2986,46.3524,34.6851,6.86035,14.6022,65.0507,83.3026,7.67972,168.628,220.395,5.61556,20.4634,141.032,32.2773,10630.5,23375.3,2482.21,224.691,70.5033,41.2657,19.6932,133.407,64.4584,32.3992,62.014,38.7597,24.6919,10.3933,44.35,79.0315,5.70058,11.6386,19.4976,78.8816,69.4491,11.8273,767.972,4424.07,1986.88,9.18418,46.6861,6.30196,22.9072,60.0312,9.44918,2.54406,18.0678,58.094,93.8066,79.6301,24.0838,71.7416,40.6498,51.8008,42.1416,28.0805,111.819,412.324,3420.72,56066.2,76985,7420.19,548.656,95.6382,61.673,43.9041,35.2118,60.13,35.8766,5.10731,64.482,74.0218,15.8748,4.54845,1.16111,33.2872,172.737,79.7217,15.3473,29.1927,0.292286,1440.32,4339.11,1063.69,4.45426,36.5233,57.8045,5.24577,7.85915,1.93022,45.8393,30.8889,29.5099,2.2284,33.1249,93.9659,39.8521,31.9652,341.797,168.857,26.6566,18.8085,205.431,1247.52,19814.8,12582.7,86.085,156.359,18.3318,51.1259,66.8974,53.3382,23.4277,28.7165,25.3951,17.5551,1.80992,18.6599,38.4081,21.9342,26.1407,45.3883,56.9247,61.6778,23.7002,44.1833,2035.27,3671.37,438.72,26.0413,26.0403,5.34457,24.6889,19.2138,0.367367,6.88695,40.9977,111.282,124.638,55.8814,66.6475,70.7571,9.43045,97.7642,86.9914,39.8522
118.784000000,36.0312,122.592,60.7563,19.7007,6.62281,2.79367,70.7312,72.1099,10.5624,16.1223,9.05851,353.572,4113.45,3217.45,102.859,20.0485,40.8978,38.4782,8.66805,1.99168,15.525,29.8015,18.8139,7.24627,12.7214,51.0207,96.9475,29.7541,114.291,179.752,2.9009,13.9653,157.114,206.819,12247.6,25571.3,3193.24,319.971,43.3932,23.9974,5.97876,110.134,49.5445,63.7479,79.3251,20.0738,26.3493,13.1042,14.3621,70.216,0.080467,14.2987,14.9064,60.1926,39.2834,18.123,799.858,4456.49,1904.16,31.122,45.4202,12.4704,14.0515,50.2565,8.66959,2.0032,14.9971,50.5411,110.708,81.4732,49.8144,55.4928,21.0132,20.5737,17.0686,25.7572,101.71,764.947,1594.18,46369.2,66560.7,4296.5,926.461,107.458,61.1295,50.1523,46.8019,53.7745,18.1445,13.1073,51.8025,73.1799,14.1903,5.28312,2.91472,27.4997,152.371,47.2259,22.4718,36.538,7.88309,1327.28,4317.54,1134.97,1.88248,23.3688,40.04,4.96244,6.10001,2.9761,47.7392,9.17558,26.3626,1.35912,17.5438,108.39,52.8065,28.4554,311.271,196.008,29.3965,3.73984,246.993,1788.39,21670.2,14204.1,271.198,207.513,3.61321,24.3077,36.5232,30.4876,31.9757,44.1026,19.7509,15.177,3.13769,14.0195,21.0869,14.8492,19.3616,47.5763,37.1589,42.5855,21.9803,27.0233,2091.65,3660.35,455.109,18.9675,32.4482,5.50249,20.8661,19.7298,0.531802,6.60464,41.0204,98.8675,153.118,87.0984,67.355,46.1961,0.692125,83.4168,55.3257,36.5981
120.149333333,53.2039,115.652,50.2621,17.9062,13.6949,0.21293,78.375,58.5008,4.32512,31.0814,8.38297,325.899,3946.06,3240.25,95.873,12.7881,30.7392,27.9395,4.64013,4.0935,19.7899,17.0475,7.90849,13.6677,13.3218,31.4743,111.698,57.1196,60.5441,170.941,23.1102,12.4636,151.904,550.171,14068.8,27431,4278.46,343.067,38.7043,20.8143,25.2472,94.0608,24.3473,108.642,97.6455,4.93384,36.2937,21.955,1.79989,64.9354,7.09482,19.3469,10.6505,44.84,19.8419,22.1536,826.658,4421.7,1723.55,63.6651,50.2684,15.1478,10.6349,40.6608,8.39242,1.78265,11.5662,38.5297,113.583,75.3065,72.4587,42.3549,6.86406,3.69447,14.9196,22.0855,53.0661,1052.24,300.66,39856.2,58062.6,1945.79,1174.91,81.7721,74.9657,38.0356,71.7682,43.5051,10.3701,29.963,40.3883,66.3934,11.1745,6.61253,6.8633,18.095,134.315,31.1605,23.5029,49.8411,30.5441,1149.75,4215.12,1193.23,5.89191,13.3893,28.3552,17.8171,9.19268,3.42662,55.4537,4.65886,26.1465,8.16681,4.86828,117.028,86.7572,13.2228,294.651,277.847,46.8778,0.860822,221.725,2623.1,23356.7,15870.7,690.16,215.623,2.13808,15.0621,22.6999,14.9338,37.8342,63.4177,13.0261,14.2735,8.4324,9.81096,8.42857,14.9194,20.376,40.9251,20.1788,31.5851,13.089,18.7944,2119.91,3601.98,437.3,19.5594,39.0953,3.27788,16.5647,24.7132,0.947747,7.81447,36.17,76.7885,165.105,109.365,62.7555,22.5387,8.42762,71.7214,33.126,20.4133
121.514666667,60.3255,101.737,39.5461,14.1597,23.2954,1.65002,90.863,58.7572,4.40199,31.2799,25.651,244.539,3788.06,3198.85,101.116,3.88385,15.9474,27.2792,1.99597,8.77046,20.5695,12.0638,4.56596,19.8508,15.1967,15.8486,132.186,75.6424,29.528,165.235,55.8331,17.337,148.006,961.037,15596.2,28585.4,5391.33,313.628,53.5084,23.1389,53.7489,97.6417,5.79482,161.694,113.454,4.52757,53.5216,31.5112,5.41923,65.0197,23.5323,23.8078,12.275,42.951,12.4811,20.645,829.046,4347.31,1495.37,84.5268,66.4284,11.6297,8.04517,34.5255,8.46027,2.48892,8.12012,26.6066,104.121,60.7977,79.0275,44.4535,8.30145,0.219883,7.28747,12.3818,38.1312,1117.88,97.1054,36631.3,51757.5,1178.84,1146.49,87.6512,50.5936,38.7949,68.2655,55.1854,18.5277,44.2794,26.5232,57.8468,9.88936,8.60786,12.0127,10.7873,125.7,24.1187,19.0961,64.7334,63.6379,920.826,4107.52,1196.38,14.1565,12.0411,27.2355,38.6394,15.7435,8.33478,63.1748,15.1134,30.2717,20.8082,0.00168191,115.65,142.271,1.3665,323.791,349.697,72.0926,14.9706,169.575,3505.78,24464.8,17157.7,1227.24,195.023,11.628,15.6311,21.7883,12.201,39.085,87.9412,10.1797,13.921,14.5413,6.66096,3.15418,15.7835,28.2227,36.489,13.1354,20.2335,5.8787,28.8188,2089.99,3569.9,354.641,40.6988,35.0132,2.66216,13.9314,31.5529,2.60132,12.1795,28.4706,52.1246,159.475,115.515,48.7157,7.72822,23.2524,80.4254,6.96903,4.95982
122.880000000,50.6586,85.6277,32.2003,9.75026,35.5072,11.607,99.7655,74.9908,12.8476,14.9765,57.5451,124.368,3729.75,3124.47,96.8182,2.8341,6.10836,30.0586,3.70676,13.8941,21.0117,9.52012,5.24437,24.5829,17.1299,14.0024,145.251,88.4366,22.171,169.914,70.7442,31.5845,156.989,1246.96,16340.4,28768.3,6032.27,288.121,71.1601,20.7937,87.9253,110.108,13.8484,199.363,136.675,21.4317,68.6285,41.5398,18.853,64.5047,44.3952,27.8577,23.405,52.4572,20.8983,29.1995,764.289,4305.65,1291.3,97.7713,88.5632,6.38816,4.18591,31.5609,8.65218,2.70163,6.55891,19.3703,87.9609,38.9613,76.5523,52.5102,14.1572,9.4275,13.1565,9.19166,37.6025,937.377,967.36,35757.8,47297.8,1937.87,870.273,102.295,29.704,22.1403,72.9114,64.5252,33.877,58.4396,10.6194,51.5648,13.0785,11.4504,16.091,11.4742,121.024,27.502,14.1249,71.4896,108.818,691.386,4080.63,1118.04,27.5212,22.312,38.65,57.3424,25.6087,21.6174,66.829,32.3603,37.9029,32.3389,4.05323,119.472,189.176,18.0358,369.167,427.858,75.3681,35.3017,140.238,4027.19,24768.4,17615.5,1628.57,184.17,34.0582,15.7663,24.3468,20.5259,46.7596,101.983,17.8446,16.4309,16.475,4.846,2.13275,17.1454,38.4941,37.3431,16.5463,17.2134,4.26059,40.0605,2014.02,3628.37,233.594,77.1628,20.6795,3.82345,15.6139,35.0836,8.05993,20.7524,18.7804,32.8925,142.587,96.7265,37.7785,0.418933,40.267,80.0377,5.85198,9.12515
124.245333333,31.0374,66.1508,31.2731,10.4402,41.7856,28.3366,113.273,84.4408,26.8238,4.25931,89.6932,40.8332,3830.54,3097.92,60.9066,10.9782,14.5038,28.2442,7.29433,20.9406,17.0877,9.53139,7.44001,25.2314,19.5735,21.1769,150.503,95.1942,35.5117,180.2,64.4473,41.8911,178.65,1287.79,15915.8,27988.2,5831.02,297.037,69.6654,22.8636,115.332,124.755,46.943,214.401,161.945,47.9035,76.4505,48.9368,33.9499,64.7544,55.0546,36.6695,42.2821,58.27,46.1257,67.2474,608.849,4362.99,1243.23,129.378,101.189,3.53653,5.25283,24.2846,10.7519,4.3295,5.21738,16.938,72.1848,17.8087,58.3579,75.7074,27.9255,15.6954,20.1053,24.8384,22.5569,655.672,2288.6,35714,44068.5,3331.87,526.421,79.6031,44.6304,2.95682,57.6818,78.7538,61.1607,59.8136,1.29309,47.646,19.7877,14.4919,19.4213,21.099,113.997,40.1782,11.4601,63.5868,168.584,590.891,4182.02,968.451,52.3999,44.6403,52.3647,69.6695,39.1156,38.4469,65.223,48.0502,46.6404,37.5127,14.9892,125.824,210.196,73.0239,414.437,478.346,75.1727,38.6433,147.915,3947.89,24132.9,17035.9,1675.17,205.455,48.7047,12.4964,37.2943,29.4446,55.721,107.794,31.3154,20.7297,13.4258,4.50673,3.57831,16.2014,46.9638,40.5952,27.2112,28.6458,9.22003,34.5833,1933.71,3814.1,167.197,113.046,7.25846,6.88892,14.9783,38.0239,17.0053,28.9316,12.5848,23.288,115.925,65.7141,26.4798,1.26967,56.0939,82.7921,12.9423,15.8976
125.610666667,14.1114,44.5699,33.7057,15.6213,42.5083,46.7779,115.72,95.1398,35.9687,5.0057,110.331,76.9989,4142.84,3175.77,14.6979,31.6305,28.216,23.6257,15.1194,23.0032,13.047,8.37204,9.07243,22.5578,21.7094,32.8475,141.629,101.7,65.0152,170.382,60.7646,37.1976,213.538,1066.69,14388.8,26294.1,4892.53,321.214,52.3259,27.8143,121.404,143.326,85.3966,209.396,177.026,72.3529,76.082,50.389,45.2253,61.5833,53.0013,45.2938,59.2661,62.4161,75.3909,130.21,423.295,4550.59,1478.03,197.356,101.468,2.30504,7.51397,17.2903,12.5472,6.63583,5.70593,18.658,53.645,6.14083,43.9432,87.4361,45.4298,31.6756,15.5691,39.2437,22.4203,465.468,3161.64,35267.1,41313.6,4251.67,335.439,58.5027,48.9647,0.414139,41.0627,80.6058,82.9006,60.5438,0.893025,42.3316,27.6979,17.7306,20.6902,34.2207,107.308,50.1137,10.1873,48.7311,232.189,746.111,4426.93,818.014,88.4721,75.6249,61.4942,70.3862,55.2806,49.6849,59.0299,55.6987,50.3155,39.5053,25.8114,127.006,206.209,138.498,459.562,462.835,84.0305,26.4291,179.377,3344.23,22580.4,15491.2,1347.84,260.136,44.2041,13.7331,43.246,39.3132,63.7635,101.844,46.5521,23.2603,9.00189,4.27826,5.18951,14.8985,44.4799,52.0791,36.2264,40.3551,26.9207,16.0661,1907.79,4130.02,257.003,135.247,1.08075,10.4817,14.6467,35.1612,29.4665,34.0675,10.9229,22.3477,81.7105,39.1488,17.1852,7.91358,61.563,91.121,19.6398,13.7287
126.976000000,3.86733,25.153,36.257,22.0816,37.2609,60.195,107.159,96.4044,42.1735,7.38631,121.041,283.461,4641.83,3380.54,12.2112,66.3475,31.8889,21.5452,19.2145,23.7045,7.35761,8.07597,7.34225,19.8489,21.3531,41.3055,127.183,95.0039,95.8643,156.85,48.3434,22.0623,248.604,670.832,12261.2,23819.9,3673.59,314.801,37.3821,22.5945,123.933,146.434,111.511,187.502,173.145,84.9651,68.3683,43.8307,49.718,53.1768,40.5726,51.1436,65.6923,64.6223,93.6275,195.766,340.594,4864.11,2008.06,300.406,95.8176,1.64631,7.69641,11.4607,13.573,10.2806,6.49947,20.0537,37.9401,3.59284,30.7889,95.3373,59.373,37.6522,23.2999,26.0201,53.9239,448.336,3044.56,33786.7,38493.1,4068.97,362.428,74.3887,27.2801,2.39422,33.5897,67.7879,100.203,53.957,7.49991,37.6722,33.0887,18.4006,21.5727,43.5357,99.5819,50.9838,9.03057,36.686,285.734,1191.87,4794.28,774.289,126.713,105.699,62.6003,59.5027,68.8829,52.9187,45.8851,56.2068,44.4911,39.7474,31.1323,117.713,186.18,182.195,465.339,428.116,72.0248,13.0654,204.168,2481.32,20359.6,13332,821.474,312.446,32.3936,12.8906,44.7979,46.9785,58.4743,92.251,54.0766,23.7277,5.25946,3.94464,6.56911,11.3293,35.952,61.2942,43.9233,39.6977,59.1873,10.5616,1986.98,4541.51,534.928,141.555,0.253578,15.134,12.3129,29.8104,42.135,33.396,12.2865,24.3295,50.5228,21.5164,9.77736,15.6891,66.7921,85.7506,28.8226,13.5761
128.341333333,0.475495,11.1157,38.7196,22.9521,32.0317,57.6647,94.6008,79.5006,46.2138,10.5987,127.666,625.428,5208.37,3710.09,91.3226,97.5233,29.9866,16.9523,20.1366,22.0354,3.81076,6.86253,4.32522,17.0902,19.0899,42.2186,108.581,76.8292,114.001,137.733,29.7898,10.9066,254.866,277.621,10098.6,20876.6,2645.39,255.551,32.2732,17.2812,109.933,139.261,111.649,152.108,151.905,77.4215,58.3887,28.712,49.6137,37.0537,27.681,46.4736,66.9758,54.2,101.413,238.517,478.28,5225.68,2723.99,419.753,85.0923,0.490126,8.29244,5.14517,14.5691,11.8759,8.39496,16.6206,30.0495,4.05365,26.2179,86.5369,67.8965,42.3654,21.3439,13.7707,85.9677,553.389,2124.74,31222.2,35384.9,2976.21,502.174,92.4395,17.7234,12.6704,18.2422,52.1788,98.8665,49.1355,12.7393,35.8342,32.9916,16.3163,20.9332,44.7238,87.6286,45.1281,6.51646,29.2504,328.94,1846.26,5185.01,924.214,160.115,125.439,53.1699,43.3505,72.9985,49.1889,28.8051,50.6728,30.9101,38.0751,28.1821,99.1334,158.704,175.98,446.396,354.372,54.6997,6.34136,196.741,1713.18,17743.4,11088.8,330.83,314.916,26.4219,7.44175,47.7766,42.9052,46.525,76.5226,52.3771,21.1487,3.52704,3.75484,6.359,7.93898,24.0885,64.5471,44.856,32.3078,90.0479,45.3208,2210.73,4948.9,927.357,140.361,5.07237,20.8448,6.90552,25.6326,47.5308,30.4277,12.4322,25.3347,26.2545,13.8951,4.86755,23.2675,58.2666,90.01,20.9284,22.833
129.706666667,8.21429,0.0966977,57.6721,8.92619,38.6739,32.974,86.1956,52.0029,42.7761,13.5066,146.97,1012.34,5553.16,4193.7,249.801,87.9783,39.0211,4.82116,30.1828,9.19365,7.90804,13.1024,0.405021,18.5552,14.2435,27.4624,111.428,28.312,164.581,67.3539,47.596,23.1921,182.398,26.2038,8648.79,17283.2,2265.46,226.846,18.2507,17.15,96.0708,122.046,83.2584,139.867,92.0466,76.1897,33.8743,16.665,52.9389,14.6447,25.7604,30.2645,70.5428,33.8901,96.6205,239.31,867.298,5578.94,3304.17,558.751,65.4348,0.263158,12.4195,0.265038,20.7132,5.77154,17.9538,4.35891,43.4479,0.15538,47.6872,43.3851,95.1916,21.5788,35.0198,11.945,148.416,519.326,1110.66,28033.5,32281.2,1684.71,472.941,138.948,26.1955,11.7078,25.1481,50.7316,59.6361,66.0843,6.91276,47.9026,26.9992,19.563,13.3848,48.1898,61.4224,43.4084,1.14218,20.4142,393.349,2448.3,5482.86,1295.16,184.027,116.257,45.4728,30.6953,59.3836,46.8942,7.59338,53.3382,13.982,32.8638,25.3155,56.0072,162.447,107.136,430.845,240.726,48.3076,2.8138,203.93,1361.42,14734.2,9355.68,33.1651,236.282,46.503,23.8253,30.9682,53.9635,13.2854,80.7392,31.3257,20.8098,3.27119,4.51554,9.2671,9.84853,5.69848,82.9575,23.9434,35.7442,82.8435,135.29,2631.81,5132,1301.22,156.634,10.5219,19.0211,6.85008,31.8586,36.3847,32.8992,6.5597,34.9617,3.12321,25.6083,9.6519,14.8515,68.0267,65.176,29.824,42.45
131.072000000,41.7407,14.2511,97.0671,0.936989,57.7939,9.68094,86.2885,24.452,42.4139,12.7149,180.567,1303.24,5497.17,4668.27,493.936,46.7899,64.4376,4.95484,51.066,0.0767266,24.4347,34.8903,13.9856,29.1445,10.9212,16.9323,114.722,20.0977,264.718,32.6695,159.567,162.502,135.572,204.289,8323.08,12484.3,3149.28,400.742,37.8411,134.428,98.7723,187.67,44.5691,178.384,26.3869,79.9835,13.3018,18.653,69.5947,9.49386,39.3236,26.2881,84.0391,24.4668,71.7879,226.363,1467.44,5748.83,3488.22,680.938,56.1802,2.66158,20.0711,6.04943,37.1783,0.34353,40.6549,6.15607,80.8214,9.23798,95.8772,7.49571,159.929,9.03467,124.019,85.4221,468.913,158.023,446.396,25679,30518.7,616.367,124.582,433.793,88.9394,91.3505,58.2476,102.535,13.3781,98.5539,6.97789,82.2641,35.9661,35.4526,7.31183,60.5902,30.8652,43.4065,2.13265,22.8616,468.451,2745.75,5533.78,1829.75,212.249,72.3179,56.6677,36.2689,33.8585,52.3497,2.4426,65.9678,9.01873,33.403,21.7701,14.7352,198.996,28.8627,528.527,74.0659,157.76,43.5466,386.192,1964.34,10918.4,8424.7,210.657,176.715,187.092,136.142,12.5776,105.086,3.61643,92.3159,14.2388,28.9479,7.27748,18.7071,24.353,24.7328,2.75576,119.194,4.11398,55.5228,41.8684,295.981,3141.58,4969.41,1501.3,193.234,13.1637,16.8048,20.3395,54.7828,22.4729,41.5906,7.43391,56.8006,7.04979,60.9068,34.8617,8.20179,124.432,19.865,141.486,150.604
132.437333333,114.913,70.0846,162.256,29.0264,94.5071,17.2995,90.9939,14.6185,54.0623,11.7779,227.723,1387.86,4964.97,4929.86,805.956,19.5091,97.7431,35.7048,90.8341,15.1717,66.4232,85.161,56.8844,50.483,23.0665,24.5888,149.247,94.8492,424.262,158.426,391.053,623.9,620.44,1598.39,8946.35,6945.48,5916.22,1119.87,375.719,564.469,200.337,333.392,93.9247,243.478,8.13069,99.9446,14.4091,48.366,112.603,46.732,70.8221,60.1575,123.357,44.3635,51.12,229.085,2126.36,5582.93,3186.81,742.581,64.5828,6.43083,35.3125,34.2749,72.112,13.987,83.6213,43.4595,142.371,58.1086,188.744,25.1721,265.543,76.7006,269.635,369.684,1288.91,111.338,321.795,26696.7,32645.9,72.9492,122.538,1245.95,314.507,261.869,144.719,183.801,15.2264,160.954,39.3086,146.533,79.9674,73.7802,21.3443,85.7788,9.51311,47.3017,11.2279,40.3349,534.111,2616.08,5242.34,2356.1,252.298,33.2725,95.1639,68.0757,22.2679,65.2238,33.509,97.3048,29.7723,41.1553,28.0152,0.987344,249.596,74.9354,703.205,32.6903,525.539,334.2,1057.99,4240.01,6552.96,8182.95,1578.96,543.613,579.185,363.849,65.507,180.121,54.4032,132.261,21.5482,58.5707,25.0244,59.6588,66.6479,64.2431,37.2076,170.04,15.2252,86.7734,12.6006,527.521,3558.24,4410.23,1459.23,241.941,16.1492,22.9801,48.7311,95.4831,29.2376,66.1068,32.4269,94.5342,49.2837,128.434,108.833,61.0749,221.672,50.9163,341.382,467.647
133.802666667,209.13,168.672,257.156,111.831,150.441,68.7772,109.544,29.0522,66.5621,20.7244,282.149,1224.12,4066.81,4795.54,1137.64,36.7886,137.992,106.893,151.943,68.7665,136.201,167.235,132.182,88.3824,58.8976,50.4821,194.461,283.312,750.04,519.906,762.867,1281.48,1927.03,5145.09,11122.1,2614.31,11181.9,2922.29,1262.65,1166.21,467.794,591.66,301.76,338.08,52.749,126.575,52.9506,112.194,184.054,135.892,129.602,139.265,179.201,103.163,71.1671,282.594,2634.13,5007.15,2514.79,707.391,89.734,16.4239,61.7962,81.9118,124.994,65.482,152.641,124.488,229.495,151.169,280.2,129.213,477.263,340.978,551.236,733.709,2246.58,1355.29,1542.01,34428.1,41976.3,1246.75,1584.15,2310.65,615.344,496.068,385.818,333.653,74.442,220.144,122.98,241.342,167.427,141.603,69.8044,114.685,12.1225,56.2599,28.2696,69.4102,556.301,2122.39,4591.51,2680.1,319.768,40.1457,153.801,119.988,44.0565,95.2037,107.305,144.458,77.5413,62.1161,43.5483,21.9375,307.861,313.921,996.219,264.43,1049.95,1049.47,2574.99,8748.94,3281.03,9192.97,5020.57,1666.4,1131.61,665.332,242.793,328.171,181.824,184.874,64.5814,115.224,69.2008,134.707,141.881,129.413,114.623,236.815,68.224,124.053,33.1596,810.376,3678.24,3558.76,1190.13,286.919,23.9566,33.3964,90.6678,158.134,68.8163,109.284,93.4639,151.889,128.19,214.831,221.254,204.181,445.181,255.773,633.636,898.476
135.168000000,310.014,273.448,366.229,246.209,221.507,151.082,143.722,61.7715,74.0246,43.7654,321.857,882.648,2998.37,4227.41,1402.28,103.556,192.211,206.062,219.313,153.62,230.574,272.658,222.223,137.055,105.953,97.3665,271.263,518.175,1130.81,1218.26,1454.31,1865.18,3488.26,11055.8,16684.8,3059.69,19440.8,5922.35,2331.69,1721.38,1017.06,1011.79,589.685,431.103,152.087,161.706,120.936,197.969,277.878,254.473,211.902,247.472,244.371,184.117,137.054,402.931,2825.77,4068.77,1715.53,571.013,127.326,34.9155,86.0396,140.047,194.709,151.779,240.054,245.251,312.331,253.074,393.62,312.32,685.925,790.448,1147.21,1280.28,2604.17,3816.18,5618.88,52435.9,61910.1,6183.25,4595.6,2892.36,1060.35,971.694,683.31,451.147,202.551,304.716,223.526,338.039,297.695,228.065,145.812,149.118,34.415,61.8189,53.3163,110.605,499.499,1479.42,3641.21,2693.5,414.74,89.4518,218.294,191.565,96.5936,137.686,208.673,209.322,133.266,88.8521,70.677,77.0754,354.001,654.487,1474.15,875.094,1611.19,1918.64,4831.86,15740.5,4039.54,13328.5,10811.1,3211.03,1636.86,1124.39,556.434,483.156,347.655,266.961,136.343,181.77,146.445,233.675,235.844,214.637,220.519,298.275,155.659,172.304,111.206,1080.86,3408.63,2584.29,806.084,300.554,39.2304,48.357,137.652,227.175,140.172,170.739,183.202,217.607,214.072,310.228,368.532,420.696,730.291,679.944,1133.65,1339.1
136.533333333,393.975,325.971,491.71,391.854,279.863,244.6,188.438,91.9606,76.8375,77.7792,322.836,500.062,1958.5,3370.92,1486.02,208.633,266.636,279.354,283.665,259.434,308.981,377.718,317.727,166.735,154.642,169.572,305.244,755.287,1614.33,1902.95,2319.32,2552.08,4415.49,18020.4,27884.4,12618.2,30651.6,9141,2991.67,2408.17,1697.29,1352.59,946.037,511.997,237.371,218.209,187.604,273.817,388.355,347.998,306.084,355.859,291.216,265.693,227.874,558.595,2646.71,2943.24,1023.85,365.449,169.164,52.7255,100.776,192.9,273.18,245.988,312.218,394.027,366.499,315.608,516.597,490.867,907.422,1343.19,1775.09,2029.96,2450.83,6149.14,13666.5,82749.3,94635.9,16403.7,7683.21,2915.81,1742.92,1398.32,970.326,558.741,334.766,405.001,293.394,411.39,460.087,298.532,217.893,190.553,67.8972,60.4068,74.4572,166.205,356.064,904.818,2559.43,2395.63,509.557,154.745,280.241,251.03,166.247,192.044,291.539,292.609,172.367,104.694,115.792,139.862,370.185,1032.12,1959,1740.97,2295.11,2572.77,6950.97,24652.3,12410.4,23109.5,18004.3,4298.41,2168.46,1686.37,803.658,650.071,538.317,320.576,215.844,249.259,233.321,339.901,324.193,281.105,342.428,337.269,225.24,248.538,230.844,1219.75,2841.7,1653.85,441.405,266.383,62.4185,66.6866,166.805,287.35,235.304,226.04,268.067,297.854,255.723,395.567,525.879,612.925,1069.55,1288.84,1650.68,1718.11
137.898666667,429.763,296.422,645.002,472.806,307.621,332.822,219.016,108.415,72.94,103.807,292.079,191.665,1125.01,2421.31,1359.5,306.486,361.604,289.397,319.07,383.028,325.453,448.388,421.292,149.333,200.866,256.726,280.038,906.568,2080.33,2445.83,2915.45,3277.66,4407.36,23832.4,45477.4,34299.2,43765.9,11090.2,3118.59,3166.48,2092.43,1615.59,1278.74,524.823,273.726,302.071,206.983,315.98,523.428,347.959,392.569,465.828,261.057,349.671,328.747,626.758,2257.55,1802.39,574.795,171.547,188.512,58.0693,115.843,203.934,346.33,335.7,322.313,527.585,422.305,265.428,672.872,646.834,885.217,2097.54,2459.45,2194.01,2452.65,6808.9,24569.4,124996,139916,30695.4,8933.7,3041.25,2036.13,1701.07,1334.68,480.528,486.897,523.613,263.086,484.176,606.498,314.777,271.242,229.13,89.6773,60.4584,75.6014,215.897,191.083,513.88,1521.07,1944.05,522.77,223.081,337.534,248.588,247.685,252.041,296.588,398.378,188.766,93.8563,186.005,187.927,330.2,1339.87,2424.93,2434.65,2942.91,2912.2,7913.73,34030.8,30590.3,39867.4,24954.2,4386.83,2721.05,2146.21,890.008,792.77,703.883,313.028,285.802,311.054,270.818,448.017,390.463,278.323,476.097,345.474,230.554,368.875,346.405,1153.48,2151.54,912.546,173.544,210.189,77.0335,79.9155,179.161,299.444,345.002,261.979,293.663,399.136,234.248,430.035,716.143,667.384,1313.06,2128.15,2022.65,1719.21
139.264000000,445.446,213.097,804.655,464.502,290.636,397.18,217.288,107.624,61.5621,108.909,238.873,50.2554,547.544,1575.97,1099.68,346.785,456.792,243.567,313.489,504.54,273.841,462.355,533.671,90.1667,249.167,351.109,181.419,1009.77,2304.73,2666.52,3144.09,3565.81,3711.36,26639.4,67664.9,67207.3,56356.6,11013.8,2923.35,3552.37,2176.64,1646.41,1496.19,494.81,242.408,412.72,169.502,333.388,643.811,272.732,437.388,570.269,166.325,421.732,441.984,528.789,1801.18,896.481,334.989,55.1424,176.263,55.924,116.871,179.362,382.209,406.054,259.764,615.484,488.053,143.465,863.836,679.278,765.334,2637.4,3265.27,1714.21,2498.72,5675.87,35027.6,175389,193770,44973.4,7932.3,3244.89,1688.81,2042.51,1480.46,361.836,556.981,681.202,147.356,562.021,697.455,266.615,295.805,245.799,96.3358,52.0594,67.1921,230.425,78.3833,301.601,716.887,1480.47,412.066,302.186,361.766,193.525,321.443,290.377,237.783,487.595,209.718,62.8864,292.176,201.483,260.906,1499.75,2662.79,2808.36,3184.82,2969.47,7308.98,41707.7,57627.9,62369.5,29802.1,3625.02,2985.8,2453.24,787.319,843.071,852.57,226.052,342.414,354.31,234.098,546.067,423.427,208.428,604.527,328.834,187.539,509.675,415.463,930.705,1498.72,408.063,54.2925,152.834,69.3168,89.7254,167.501,261.791,442.914,265.956,256.757,502.788,169.773,431.96,897.538,550.189,1450.21,2895.51,2306.94,1236.24
140.629333333,459.998,142.071,941.035,387.159,243.424,415.211,186.077,86.2972,50.7829,85.632,185.909,63.6702,208.05,966.646,818.684,291.839,556.667,161.806,296.107,575.637,189.62,422.276,641.368,35.5095,307.866,434.273,69.6818,1024.75,2252.5,2434.77,2950.03,3305.56,2599.29,26006.1,89814.4,105644,65531.9,9212.02,2449.96,3443.48,1952.44,1398.01,1570.95,435.624,183.454,517.674,113.531,332.841,732.347,159.226,445.827,639.015,68.0302,466.639,564.216,306.554,1364.52,359.744,223.029,39.0934,137.481,47.2462,101.94,130.885,366.707,450.569,146.236,663.592,546.445,57.8918,996.323,678.277,513.598,3119.75,3530.11,1221.26,2066.74,3972.53,41039,226979,248905,53968.7,5914.8,2871.96,1261.46,1942.25,1598.48,176.773,623.236,790.069,47.1653,614.831,741.112,163.773,298.812,225.09,90.6372,33.968,57.8635,194.251,51.7743,210.455,247.539,1073.03,231.143,379.346,347.726,113.794,364.575,300.579,142.215,544.179,247.067,50.5997,412.867,197.78,192.765,1489.09,2551.07,2739.54,2955.54,2671.53,5505.96,45849.2,88668.6,86340,31432.5,2420.41,2810.4,2590.59,530.091,823.094,941.91,113.088,375.849,372.871,145.951,614.262,428.515,115.492,690.967,324.953,136.03,656.49,396.301,659.937,996.898,125.747,56.7853,112.874,39.8145,101.66,129.468,194.914,495.508,250.818,183.468,591.869,105.913,429.167,1011.63,341.133,1459.15,3478.46,2248.89,657.042
141.994666667,490.902,148.674,1001.85,304.018,186.297,397.466,124.444,61.0864,38.4114,43.9088,157.682,151.826,51.5652,615.451,596.531,172.134,658.332,94.782,273.803,577.131,112.305,358.58,731.169,34.7117,364.817,486.486,2.52887,1033.84,1795.52,2020.82,2183.47,2866.27,1321.1,22571.2,106205,141116,68472.9,6890.86,1635.6,3090.97,1397.3,1005.1,1462.13,406.172,157.206,561.267,87.9722,334.081,783.77,64.4812,415.529,663.574,19.8723,503.716,644.403,104.24,995.7,150.067,165.735,104.307,95.5479,29.7789,79.9576,77.2264,301.214,468.693,37.8997,685.722,580.707,59.5379,1101.89,598.765,329.122,3247.39,3551.49,637.138,1271.8,2694.75,40309,271374,296758,54184.9,4197.64,1852.1,832.629,1615.02,1560.08,75.2791,616.544,885.378,16.253,627.437,746.224,55.6291,283.062,174.119,73.1288,17.0434,44.3694,130.58,101.738,169.406,67.2906,756.002,89.8526,410.228,325.961,40.8055,371.697,272.903,54.7872,561.097,316.74,89.1887,490.979,214.632,171.999,1300.63,2144.84,2214.2,2422.89,1991.64,3506.02,45189.8,116703,105875,29586.1,1253.36,2430.17,2406.67,299.949,702.818,1012.21,27.6522,379.196,362.778,53.6669,642.746,423.154,53.8821,712.274,343.631,125.268,806.645,291.318,442.741,674.016,12.3647,111.306,102.27,9.45661,103.386,86.0845,113.52,502.563,228.984,127.496,627.497,96.204,437.629,1056.04,136.025,1317.26,3767.67,1914.58,279.151
143.360000000,536.389,227.832,988.379,255.585,154.202,342.067,60.7262,43.4912,21.0983,10.7276,159.96,225.2,23.4785,454.319,448.261,93.2926,717.98,87.2225,252.538,513.928,71.7023,303.677,775.714,122.836,413.669,475.11,35.4999,1023.69,1142.74,1504.92,1187.43,2421.82,338.327,17607,112563,164930,64309.9,5002.12,820.678,2571.74,779.624,531.897,1277.17,428.85,169.295,532.279,115.255,375.354,762.038,40.6215,381.503,603.32,63.4278,561.969,636.491,36.7888,716.467,133.866,134.432,191.46,72.6975,17.0189,45.8711,40.0418,219.178,448.088,1.13006,674.935,598.93,161.002,1104.83,554.396,279.467,2960.2,3363.38,136.802,647.934,1864.71,33701,301423,330160,46132,3092.73,860.334,318.568,1328.02,1301.68,91.2516,625.497,894.811,79.1859,614.1,707.54,3.52157,247.06,111.979,56.3603,3.41787,27.251,77.9409,177.675,142.55,56.4606,537.272,54.5764,378.606,318.7,17.7184,318.324,234.807,11.3086,524.597,420.525,185.472,502.734,238.837,224.578,1037.71,1503.44,1535.54,1718.58,1208.21,2077.52,40007.2,135057,115657,25009.9,569.5,2049.58,1928,173.403,575.3,1044.83,25.6874,341.08,333.783,8.00777,631.892,410.556,57.1238,673.419,369.416,185.665,920.651,186.566,309.81,494.433,7.82392,152.504,117.993,3.44365,85.5627,50.5939,52.9271,456.317,224.855,118.788,604.828,144.463,472.567,1006.02,34.7919,1153.83,3501.99,1669.39,96.3363
144.725333333,550.333,324.141,927.156,257.478,145.49,278.128,16.0996,29.6674,9.84425,4.66467,177.16,240.886,66.9162,387.56,351.611,126.259,703.098,147.788,235.823,403.884,79.1015,269.403,758.207,284.702,444.976,387.363,158.651,1045.1,477.325,1038.91,448.188,1848.33,90.6265,12620,107473,172023,54254.6,3896.57,492.897,1895.58,301.717,193.773,1025.43,543.959,200.774,438.35,196.468,441.236,683.241,85.1153,343.297,492.97,158.297,633.939,584.889,91.2502,517.797,188.232,127.406,239.648,75.336,22.7908,12.943,16.4241,160.864,389.091,48.8694,635.634,605.739,284.34,1035.85,552.23,316.019,2536.82,2718.33,105.777,388.586,1164.71,24531.7,313693,345841,33947.9,2249.28,365.696,39.2126,862.018,1075.26,162.635,630.17,860.376,173.82,585.854,640.527,21.7419,193.883,68.7791,38.9561,3.58634,15.6926,53.9611,221.682,127.733,106.78,394.763,100.223,334.499,322.494,38.3958,236.715,188.099,18.1669,458.695,516.739,314.563,449.564,249.062,362.006,742.499,908.008,909.278,1046.2,695.377,1398.91,32043.4,139851,113308,19096.2,611.897,1626.33,1403.69,137.18,470.47,1073.23,107.334,263.42,293.088,38.6345,581.581,388.918,125.201,579.499,385.121,309.882,943.575,174.311,237.568,392.563,57.3786,156.798,144.373,25.4248,64.5684,21.9725,21.8606,390.141,231.963,154.297,545.696,215.323,491.773,930.054,61.2044,901.337,3006.4,1380.24,106.12
146.090666667,520.687,388.514,814.546,301.77,160.408,203.62,4.48454,29.9737,11.336,22.891,178.499,218.159,129.514,330.161,294.514,216.171,646.532,254.98,188.674,298.527,111.821,247.063,683.613,454.85,437.251,268.954,308.905,1036.62,77.492,764.238,133.544,1212.96,501.499,8505.44,93184.3,162747,41035.8,3419.05,621.692,1286.3,32.7909,45.91,850.251,686.031,215.686,315.139,296.508,501.611,564.197,156.636,308.88,360.354,243.102,692.107,550.794,174.235,380.064,230.261,144.441,223.76,99.1084,40.5606,0.134199,7.87194,127.825,313.136,146.579,573.653,585.218,349.936,909.606,605.929,402.277,1851.42,2237.85,228.015,282.043,675.075,16242.8,309816,345454,22741.5,1551.31,184.363,10.7316,565.891,758.377,245.686,660.409,784.435,231.874,543.73,556.732,84.4517,143.717,44.9921,23.9287,25.8919,18.0346,57.5826,205.28,131.577,146.619,300.659,158.253,310.563,334.643,78.3756,148.568,148.988,53.637,375.904,571.031,428.124,348.158,233.023,517.108,533.273,530.997,498.62,632.417,501.06,1277.06,23360,131731,100265,13220.9,1179.14,1170.6,970.313,140.174,465.283,1055.56,229.975,174.384,244.403,127.099,499.476,353.067,209.371,474.964,341.371,454.202,888.586,238.597,197.621,310.364,116.728,142.147,153.636,63.4385,51.9556,6.70638,24.8539,305.06,248.886,213.216,453.037,270.027,477.624,819.841,185.462,660.757,2326.14,1164.84,207.224
147.456000000,422.648,384.546,674.65,335.132,175.235,135.727,21.8343,39.6781,28.0396,58.39,150.855,182.858,168.245,258.786,254.978,260.351,592.47,355.515,122.725,208.681,135.842,227.156,560.311,565.757,380.592,159.94,402.876,1012.19,45.3264,610.087,239.572,778.057,1002.57,5355.2,74673.5,141860,27931.3,3147.05,786.401,902.12,27.898,65.5652,750.165,806.423,191.939,201.564,364.633,517.265,434.231,199.02,269.352,236.223,271.313,719.785,528.112,211.966,280.856,223.077,165.162,167.811,127.178,60.8021,7.27789,14.2072,115.043,232.557,235.046,491.812,524.197,321.681,732.879,700.615,365.488,1305.09,1753.89,370.488,160.766,588.572,10602.1,295498,334384,15800,1159.98,68.9468,57.3238,430.194,519.514,226.311,707.817,680.225,211.371,487.513,461.273,146.526,101.407,36.8265,20.7799,62.1617,34.1889,77.2388,149.013,143.123,143.638,234.375,180.462,287.509,352.339,111.972,77.3225,117.442,82.2405,295.938,552.32,479.796,233.505,189.296,627.252,431.026,424.587,441.49,490.767,436.293,1371.38,15651.3,114868,81254,8192.94,1698.37,848.767,634.927,130.345,510.672,1009.85,325.938,95.405,190.26,221.422,400.872,298.97,257.294,366.937,251.908,543.158,805.398,290.564,165.687,232.084,151.188,121.858,135.777,107.367,45.9179,2.40813,47.195,223.036,250.001,253.93,345.307,277.963,400.641,714.128,320.637,428.985,1617.94,1080.45,250.219
148.821333333,282.145,311.294,530.277,313.405,173.311,81.6965,47.5853,51.5022,57.4357,104.341,103.012,151.264,152.918,191.762,202.786,231.592,528.502,415.115,51.9367,153.382,118.158,192.923,421.941,561.959,299.581,74.2625,414.508,923.061,309.755,607.787,505.1,589.377,1081.54,2998.63,56814.6,116538,17290,2638.71,775.31,672.399,171.993,174.895,763.133,811.486,141.227,123.488,354.926,480.224,300.589,193.565,204.401,158.919,219.302,719.835,463.09,188.698,203.203,173.043,165.51,104.921,140.353,84.4394,26.7307,31.5143,100.086,164.964,257.987,395.348,425.981,201.505,577.79,720.299,258.704,885.731,1274.79,472.241,41.2749,671.542,7438.8,277710,319485,13228.3,952.5,2.95098,116.804,304.365,376.255,149.901,690.003,592.027,114.848,419.618,357.767,165.63,73.718,29.4235,33.9748,98.5786,62.6827,99.4637,83.9198,147.93,100.951,185.503,154.31,236.215,368.208,118.819,42.6732,84.4681,89.1522,210.857,482.868,428.883,146.816,129.857,623.62,454.563,543.222,617.77,475.221,400.758,1302.73,9795.86,94814,61923.2,4316.1,1672.35,695.296,405.589,72.0757,560.213,907.468,359.271,37.6233,143.214,261.923,306.446,222.07,235.516,274.653,141.738,542.545,703.787,280.188,120.913,169.748,137.28,103.268,97.1867,146.515,47.5108,3.29268,66.4678,153.236,222.131,245.811,241.381,234.241,264.956,626.138,369.206,228.309,1130.88,841.384,259.913
150.186666667,139.821,191.08,408.39,227.281,149.99,42.5341,64.4083,73.518,82.7748,138.052,64.1967,129.975,91.0406,155.873,118.975,164.412,440.04,429.749,6.0361,120.341,70.5913,135.37,296.649,456.426,207.002,26.7386,360.733,777.782,639.173,800.464,632.618,507.123,708.879,1283,42567.2,93212,9940.78,1735.92,633.892,500.766,335.636,311.69,803.034,696.109,87.0914,89.4061,267.028,396.91,187.996,133.515,133.76,114.399,132.736,700.786,329.758,133.558,141.506,103.821,147.019,49.2807,142.157,107.246,41.3378,56.4802,76.3934,115.246,203.614,295.377,299.717,78.044,408.689,705.51,89.6028,519.141,1092.99,250.471,56.8749,529.745,5755.4,261686,306415,12996.9,574.846,46.6939,63.2893,333.877,216.981,50.3483,646.459,474.159,28.004,326.211,261.644,129.233,61.6753,18.6284,63.0697,117.288,98.1321,116.741,29.7537,146.846,40.8363,153.927,95.5185,153.519,375.418,110.974,34.5377,55.5771,66.547,134.34,382.502,300.581,102.642,72.6928,513.735,532.379,750.081,893.283,444.037,362,893.576,5743.11,76494.6,46156.3,1649.08,1101.71,587.221,263.899,10.6011,541.441,763.829,326.392,9.07466,103.395,230.408,224.769,133.862,161.584,194.816,53.576,468.233,587.804,213.548,57.4167,143.273,75.423,91.3891,59.3111,161.794,54.6704,9.71665,72.5633,96.0437,169.71,186.476,158.92,150.465,124.109,559.716,303.135,104.037,746.662,581.024,212.098
151.552000000,60.9586,99.2697,287.317,122.218,117.699,14.8243,69.552,96.9112,96.4174,149.738,50.9989,124.618,45.2828,149.17,34.3083,101.78,335.39,428.868,5.21203,86.4304,27.8401,80.1991,171.97,341.018,110.198,9.06754,299.722,605.128,856.873,1059.52,627.491,399.847,250.425,291.698,32662,74788.4,6025.69,808.493,373.407,395.021,403.862,486.75,744.043,545.046,62.8123,62.3705,169.557,289.809,91.0258,71.0036,70.5964,79.6591,89.7464,658.59,166.499,97.681,89.3813,54.0295,143.773,10.5029,145.023,110.069,56.4423,76.2093,51.689,68.8829,133.32,187.199,168.271,23.5781,300.346,542.395,24.0777,359.165,755.3,56.8371,254.708,230.027,4949.95,249801,297461,13329.7,147.912,236.183,1.91381,260.677,166.283,26.0409,484.506,398.336,2.37146,215.854,173.194,81.745,51.3946,11.2894,88.54,132.52,112.728,129.096,0.473586,163.841,5.60666,123.879,49.8019,64.4057,365.453,119.837,37.679,31.792,42.5869,63.7098,269.777,187.266,64.6818,42.7665,386.216,542.87,1002.56,1030.56,427.09,240.473,421.711,3535.36,61835.9,35302.5,286.032,434.884,395.033,203.236,27.3707,418.275,587.373,280.924,2.93074,60.3396,179.992,136.216,66.3379,85.3104,113.172,13.9893,388.387,462.881,129.658,12.7393,141.193,16.7365,88.9701,38.8156,156.165,56.1909,21.0999,68.1409,47.8699,112.663,112.993,84.5058,76.7775,36.5441,479.552,197.464,40.7229,493.008,344.162,104.502
152.917333333,48.2102,46.4661,186.089,41.0829,85.0762,1.73944,68.1277,105.573,100.762,129.12,71.0917,157.269,68.153,174.91,0.0119261,56.353,254.691,428.208,40.1271,55.0155,4.83551,39.5136,84.2319,236.335,36.634,29.2419,268.692,371.962,981.176,1245.16,534.799,222.782,37.3832,9.95518,26612.6,61376.8,4911.79,251.919,93.3,262.8,430.497,687.439,544.427,397.828,83.2611,45.485,84.017,198.562,27.2524,25.9202,28.3248,54.9126,110.05,593.211,53.229,88.332,75.0013,63.8715,173.605,24.2024,143.252,90.5501,69.4251,79.3683,33.6637,40.422,67.1972,101.128,78.2453,8.34952,216.057,430.17,12.6988,226.225,482.245,54.2473,313.767,92.1846,4505.36,243480,292901,13195.5,80.6611,351.022,4.21196,178.886,134.749,17.381,391.136,312.773,13.537,131.83,108.016,40.8935,47.4736,10.1529,101.677,138.226,102.027,129.158,21.139,207.34,38.2817,109.149,33.1645,8.66953,337.481,149.424,47.43,17.0544,25.602,17.5624,180.418,99.5545,37.8942,61.2133,292.051,397.465,1276.6,1030.89,351.345,67.507,156.083,2926.78,50927.6,28854,12.3575,89.8503,153.397,154.995,69.6318,329.665,355.699,249.344,19.9739,26.556,126.229,67.9166,27.4241,32.6507,46.1721,16.1393,348.229,356.244,57.7564,25.9834,167.027,7.59135,108.877,52.0311,125.751,53.8083,30.8032,56.8284,14.7522,69.5795,47.6692,32.9573,34.7115,11.7718,366.447,147.445,31.9431,306.998,169.996,51.8996
154.282666667,72.7605,22.3813,116.98,5.05675,55.824,4.71005,62.822,94.8514,94.2678,84.9566,112.864,245.496,196.926,235.815,33.2612,36.5986,211.197,438.898,83.3127,31.7461,2.25393,15.158,42.0695,162.402,2.06854,71.7013,232.114,197.557,887.459,1489.59,278.36,105.567,20.748,60.6925,23174.4,52537,4931.4,37.4795,4.6885,99.1785,457.67,768.924,337.182,265.482,119.997,36.2788,41.0029,128.988,2.1454,7.80427,9.60932,32.4792,175.414,525.225,27.1138,86.9662,114.361,166.5,261.913,103.278,124.925,63.0431,70.0751,71.0104,23.0433,27.7925,27.2076,50.9072,33.8516,9.93015,190.738,314.455,39.5929,141.466,442.937,3.62775,141.773,317.077,4310.51,242975,292654,12552.2,473.719,226.073,5.62203,221.19,99.4492,29.4978,286.181,288.054,24.1433,87.841,70.3136,19.2537,45.071,16.7044,101.695,126.043,77.4291,109.334,92.9165,295.677,162.979,118.359,37.3185,6.46414,305.884,183.652,50.6774,16.4307,20.514,0.837832,111.769,62.8266,25.1217,103.388,212.171,233.188,1365.28,1079.01,146.799,28.7814,36.1529,2858.84,43591,25438.9,175.759,21.673,37.2379,63.5624,155.74,203.604,197.28,202.101,52.9796,5.77488,86.4412,34.1906,9.33418,8.06689,11.1793,37.2036,358.063,279.704,25.2333,92.2042,225.875,89.249,168.213,94.5084,79.0915,49.205,31.2434,44.8798,1.40406,39.4176,10.9096,10.0242,15.043,28.5482,261.934,144.896,28.6972,186.278,114.213,29.3414
155.648000000,91.2209,13.8435,77.9479,6.43325,32.4752,17.8178,58.2509,66.7818,80.0153,39.821,156.617,369.377,432.136,349.692,107.21,35.6558,199.873,465.465,100.612,20.6631,12.3922,4.52141,30.2633,121.846,6.74219,105.215,193.452,73.4686,727.949,1590.56,122.096,99.9133,26.7586,122.478,20999.3,47400.7,4806.44,8.72213,88.5218,21.7255,365.43,837.349,136.169,156.817,148.317,33.0395,37.3848,91.0685,1.48083,3.78394,4.53054,13.9907,250.648,479.462,52.93,82.9517,217.865,363.558,408.008,221.968,103.096,32.826,61.5879,53.2175,24.006,22.96,13.9851,30.0801,21.5226,14.794,173.381,269.154,35.5782,164.58,276.755,46.067,16.4322,660.638,4726.32,247674,296384,12252.7,925.522,59.2108,77.8935,137.218,140.649,7.7247,254.29,266.904,21.2179,70.3818,56.8581,17.1021,37.0487,32.1792,87.381,101.782,45.7787,83.8905,188.497,422.248,367.997,170.403,48.9908,32.335,285.862,208.975,41.4286,28.6193,17.8901,1.72842,73.4547,64.0371,26.5383,136.695,142.554,77.8287,1448.85,938.291,23.1663,138.175,6.66915,2629.39,39033.8,23687.7,276.834,11.2493,42.7454,9.39165,210.058,114.415,80.8421,152.67,78.8878,3.65542,64.4043,29.6648,3.43981,4.02537,2.96728,51.5434,405.506,239.06,26.8607,171.005,338.644,272.775,260.951,142.754,38.883,42.7769,21.1227,36.1558,3.97965,20.8665,0.612715,5.71523,8.47723,51.3772,184.913,161.436,12.6884,152.733,66.8311,16.7964
157.013333333,80.465,7.55735,61.1478,26.9792,17.5852,28.4929,60.2203,30.2286,64.6679,11.9119,184.924,490.431,718.81,526.435,182.637,40.2,206.154,500.686,86.2922,20.1845,20.8819,2.39065,30.0188,107.278,27.2957,116.318,143.24,28.4652,566.55,1604.99,108.979,95.8055,42.2614,112.113,19348.8,45272.3,4131.97,79.418,119.309,13.947,341.799,792.794,42.1388,72.0798,144.749,34.8044,46.3767,79.2975,6.739,2.5055,5.91137,4.19028,299.707,474.356,72.4632,80.392,368.046,620.13,593.797,326.765,86.5355,12.165,48.8376,32.3677,39.5114,15.4754,16.2862,35.1793,17.0634,12.9481,156.194,219.408,36.6757,152.722,236.133,64.9712,28.3369,644.655,5938.96,257113,303318,13118.6,936.534,67.2942,102.508,109.197,138.57,1.10732,221.505,256.251,8.84601,54.2494,60.589,25.4115,23.2347,52.9449,64.9113,70.3283,22.5726,63.8853,265.756,563.942,607.318,272.457,58.4372,47.0115,293.054,214.267,25.2294,48.9415,17.1995,3.72146,58.7397,72.5745,39.3732,142.408,77.6946,25.8514,1443.62,851.419,7.70326,154.827,70.3838,2038.88,36869.7,22561.6,217.588,23.8354,52.1888,4.75121,202.943,54.1796,40.9087,102.769,80.9316,9.70325,61.1381,37.6961,3.09739,5.36807,4.06664,59.4716,458.481,231.11,37.6441,226.233,514.16,516.609,368.514,174.647,17.2456,35.1373,7.10992,33.8982,12.6779,9.81223,6.29418,12.3171,13.4861,46.4229,148.233,137.872,3.57234,148.869,48.1338,19.2553
158.378666667,54.8967,1.2689,59.2776,47.1944,9.90226,28.9988,67.2083,4.14304,56.7407,7.17368,177.579,583.258,973.968,725.935,249.034,38.6251,207.43,537.518,67.3004,27.934,21.937,2.746,27.6343,105.644,49.0606,104.436,103.469,7.09838,452.817,1722.39,155.494,41.9803,102.602,69.9023,18631.5,45309.9,3430.12,267.15,64.5968,37.0214,458.057,709.696,5.19783,19.0559,127.239,35.6258,57.0879,76.4599,10.6608,1.26653,7.50132,1.58913,324.51,501.645,60.2628,97.6003,499.744,876.11,798.619,360.311,81.0834,10.4742,37.3765,21.7431,54.4772,9.61392,17.7296,57.231,17.5845,5.91988,146.624,163.1,31.5452,138.064,295.193,11.5299,144.144,378.617,8272.61,269165,312147,15584.1,584.882,203.388,42.3472,127.218,107.099,5.38315,189.095,250.508,2.43797,31.8184,72.4343,29.1556,13.2938,61.9025,48.233,39.2679,19.2084,57.6722,277.457,709.491,812.426,385.006,78.1783,35.9041,321.512,212.026,12.2798,68.6657,19.5835,2.78035,51.6776,80.8061,53.2246,133.512,26.9187,34.6212,1392.42,967.327,31.7108,62.4984,248.734,1443.45,36548.7,22246.7,68.2158,94.2724,18.7569,5.28805,252.247,29.1349,16.3605,75.1423,64.2524,18.364,64.2401,42.3233,6.53734,5.53106,4.90521,73.9106,497.693,234.887,35.4011,269.173,699.979,749.677,477.345,168.65,14.4628,32.3439,2.49546,37.5996,17.5347,4.74744,15.3583,25.6774,33.4092,17.8925,144.729,74.9248,25.4698,179.613,43.6008,26.5671
159.744000000,46.3764,0.432986,62.5529,64.6123,4.14786,27.1636,65.3395,2.3592,63.7769,23.7555,133.036,624.009,1139.05,863.951,304.978,32.6047,203.509,576.899,65.3762,33.4387,23.4709,1.80993,26.1743,98.49,69.4843,74.1658,89.538,1.04699,472.658,1806.57,323.233,16.015,170.083,107.678,19346.8,47229.2,3390.45,518.823,19.2018,62.2182,566.303,752.975,7.04074,9.2483,99.6456,32.256,67.5877,71.0691,12.985,0.522713,7.55091,4.87829,351.223,528.766,36.4462,123.855,585.348,1058.82,944.412,340.507,70.2587,28.9476,42.4165,25.7862,55.9276,7.47666,18.1175,84.6453,31.8496,2.82725,135.117,131.318,32.8712,227.866,286.775,1.93445,214.169,244.137,11549.6,280839,320628,19276.3,292.345,231.554,29.3778,78.0497,122.281,7.53091,182.292,230.644,8.64002,16.5453,78.4654,28.332,7.26542,55.8185,39.9483,25.3631,35.2303,55.1036,238.637,798.861,939.603,466.482,105.391,15.6337,351.871,230.284,13.2021,79.6457,23.4277,0.609373,47.523,83.269,62.0301,102.467,11.8733,62.1663,1504.43,1057.26,75.9443,7.51596,460.422,1343.87,37810.3,23194.7,9.25589,198.668,0.508235,45.11,288.444,71.6252,15.5001,75.7068,40.5671,27.6002,61.7373,44.6169,10.0435,4.90838,4.61097,91.546,525.299,239.264,22.313,305.442,815.81,924.75,551.675,129.145,24.998,41.2743,14.4063,39.2862,20.1982,1.29911,27.3476,50.9948,61.1044,1.79513,141.7,19.0837,83.343,281.302,56.0502,60.6139
161.109333333,55.6788,4.65593,67.6867,76.8558,2.61941,27.1482,50.4627,24.7214,92.7929,53.6801,75.5921,598.548,1158.24,906.846,322.194,33.4005,209.875,617.483,84.4557,32.7012,26.5984,0.537547,22.3316,89.3807,77.416,43.5473,88.912,5.7946,577.263,1997.18,463.713,17.1485,186.526,334.35,21757,50936.6,4429.66,678.022,9.48737,61.2151,755.847,855.252,38.5516,41.6886,83.9822,17.6999,78.0083,57.12,15.1845,0.0258015,6.8969,13.8907,370.663,561.083,20.5924,146.158,596.122,1125.97,958.893,301.957,47.6735,70.2629,68.1258,38.757,43.7593,10.5913,24.4422,103.834,58.7235,5.26518,160.414,113.808,27.3428,327.634,448.438,44.5002,140.31,226.436,14840.4,289047,326103,22956.9,173.429,105.158,58.2203,114.845,103.068,10.8328,163.972,246.74,12.1965,12.5334,68.3818,30.9556,4.88336,38.6193,41.2127,32.6019,72.4061,46.0768,190.258,771.893,976.522,478.683,130.397,3.51399,395.581,266.061,30.4705,78.7936,27.8123,0.522842,37.9433,86.6898,48.4061,79.3606,27.1854,99.6029,1634.15,1297.56,82.5791,1.27007,523.235,1977.42,40717.1,25550.2,245.351,269.755,7.94908,80.0913,360.873,175.548,35.6981,89.1624,26.584,31.421,55.9101,40.95,13.5153,2.99611,4.08192,103.827,538.788,247.211,13.1795,313.091,836.16,980.049,565.504,81.7877,41.2031,68.7916,39.8079,33.9884,22.2527,1.58345,43.0805,83.7742,90.0282,9.18194,153.947,0.688509,162.878,401.611,161.623,158.465
162.474666667,75.4239,11.4435,75.4717,78.2841,7.60129,29.2417,27.6864,64.1283,155.536,90.2687,39.5837,500.432,1038.8,839.763,290.913,47.4104,240.772,644.972,120.802,26.9789,29.1907,1.71495,15.619,79.1802,71.7204,18.6141,102.214,26.3565,715.846,2220.75,601.546,8.23867,154.549,763.117,25651.7,56059.3,6619.88,656.563,18.349,84.4155,939.236,1004.36,107.158,91.1022,74.9697,5.26933,82.1227,39.1231,16.492,0.466012,5.97463,22.2571,385.355,581.64,35.4598,153.442,525.94,1069.45,820.544,274.1,16.9426,141.434,121.339,45.8459,30.2603,18.002,32.7691,112.914,93.809,18.1682,171.385,161.002,57.3821,463.584,532.427,216.011,186.819,142.02,16869,290923,326822,24920.2,67.7642,99.3518,107.851,106.131,116.871,2.37717,200.717,239.405,16.7216,13.1425,55.5599,31.3472,6.65088,22.8723,41.5085,67.9166,137.983,27.7139,164.848,619.992,927.051,414.338,143.1,20.8056,440.52,319.247,54.8076,65.7121,32.74,3.39853,24.8467,90.1868,22.1199,62.072,49.8506,149.772,1774.05,1559.55,109.031,7.09543,413.225,3405.75,44892.4,29170.6,848.815,264.012,6.37677,123.328,486.087,278.96,80.0018,119.815,21.2387,31.5344,45.1395,32.677,16.0501,1.02569,3.69213,105.672,534.591,257.605,19.3491,285.551,750.612,910.501,498.474,59.6629,57.4817,126.321,72.555,20.8703,25.6048,7.3998,56.418,117.342,117.257,44.3785,162.12,30.4701,268.088,563.972,282.084,281.13
163.840000000,88.2782,15.2699,89.1999,65.7463,16.8191,35.9438,7.19762,114.395,250.411,137.676,46.2205,361.673,824.078,691.459,223.659,74.1576,268.15,671.937,157.227,16.8804,31.8614,5.06703,9.98607,60.6012,67.4339,12.0903,108.289,54.681,868.209,2385.42,720.281,13.0419,111.946,1221.25,30418.3,61895.6,9461.68,521.372,42.8613,120.116,1021.02,1215.37,186,114.961,86.8588,11.7714,67.037,27.3739,12.2265,3.68809,7.27287,20.6601,405.594,573.489,75.351,152.124,377.733,939.4,562.359,267.091,7.15748,236.537,203.106,46.9729,22.9441,29.1044,32.6394,123.731,114.585,36.099,207.17,206.364,96.1891,630.522,595.909,308.983,460.439,130.854,16377.9,285609,322465,23848.4,33.5182,344.92,120.454,77.1537,135.305,4.06959,217.775,267.808,11.0278,9.17835,52.3642,22.5013,13.0178,13.9918,42.0941,136.028,221.559,22.4322,166.943,389.914,830.829,283.366,148.467,67.7634,455.948,395.222,69.1475,47.9845,38.1636,4.55486,18.7926,75.029,9.99499,64.8672,50.618,180.998,1972,1692.98,149.52,23.2654,256.939,5275.82,49775,33422.2,1631.87,208.795,16.2829,187.222,577.896,391.931,128.889,142.363,35.0405,35.281,27.0323,24.4938,15.2576,0.182867,5.36908,88.7987,534.075,247.818,40.2236,238.375,575.965,756.538,365.875,77.0785,84.3478,212.465,109.975,6.25341,32.8152,16.6219,57.5281,153.879,129.175,83.1261,191.742,91.4687,333.527,763.428,430.71,319.455
165.205333333,89.6534,18.1187,99.6364,52.2587,21.4294,50.4639,1.25785,183.567,354.35,186.104,97.7565,229.977,602.982,513.757,154.374,101.285,266.127,700.822,182.459,8.71859,33.8273,9.19553,5.26271,40.7422,63.1174,26.9678,114.927,70.9754,962.16,2595.07,682.873,35.7362,71.5224,1506.15,35138.8,67675.6,11969.4,349.107,69.4648,104.849,1111.08,1358.79,259.671,117.175,107.731,35.1749,46.5908,16.343,7.51092,8.50681,11.1238,12.3119,419.457,561.901,98.4527,154.387,188.632,808.563,272.239,282.463,45.8917,315.314,306.301,57.1263,29.9018,44.0863,24.2963,129.649,123.395,52.7677,215.263,289.795,183.904,583.016,855.069,271.752,599.963,626.533,12913.8,275007,314551,19615,469.204,552.355,70.6042,137.202,76.3719,34.0601,284.384,270.355,8.16891,4.95653,51.6469,12.0676,23.6689,18.2508,52.3808,234.925,288.096,50.2365,190.269,160.901,745.078,128.265,154.548,108.612,450.028,470.13,66.1814,35.8654,43.5557,4.59625,14.4287,53.2201,17.1587,75.6725,49.3732,195.556,2083.61,1867.54,121.669,33.5056,110.397,6927.6,54918.3,37257.7,2258.09,145.58,37.6576,189.197,700.608,457.912,152.403,164.291,62.2243,38.0512,11.6552,15.3563,12.6624,1.46051,7.70869,66.1672,533.804,224.55,59.0275,197.678,357.639,592.179,213.137,132.401,128.183,299.097,160.309,0.353124,46.5701,22.2861,52.0051,178.517,130.282,106.04,223.268,164.214,372.995,874.303,631.772,286.948
166.570666667,100.12,16.1211,120.301,32.8124,22.1719,60.732,25.6331,291.298,447.071,196.836,192.7,147.772,493.453,361.418,104.594,113.722,242.758,705.646,206.614,5.97486,33.2521,11.9497,1.45151,29.0521,50.0449,72.3909,117.941,64.8387,1039.52,2656.34,648.4,44.6769,59.4522,1539.95,38909,72120.6,13563.5,195.661,94.4397,79.0667,1141.56,1414.99,309.552,92.4617,141.801,67.5257,23.4551,9.3532,5.30231,9.60865,18.0479,3.33175,440.985,535.915,89.6564,157.818,46.158,702.844,78.4983,331.15,128.229,319.154,441.784,99.1957,55.096,46.6031,19.8404,110.739,151.74,35.6849,255.726,328.509,243.261,525.507,922.89,388.652,453.942,1902.53,7817.4,262542,304770,14284.4,1700.11,558.896,76.4964,159.76,44.3425,77.3282,310.129,311.365,5.42867,8.89902,50.1101,6.02725,27.1729,34.0152,87.5069,378.177,297.034,98.6747,240.844,23.135,698.821,29.4639,154.888,118.628,418.863,528.053,55.7004,34.5877,42.1338,5.07548,13.1523,30.3053,33.6695,103.361,58.4124,184.109,2155.12,1954.36,96.1792,48.3397,17.8924,8187.15,59131.8,39873.5,2456.86,113.259,38.8104,192.288,794.806,454.351,155.984,157.471,110.515,36.4322,4.46728,6.20133,8.73354,3.80428,12.2965,54.2629,527.465,204.098,61.5387,168.576,172.949,499.836,93.2477,227.911,163.077,351.878,246.306,21.0885,58.1119,21.2866,41.6626,185.116,127.297,99.761,260.876,209.147,371.017,879.801,814.889,201.599
167.936000000,136.103,26.3253,153.886,12.3245,19.5678,61.2599,92.9153,459.277,500.863,161.22,333.215,162.304,518.095,308.881,82.8466,97.8866,203.084,669.891,245.043,13.4009,31.7574,10.7027,1.40067,24.4749,32.4343,141.48,138.702,34.0859,1111.94,2438.33,733.735,32.7535,120.325,1449.52,41209.9,73342.3,14443,74.2932,140.266,54.6827,1157.46,1301.83,341.671,49.556,188.601,104.137,5.26461,8.92539,5.85415,5.26714,29.0125,9.9987,468.704,487.622,58.7337,150.12,0.748272,643.717,81.2455,418.03,227.113,246.48,592.558,209.047,96.4229,31.8012,19.1664,82.0659,207.491,5.39279,324.691,326.14,256.841,423.326,834.303,588.603,299.52,3909.95,4383.97,250151,292404,11974.3,3661.26,570.124,126.522,188.764,23.4945,134.166,285.958,381.094,24.2874,38.7519,51.9902,2.80657,18.7516,56.8492,172.953,556.819,251.536,138.641,326.362,55.0986,692.042,31.2132,143.015,96.4148,360.076,551.803,61.5684,41.7338,31.9402,7.29507,16.7817,11.5712,52.3807,156.188,80.4026,186.578,2104.48,1975.8,97.566,90.6296,8.15351,9332.42,60816.6,40773.2,2250.45,149.777,32.2359,270.062,776.807,404.776,127.3,134.583,167.629,35.9008,3.17493,1.40559,5.04102,6.74011,21.1389,72.788,508.824,184.817,46.5874,149.221,102.17,489.568,73.6226,365.661,168.938,350.186,381.824,88.2192,66.1871,14.8459,26.079,178.267,139.341,74.7232,327.884,167.802,391.062,665.288,1052.35,91.5942
169.301333333,230.642,73.092,201.551,4.74299,16.511,57.3933,203.808,679.015,518.963,96.2609,490.29,312.216,643.879,355.418,91.1604,60.4851,152.469,595.469,297.943,35.3015,30.7633,8.04349,10.1543,25.5099,23.078,215.987,181.52,22.4147,1084.27,2080.38,814.709,49.6732,284.823,1620.58,41368.6,70115.2,14969.5,6.76881,232.877,86.7285,1126.21,1048.36,346.452,16.6896,234.431,144.352,0.356938,15.4429,9.65912,0.562647,44.9713,47.6949,481.49,423.728,23.9997,127.528,45.7704,641.432,282.81,542.751,318.259,143.985,726.983,392.909,154.534,11.352,22.4524,69.356,281.445,8.79523,415.804,300.845,216.404,302.61,706.25,809.793,418.364,6112.9,6463.49,236037,274517,16369,5755.76,842.471,272.731,305.259,63.1823,162.243,231.797,460.243,86.1044,99.9359,66.0314,5.09389,5.59489,87.6398,312.832,737.122,194.332,159.339,439.82,259.034,721.812,112.193,120.892,53.5109,287.342,525.641,102.539,53.5592,17.5334,11.4266,24.9968,4.01112,72.3459,224.071,118.4,232.075,1899.58,1904.19,167.59,176.968,89.5605,10594.7,58813.5,39544,2017.03,270.019,66.135,371.776,706.631,290.372,94.016,102.427,220.885,45.54,6.37592,4.17922,5.27812,11.271,35.6802,124.851,474.552,161.146,28.1103,140.757,145.395,544.464,200.452,515.904,144.665,312.742,552.416,205.958,78.7916,9.83352,11.7992,174.967,176.029,81.8416,388.063,96.6316,364.446,425.417,1122.79,257.394
170.666666667,354.413,165.789,265.967,21.6112,17.6462,60.5197,340.487,897.432,534.807,36.7556,620.251,574.644,807.909,442.155,120.447,27.0831,99.6527,494.252,345.604,75.5084,31.4349,7.96003,26.7985,34.9633,32.4228,275.649,232.328,63.1044,967.987,1591.89,870.103,138.103,505.418,2342.93,38981.9,62219.8,15297.4,72.6543,391.964,239.88,967.607,747.611,319.132,8.97825,279.796,180.732,11.7546,29.6507,19.1915,1.92921,61.3234,112.389,473.392,337.85,9.73855,98.2142,143.285,677.679,579.563,703.672,385.327,70.1716,814.532,618.376,224.887,4.34,31.0849,86.2056,359.65,89.2678,525.279,248.621,152.563,231.018,496.572,1260.16,974.175,7746.06,15273.9,216465,247902,27483.7,7358.56,1614.37,712.689,475.064,136.597,173.712,149.175,550.587,201.345,179.598,95.3617,16.666,0.0771438,125.419,486.95,872.773,171.491,171.996,569.326,544.251,770.953,221.091,95.4432,15.71,202.998,465.797,165.889,66.2906,6.45327,18.3608,37.6851,9.06529,92.7472,299.418,160.282,314.923,1594.36,1640.21,353.594,321.218,293.372,11874.9,52766.1,36100.8,2179.05,423.97,161.909,488.639,588.276,167.038,64.0044,74.9402,256.334,71.5953,14.3734,13.8965,11.7638,20.6199,59.0477,188.03,425.016,131.135,24.2321,142.224,246.419,635.434,442.184,638.702,110.879,282.883,714.211,352.966,104.022,16.125,9.86143,191.122,232.885,137.952,455.128,22.4197,351.756,192.221,1012.55,726.587
172.032000000,501.082,294.642,322.833,64.2913,29.1516,81.9362,472.578,1037.88,568.915,25.3063,692.992,859.852,929.068,514.379,151.57,12.9004,65.3622,369.681,369.256,126.637,35.9709,10.5685,48.6011,51.1714,59.4431,308.953,278.831,151.82,776.246,1050.51,889.122,318.097,665.792,3492.1,34179.9,50690.2,15146.7,390.522,582.746,432.248,762.829,436.584,278.833,39.3784,304.746,209.767,38.0886,50.1937,32.7441,11.8895,77.9048,185.797,425.509,248.556,20.6001,75.7917,243.044,702.761,852.921,869.157,416.648,50.1735,870.444,801.794,293.065,25.905,49.6721,131.525,425.102,249.01,595.138,227.513,126.411,161.005,375.294,1686.14,2146.19,8563.82,27619.6,188718,211501,40711.9,8565.81,2962.26,1227.36,661.271,279.765,165.126,102.758,588.025,360.721,261.208,136.2,39.7149,10.5155,164.139,638.329,954.81,185.934,191.174,692.961,802.443,790.833,311.398,72.1969,1.2287,127.817,374.468,229.139,78.8367,4.36176,24.3393,54.8168,24.5097,113.336,351.611,212.887,406.904,1193.01,1284.35,548.178,502.309,675.697,12600.8,43483.6,30757,2833.85,527.056,331.181,622.108,424.39,69.8418,53.5851,65.0213,263.055,106.552,30.6973,29.559,20.6995,34.3381,92.3062,238.557,348.636,109.642,34.0967,150.171,345.033,711.914,705.763,709.14,98.2624,283.831,815.902,493.592,143.089,39.2414,27.1693,216.562,307.503,256.288,482.629,13.3107,327.694,29.402,966.781,1162.99
173.397333333,636.929,438.072,335.77,125.726,56.8731,122.47,542.23,1076.22,597.193,84.4655,689.206,1070.89,946.12,528.768,170.225,11.7534,55.26,245.5,349.157,174.077,42.9579,15.0211,70.405,76.8724,86.8373,311.35,310.18,236.951,553.455,603.764,766.153,575.422,730.442,4616.09,27509.5,37552,14064.8,962.579,715.924,590.951,542.184,211.631,206.209,102.406,310.636,210.669,75.5854,78.4634,43.9992,24.4079,95.7869,246.55,330.592,182.866,31.8439,65.6093,305.974,669.621,1019.96,970.769,413.382,99.601,885.12,868.462,348.334,74.9759,78.5591,186.524,451.887,439.696,635.788,209.625,124.208,188.608,427.666,1728.38,3597.97,9087.56,37547.9,153059,167705,49367.3,9988.54,4314.56,1513.97,945.12,445.574,143.836,81.1536,589.279,511.982,320.607,173.064,72.8545,39.2018,201.185,701.93,972.247,234.214,219.591,765.58,958.553,733.298,359.622,51.9194,1.60482,84.7399,261.056,270.521,87.8455,8.13615,27.0318,75.4314,47.7917,122.045,369.919,268.691,426.083,816.489,880.99,667.77,648.203,1200.25,12178.3,32579.8,24217.3,3666.37,555.904,566.978,670.755,292.272,14.8737,48.6475,76.9099,247.538,128.261,58.3345,49.8824,27.2424,49.3472,129.482,253.307,256.167,100.001,40.1775,158.605,390.849,727.37,904.178,700.38,129.177,309.206,838.429,567.538,193.133,79.1536,61.979,228.513,388.32,401.964,449.814,78.7169,302.604,11.9123,898.693,1592.09
174.762666667,748.299,522.388,306.209,193.039,89.2021,161.291,546.244,966.198,628.742,181.437,610.899,1136.22,848.646,463.078,180.061,11.6308,56.1536,139.108,298.63,191.889,52.4126,23.2229,73.4137,118.071,111.369,251.917,381.372,217.157,419.849,235.955,566.419,756.032,864.459,4862.33,20580.5,24420.5,12212.6,1448.53,818.857,649.102,360.289,57.0468,140.384,154.297,331.187,155.81,128.25,112.434,42.5116,38.8559,111.497,260.398,225.72,136.312,26.9598,70.6691,308.337,572.124,1027.8,967.717,369.761,212.278,842.563,789.483,382.659,122.739,114.551,239.417,400.748,630.013,607.668,200.041,206.9,223.967,458.097,1780.3,4274.06,9731.16,40527.7,112585,122009,48799.3,11851.7,4574.71,1909.23,1072.26,535.894,186.691,97.6466,506.338,663.225,304.29,204.797,114.694,69.3199,223.377,666.45,895.205,315.113,236.462,761.269,961.868,606.134,344.661,47.7874,2.69336,66.9494,156.969,270.366,89.2319,15.3871,27.5549,89.1502,80.6025,105.941,359.527,315.692,351.207,506.469,535.271,643.531,744.024,1686.23,10406.7,21887.6,17538,4089.09,562.468,830.556,553.788,238.424,2.1656,29.8248,123.528,209.168,125.475,104.902,63.5502,28.5774,66.7699,152.78,229.893,163.846,91.9267,31.0238,167.829,356.54,671.522,966.649,618.232,180.899,364.56,755.816,555.436,242.905,112.012,106.263,231.217,410.453,546.681,368.016,162.142,348.396,79.4525,670.846,2168.99
176.128000000,815.19,520.09,238.474,248.902,120.416,169.351,508.517,703.801,685.65,247.351,489.129,1042.01,664.798,325.965,194.402,11.4808,74.0676,48.7707,251.578,161.564,67.316,26.4397,65.993,165.412,117.078,179.791,455.578,133.175,324.111,27.5626,478.266,633.578,1306.43,3651.45,14948.4,12940.5,10160.7,1410.58,1056.06,449.36,314.073,14.7279,76.2899,195.724,347.822,78.31,185.027,144.618,31.7729,50.5128,124.327,214.605,149.981,95.4839,18.852,98.7194,241.468,449.997,853.614,889.758,274.135,351.154,746.438,594.071,386.821,142.275,154.593,258.941,305.549,735.96,548.809,151.965,306.729,388.456,342.279,1936.86,3876.31,9771.96,36065.3,72797.6,80771,39185.6,13134.8,3642.87,2462.41,843.662,669.597,245.797,96.6079,405.669,753.852,237.682,211.172,166.237,85.3414,219.102,554.949,724.078,416.118,203.03,713.452,791.349,461.826,256.151,75.2856,5.9978,61.1063,90.8488,231.005,80.0998,24.5297,24.2947,92.5001,119.943,65.4495,331.977,344.906,212.317,326.879,315.445,464.757,802.572,1978.22,7664.46,13050.8,11709.6,3744.09,678.318,1013.3,352.095,243.952,7.51748,10.4072,193.981,169.074,97.0479,168.438,72.808,20.9808,89.5607,142.852,189.754,76.5771,93.1238,11.5205,183.882,250.315,557.786,872.921,496.352,206.139,459.089,562.974,483.686,263.527,127.588,147.265,205.169,376.172,639.772,268.087,220.473,392.356,217.668,426.337,2580.95
177.493333333,797.368,459.492,151.173,279.803,138.419,146.162,422.963,410.505,703.949,277.085,358.685,878.11,421.069,182.114,216.118,36.2111,116.186,2.6904,202.006,108.719,76.8827,25.6942,52.6784,211.001,105.477,118.636,527.626,35.5693,287.191,23.2834,410.635,327.848,2058.48,1624.54,11370.4,4747.93,8527.15,905.332,1446.71,156.109,323.924,62.0848,58.6841,210.348,381.753,16.2875,224.315,173.858,16.0412,61.9328,121.065,141.809,112.839,60.0046,45.221,160.593,132.086,363.402,523.349,822.918,132.815,500.342,577.333,379.888,342.893,132.197,180.916,242.46,194.594,719.677,505.012,81.1709,422.624,514.576,242.42,1804.84,3329.74,8170.8,27449.3,39621.4,48703,25462.2,12447.6,2621.27,2499.34,623.765,611.626,396.32,72.2285,355.488,734.442,158.581,189.844,216.666,83.807,188.7,409.979,493.472,518.293,114.287,676.996,498.566,352.045,125.324,143.446,37.0577,59.6602,75.4818,170.608,59.4145,33.3579,16.8792,87.5293,156.142,21.5038,313.404,327.204,105.559,259.276,229.576,305.092,794.452,2104.47,4935.44,7142.01,7624.29,2894.33,1007.74,987.787,178.44,273.241,34.5977,9.1168,280.807,136.567,70.6073,225.12,84.1492,9.57162,115.356,105.952,142.364,22.6642,102.996,12.2876,210.286,123.98,408.802,681.621,381.624,195.637,546.469,335.558,367.158,247.982,119.658,170.399,155.215,310.583,628.077,201.316,203.625,500.034,297.206,269.64,2509.49
178.858666667,723.746,367.042,73.9256,278.614,140.126,98.8752,317.252,177.042,643.282,295.937,274.863,749.246,195.053,111.385,267.196,127.863,162.776,13.0521,160.555,51.3846,78.5811,21.7147,41.0555,239.165,98.5377,102.648,525.149,36.509,308.381,170.906,305.007,155.6,2643.57,287.077,10145.9,1119.3,7997.45,538.417,1693.19,24.2341,296.547,184.317,94.3426,262.779,387.936,0.765018,240.161,195.851,6.34943,69.9645,104.589,74.2828,102.7,52.6683,114.267,263.241,55.2229,349.728,186.264,807.466,21.2033,597.746,397.348,200.287,259.036,103.131,175.772,213.156,86.6119,638.758,441.496,21.8092,514.953,660.667,92.6343,1487.03,2928.97,5210.87,19069.3,17446.8,27954.4,13812.8,9710.11,1929.66,2031.01,402.431,551.776,551.888,44.0176,325.973,660.746,85.2129,160.474,244.463,71.56,146.01,265.041,290.764,557.417,31.9965,675.199,230.117,306.288,22.6885,255.905,116.016,74.1247,90.2664,112.702,34.4963,38.0311,8.27126,81.4997,175.679,2.23669,292.677,296.018,78.0397,275.452,276.349,248.321,738.712,2196.32,3456.99,4780.76,5975.62,2409.47,1408.12,828.267,47.1472,319.633,95.6583,50.9885,355.547,131.525,65.0683,253.594,98.0817,5.45803,140.833,58.4916,105.953,12.2497,110.174,68.1643,260.3,47.8346,270.205,498.474,321.472,185.027,562.357,155.21,241.6,195.834,95.0057,165.92,103.267,222.617,566.569,137.294,162.807,573.385,384.134,142.412,2201.92
180.224000000,606.159,281.683,27.1176,258.443,114.867,48.3011,227.817,34.1282,546.333,295.527,258.515,756.704,109.947,189.581,386.327,280.798,193.34,65.3123,137.559,13.4694,61.6113,21.8989,38.1761,247.813,98.5445,111.684,499.583,132.568,318.885,390.188,312.356,177.199,2579.39,727.815,11439.3,3140,8915.28,859.274,1558.38,24.624,318.988,344.559,155.778,341.964,389.221,24.3637,230.911,209.484,7.76085,69.6055,85.7256,30.9033,119.724,78.4132,187.325,407.553,110.592,430.878,48.4979,840.325,9.68462,586.633,266.967,94.0086,159.212,66.3458,142.88,181.522,26.0507,501.968,392.029,11.174,541.427,748.976,9.78393,1356.35,2087.74,2571.37,13476.8,7962.54,18436.8,7835.09,6370.81,1126.44,1643.35,184.444,463.532,669.766,61.2043,340.222,522.324,55.5323,134.202,242.254,53.3523,104.286,168.541,161.48,504.933,16.0014,691.21,161.215,349.402,44.5654,411.251,215.106,110.49,122.956,66.0656,17.4651,31.1172,4.98739,81.4611,177.746,12.0305,266.135,275.457,119.336,351.112,429.891,238.505,717.082,2312.49,3924.53,6412.41,7443.55,2990.05,1587.03,685.303,1.55778,338.041,181.311,137.866,428.094,145.394,74.0219,253.681,113.189,15.0682,147.859,34.1472,91.103,38.0864,111.118,162.56,352.176,102.911,209.294,445.339,321.882,190.221,514.512,43.9901,147.784,125.123,56.5969,148.711,58.6041,156.511,453.798,106.186,131.343,583.777,427.849,103.24,1966.12
181.589333333,451.686,220.155,33.9916,217.556,76.3574,13.4691,156.304,1.02982,453.04,267.491,302.9,919.399,295.189,494.467,586.857,420.544,212.547,145.102,119.189,0.783495,40.9917,20.5742,42.9602,251.06,94.0225,132.475,460.073,252.626,375.07,546.879,373.274,346.293,1967.72,2882.85,15405.8,11094.6,11373.3,1747.72,1167.01,123.924,362.045,444.352,256.711,426.607,381.397,66.1926,197.471,219.945,17.4282,60.3601,70.9081,23.1689,147.49,129.825,226.665,546.841,381.796,656.281,244.152,891.152,94.1873,498.447,200.915,55.6734,81.3259,29.4459,93.5675,158.222,33.5207,342.446,339.111,59.1059,532.365,711.569,82.2639,1338.38,977.065,1365.02,11019.6,9835.47,18421.8,7524.37,3862.33,314.737,1280.09,134.167,375.652,711.931,130.225,365.641,353.571,74.3369,125.225,202.284,40.4152,84.8091,119.988,111.807,408.681,64.7447,695.573,379.357,534.868,288.697,570.743,280.521,168.53,160.819,36.6259,6.58746,19.3455,8.07197,89.565,168.647,37.7649,229.713,283.641,183.791,405.841,614.457,303.026,733.373,2350.29,6382.24,12237.9,12356.8,4702.96,1437.94,592.966,36.4313,319.671,283.169,240.335,479.266,176.92,80.9815,234.337,123.511,30.426,143.73,40.8551,90.5219,89.596,116.795,238.632,471.491,360.409,323.256,571.188,361.229,197.666,446.573,12.9899,81.6841,65.213,21.5834,117.604,44.1888,129.997,305.161,114.583,130.895,511.328,438.448,203.526,1707.74
182.954666667,293.509,179.304,85.9697,159.214,39.3949,3.90714,112.304,38.4104,366.711,242.609,369.332,1175.03,817.571,1051.01,857.841,456.451,232.599,215.013,108,6.23864,22.5245,17.9923,56.4384,240.321,91.1771,142.914,430.497,318.666,396.15,682.131,367.353,525.472,1292.04,5412.93,22102.6,24416.5,15140.5,2454.64,816.668,251.513,330.515,536.618,322.322,463.645,382.6,86.7725,167.917,212.615,32.1637,45.7759,65.7232,42.4694,165.011,181.372,232.691,615.879,846.337,1093.92,782.355,932.081,197.902,398.706,193.668,51.6293,34.3712,7.75542,48.5932,139.501,83.5509,211.158,268.691,161.138,421.6,679.076,243.866,1085.23,410.885,1176.88,10599.7,19698.5,25681,10298.7,2431.2,74.7584,724.1,230.168,376.044,613.133,257.232,362.292,209.659,107.37,132.428,136.027,40.5978,87.2703,105.72,120.681,315.769,128.174,683.4,854.261,927.387,751.115,687.017,291.93,224.359,187.987,24.8145,1.96392,10.5554,14.5951,99.932,160.704,54.3386,196.977,293.752,206.718,447.195,713.932,425.286,733.226,2156.71,10109.3,22092.5,20477.5,6841.62,1114.2,510.688,84.0066,306.158,351.72,319.257,502.385,210.473,73.2843,204.826,125.629,42.8574,128.086,77.1296,101.556,133.314,131.679,245.348,605.638,815.767,676.841,840.148,412.724,203.77,372.402,44.4365,43.4919,27.5363,2.94735,78.5811,61.7168,127.007,173.684,134.217,154.944,360.07,454.592,435.574,1220.06
184.320000000,160.983,155.256,139.274,104.355,15.0053,13.2166,89.6521,85.6735,308.372,215.515,403.431,1443.45,1610.81,1777.71,1155.99,366.358,256.061,235.574,105.203,23.2833,7.27556,17.6983,61.9863,235.249,77.1414,148.488,383.612,309.653,389.08,686.527,404.177,505.42,874.428,6762,31265.2,41484.1,19389.8,2439.46,635.006,260.871,345.29,505.765,367.991,407.084,403.433,68.2432,163.228,177.954,46.8726,26.9779,69.3958,76.9075,154.63,219.468,201.074,592.035,1408.12,1740.21,1498.37,987.523,225.265,331.114,203.727,57.7703,15.9522,2.04248,31.8652,105.257,157.814,97.0654,243.957,214.579,344.676,464.169,529.363,698.074,407.703,1117.77,10652.6,33830.5,38099.9,12947,1663.39,252.417,322.183,290.601,347.614,492.892,337.012,387.99,81.9817,138.228,124.259,85.5016,39.4649,111.277,108.029,135.774,258.467,140.514,689.727,1411.44,1541.31,1350.51,721.734,244.55,265.211,185.331,30.7514,1.98563,10.3615,16.8505,103.812,177.593,36.1089,186.306,257.436,196.972,419.629,766.914,462.842,693.478,1689.99,13726.6,35387.9,30860.7,8280.45,830.576,387.731,125.124,264.514,391.025,342.236,473.982,247.971,42.5029,181.988,109.366,50.4946,97.9871,133.718,117.477,138.778,157.128,177.152,736.68,1368.84,1253.04,1164.47,446.383,188.507,316.058,90.2232,25.5992,8.65886,5.91198,44.2908,93.4272,142.854,66.9103,162.228,152.92,241.636,368.417,756.745,652.647
185.685333333,89.0009,152.082,154.368,65.0196,11.9646,33.0506,92.4644,85.151,297.981,154.126,391.821,1605.69,2495.78,2547.79,1356.93,236.016,244.743,229.512,87.0599,49.4449,1.75015,26.4151,41.6475,255.187,60.9283,172.233,296.009,257.13,315.206,607.931,442.129,349.338,668.813,6599.25,41438,59680.8,23106.3,1749.83,574.167,160.945,379.753,384.4,370.665,283.594,418.105,42.3656,176.197,140.677,48.9785,10.9514,79.1305,118.383,108.339,250.227,129.791,515.692,1877.69,2543.24,2141.12,1019.87,167.339,287.606,211.531,53.2669,22.4261,4.50901,38.3161,59.9972,240.633,33.2202,225.026,232.129,219.321,338.752,600.309,576.552,320.77,981.62,9951.91,49641.6,53637.9,13387.5,1270.9,225.585,264.951,177.502,457.995,297.132,372.683,391.435,9.97616,165.31,87.5213,65.3243,25.4502,156.107,112.988,128.719,239.784,89.518,690.576,1829.94,2337.84,1916.77,674.974,156.667,283.136,153.496,44.4675,7.41865,20.4628,13.9839,109.769,216.719,5.92993,190.074,169.675,178.621,317.266,823.598,351.856,638.478,1035.54,16286.2,50331.3,41809.4,8464.7,598.553,262.38,127.461,214.439,375.751,304.346,396.159,290.228,11.1293,168.625,72.5298,52.3705,65.56,199.467,119.608,118.631,173.045,91.7038,808.368,1880.88,1956.91,1415.56,441.368,130.287,294.925,104.732,20.3911,8.08917,27.9094,21.4833,113.304,180.681,12.8584,181.275,117.74,136.77,284.744,948.653,326.043
187.050666667,94.9822,166.363,139.677,42.3103,24.4403,55.6196,115.576,43.4187,316.748,85.8381,363.311,1551.77,3217.62,3272.56,1313.88,150.217,195.262,219.984,56.9573,85.8147,10.4733,38.9774,14.6319,287.58,81.4767,207.546,206.446,186.84,181.755,541.339,394.818,214.229,516.485,5615.18,50173.4,75957,25359.3,896.983,524.425,60.8052,353.828,253.515,306.906,149.745,412.448,57.1415,212.032,104.014,40.9555,5.96021,94.4808,164.837,46.7477,281.42,47.8136,428.956,2067.19,3391.24,2479.89,975.424,82.8153,268.993,200.963,34.9824,44.3148,20.8817,53.2721,28.4061,282.357,48.2228,268.301,164.581,175.169,188.085,523.673,537.884,102.218,1040.25,7993.51,66181.5,70195,11192.7,1240.46,46.0756,265.706,92.7328,431.091,215.482,302.034,440.998,5.28992,155.948,43.7588,65.7494,13.4104,210.47,112.395,99.0508,257.056,24.6938,649.432,1951.19,3193.53,2272.66,564.069,64.1156,282.91,104.895,58.1234,25.9658,41.3207,10.2488,119.471,275.272,9.80439,188.487,82.2017,148.832,204.937,869.641,171.333,576.343,425.675,17493.8,63916.8,51272,7638.55,400.974,161.754,94.9073,151.535,323.852,214.955,303.134,323.568,14.1088,160.786,32.6887,46.6491,40.4134,263.629,118.828,94.8783,174.97,43.0133,747.918,2279.65,2585.63,1485.32,404.721,56.1104,293.234,84.3737,21.8916,19.998,58.8354,9.95066,135.418,220.377,21.3878,210.359,41.0538,110.631,238.739,933.954,222.567
188.416000000,159.776,187.104,131.227,27.2911,59.9313,97.6127,129.396,12.6158,308.921,81.6978,377.899,1205.72,3665.34,3782.85,1039.87,117.319,165.945,214.497,31.3783,131.723,33.9422,49.3723,3.41196,315.978,171.163,269.405,117.995,113.961,87.1137,432.953,381.584,176.592,330.35,4641.33,55078.2,87596,25503.1,366.801,452.509,4.32081,328.676,119.039,215.195,55.8604,361.456,156.632,275.935,72.199,31.4165,13.2195,116.015,220.082,7.45715,313.992,9.02641,339.886,1935.15,4104.82,2413.64,838.13,53.5257,270.819,168.557,14.3317,71.5909,63.0312,81.4737,21.7973,299.844,112.615,329.626,136.165,159.834,57.0064,476.572,359.193,9.39777,1235.87,5587.48,83165.9,86322.4,7451.62,1468.61,6.39103,177.839,41.3042,370.242,174.056,272.496,476.4,46.6665,137.376,9.67106,74.7303,30.2274,262.555,104.005,73.5161,282.218,21.8955,575.249,1722.66,3957.43,2326.69,415.397,5.41976,280.602,59.5121,70.8003,61.2475,67.2617,12.4178,133.446,349.993,81.4278,178.183,27.7043,112.91,130.531,916.76,40.0756,516.828,103.587,17212.4,73437.4,57135.5,6463.81,216.058,116.18,70.9097,65.2992,276.441,113.082,191.606,362.967,82.0166,150.213,9.89567,34.4196,25.0488,323.38,133.37,94.9812,185.593,38.1494,576.411,2465.47,3022.73,1274.88,388.354,27.5022,263.948,63.9517,16.3378,40.8043,108.335,16.1777,176.263,253.742,78.4379,236.827,6.47484,131.392,255.76,858.72,156.177
189.781333333,229.02,196.746,143.592,36.2209,114.101,150.696,138.029,5.93685,269.913,151.274,457.503,676.686,3852.6,3953.67,658.081,130.054,165.068,225.337,29.6627,194.323,66.7549,50.3427,12.4408,345.319,322.849,328.965,65.8873,67.1511,31.6782,322.841,446.87,266.189,185.079,3991.37,55109.4,92698.2,23570,268.818,414.81,70.9142,282.429,40.7887,126.612,7.62629,292.919,319.201,361.128,65.4467,25.4676,21.1578,144.583,301.105,32.3961,323.82,39.9687,270.186,1526.91,4589.08,1987.31,668.318,127.817,260.582,135.203,1.75371,102.525,127.748,120.873,53.5871,307.043,179.715,382.601,202.781,210.431,4.61998,365.753,235.987,27.949,1318.43,4383.31,100020,101802,4252.52,1796.23,81.4622,101.324,4.40503,281.975,209.431,318.418,501.527,95.9268,121.104,2.99671,87.866,78.2084,294.795,106.645,75.2855,276.617,111.113,515.985,1235.52,4559.88,2063.6,281.659,13.8556,257.776,48.055,86.2984,114.9,86.7814,20.7126,153.801,434.202,214.318,161.972,10.7868,92.4569,138.159,888.047,97.0531,520.613,120.208,15535.8,77166.8,58412.8,5340.98,60.234,146.826,85.9236,7.61064,214.098,46.6186,98.8407,387.893,208.904,153.405,6.29026,19.8774,21.082,382.089,190.271,141.332,191.183,70.2165,374.585,2372.47,3257.34,825.629,419.929,75.4051,200.784,50.857,7.51263,72.9612,171.752,56.3768,233.901,271.87,144.152,278.56,61.4868,201.977,356.923,736.071,97.8882
191.146666667,268.432,196.034,164.624,69.4673,179.825,208.435,128.017,24.0915,230.436,229.184,580.273,207.007,3901.31,3824.28,306.707,169.63,159.892,260.137,84.7373,253.295,98.4766,44.3447,36.2886,372.051,490.542,372.535,50.9127,38.6233,25.269,279.007,494.35,453.948,239.665,3523.8,50693,91133.4,20006,507.566,452.26,253.851,235.488,14.7266,66.7637,0.593144,234.07,485.444,451.163,92.5818,21.3276,23.3585,181.587,399.234,148.706,320.194,92.2641,232.475,989.877,4860.9,1423.33,546.619,280.517,223.853,107.244,5.56742,123.197,212.968,167.532,114.474,297.271,217.41,414.759,344.008,315.156,75.6384,267.293,161.009,96.3023,1141.48,5257.82,116483,117169,3533.37,2022.7,146.113,81.2301,6.22141,182.555,311.876,438.297,507.677,122.653,106.959,24.9073,100.801,149.625,290.532,124.07,105.204,240.811,240.117,510.563,748.59,5003.37,1598.13,193.98,65.3312,219.994,81.2238,117.01,167.811,94.9947,32.0553,177.327,503.853,368.51,157.881,22.9898,74.6125,212.628,804.015,300.999,592.754,456.421,12687.8,75154.6,55351.7,4344.81,32.0858,241.387,114.52,12.5333,160.874,12.5493,47.0879,389.897,354.053,177.974,19.9573,9.99871,28.6684,421.687,319.154,238.3,177.602,111.464,206.437,2081.99,3335.02,336.399,488.029,163.187,139.056,35.0865,2.28357,112.963,244.888,128.421,287.143,272.775,185.347,315.091,207.554,350.404,548.503,482.169,141.554
192.512000000,234.403,189.028,175.938,117.199,238.161,251.157,107.324,53.6441,196.555,261.92,697.552,18.5517,4003.47,3565.95,79.8229,202.557,147.714,297.675,192.92,296.118,116.921,34.1982,61.1142,390.357,619.294,375.993,65.2294,27.2766,36.4696,287.596,518.087,614.453,537.155,2907.14,43520.1,84461.6,15499.5,935.499,529.583,424.389,234.663,43.5153,31.2466,10.6301,198.604,579.783,540.57,138.066,18.3358,18.8563,220.173,493.656,335.105,320.862,110.4,214.078,559.138,4944.25,1088.06,514.935,417.67,181.733,79.7004,17.685,135.532,295.948,215.88,172.406,272.75,206.921,395.321,537.997,459.914,229.036,213.334,70.483,222.678,770.587,7814.55,132126,132983,5960.13,1962.12,209.232,76.7692,9.4825,130.776,409.856,614.722,480.715,109.888,98.0892,53.1886,114.755,219.46,252.151,140.727,147.179,200.087,323.473,563.656,598.018,5273.26,1173.66,145.173,102.013,192.321,146.441,158.83,205.57,89.1172,41.5546,189.052,547.797,485.213,166.928,39.9348,60.7879,291.509,732.926,485.407,671.107,1031.16,9128.5,68962,49332.8,3312.25,192.964,328.051,143.284,76.654,131.075,2.89841,43.9176,350.184,468.26,227.221,42.1217,5.60312,39.445,442.803,497.559,357.853,162.716,129.662,99.7473,1778.65,3350.95,37.1257,565.726,228.42,97.3607,17.4573,8.15516,156.917,308.528,212.368,311.043,261.794,169.867,349.352,413.969,530.168,704.977,273.302,204.794
193.877333333,147.059,172.781,167.91,154.926,278.722,260.565,83.8582,76.8461,160.113,242.286,739.967,203.468,4313.78,3382.81,3.91983,194.849,129.061,312.61,329.531,312.567,112.166,24.7837,72.7423,396.903,657.233,343.336,83.4246,16.5615,51.6077,304.492,525.744,643.888,935.248,1977.04,35783.9,75045.1,10956.5,1342.91,584.585,509.844,266.015,90.95,21.8581,19.0781,183.163,567.073,603.094,184.963,16.7313,15.1172,230.789,581.334,534.532,308.112,91.2929,190.485,375.8,4943.86,1240.55,565.526,459.879,144.396,55.0665,27.9492,140.638,346.235,260.83,193.141,239.967,147.216,350.973,691.189,605.109,427.147,155.876,28.2247,302.096,400.853,10691.3,145899,148972,10557.8,1558.02,290.466,61.5418,13.782,95.6549,485.46,753.015,443.024,63.1543,94.9348,65.2741,130.124,260.261,189.763,147.096,181.181,157.392,322.793,643.54,953.998,5429.47,959.865,115.003,100.8,167.128,217.253,216.193,204.23,77.3842,41.5047,183.475,548.277,524.926,180.332,48.5421,45.9931,341.801,636.541,572.258,709.549,1588.21,5616.01,60764.4,42278.2,2118.92,474.382,329.625,195.683,175.865,122.491,0.19056,63.1514,286.482,503.65,292.183,67.7402,3.90427,45.7441,436.073,691.972,458.336,146.427,112.008,60.4018,1626.58,3419.82,66.8711,604.948,241.014,73.3142,5.42192,25.7392,189.841,352.309,273.05,293.523,239.322,104.402,387.138,572.025,725.811,779.017,142.416,197.342
195.242666667,61.6761,130.929,152.551,152.495,303.536,228.231,63.3367,75.484,128.716,179.861,675.379,679.761,4826.84,3408.95,50.5745,137.786,92.2343,310.052,452.811,287.198,93.3241,16.3742,67.8577,383.758,589.762,293.405,81.6051,8.91854,62.9999,313.708,459.07,552.841,1240.25,928.207,29078.8,65245.4,7277.77,1482.8,605.552,482.271,300.064,137.04,24.5005,24.1171,164.993,474.662,616.017,205.576,23.2194,19.3146,199.309,632.108,710.572,258.139,62.3766,141.283,444.76,5037.19,1817.43,642.281,415.593,100.783,38.7845,27.0947,143.882,342.316,288.597,167.097,198.628,77.7377,273.845,792.753,681.052,555.452,189.376,45.028,202.541,191.237,12406.5,156262,163627,15256.6,971.838,305.639,52.9815,11.4091,102.273,458.386,849.933,376.01,19.9056,89.6442,57.2643,140.604,257.235,124.553,130.054,194.632,109.203,266.729,693.234,1677.29,5614.66,968.922,83.2404,80.3361,120.038,284.78,274.272,156.756,69.2312,30.1054,158.074,494.951,496.06,173.141,49.4243,30.4728,341.236,531.909,509.443,719.461,1793.74,2949.65,52642.5,35632.8,943.256,731.48,256.472,256.348,242.449,148.807,4.11691,78.5309,213.723,455.592,348.032,91.5342,5.42077,48.5893,389.413,848.145,525.914,111.081,67.7085,79.1563,1706.46,3588.9,397.33,572.647,203.505,63.3379,2.24232,47.8647,195.53,380.912,266.851,258.276,183.419,42.8163,393.758,682.737,784.286,826.347,56.4089,188.312
196.608000000,15.5923,79.5672,128.27,113.889,304.724,176.236,43.9876,49.2683,110.077,98.1641,528.412,1226.21,5400.91,3611.16,166.242,64.4736,42.8731,301.02,514.914,233.967,68.2086,7.57607,58.5647,327.695,474.134,216.975,65.9949,6.42779,61.5258,328.541,293.122,452.631,1246.36,215.096,24267.7,56186.5,5307.49,1250.51,609.973,348.879,324.019,155.398,37.3386,37.8451,122.753,356.785,569.891,191.277,35.1026,34.7426,140.965,624.316,832.899,184.896,35.4602,85.6496,726.1,5247.67,2532.14,691.756,332.164,50.6423,34.6021,23.7365,128.12,302.801,283.498,113.705,137.475,41.6954,203.367,797.894,655.185,613.639,240.012,104.069,56.2365,189.827,12193.9,161599,174935,17870.3,586.465,195.707,85.6347,9.28927,83.2911,412.035,799.429,342.932,4.79211,64.2414,44.2856,129.329,234.589,62.9884,94.879,180.625,67.7595,205.221,676.869,2435.23,5853.47,1161.43,52.2823,54.6964,60.9032,344.414,304.956,93.8433,62.1505,19.4749,111.517,404.869,423.269,132.239,52.9176,14.2428,310.882,413.19,323.934,732.095,1517.15,1861.13,45468.5,30230.6,200.791,788.186,204.429,243.566,302.283,180.877,16.2566,79.5678,134.291,372.241,354.83,111.957,12.0206,46.565,316.745,913.596,552.109,63.8713,25.8307,135.957,1954.8,3836.6,847.497,470.084,139.251,61.1675,14.4269,68.1015,170.042,388.406,201.147,213.898,111.995,9.01768,375.724,717.718,689.403,812.251,70.6356,195.586
197.973333333,15.3962,33.5904,104.067,58.1538,283.987,124.527,22.4751,21.8861,95.0299,33.8997,378.947,1562.53,5863.68,3841.29,282.685,17.8429,8.68448,268.058,522.274,158.425,48.053,2.22583,43.9862,250.1,338.064,136.905,43.0207,7.38789,66.785,299.576,139.416,362.492,930.616,104.266,21314.1,48276.2,5088.29,797.501,526.119,233.812,266.124,173.812,46.776,50.1454,80.7614,242.122,482.535,146.887,48.6828,58.6013,79.8218,557.259,909.196,104.526,18.8234,55.5168,1100.99,5477.21,3100.48,651.043,258.845,11.1259,42.5944,29.8246,89.2249,245.184,252.279,52.9885,85.7797,22.1687,160.847,771.402,458.915,682.446,256.02,119.607,38.2928,292.21,10040.7,161668,181565,17125.3,600.869,55.0388,87.3255,10.9247,107.704,270.731,707.354,321.238,8.75377,37.0938,27.2426,108.361,197.815,19.1335,60.0489,141.055,48.7429,173.962,579.406,2942.17,6048.03,1442.36,33.6322,34.6779,13.5469,399.838,299.366,41.571,58.3567,15.3227,61.0928,306.382,322.921,85.4999,43.7516,6.5516,290.856,240.205,183.417,637.231,971.81,2298.51,39402.5,26240.3,118.212,593.714,181.135,176.716,344.224,193.93,39.7157,66.2461,68.1112,272.918,314.92,119.323,23.0446,40.9882,228.402,895.454,517.25,29.1021,7.85107,199.583,2236.29,4071.34,1182.21,350.541,76.3778,63.308,40.1233,80.0989,121.056,373.18,114.758,173.593,54.1338,1.07648,354.672,689.044,460.42,792.832,141.031,180.157
199.338666667,47.6267,6.27485,83.9173,18.3925,239.577,88.3423,9.30332,4.47396,74.8464,21.3881,269.647,1539.07,6062.27,3951.86,341.29,2.19952,0.49054,227.83,478.298,90.8686,29.1115,2.30424,29.5469,171.712,210.604,68.1096,27.6826,6.92718,74.9712,261.535,48.2875,219.301,544.434,437.501,19393.1,41736.7,5685.27,426.25,326.404,176.28,165.07,175.734,47.9876,67.2081,41.7871,159.833,380.924,86.5556,60.953,84.9332,29.4037,475.476,914.849,68.1602,20.6924,56.9316,1386.79,5618.99,3332.1,500.495,215.451,6.63868,58.6871,42.3023,47.2521,181.008,208.565,11.6269,55.8446,11.2139,178.291,694.344,247.871,607.792,357.602,78.5355,87.3743,436.35,6827.92,157780,183195,13688.3,865.089,8.88679,40.6322,27.243,99.9614,163.014,548.184,341.571,15.8544,19.6511,12.1018,85.9196,154.568,3.94195,35.4518,88.7651,67.3559,175.803,416.16,3046.55,6099.03,1661.28,32.2922,32.9964,8.63855,436.298,277.706,10.8027,60.8947,23.7302,19.8396,221.04,229.146,37.2107,38.1774,10.4332,236.148,142.255,125.453,371.315,520.268,3272.4,34529.9,23145.4,527.438,335.126,113.024,133.343,307.523,216.101,51.3594,53.8286,20.4243,180.438,246.03,107.547,35.1148,29.4179,152.069,802.436,445.082,14.2684,9.91607,238.372,2404.82,4204.26,1242.32,254.741,44.2278,56.7733,78.3614,82.4304,69.2892,329.69,61.4072,141.7,32.4694,9.48604,374.518,580.504,237.296,718.149,255.093,144.02
200.704000000,91.7835,2.8817,67.0004,12.3414,190.861,64.3171,3.76825,5.2056,69.4653,43.8271,189.372,1216.75,5917.44,3859.32,319.43,2.1037,4.43791,227.876,376.914,48.9441,17.5504,5.15833,20.5008,101.492,116.225,27.2234,13.799,5.47122,79.495,254.292,3.49201,72.6546,300.945,778.16,17680.8,36493.3,5922.8,338.205,141.99,112.942,95.2383,145.556,45.7365,71.4624,24.5696,121.688,279.123,34.6955,68.021,99.0778,8.14213,422.967,823.275,108.345,43.2221,87.899,1421.49,5643.01,3144.78,306.116,183.665,37.5931,83.2367,59.8123,14.9418,118.779,171.571,6.78606,44.0134,7.16296,236.232,603.303,56.4309,562.282,345.648,80.8688,71.8405,635.501,3890.25,152106,181094,9512.33,1097.34,10.1832,19.5687,19.2583,111.864,53.1553,427.264,363.669,21.1624,10.6011,7.44898,72.005,109.018,11.7702,23.5841,50.5147,119.928,183.535,245.551,2728.4,6009.28,1663.14,52.5456,54.8377,57.4877,439.695,258.508,8.74074,66.1108,39.3832,1.13414,155.466,162.247,6.02307,33.322,12.2674,197.602,106.696,93.4498,118.092,373.851,3714.29,30560.8,20535.5,945.044,183.738,24.5973,67.5107,290.147,197.39,56.0825,35.1457,2.75127,112.829,161.691,85.4277,40.2562,17.954,99.5843,652.581,383.395,5.36445,24.3038,237.188,2358.28,4202.93,1019.09,187.466,38.248,48.0386,128.423,68.8501,33.9662,268.254,62.1982,126.924,49.9703,28.0484,427.596,446.416,83.9567,622.753,331.831,123.09
202.069333333,115.031,8.95432,64.1056,46.5526,133.268,51.1686,7.24757,22.2618,86.9652,75.9543,112.072,789.171,5442.76,3610,223.57,22.7854,28.2878,231.746,268.161,33.654,13.141,5.18068,14.7681,58.8346,45.8451,16.2765,11.9182,1.75953,114.747,193.524,34.8803,17.5465,250.686,732.818,15918.3,31993.2,5338.51,451.895,99.1264,66.3668,43.9428,107.349,37.6422,62.9849,34.2986,107.428,192.73,10.4736,69.8374,91.4985,20.3188,404.019,669.674,187.301,88.2055,151.213,1181.73,5544.54,2642,145.881,145.349,87.7038,113.062,72.9049,1.04578,70.2036,146.011,36.7089,42.0118,6.2263,278.053,561.959,1.99738,397.827,372.379,46.4058,29.8776,704.84,2155.15,147197,178036,6423.8,991.55,23.4923,37.8764,13.451,79.6849,24.2022,366.704,369.599,19.1126,4.53745,14.7589,74.7931,65.7461,28.766,20.7142,43.3679,182.681,180.63,111.168,2157.55,5771.52,1442.65,91.0068,101.43,148.059,405.48,241.704,34.4348,71.2171,47.1094,7.61501,119.931,104.164,5.61959,44.9426,6.65117,185.187,94.8692,81.6242,28.5076,446.965,3260.29,27009.7,18267,931.834,186.439,8.34432,3.7516,284.916,151.478,46.5147,24.7473,5.59923,56.9071,103.728,49.5506,41.9769,8.55151,68.0555,515.757,300.732,12.7622,58.7773,184.938,2154.75,4031.91,667.375,124.085,44.8243,60.9653,154.967,59.2765,22.343,188.728,113.654,144.34,76.8956,46.0071,496.095,332.854,37.9535,523.838,331.577,108.069
203.434666667,119.64,13.1716,74.0817,93.948,88.73,37.8358,17.0275,42.2394,108.157,109.991,45.8121,424.146,4769.71,3317.04,100.67,78.5186,81.1311,203.738,174.267,48.0151,14.7409,1.56454,8.5989,40.1424,12.4591,18.3236,13.3887,6.33058,176.55,112.949,100.649,89.8778,417.04,286.628,14265.2,27248.7,4533.73,579.322,225.055,76.126,48.639,45.8993,32.9635,59.2991,67.818,84.6478,131.325,21.1456,68.0053,60.9828,60.4669,412.145,478.788,259.003,158.357,231.544,827.804,5283.82,2083.04,53.5206,93.2295,142.041,139.454,72.4918,2.84753,41.1462,122.587,87.2004,46.8712,9.3903,295.15,537.997,61.8172,222.972,430.108,2.36586,126.29,409.769,1505.55,145801,177996,4871.77,508.75,189.493,71.424,47.1497,28.378,45.1517,390.812,360.422,11.0918,2.75855,31.7176,80.2759,36.399,37.6477,27.1367,62.42,232.056,156.473,37.7728,1583.79,5372.7,1139.82,133.277,168.922,254.825,329.989,222.53,78.0646,69.2599,44.4263,30.3959,99.232,55.0025,36.232,80.1752,5.80292,192.302,86.1959,107.865,91.571,593.948,2509.57,23127.1,16299.1,501.543,378.798,117.552,36.2733,242.79,102.465,29.9307,18.1226,21.1841,20.0214,72.7353,16.6858,41.474,4.81912,73.3091,401.943,193.132,52.7162,115.668,106.796,1922.33,3731.05,352.187,66.2542,55.1696,83.7646,151.176,55.6772,28.5238,118.234,172.915,184.323,93.7483,67.5105,532.755,306.073,51.7203,368.887,377.254,60.5007
204.800000000,106.411,16.3787,99.7802,120.863,59.2,21.3547,28.0425,61.2456,124.264,126.146,12.128,181.966,4124.08,3084.36,16.2987,144.262,143.159,168.963,98.8027,74.6316,18.4002,2.27171,6.97529,37.1809,5.53018,23.9174,26.2485,33.1914,233.147,75.1779,142.243,287.108,868.88,22.7609,12615.6,21756.9,4330.95,671.436,582.739,174.538,83.822,14.0993,26.0382,56.5917,109.429,59.7269,93.134,54.1993,57.7928,28.5609,107.362,431.388,274.993,306.208,242.487,291.333,523.92,4958.53,1652.84,18.8123,51.8159,171.32,152.759,65.5186,8.88634,26.0174,94.6784,138.417,61.606,14.3678,264.631,597.768,148.782,128.476,310.638,112.39,461.161,32.3376,1399.45,150307,184736,4592.61,158.66,597.162,109.975,48.1112,11.0052,100.144,510.968,341.088,4.92883,9.5915,56.4329,75.0974,20.565,32.3661,45.3397,91.4749,247.64,126.625,15.6196,1152.33,4923.39,884.47,166.632,238.543,346.389,227.492,196.558,117.694,60.6432,29.5838,61.9421,87.2123,25.6619,72.4248,112.925,43.755,262.599,33.2096,194.167,324.156,759.907,2364.29,18426,14427.8,241.799,793.164,324.057,153.512,212.457,44.5165,24.3389,17.3942,39.7755,1.92494,61.758,6.62112,42.1497,5.45985,108.267,321.933,96.0385,109.101,168.841,54.7185,1773.38,3425.61,157.867,27.5303,61.5496,97.3748,128.709,56.834,36.9735,66.4915,201.497,242.281,92.3508,83.4854,536.208,337.321,55.023,269.689,397.704,31.4087
206.165333333,99.6763,30.4476,128.269,118.919,40.0831,9.00541,32.1692,74.299,137.919,106.821,26.5711,49.2643,3699.63,2978.57,7.04454,178.491,196.767,144.013,54.2588,102.831,20.6735,8.67153,13.1574,48.688,20.9581,35.263,33.9343,69.2813,335.385,71.1523,220.47,600.335,1499.64,560.358,10891.2,15641,5004.56,906.49,1183.56,390.938,133.938,22.1157,38.6971,54.5548,138.547,40.3403,75.6861,97.5395,44.4944,8.52958,137.664,435.739,115.342,326.777,323.038,280.114,366.752,4742.79,1419.44,11.2843,37.632,160.5,154.546,54.9374,13.1258,14.6628,66.4193,171.495,93.4725,10.8578,272.245,623.969,246.32,35.1395,257.528,228.103,831.793,248.455,1854.92,162245,199881,6003.69,626.726,968.724,148.873,74.1095,25.4509,187.918,619.011,387.911,4.83587,33.3371,73.4498,63.9158,10.7866,24.9469,64.0923,117.846,227.883,104.57,23.7523,885.122,4590.19,746.412,164.751,295.548,404.433,123.481,160.063,137.275,48.5368,14.4422,89.7575,88.3076,10.6557,106.15,131.563,132.092,382.122,12.0305,350.44,785.924,992.367,3060.78,13224.6,12363.7,782.372,1336.4,606.433,347.557,186.626,16.8296,22.1448,15.4771,63.1722,6.22532,66.3037,20.5881,43.7312,11.3928,164.515,288.009,32.0292,166.566,194.594,54.567,1760.57,3263.39,84.3673,18.3714,55.5132,97.7783,95.1829,57.8661,43.7447,29.5728,196.569,282.914,95.7444,75.1774,544.655,358.886,48.724,197.628,420.973,82.218
207.530666667,112.97,57.276,141.952,99.833,26.0233,2.37375,31.5499,76.9767,139.904,66.8685,74.5257,27.2158,3576.32,2970.79,74.0785,163.38,247.252,132.588,41.9607,126.829,22.9679,13.5759,24.9871,73.9494,58.2852,56.0418,32.5592,94.7374,473.131,181.423,402.402,1017.72,2002.97,1972.24,9074.35,9677.59,6196.97,1448.84,1781.33,715.974,259.52,88.4432,68.4213,40.8811,158.968,39.159,79.3113,126.936,35.784,1.64852,133.936,431.243,34.6444,316.514,380.656,204.237,422.579,4657.03,1432.02,18.9939,42.4927,120.335,140.99,43.5302,11.3865,9.52179,38.6183,186.837,130.535,8.48084,270.26,718.378,222.405,16.5673,241.948,387.419,905.614,1163.66,3600.72,181436,223227,9970.82,1724.76,950.178,328.335,158.052,54.4124,210.066,792.83,452.069,23.0234,65.9416,80.2849,46.8519,8.76124,22.5373,74.1796,127.673,186.014,88.248,47.2061,798.993,4410.4,770.401,129.607,321.034,417.601,47.6296,128.038,120.55,42.3828,5.4188,100.896,99.6802,19.1943,140.767,117.084,241.993,589.806,105.919,582.061,1341.41,1378.78,4217.7,8150.1,10180.3,2193.77,1782.4,960.274,603.45,166.525,9.65004,19.3471,20.3736,84.4311,36.1037,86.4735,44.6467,41.3113,23.8951,227.478,295.179,27.2523,213.674,185.747,98.4033,1860.67,3305.87,124.428,40.288,36.9194,87.6294,61.566,50.8168,42.9991,8.72194,174.45,281.727,107.514,51.9724,549.157,364.366,25.2681,123.104,514.348,255.884
208.896000000,167.254,85.743,141.107,67.959,19.7029,1.49637,23.1024,74.6771,115.829,38.7208,115.171,126.135,3725.9,3003.27,161.065,123.861,258.929,148.806,66.9467,136.166,23.4345,15.1599,39.094,107.918,106.076,85.2258,24.704,110.025,644.525,415.003,678.794,1493.89,2183.78,3766.65,7222.15,4897.12,7253.83,2218.1,2063.78,1130.51,510.064,214.671,104.331,23.1301,165.853,71.822,99.3237,127.7,31.9904,1.50494,108.198,409.909,46.1076,309.467,363.594,118.59,615.797,4708.37,1680.83,46.9696,41.2723,90.497,110.463,32.5122,7.04805,7.05398,19.7198,185.046,155.001,18.5636,311.405,732.989,193.334,3.96169,172.543,737.092,850.292,1909.37,7146.09,206239,252526,16750.8,2440.97,864.8,683.374,201.11,67.3096,231.181,870.01,589.517,66.3901,85.5693,79.8823,27.761,9.83285,26.3778,77.0475,109.567,146.768,62.223,77.4494,895.978,4374.02,912.685,88.1263,287.342,401.891,20.9616,104.022,79.6654,41.21,4.94289,90.7496,119.619,56.3526,161.78,84.4529,329.268,874.366,412.59,900.654,1704.99,1872.94,5269.71,3975.13,8124.85,3940.35,1975.95,1357.5,803.044,184.926,15.9876,10.757,32.6974,104.043,81.5737,116.102,66.3623,34.5246,36.1947,279.241,349.882,82.0056,223.185,152.652,148.262,2002.73,3520.1,283.131,78.2366,17.5992,66.1702,37.0003,37.2024,36.0578,2.42424,143.269,244.776,113.383,35.1418,575.966,310.725,11.1302,89.9082,530.063,579.932
210.261333333,258.237,107.4,127.42,35.0769,18.0265,1.98396,18.0122,54.2902,90.6555,22.2678,125.543,336.999,4021.75,3045.78,189.941,101.145,192.507,202.9,129.245,120.505,23.713,12.5724,53.9982,134.279,161.673,112.753,17.4548,109.108,810.692,814.812,976.844,1762.28,2177.33,5009.27,5802.3,1943.12,7734.26,2786.83,2014.72,1518.88,826.312,401.702,153.739,5.50009,170.388,124.042,122.68,109.521,27.7009,4.95438,79.9023,360.021,148.323,321.581,260.683,62.3408,785.521,4900.88,2089.66,107.323,32.8223,84.562,78.8188,21.2569,5.52301,5.19585,11.2813,177.422,152.439,41.7029,343.413,751.611,114.743,13.1126,160.625,877.205,1118.31,1724.37,11868.3,233639,284342,24906.1,2098.57,1171.29,816.984,254.06,111.97,164.933,954.657,702.742,124.954,86.6133,75.1695,12.2522,10.5426,31.1426,77.3,67.7449,123.435,28.5129,107.359,1145.4,4464.88,1050.44,57.813,201.414,371.437,53.213,83.2796,40.2491,39.8765,9.77694,70.6281,134.791,114.566,166.751,44.5721,385.826,1184.96,903.205,1263.52,1744.15,2236.43,5758.02,1343.53,6595.82,5166.26,1992.6,1597.89,893.719,248.556,25.5939,4.25793,41.861,123.317,131.073,136.106,85.2031,21.3238,47.6828,301.954,440.488,184.404,174.643,122.04,156.109,2106.37,3815.87,542.269,112.976,6.73628,51.3009,16.7314,24.7097,27.6005,6.27284,108.061,190.662,104.154,54.6913,575.098,263.779,2.99599,79.6671,508.373,823.454
211.626666667,360.961,110.743,104.702,12.2972,19.9747,2.34271,16.5651,23.4557,83.7299,4.7456,111.953,584.008,4325.82,3092.37,131.982,107.927,95.2398,282.102,187.248,96.8046,20.1985,9.28312,63.9491,147.674,200.112,142.081,11.454,110.695,875.947,1356.37,1310.33,1534.47,2207.8,4891.66,5291.68,1186.86,7494.94,2721.67,1840.26,1570.07,1219.36,656.422,176.988,1.75685,170.691,184.234,132.301,83.1058,21.7669,8.69361,52.3765,301.26,297.648,328.044,135.507,46.5022,866.508,5170.02,2512.85,198.48,35.399,91.7164,63.0949,14.0296,8.39191,3.24109,11.5511,164.919,130.248,56.8577,414.479,659.303,100.899,12.0834,236.762,723.663,1475.94,1044.36,15804.6,260092,314894,31458.3,1252.53,1491.23,702.065,403.316,91.9895,131.375,899.378,848.497,159.173,72.5231,64.961,4.17614,8.60051,35.5215,72.6069,27.8864,113.822,5.68657,129.597,1454.37,4637.4,1119.12,40.91,108.289,322.146,138.023,68.7419,16.6165,34.3579,16.5058,49.5896,130.183,186.442,156.456,17.9095,361.681,1524.1,1506.25,1425.03,1590.09,2182.58,5532.63,603.577,6024.5,5115.84,2007.24,1450.4,944.012,318.14,29.4682,1.20751,43.188,142.125,159.556,145.209,91.1399,10.7479,52.3102,298.644,504.087,320.864,102.618,106.008,104.528,2145.23,4103.65,812.327,129.515,5.7647,54.2374,6.71297,11.7899,21.7724,15.2962,74.3114,135.092,77.0458,104.997,579.535,201.467,2.84355,71.6616,550.776,774.906
212.992000000,462.484,85.335,87.8235,2.01225,20.4862,2.70307,16.5854,5.58043,82.6776,5.949,94.7899,743.112,4557.35,3120.88,46.7626,117.978,38.7525,344.107,237.438,60.5243,19.3115,8.08465,61.5504,150.556,198.382,173.487,15.4578,99.007,871.806,1872.89,1563.57,998.964,2207.04,3540.45,5684.16,2634.26,6671.32,2024.69,1587.28,1264.69,1652.41,892.307,175.886,9.46231,177.198,219.759,128.11,51.3099,20.2027,7.53344,33.151,231.895,460.507,304.797,51.6684,48.9857,883.933,5387.48,2848.96,275.283,57.0175,112.445,67.0505,14.6371,11.7838,3.06339,16.7246,143.185,108.147,58.9996,476.764,553.615,81.4973,8.26409,267.657,691.504,1270.94,819.115,16842.2,282908,340939,33538.7,909.648,1200.19,733.597,421.711,84.9371,71.8094,817.607,924.534,177.264,50.8858,51.6918,1.64478,6.92076,30.9229,72.797,12.3179,113.437,8.31215,131.178,1752.3,4782.1,1128.15,29.1816,44.8102,261.082,256.982,61.4735,10.8658,23.8708,25.1452,26.1879,116.079,231.149,156.823,2.2256,280.458,1781.45,2178.73,1271.96,1333.21,1676.21,4773.15,1806.01,6389.17,3845.36,1977.34,1018.81,912.912,378.884,31.5167,0.249367,38.8373,156.585,153.155,142.246,81.5295,5.90286,56.1967,251.051,533.491,433.597,58.4673,96.4645,32.1033,2140.09,4285.74,991.249,131.015,24.9773,62.634,8.73793,4.54142,16.3576,23.0675,44.085,92.1202,39.2016,185.103,552.871,162.628,2.46484,81.5115,533.314,613.834
214.357333333,520.703,46.6917,77.4778,4.21072,17.5277,4.67529,21.1323,2.16523,84.0732,42.6469,87.342,747.235,4637.46,3127.49,17.1653,113.728,25.8486,385.052,267.861,26.6327,21.2962,10.1748,49.4464,137.073,168.312,178.29,53.3218,88.4161,767.686,2413.27,1476.94,545.087,1921.19,1767.25,6658.5,6006.96,5426.57,1198.44,1150.24,868.577,1880.96,1145,139.378,23.1677,203.216,205.126,114.625,23.4837,21.5961,3.19796,17.07,178.281,573.101,275.539,12.0156,49.2147,886.597,5473.33,2992.85,298.543,85.9108,151.502,89.7592,19.2394,11.4958,4.33556,19.8926,118.654,97.1029,43.5992,530.191,430.091,80.6426,20.8857,270.677,641.871,640.344,1277.98,14496.5,300607,360887,30329.9,1326.31,532.964,728.715,370.83,73.7155,57.9259,665.306,952.851,164.101,34.2269,40.6301,1.65961,5.79435,19.1327,78.0008,36.0872,126.72,27.0044,112.16,1940.81,4851.01,1091.05,21.1322,12.838,215.513,366.361,72.9876,15.391,11.1544,31.3327,8.16595,101.633,220.279,178.228,10.7427,158.526,2000.5,2665.88,946.527,957.053,1054.28,3667.23,4655.92,7449.34,2059.14,1743.5,590.958,716.513,463.66,26.0264,1.39317,47.3954,149.36,123.285,122.024,63.2058,8.75078,60.7991,173.377,518.255,491.553,49.401,90.2532,0.6397,2114.13,4298.74,1008.76,128.586,62.6082,70.1904,17.7193,0.875241,13.6857,22.7788,21.5481,61.4538,11.5613,251.339,538.845,107.474,9.21145,114.275,423.67,488.376
215.722666667,539.139,11.736,73.4623,13.9369,13.72,6.71813,26.4473,19.2506,103.47,85.8492,86.7362,611.93,4528.38,3121.02,71.8857,91.5902,43.8261,426.187,253.927,8.34027,25.0261,21.4682,27.1319,123.992,112.048,168.393,121.412,70.1308,644.552,2850,1207.22,284.013,1298.67,442.861,7845.1,10826.1,4106.4,651.926,635.72,438.846,1953.28,1335.85,100.586,42.2557,230.308,156.984,93.4287,8.65013,25.0726,4.03574,6.1794,152.163,587.612,269.845,5.8192,40.1688,921.7,5390.3,2867.21,262.065,110.428,193.549,123.393,26.6399,7.13854,6.894,17.697,89.7064,101.805,34.1101,566.5,316.587,48.5262,42.9441,361.952,331.155,263.486,1702.16,10392.6,313553,374994,23895.3,1836.19,163.584,414.253,404.141,42.9867,41.3122,497.962,928.198,139.168,27.8999,31.5065,1.61938,5.18847,6.96485,87.6645,97.9893,154.474,44.7218,84.4277,1929.73,4830.52,1046.95,15.6331,7.64548,201.457,432.283,101.059,24.9788,1.82816,35.9399,0.766095,85.5493,172.354,199.772,46.6978,67.0155,2142.21,2954.28,512.111,548.478,619.465,2512.06,8706.26,8847.45,632.157,1232.03,311.046,474.273,527.666,26.4838,3.85462,62.6955,138.882,72.8302,100.931,38.604,23.0517,62.4866,98.9733,440.57,503.694,67.2874,84.1443,32.4762,2090.66,4133.41,856.463,122.95,93.7553,87.2301,25.3386,0.00269021,11.4141,16.0396,7.40802,42.5579,0.203049,287.754,520.257,66.1945,14.3134,131.541,355.315,300.893
217.088000000,508.646,0.84366,78.3527,20.8618,10.9853,7.66186,27.9269,59.215,153.906,105.273,81.971,408.898,4265.84,3086.96,167.257,62.9018,93.8063,447.639,214.815,3.67435,27.5123,46.0689,7.86183,120.767,51.9801,147.384,192.06,67.8682,611.268,3012.96,992.028,151.959,627.911,4.14126,9109.76,16523.5,3254.08,398.937,264.479,108.165,1873.74,1419.9,83.1896,63.7314,247.887,104.035,68.731,13.8052,35.2693,17.9389,4.74619,129.304,544.655,270.067,18.2507,36.4366,984.117,5107.79,2526.51,188.216,115.962,214.203,172.132,28.6271,4.27725,7.01286,15.4752,55.0326,118.288,69.3715,513.681,266.014,26.656,90.8542,324.439,105.523,226.311,1487.66,7150.07,323722,385369,17884.6,1810.08,137.385,163.784,289.261,62.142,39.7497,372.818,799.529,146.786,28.6562,22.0664,2.02586,4.48126,1.2138,98.849,194.429,182.018,49.6061,56.0155,1766.91,4651.32,1044.97,17.0991,13.5435,204.25,473.733,121.071,32.804,1.74453,46.7699,12.9411,64.797,120.022,206.843,94.4422,33.7691,2238.02,3004.53,160.327,251.935,367.089,1783.72,13381.8,10481.4,53.1999,624.963,163.727,322.521,518.013,45.0938,11.6391,88.2852,120.791,29.8706,85.314,16.3816,51.2937,59.8673,45.8889,325.391,468.187,108.661,71.36,98.5263,2073.66,3816.03,602.583,111.988,98.805,118.343,28.1329,0.0621792,9.78803,8.02868,1.99716,30.5276,8.7491,301.824,469.029,54.0685,27.9549,166.795,255.772,106.848
218.453333333,440.023,24.0859,90.5193,20.2529,10.8455,7.04505,29.449,117.548,225.057,106.243,67.2104,243.805,3900.61,2993.64,233.668,44.328,138.812,451.36,172.554,6.51892,34.6433,88.278,5.98418,111.476,23.4319,130.9,238.984,69.176,628.91,3134.42,751.191,90.0592,196.317,208.181,10764.2,22891.6,3239.97,232.315,110.531,35.0534,1552.56,1492.07,73.7523,67.4427,267.117,60.2095,48.4718,37.1714,55.3854,49.9344,17.4953,95.2691,480.934,270.696,31.1424,41.3671,973.131,4688.12,2106.76,101.366,96.3185,210.206,237.997,25.3188,5.74084,2.30336,17.0751,32.6001,129.074,119.373,467.877,197.743,4.40331,182.554,227.235,63.6716,170.44,873.689,6535.13,333896,395053,15318.6,1371.23,105.491,126.259,145.595,79.2197,28.1329,246.094,690.428,148.254,31.9129,19.894,2.99555,1.6307,0.222632,114.969,318.198,200.583,38.4094,28.9494,1553.76,4347.38,1016.83,21.9106,18.4701,215.93,504.4,116.092,38.7039,19.4586,70.7825,42.1443,44.611,67.5979,225.427,107.496,51.3462,2396.44,2776.15,56.48,101.838,172.857,1692.72,18397.7,12647.3,232.725,183.188,106.69,214.075,502.58,66.7779,16.5683,113.293,111.551,15.8934,67.3738,5.97284,91.6651,56.2967,27.0647,195.56,408.571,143.19,59.3328,153.565,2003.77,3412.15,365.835,90.6635,84.5952,151.541,34.3951,0.319043,10.4465,5.40116,0.495479,27.8255,35.4077,281.704,409.7,60.8387,32.5603,242.804,111.637,23.0405
219.818666667,336.833,71.2352,109.698,15.8147,13.3073,7.77946,30.4987,198.123,303.51,89.7271,45.7789,180.75,3490,2820.17,224.592,41.5435,131.909,469.449,142.008,10.2181,50.7212,141.848,35.8409,99.8811,20.2277,122.764,266.109,62.0074,705.899,3194.95,635.228,72.0213,35.4366,518.919,13596.1,29770.6,4257.24,104.846,78.4353,62.956,1278.08,1490.73,68.345,59.7149,289.384,40.975,29.801,68.8391,92.2373,94.176,43.6534,55.1437,410.649,278.529,30.296,52.72,834.163,4205.26,1723.94,30.4107,62.4474,192.605,308.148,30.3198,11.3643,0.11159,20.7321,27.7667,147.806,160.568,379.601,175.899,6.20302,197.921,251.921,23.113,74.2544,411.956,8387.66,346716,406619,16902.8,967.424,48.1631,57.0139,118.276,48.5202,25.928,196.092,545.645,144.348,47.3113,22.8747,4.63828,0.0186386,2.02445,138.773,449.694,214.616,19.1456,6.25309,1360.85,3967.09,917.882,26.463,18.051,224.317,526.051,93.3644,45.5921,59.0278,109.993,80.8738,22.9041,34.3296,249.34,87.8894,83.0382,2569.06,2609.27,57.6093,45.1287,36.4809,2197.07,23789,15923.6,704.32,9.32499,107.278,144.471,488.783,80.2257,15.2456,148.942,113.417,20.4283,53.8024,16.3574,130.725,57.8827,30.4489,86.8336,360.874,130.836,56.815,159.922,1850.28,2984.42,233.663,59.0885,56.0471,182.299,54.3506,2.50056,17.7378,10.6671,1.63053,34.1649,68.7962,236.747,344.552,69.2931,42.3243,299.123,53.9643,11.6163
221.184000000,205.653,128.495,134.463,14.188,17.0612,9.99288,32.5846,290.876,396.379,54.4085,24.9628,200.118,3082.1,2576.35,148.089,51.3703,90.2269,486.827,136.953,11.6378,82.7183,192.385,93.3972,94.9757,17.942,124.656,314.789,27.3716,866.62,3216.6,646.297,74.2642,42.0246,713.861,17892,37329.3,6084.12,97.0721,89.0122,59.8619,1116.11,1497.56,49.0141,56.122,330.552,38.8144,15.6984,98.3614,143.989,137.423,74.0332,18.1122,357.026,280.881,17.0447,69.2119,615.57,3716.65,1419.2,1.54689,34.3058,165.166,379.602,55.0794,21.8296,4.57648,22.2966,37.6051,189.401,145.374,321.201,155.771,7.97553,262.534,204.367,10.1814,70.4308,323.193,11559.6,362290,420916,21363.7,750.325,53.3745,4.92996,57.8941,39.0683,18.2663,164.212,470.968,96.2511,84.1388,27.101,5.42369,0.725266,5.43647,172.585,567.156,228.724,6.22836,1.4985,1183.06,3555.02,776.623,29.7465,12.8807,219.408,541.148,71.8045,53.9852,111.95,159.901,116.656,9.45429,17.741,275.802,66.1613,102.098,2834.8,2559.28,62.0465,48.35,24.6042,3096.47,29661,20659.4,1169.43,24.1615,112.187,132.288,442.082,105.706,7.91937,206.131,131.446,25.0307,44.2258,44.6607,159.294,68.6971,39.5717,26.4477,321.974,87.0882,65.8908,111.546,1640.09,2582.58,201.807,28.3646,20.4135,217.678,93.8273,11.124,30.572,21.4375,6.05871,44.3171,105.104,153.902,323.256,44.3433,62.3147,393.601,46.2175,8.99531
222.549333333,92.3845,172.501,159.809,21.1085,19.8462,14.0737,42.6839,372.186,489.022,33.7277,12.0695,233.432,2717,2268.24,66.6919,64.9375,59.6367,491.837,147.398,14.2916,121.712,240.87,150.64,94.4212,10.8909,150.186,376.421,4.58201,1085.9,3401.31,567.545,79.0357,80.0857,851.011,23099.5,46022.7,8152.45,176.103,96.3668,37.1146,1021.1,1554.64,41.3416,108.151,383.274,39.7009,13.5017,106.246,199.969,184.545,82.5085,1.19624,326.923,278.745,5.12036,76.8841,444.911,3219.94,1206.86,12.5796,21.983,139.039,456.301,96.9956,30.8957,15.3348,27.4167,59.2987,230.401,96.5421,269.193,190.619,2.92511,355.829,261.228,1.88726,39.785,331.166,14918,378127,436342,26704.5,509.319,25.6121,30.3328,17.1613,21.8086,27.0664,200.493,423.495,34.6298,127.672,35.2458,8.30836,3.45257,9.37983,198.136,675.766,237.272,7.19375,16.7389,1026.71,3096.98,674.516,26.0334,7.86071,214.615,540.359,68.2486,56.4272,173.062,212.798,129.203,11.377,9.09196,300.501,109.135,136.328,3167.03,2640.06,44.6488,60.7355,80.9671,4031.63,36380.5,26386.1,1594.57,85.5188,107.333,85.1337,437.639,145.884,15.0556,265.03,171.574,19.8915,39.6397,72.7688,179.02,86.8726,41.2236,5.39855,299.828,57.125,79.0162,46.4303,1399.13,2261.68,203.423,11.0407,4.62467,248.338,146.829,31.81,47.0963,32.5231,15.1896,56.3672,126.725,68.4046,320.865,27.7111,112.233,512.87,109.993,30.8257
223.914666667,30.4104,186.696,179.023,37.2534,21.5297,17.0521,57.2722,436.736,545.173,55.6798,10.9442,235.353,2368.62,1956.62,30.1455,66.9761,54.172,497.301,165.49,17.6107,148.115,293.188,182.779,83.9134,9.20728,170.721,535.332,35.2816,1424.3,3361.66,649.625,134.96,79.8084,891.971,28207.3,56642.4,9739.51,160.256,156.134,14.0702,1100.67,1476.11,123.224,252.728,470.122,31.4988,22.2153,90.0727,243.861,232.949,65.8181,2.81359,317.759,298.391,4.52641,64.4689,369.907,2750.7,1067.32,28.8581,21.7859,157.85,496.639,151.02,43.3634,24.5072,31.6921,94.187,232.317,68.6771,214.958,323.742,33.9122,465.88,370.719,45.2866,8.35322,230.028,17727.1,389773,450234,31012.8,198.546,10.4716,41.0008,31.5681,15.225,25.2513,319.218,418.322,10.8381,138.121,51.0273,14.2511,5.81928,11.9694,215.027,740.973,270.063,13.9157,31.6539,890.567,2611.65,629.442,18.972,8.49162,231.761,510.879,81.0491,58.1857,227.739,249.372,120.047,23.2422,3.6504,330.166,268.68,296.138,3354.74,2819.04,70.4249,98.1563,66.6726,4645.96,44282.4,32493.4,1810.18,90.6725,171.429,27.4471,453.679,171.874,31.0323,392.987,213.137,8.16537,35.0129,80.2974,208.699,94.7429,36.5432,18.4145,305.715,58.4238,80.9866,5.50504,1196.44,2003.3,191.193,12.2763,24.7361,265.159,198.797,62.488,65.9531,37.4513,25.0035,73.9608,115.109,17.8055,312.214,85.6271,255.155,657.069,168.143,74.7004
225.280000000,39.6475,161.984,189.251,61.5376,16.703,22.056,73.6091,445.108,594.818,93.6237,14.4544,211.076,1984.63,1706.62,44.0616,47.537,71.3762,532.96,165.809,22.4225,157.754,323.376,192.01,60.9162,20.2644,220.238,738.58,192.49,1804.03,3020.46,872.673,288.359,178.456,597.491,33159.5,70031.9,10386.9,81.7454,441.339,126.596,1005.76,1414.69,293.393,440.011,624.262,29.4726,42.7312,53.5778,275.467,256.257,42.8473,13.4884,330.555,342.263,25.0131,36.6311,359.711,2373.55,928.663,28.3816,25.6566,225.554,497.196,185.288,61.629,28.8881,30.3624,137.551,194.527,61.725,208.177,482.265,161.981,791.985,327.27,71.556,104.218,52.9043,18703.4,394595,460679,32540.8,1.71876,124.537,26.1281,4.84851,43.9728,66.0822,476.895,479.114,32.1272,111.094,73.5492,21.8546,5.14893,15.847,209.357,744.559,346.718,18.8962,30.2565,740.306,2152.44,608.874,16.5017,20.8504,262.463,469.993,87.4118,70.4441,247.199,267.395,88.2188,41.8678,7.44847,421.353,454.45,571.07,3588.33,2552.75,308.957,299.001,32.3694,4581.38,53866.6,39182.6,1487.45,151.422,347.658,101.327,372.224,196.163,92.275,556.231,284.722,4.33704,31.4674,76.3233,235.221,89.7734,24.9579,55.0468,353.506,87.9249,63.6074,6.52274,1071.32,1773.74,160.668,21.7134,57.8481,291.679,220.059,89.5628,92.0122,31.8562,33.7887,93.9929,78.6373,1.0708,323.449,227.728,470.915,952.328,161.804,75.1265
226.645333333,121.367,108.657,187.169,90.1644,9.27965,26.3505,87.0599,384.591,653.639,125.425,12.5848,169.209,1591.83,1498.06,85.7664,23.7123,128.824,566.355,160.639,23.7702,159.936,298.524,200.459,25.668,55.8374,326.126,1002.87,449.963,1931.2,2754.18,824.541,549.049,707.25,104.861,39108.3,87230.9,10559,324.844,952.026,317.774,807.879,1277.42,463.9,667.1,876.791,67.4306,60.7898,28.6397,274.614,250.995,27.5023,23.5409,356.276,408.016,59.322,13.8069,417.275,2040.38,764.534,13.9429,42.7965,296.208,471.555,179.709,76.1559,37.6749,20.4135,193.67,129.428,72.4095,263.746,685.265,374.609,1021.73,505.891,13.3169,307.824,161.258,16686.7,393204,466921,30760.4,209.983,265.049,10.0205,8.05947,41.9214,101.034,711.536,606.536,84.9473,61.686,103.855,26.8295,3.58145,20.8864,175.461,701.916,426.429,34.3523,17.7357,570.458,1708.25,617.84,18.4829,37.0182,313.405,417.597,75.6927,89.3029,235.476,240.407,70.3507,45.0349,42.9523,607.061,654.37,845.786,3604.21,2180.19,502.623,702.793,340.335,4002.22,66561.6,47038.5,772.295,574.741,549.792,193.121,317.993,148.545,186.272,791.858,391.471,27.5426,30.838,79.4452,244.991,75.022,12.668,103.414,420.253,159.213,36.3765,32.4458,1019.79,1554.21,125.929,25.2755,85.7168,332.296,198.34,108.123,118.596,22.3913,41.9277,112.039,36.3035,19.2425,350.51,443.458,785.316,1237.88,211.024,53.1424
228.010666667,257.49,49.7376,176.603,115.638,3.35126,30.8616,85.8551,290.636,686.081,166.556,4.331,120.494,1222.88,1305.27,123.298,9.64952,200.375,590.453,159.899,23.6123,151.369,229.991,204.678,2.99291,123.658,545.949,1250.99,673.209,1924.99,2330.24,647.066,848.52,1690.16,150.773,47810.2,108861,12145.7,1310.5,1465.09,464.788,609.559,1086.84,531.519,885.062,1250.02,181.692,71.1921,24.3374,238.618,227.969,20.7298,30.0687,362.728,510.349,93.297,2.35084,525.094,1714.71,578.346,9.2276,68.7182,334.256,421.784,140.895,82.7371,48.483,12.8844,254.192,80.5697,99.7037,453.068,750.999,624.771,1345.56,589.83,0.93571,475.501,933.136,12442.2,387361,469789,27048.5,899.954,259.956,2.70816,5.625,47.5252,171.985,847.852,868.274,162.541,15.7876,136.192,30.0959,2.49258,23.7711,127.076,629.182,464.232,61.3888,15.0012,396.05,1281.25,652.269,13.4522,50.9293,399.296,343.827,52.9457,98.0255,201.176,179.338,67.0169,33.5179,132.28,934.479,835.992,916.865,3524.15,1767.02,528.133,1216.64,1404.46,4483.27,83083.6,57300,443.733,1402.57,667.489,266.441,275.024,86.1504,302.263,1010.73,574.222,89.8603,39.476,95.1559,233.466,57.3829,4.50214,153.662,487.529,249.707,16.1555,59.6223,999.266,1332.75,107.798,19.2423,112.101,362.056,153.192,107.658,143.124,16.962,51.2355,125.304,5.04569,67.4601,432.867,587.929,1116.82,1641.31,227.178,64.5005
229.376000000,397.824,12.8625,164.239,130.977,2.42572,32.996,74.8238,193.381,678.44,215.755,0.0200899,76.6115,906.82,1097.08,143.204,6.11757,244.849,618.313,158.867,22.7873,137.645,135.788,211.86,19.9713,212.981,808.403,1513.82,743.897,1717,1996.7,396.355,1108.23,2514.62,1462.64,61079.5,135079,16989.4,2786.93,1770.17,649.523,300.626,1011.78,385.136,1179.89,1627.07,372.238,91.3874,38.058,176.625,196.71,21.571,33.5444,335.069,622.519,140.807,4.48807,621.172,1401.94,392.393,24.4349,87.1443,341.435,341.382,94.7699,67.5336,66.917,23.284,328.583,76.3963,136.2,657.399,856.277,645.008,1707.83,855.158,23.7038,390.433,1923.41,7985.55,380707,470793,23730.8,1562.5,126.492,38.2579,8.29481,62.8737,167.829,1048.55,1097.83,253.105,5.04482,176.018,38.1641,5.82419,17.4589,89.1696,517.496,467.152,82.0486,30.3742,236.226,914.914,662.259,7.85967,76.8366,488.735,266.092,28.2438,83.6907,164.976,100.559,76.2637,38.9563,270.96,1276.7,1141.43,635.328,3600.46,1284.64,585.149,1621.98,2871.51,7571.57,103985,71050.2,1413.91,2111.73,710.642,383.247,175.583,35.2713,389.435,1239.25,760.307,179.801,69.3063,124.701,195.982,45.4428,3.79179,185.181,553.499,316.608,12.3841,84.3818,939.325,1120.3,111.289,9.82519,131.198,369.822,104.929,96.7962,154.113,22.707,63.4312,134.674,2.3196,129.434,528.374,652.255,1303.32,2116.61,352.045,149.956
230.741333333,488.604,6.42817,155.682,139.743,4.47572,31.4033,61.3357,119.962,652.379,238.604,5.94427,42.541,667.028,853.527,152.336,6.20905,268.702,619.841,161.711,27.761,112.15,59.1006,209.747,87.9321,306.67,1026.06,1738.55,635.501,1408.16,1896.87,120.842,1418.17,2625.81,4085.82,79387.9,165281,25625.3,3822.56,1955.83,826.886,131.01,910.504,175.394,1428.69,1983.87,586.992,116.938,60.9631,108.384,163.273,28.865,30.2113,288.635,692.573,218.847,28.0539,666.374,1101.68,237.341,47.3986,95.0804,309.036,257.849,45.8887,43.9469,80.5588,70.5799,418.775,118.072,171.616,876.91,890.767,528.548,1892.39,1363.05,237.16,299.84,2246.26,5531.55,376800,471776,22605.3,1577.17,120.765,107.333,36.8754,45.603,162.465,1130.72,1344.25,312.7,31.3076,223.323,63.8323,16.0305,6.5756,56.2058,400.968,430.568,87.1698,54.6423,111.028,635.165,616.468,20.8996,127.059,539.821,208.715,10.951,50.2706,133.396,36.6451,91.9428,67.7403,426.356,1585.08,1480.47,251.01,3608.27,1260.92,711.246,1926.33,3757.96,13866,129068,88309.2,3958.27,2170.22,830.982,387.345,120.019,2.8232,433.285,1388.19,922.757,263.529,113.619,154.915,149.125,35.2768,9.67761,188.274,595.504,352.067,21.013,108.99,810.959,918.221,125.868,3.95678,128.338,361.202,74.5837,83.4104,150.77,32.8483,79.5489,150.508,18.8901,170.137,655.78,570.998,1352.25,2530.05,615.251,298.648
232.106666667,511.628,22.3343,152.235,150.226,5.69434,29.6186,47.1943,91.7817,612.354,227.325,17.3403,19.9978,498.236,599.757,150.446,6.03157,288.885,572.835,165.317,46.9164,72.5277,12.8201,208.248,181.542,390.015,1111.14,1823,481.762,1247.71,1781.92,87.9449,1694.69,2119.34,7015.55,101146,197775,36630,3702.02,2244.13,833.971,103.66,871.194,9.82115,1637.15,2158.25,780.251,141.711,81.281,49.2024,129.797,41.8528,27.3855,218.98,736.299,285.802,73.1051,670.012,806.548,129.776,65.1778,102.417,234.451,183.505,15.5417,22.3963,79.4794,159.722,510.392,191.106,229.954,938.707,986.711,205.206,2340.99,1598.5,482.144,552.589,1594.17,6226.02,377560,474131,24047.9,931.939,361.739,104.782,28.9179,82.525,92.6638,1241.48,1407.07,364.582,77.9589,276.429,112.053,30.2442,0.903571,32.7596,296.569,357.416,80.3709,83.3454,28.103,426.515,545.85,52.9159,168.771,575.848,163.879,2.71858,24.968,104.652,3.51931,111.823,107.655,571.289,1734.46,1768.34,30.8781,3814.35,1468.03,845.736,2317.08,3516.57,22319.1,156358,108125,7248.76,1584.24,1036.35,251.064,88.5342,2.16838,434.877,1440.75,976.971,321.85,153.432,176.051,100.077,23.404,18.8026,174.542,575.632,378.239,28.3909,126.591,634.151,724.281,136.918,2.37845,108.073,338.114,68.4275,74.7808,138.169,37.3703,106.569,167.644,40.4955,194.847,729.011,463.283,1165.59,3056.83,863.525,356.756
233.472000000,550.661,40.9367,126.391,201.527,2.71225,47.9495,33.7288,76.7915,589.907,196.915,27.4476,15.3641,401.048,344.474,164.078,4.41875,299.544,529.422,129.189,102.477,19.3406,2.20749,257.315,270.074,356.748,1192.01,1499.75,556.321,1378.21,1782.72,183.205,1832.36,1276.55,9276.81,124236,226324,48487.6,2602.66,2570.11,759.828,106.48,940.134,104.274,1705.62,2036.75,981.142,115.05,116.152,3.79074,135.542,28.8623,44.346,135.286,829.22,260.903,131.106,661.441,503.18,94.1719,82.2376,106.031,159.745,117.732,11.4137,18.54,43.4143,304.552,630.577,218.935,285.127,902.84,963.947,21.7114,2705.33,2065.53,451.678,920.386,603.896,9759.63,382674,476253,27905.7,362.75,646.576,49.1069,70.4524,124.377,91.2044,1215.95,1334.33,390.218,101.481,352.268,200.615,32.8731,1.28316,29.6516,190.063,313.308,52.4854,130.819,3.16652,249.869,490.543,91.3227,148.191,648.817,143.805,1.98732,16.1495,84.2,24.1253,162.922,104.342,686.948,1735,1752.58,306.949,4308,1713.39,943.133,2726.63,2330.61,31202.3,181477,127957,10389,728.555,1271.66,89.0325,67.3993,15.2953,551.009,1208.89,1002.25,297.298,179.065,204.504,47.9592,17.9009,38.2751,137.549,513.737,409.469,21.6502,154.838,419.996,562.849,137.27,4.9881,75.8563,329.489,62.105,67.846,149.251,20.0171,175.977,167.069,50.868,237.338,649.806,426.839,981.521,3517.45,1061.15,371.343
234.837333333,588.87,71.4344,102.192,335.575,21.7391,108.932,29.0556,66.9454,585.407,175.583,31.4921,43.954,356.439,131.372,222.368,2.63553,340.241,522.984,67.1701,200.108,5.98052,32.5671,372.606,367.604,239.769,1257.47,912.649,850.472,1917.75,2132.54,178.448,1931.84,709.149,11299.8,143658,242297,60290.5,1158.35,3040.27,741.849,85.038,1150.55,583.852,1616.81,1586.74,1226.59,57.7769,192.731,44.4553,212.904,1.92883,106.482,160.716,923.721,177.28,207.971,579.905,267.614,110.49,100.866,125.82,133.05,107.982,27.5373,44.1842,14.3662,541.688,748.201,178.344,349.805,740.033,859.634,112.444,3097.41,2437.07,357.068,1077.77,304.694,15871.2,386705,473043,34687.5,562.304,807.696,24.3915,109.209,210.537,189.096,1077.41,1110.13,408.961,86.3749,426.711,374.274,42.0859,4.2456,50.4119,127.324,349.374,35.5952,185.866,31.9493,127.68,402.36,149.93,98.0529,703.657,240.996,29.9961,32.002,108.966,171.501,260.334,46.9268,849.377,1473.19,1517.52,1139.52,4915.07,1991.02,893.596,3141.6,813.733,39973.6,197902,142260,13740.3,173.854,1635.13,22.9519,134.888,74.2152,798.84,787.214,987.505,238.489,208.921,248.658,18.8676,43.3102,81.8141,87.3399,461.785,464.2,5.55095,223.352,207.805,444.844,141.315,7.85538,53.3137,326.874,62.3115,63.7531,207.471,4.86373,324.723,176.54,51.1125,304.534,434.44,498.184,1023.69,4075.67,947.586,443.398
236.202666667,621.386,146.348,153.047,567.372,121.959,212.063,47.9904,77.3229,600.787,160.187,30.3226,106.309,348.446,26.568,319.048,20.5355,464.363,575.98,34.8866,327.129,62.301,119.026,577.904,477.073,139.962,1302.69,308.836,1357.53,2928.82,2602.75,114.806,2055.04,1239.04,14243.9,153986,237204,71482,446.411,3983.37,824.863,145.173,1367.68,1304.87,1485.63,944.597,1503.74,61.5022,343.4,259.401,400.274,48.0931,249.501,372.63,1001.77,85.5388,280.982,450.172,118.124,126.938,159.337,189.76,191.044,200.668,83.4345,128.99,68.2771,859.523,861.416,88.4345,421.137,482.635,694.766,452.445,3535.04,2728.62,181.78,1082.73,928.478,24058.1,381158,458092,44267.6,1347.26,953.002,62.7161,260.391,374.649,334.207,861.335,767.218,430.559,38.5961,508.08,628.161,104.797,36.1473,102.806,176.842,474.727,92.365,257.864,68.4614,56.4457,302.14,209.516,43.3514,739.379,487.771,139.473,118.825,247.663,495.508,439.169,3.97006,1073.65,1014.31,1202.54,2217.69,5394.14,2348.83,616.546,3673.16,5.43321,49140.1,198586,145378,18162.9,567.536,2121.09,156.776,349.221,250.792,1169.13,353.602,960.362,229.069,271.982,330.622,39.8516,109.169,159.732,60.744,461.392,570.044,3.82196,325.601,72.9043,373.715,155.65,9.75019,42.4657,333.427,77.0814,73.7971,308.62,63.9355,558.658,255.458,77.9188,410.741,184.149,716.201,1517.7,4329.45,847.74,471.64
237.568000000,631.178,319.625,328.71,858.386,347.727,359.804,92.7836,125.642,607.052,162.796,31.6352,197.899,358.427,46.8523,432.065,102.895,669.95,677.949,86.4389,464.783,190.197,276.626,847.783,598.998,148.226,1316.94,11.9753,1892.5,4127.84,3168.15,59.76,2256.22,2790.73,19433.1,151440,207882,80675.3,1968.69,5349.21,994.41,254.008,1570.22,2072.43,1272.82,428.867,1695.87,231.931,592.378,675.8,717.519,257.055,485.335,750.616,1092.45,27.2811,315.869,313.594,42.3117,124.442,277.19,315.505,335.554,398.548,224.115,305.996,254.539,1189.93,965.756,14.8006,447.469,255.342,513.922,946.273,3585.45,3264.96,0.0842032,1342.14,1766.85,32498.8,359081,426963,54206.3,2047.4,1490.27,326.467,570.904,498.733,464.587,600.717,454.818,405.606,1.62402,607.861,892.293,256.725,139.496,215.238,360.42,661.455,260.157,354.122,92.0482,22.2206,211.243,238.423,5.20772,804.026,830.842,361.314,328.716,544.318,989.836,714.193,79.528,1270.28,585.146,883.754,3113,5576.1,2647.17,270.31,4343.4,971.97,58404.1,180808,133787,24297.9,2044.97,2684.21,519.326,695.298,607.245,1569.57,126.444,957.354,325.262,370.734,462.164,129.282,213.135,267.532,88.9345,514.155,729.216,62.0299,432.829,51.9991,338.42,189.898,12.846,51.1074,332.037,113.124,104.036,453.344,248.894,832.862,441.537,202.142,525.462,81.3981,994.179,2358.45,4301.7,767.132,380.294
238.933333333,632.034,611.487,617.141,1149.15,660.168,532.801,172.519,219.626,568.601,184.119,47.2122,279.986,386.493,160.722,525.004,274.82,883.101,808.457,237.434,572.362,362.257,497.491,1106.2,715.258,309.807,1282.97,109.32,2436.69,5022.68,3614.85,241.843,2568.61,4430.43,27109.7,135683,159227,85773.1,6627.07,6540.63,1238.54,394.146,1753.47,2495,1135.65,212.228,1694.25,592.672,929.754,1218.29,1133.39,640.613,795.938,1183.63,1187.77,44.7218,300.566,193.42,21.8483,112.979,419.717,483.833,552.231,655.189,460.436,565.388,561.902,1465.69,1019.93,12.5733,447.544,85.8227,394.207,1225.75,3674.56,3237.24,232.694,2069.9,2544.71,38183.1,318349,379352,60209.7,2770.77,2566.62,732.926,785.376,734.015,470.954,400.639,183.787,357.374,19.5971,690.742,1109.24,480.976,324.325,397.103,641.787,877.465,494.056,461.743,102.074,18.44,134.867,223.26,18.4851,888.717,1179.67,682.624,659.49,964.213,1560.38,1085.68,323.187,1313.3,363.489,681.607,3417.03,5364.26,2747.05,157.137,4932.41,3988.36,66577.4,147329,109068,31466.4,4057.65,3277.36,1055.67,1030.04,1109.2,1936.48,207.086,984.721,525.547,491.987,615.911,278.156,334.813,374.91,179.87,604.148,883.106,213.655,505.927,129.675,335.803,227.255,21.5882,74.7334,306.014,170.091,169.372,615.721,534.879,1085.11,712.068,449.746,650.964,174.391,1334.02,3062.08,4195.77,616.792,261.942
240.298666667,700.156,943.641,929.748,1382.88,951.944,688.173,281.236,331.832,495.534,190.537,80.2271,315.353,413.229,310.483,579.868,489.11,1031.45,936.428,416.905,625.976,538.548,700.036,1287.88,800.254,534.662,1265.24,497.818,2777.2,5453.17,3592.29,743.499,2944.87,5514,34925.3,111169,102095,85685.6,13257,6882.16,1637.31,600.969,1680.35,2583.69,1040.8,256.245,1560.18,1019.02,1264.97,1761.9,1554.92,1084.18,1132.01,1521.82,1237.23,156.502,249.901,104.643,27.2042,109.405,525.569,653.529,772.661,893.194,761.98,841.655,912.531,1612.16,991.021,99.4297,421.576,41.0648,304.228,1251.08,3372.46,3114.71,658.229,2729.83,3854.79,38180.6,263269,319322,58483.2,4286.71,3430.79,1065.85,1127.01,905.949,367.056,225.074,44.4973,294.344,106.472,707.468,1235.24,714.354,542.702,633.815,933.124,1059.96,711.703,541.83,113.378,26.7484,76.5692,179.033,96.4601,949.123,1441.63,1024.08,1015.49,1423.09,2066.99,1443.6,693.464,1213.62,328.642,615.211,3132.04,4588.13,2737.56,470.278,5078.38,8166.9,71936,105879,77535.1,37519.9,5905.95,3744.95,1530.63,1259.21,1661.68,2141.43,553.383,1047.07,735.921,616.442,740.984,429.258,453.254,445.546,290.058,699.055,971.624,426.122,529.484,255.502,345.153,239.433,39.5884,91.9395,260.403,231.394,269.333,746.652,826.802,1273.67,959.442,768.737,828.116,426.986,1539.31,3509.15,3655.17,691.224,236.606
241.664000000,819.967,1219.91,1171.49,1468.22,1128.64,770.647,393.864,422.632,398.456,165.696,118.727,297.439,413.95,425.518,591.246,649.583,1081.56,1001.09,539.485,614.826,648.874,833.165,1299.48,859.769,701.445,1203.35,981.278,2949.99,5022.47,3357.52,1224.03,3129.13,6072.31,38959.4,84477.9,50851.4,79843.7,18889.2,6423.67,2104.09,673.747,1488.34,2229.7,1041.02,440.557,1318.15,1319.61,1542.03,2102.64,1861.09,1451.81,1374.38,1640.88,1213.23,315.665,190.554,47.0525,35.6165,120.401,555.368,776.352,899.165,1042.13,1042.78,1055.34,1180.26,1579.73,876.968,236.999,372.633,89.5462,263.205,1008.97,2750.89,2882.46,1161.08,2692.65,5851.57,31620.9,202597,254500,48043.7,6590.6,3309.1,1515.89,1412.57,906.411,235.972,124.497,0.365466,225.917,224.113,660.565,1217.57,882.114,725.181,864.387,1138.58,1127.75,839.606,565.192,133.155,34.4388,34.9569,129.926,203.741,962.374,1527.92,1255.2,1304.78,1762.39,2349.18,1705.72,1026.59,1023.88,374.197,677.732,2411.95,3444.41,2541.66,1138.62,4736.45,11853.3,71894.5,67233.5,47451.6,39730.3,7075.19,3843.8,1743.75,1356.73,2015.13,2178.17,984.537,1088.05,857.4,703.437,784.474,535.766,516.559,466.361,362.263,739.734,981.773,599.561,513.39,358.431,340.991,219.317,61.2001,91.6932,199.844,275.404,379.607,799.724,1022.5,1322.95,1110.21,1059.14,1002.82,718.603,1608.37,3287.95,3140.34,678.33,322.707
243.029333333,933.238,1331.06,1268.19,1349.25,1145.57,739.468,470.945,461.021,289.799,119.248,140.647,243.26,373.028,457.941,555.088,678.316,1021.54,957.566,554.389,538.247,654.003,841.771,1146.93,846.676,720.824,1077.12,1361.28,2788.18,4073.1,2743.22,1578.52,2829.56,6301.24,36583.2,61637.2,16880.2,68985.8,20587.2,5768.71,2253.86,665.78,1099.35,1710.99,1006.02,617.557,1016.6,1362.03,1681.64,2108.53,1952.38,1606.89,1442.71,1482.73,1123.42,429.273,142.301,15.1378,35.8013,135.28,513.47,800.392,877.901,1062.92,1186.22,1150.98,1259.13,1361.34,718.829,328.105,343.603,158.631,218.537,651.796,2080.05,2204.14,1696.02,2214.57,7303.31,20928.8,145952,192988,32162.1,8237.33,2611.22,1871.38,1404.33,861.37,111.145,49.78,22.082,189.882,289.406,578.308,1041.45,929.603,810.203,999.528,1196.94,1042.17,829.461,530.237,150.725,36.6294,10.1571,89.4129,279.929,924.091,1395,1294.73,1419.84,1875.98,2280.95,1820.24,1168.26,783.189,413.211,749.955,1609.21,2163.49,2198.72,1733.98,4196.08,13320,65185.6,39967.3,26014.5,36385.5,7314.72,3408.61,1673.45,1245.42,2071.36,2007.44,1291.17,1075.21,817.733,709.62,724.967,557.998,502.421,429.007,367.982,683.192,921.337,640.173,469.368,382.843,313.516,173.706,75.6244,77.7435,131.652,288.476,452.902,753.081,1055.97,1199.98,1115.39,1199.84,1118.86,950.4,1423.53,2645.53,2539.68,566.8,399.716
244.394666667,969.905,1249.02,1151.4,1092,975.038,622.182,468.066,434.711,190.366,68.3553,131.148,174.249,296.292,398.459,474.132,568.871,856.387,808.765,459.312,411.906,566.778,702.068,905.04,721.262,588.131,898.705,1446.48,2385.91,2794.52,1972.38,1616.3,2167.3,6009.44,28107.6,46359.9,4213.56,55246.1,17507.7,5137.16,1921.61,601.99,703.507,1085.93,936.122,645.635,727.882,1137.67,1606.14,1813.75,1758.07,1523.31,1282.5,1137.85,949.614,453.483,101.974,4.03185,29.534,135.272,426.771,704.927,725.659,941.477,1139.31,1101.23,1103.97,1039.85,532.94,326.746,313.888,199.624,186.937,362.523,1246.68,1687.72,1599.24,1940.95,6809.5,10235.7,100720,141273,16367.4,7720.73,2155.35,1553.36,1461.96,602.562,67.3657,23.9729,56.154,168.877,277.674,454.628,786.824,816.137,779.53,982.212,1088.53,830.21,685.965,449.387,150.846,33.3428,1.94553,58.0673,295.153,813.06,1101.29,1117.39,1331.98,1701.96,1907.15,1723.96,1069.77,543.107,387.553,747.903,895.393,1086.19,1810.68,1828.82,3625.42,11917.8,52765.3,27657.7,16370.6,28129.1,6531.98,2607.47,1336.02,994.689,1792.71,1674.32,1332.53,974.264,645.417,602.325,597.78,476.319,423.746,346.071,300.294,549.949,780.375,547.883,390.169,330.586,254.594,123.185,71.351,57.4245,72.5371,264.82,448.229,632.435,899.411,965.531,939.445,1160.55,1108.04,1005.86,1102.86,1771.04,1915.48,446.89,322.105
245.760000000,865.684,1024.07,860.817,766.331,694.571,448.862,388.615,348.514,119.342,27.2378,94.8645,107.568,203.004,279.639,360.603,380.119,623.352,600.273,296.294,272.026,417.515,469.595,638.889,510.86,383.894,653.741,1302.76,1660.2,1684.18,1278.22,1118.18,1635.39,4733.14,17190,38519.4,9514.25,41290.4,11528.7,4132.21,1477.16,346.504,457.297,585.632,713.127,554.021,454.942,785.144,1302.39,1345.35,1330.86,1245.37,941.929,737.584,710.672,390.042,72.7359,2.72757,23.4472,106.89,328.759,516.96,505.542,710.729,933.321,906.882,791.122,703.185,336.388,258.152,254.526,217.216,113.787,156.968,725.11,1078.71,1061.33,1839.05,4534,3100.85,69823.1,102697,5460.2,5155.85,1924.3,950.732,1306.22,411.223,37.9094,11.1878,86.3965,143.886,214.418,297.88,529.925,586.615,640.822,821.485,851.208,560.476,463.924,348.828,122.679,28.8397,2.23056,36.8837,253.332,633.956,749.18,789.184,1074.11,1302.38,1358.77,1427.05,794.24,334.278,309.261,587.531,409.931,474.384,1258.78,1468.2,2953.01,8505,37676.5,28169.4,16950.3,18073.4,4750.43,1816.29,866.979,611.106,1413.52,1153.56,1168.5,758.448,426.507,416.689,435.114,329.845,302.128,245.254,185.642,386.245,580.859,380.146,283.418,234.267,175.193,80.2721,50.3267,34.8327,36.0859,207.874,373.049,460.131,633.764,675.522,648.545,970.182,939.596,907.491,668.86,983.068,1443.77,203.889,206.458
247.125333333,654.174,729.332,515.47,441.492,419.138,263.603,259.393,243.873,70.3483,6.2467,56.4585,48.4422,120.017,158.846,225.638,199.543,386.346,374.682,148.36,145.245,249.34,248.322,392.892,282.249,193.407,425.921,916.835,971.631,897.555,575.954,599.951,1178.56,2786.68,8104.25,35300.5,25261,28929.4,5832.91,2592.15,1103.84,138.312,236.751,255.256,483.297,343.793,244.036,457.874,858.854,837.459,851.684,830.569,571.112,390.179,446.887,287.32,50.3385,4.02585,21.3597,66.305,222.1,322.533,279.084,441.539,660.3,609.623,457.56,417.918,167.248,154.508,197.645,170.204,61.3912,86.979,346.517,484.96,704.523,1341.87,2001.69,394.13,52534.4,77246,909.266,2243.73,1368.36,597.318,878.651,304.462,34.7403,22.6578,78.9276,124.411,129.05,149.886,311.023,344.943,425.531,587.017,562.219,301.58,258.179,236.573,79.3726,26.7739,5.39357,20.7187,190.45,416.506,428.189,454.047,702.481,837.774,810.729,986.187,489.719,187.167,176.378,366.348,165.441,182.48,694.202,972.499,2000.38,4881.4,23552.1,36158.7,23026.9,9507.41,2619.74,1082.42,511.463,245.075,990.983,653.416,840.749,502.191,226.991,230.104,263.632,183.422,177.015,142.504,83.8624,227.458,371.561,214.86,164.213,136.337,102.608,43.7255,27.4892,17.5813,16.2462,143.788,256.064,276.302,365.99,401.984,345.015,692.298,691.962,640.804,329.276,468.575,943.108,77.6939,152.968
248.490666667,407.062,432.444,237.463,195.426,207.429,116.482,131.279,147.693,42.2139,3.3295,28.0223,13.2995,58.4692,68.1177,113.378,72.8105,196.193,194.508,51.0685,55.3123,117.972,94.3267,197.45,122.939,68.3874,217.83,536.904,432.164,353.324,209.702,295.476,580.339,1085.41,2795.9,33742.9,43346,19242.9,2283.18,1088.72,628.899,107.082,168.844,57.7275,259.445,165.014,97.6281,213.232,461.363,407.728,438.633,439.375,271.611,152.14,229.469,181.455,34.5526,4.83559,21.0087,30.458,130.861,162.731,114.127,218.186,383.493,323.326,205.187,205.309,64.1385,71.1981,130.006,111.084,26.3696,51.3706,125.706,229.153,369.187,540.096,475.682,402.533,45566.6,62919.1,737.06,480.539,569.559,280.004,646.147,198.368,23.1427,38.4634,63.2005,90.0247,58.983,55.6109,149.11,157.45,221.515,338.888,307.389,122.756,109.415,136.589,39.7014,24.7911,8.48353,10.3385,126.705,224.337,195.127,196.155,358.526,440.038,367.655,569.906,253.248,80.4444,66.2866,176.713,65.9483,84.377,347.732,486.006,947.369,2235.56,13210.5,45664.1,29838.8,4033.41,1032.06,453.192,286.686,89.0489,612.149,257.092,508.82,267.759,88.0466,97.2411,125.46,75.5507,81.3061,62.7534,21.5159,111.054,199.037,92.9481,70.9278,62.514,48.1604,21.5676,11.8749,8.59378,8.68572,89.4157,138.901,128.032,165.721,195.721,127.84,416.959,412.932,367.804,104.936,163.131,659.18,37.5317,79.4497
249.856000000,182.751,202.553,81.8387,61.1977,77.3746,31.4031,45.2801,75.7776,28.2979,8.10436,12.7189,2.79847,22.1439,19.7364,44.2284,14.277,77.6243,81.3045,11.3511,12.8969,39.2126,18.5604,81.9889,45.5412,15.7903,75.3834,227.186,158.667,121.834,49.2053,95.1144,131.074,235.096,650.244,32613.8,57578.7,12821.4,721.027,255.411,204.65,167.905,125.384,3.03055,131.586,51.4839,18.3401,70.7421,199.945,141.376,162.63,169.88,96.1065,34.1768,91.5707,95.7341,24.702,4.32852,19.2479,8.38692,68.1112,62.5838,29.2688,79.6498,172.85,124.855,61.6999,80.5595,27.695,31.3848,55.2699,53.7593,29.8751,45.7999,47.792,77.3217,78.2253,80.6126,57.0917,1016.37,44414.3,56681,1945.25,4.69097,95.1223,37.2214,409.873,190.21,20.1001,47.2576,45.7252,43.349,20.7281,15.9878,57.7369,47.3817,81.1918,148.347,134.333,34.0855,30.9211,66.6628,13.8336,20.0524,10.3107,5.80853,74.0427,94.68,64.0026,56.358,130.827,170.667,108.978,282.166,100.481,18.3795,10.898,73.8348,44.0692,85.3026,136.989,151.636,268.605,790.087,7189.56,52914.7,34621.7,1500.63,283.937,100.204,131.984,83.4492,367.553,60.7449,238.179,105.453,23.534,30.399,43.459,18.2281,25.5471,18.8634,0.764795,45.9171,85.6978,29.3099,20.1445,21.4146,16.308,13.4842,5.56947,6.29639,7.55288,50.4163,55.6519,39.5176,51.0144,79.57,31.6294,208.024,171.131,161.251,28.6076,70.1159,449.802,59.0549,18.0147
251.221333333,56.3893,71.529,21.2352,11.2867,21.2877,2.77532,8.25043,31.8079,19.8208,10.8884,6.27489,4.72862,6.88834,5.58087,14.4177,3.54063,22.3245,26.8652,7.45898,2.86023,8.76391,0.301778,28.4593,19.8992,5.56735,20.0273,77.7282,47.3862,28.434,26.3702,17.8702,6.72104,55.8465,183.384,31902.3,65856,9564.43,228.346,26.6278,31.0057,174.77,133.915,24.9585,50.2525,13.4128,0.457358,20.5026,63.8974,26.7018,37.5791,42.029,24.5421,1.13,26.112,41.2731,18.1073,2.21515,15.2723,0.475979,33.0162,17.7597,2.61748,20.6834,56.1974,31.4436,10.08,23.6455,21.8712,19.8256,15.1783,18.8009,31.4675,41.7635,3.66694,7.65634,2.25293,1.58559,74.0097,1245.38,45576.1,55222.3,2748.68,63.0211,2.21899,3.49333,194.647,221.515,20.3938,46.1839,24.4728,15.9676,7.5976,5.0408,17.3774,5.94253,17.6362,45.1414,45.7616,6.97472,4.91366,27.8018,3.51094,13.4561,9.23072,6.04558,38.1789,27.4302,12.9045,9.44516,30.274,44.7181,11.4224,113.98,39.4448,2.97154,2.62688,26.5297,34.8824,95.8524,30.3153,30.6653,38.6373,243.486,4724.64,56822.9,37113.1,762.713,92.6914,6.92755,42.3967,194.24,210.026,10.7845,85.9615,32.3624,7.10831,8.68335,8.88063,1.21278,4.60342,3.65405,2.39785,18.9396,28.5348,9.32165,4.01022,6.59657,4.00092,11.7717,5.12309,6.63616,6.92362,25.7871,14.002,6.14136,9.36907,29.3007,17.3529,82.0483,46.1339,52.0589,15.2799,55.5865,314.263,120.063,6.15907
252.586666667,13.9608,21.6131,7.56621,4.68934,4.5282,0.631035,0.461566,13.3968,10.9655,6.34956,6.67572,5.21096,4.14349,5.47813,5.9381,8.74919,4.26645,7.46274,11.4337,1.32044,1.61864,2.60788,13.554,15.1718,6.95062,9.14028,19.3204,28.0004,14.5533,60.8281,1.18872,1.91461,40.8121,183.839,32369.7,68939.9,8901.94,115.743,2.20069,4.31848,121.377,179.822,43.7546,30.8767,3.93185,2.43715,16.078,11.2128,2.73632,4.6015,7.13644,7.08185,2.6076,6.61123,11.5348,12.3656,0.68379,10.7608,1.37762,14.9448,6.73564,0.469544,5.7738,16.2978,5.22476,0.978788,5.69616,22.6916,17.2164,2.55207,9.68062,27.3908,17.6908,2.43917,2.85439,2.51208,3.09651,87.1608,1322.12,46867.1,55846.9,3072.51,105.029,1.52767,3.16493,191.96,205.888,27.4114,34.8579,13.1573,2.30241,8.74057,1.94583,5.00595,0.0816239,2.96784,10.9039,11.6426,4.63804,2.65069,11.5638,2.05572,8.60744,5.05247,7.17122,15.3077,5.67513,3.99543,4.81071,4.531,5.57641,2.53749,41.5695,29.5615,2.0407,2.39763,18.2464,18.2027,72.2528,13.9309,11.1973,5.12924,122.901,4456.95,58086.2,38676.5,695.406,63.1379,2.17657,9.14376,274.632,156.625,26.3651,26.9373,11.3477,4.43569,8.97629,0.488417,1.2668,0.225152,0.631946,6.50795,8.2672,8.64771,7.12812,2.89527,3.22908,3.71564,8.14245,8.01545,5.32832,4.5976,12.4099,1.32749,0.559658,1.27834,17.0173,27.3082,31.4202,6.89288,11.1358,21.862,52.8596,281.493,104.922,4.38277
253.952000000,8.46,14.9737,2.73881,11.2395,1.69391,3.09726,0.698508,8.28355,4.01981,0.559574,12.3522,1.52559,7.58346,6.33281,3.48818,12.1764,0.565823,1.79954,10.8062,0.152653,2.03405,4.09712,15.2085,8.47399,9.02837,10.2128,8.97351,24.5325,16.9279,83.9121,7.97304,20.9881,45.9935,342.351,33675.5,68624.1,9897.85,130.406,6.3368,7.91576,124.064,218.174,34.45,33.1864,0.704683,3.92618,18.4181,0.385234,7.60156,0.394453,3.2064,3.61244,3.87214,5.6796,1.94243,10.4852,0.949649,8.75969,4.49533,6.95841,9.61591,1.50134,1.1418,9.95959,1.61983,0.629449,8.02912,18.3423,15.784,4.67982,7.83313,20.5252,8.55041,8.99658,10.677,10.8946,22.1495,114.068,1745.95,47505.2,56130.6,3726.3,140.694,19.1026,2.21464,238.833,202.011,33.2398,26.4239,4.75668,1.03121,18.5137,0.293569,4.93248,0.0103583,1.75812,6.44441,1.52508,6.00719,4.28713,7.16322,1.54021,9.14148,3.03536,10.2782,6.20114,2.53382,3.03343,6.07772,3.12893,0.0358065,13.992,20.2006,21.8456,4.20007,2.85919,29.8487,1.64918,55.2121,13.4618,15.937,13.4921,144.352,5264.5,57715.6,39853.2,943.256,78.629,24.4304,8.03779,326.223,145.441,32.3936,15.4152,8.62772,2.84749,16.5129,1.0815,2.82376,0.437815,0.30639,7.03194,2.09128,4.88419,7.13823,3.62556,2.46963,8.79768,2.52607,13.1379,2.44595,2.22557,6.24877,2.31341,3.38851,0.445904,22.8104,19.7559,22.766,6.91583,0.0622491,29.4965,60.2795,240.068,92.2933,13.7631
255.317333333,17.3398,24.0697,2.02017,18.9098,3.22458,6.10042,4.33848,8.63579,3.65076,1.13993,16.5691,0.169259,12.4296,9.6585,2.44068,16.0324,1.66623,0.903869,12.4745,3.43389,5.01519,7.98896,19.9118,5.35698,21.1347,17.3349,16.5759,29.6346,16.9941,119.346,48.7507,78.9784,140.292,835.966,34652.2,65482.6,11835,234.187,43.1384,42.0367,213.347,241.164,18.4408,40.5694,4.34921,14.736,26.9839,2.31397,15.3644,1.32364,5.49505,7.03029,3.58181,6.56811,2.41938,14.0125,0.376601,14.2281,6.00611,7.29924,12.5443,2.89797,0.498825,13.085,4.59901,3.02192,15.6357,17.5527,12.184,19.3769,14.1434,30.4996,13.0738,23.3044,30.9113,34.8587,65.4937,221.645,2756.77,46884,54560.2,5127.96,254.812,64.4268,30.3061,324.918,205.983,24.1811,31.9793,7.46747,12.1738,28.503,4.413,10.8105,1.54477,3.71516,9.46109,0.560462,7.607,5.50982,9.72491,2.05363,14.9951,2.30994,13.2471,7.65348,3.49808,3.09108,10.9018,6.52792,1.76412,25.2185,12.7388,20.2342,19.7524,10.2923,41.7791,12.792,68.6877,4.59844,45.2714,42.0872,232.651,6777.66,55474.3,39995.4,1689.55,190.471,85.2953,52.5389,390.818,133.574,32.5486,19.6007,12.3138,13.0192,28.3048,6.1587,6.99372,2.67191,2.34998,9.47419,1.56404,6.09734,9.18545,5.51219,4.22849,14.3622,0.173476,17.8485,3.38931,2.97648,7.26569,7.97811,7.57598,2.72114,34.5524,7.6465,26.3884,22.0196,10.3745,41.715,87.0354,222.112,57.1418,55.6354
256.682666667,33.9618,41.9608,11.2816,27.5656,9.39362,11.7865,13.4292,12.8068,6.77707,7.19455,21.1052,2.4942,19.8426,15.1682,5.35799,20.5502,6.81123,4.81178,17.5416,12.3251,11.0048,16.0047,26.882,11.1895,43.3793,32.7269,37.2539,43.0689,21.8995,183.998,120.787,157.563,342.366,1819.38,34246,59227.6,13947,458.809,180.111,146.248,334.805,259.804,1.93015,57.3828,21.8089,34.608,41.8075,13.7786,24.628,6.74576,11.0009,15.2151,7.96008,9.33316,8.40485,19.0689,2.80419,22.7427,9.49807,11.0331,17.7608,6.70617,5.1364,20.0681,12.5833,9.20717,26.1013,21.8809,15.2287,44.6952,31.1928,51.8389,31.5915,44.5418,81.4255,97.478,132.137,391.865,4328.93,44132.3,50410.6,7075.12,431.423,160.82,134.208,446.537,199.953,11.6248,49.0397,22.3597,34.9102,42.606,16.0755,19.5517,7.00982,9.40152,15.9223,5.60371,10.9476,10.8557,15.2403,5.45611,23.3591,4.32021,17.581,13.7085,6.46163,8.30208,20.0983,13.8477,8.32865,37.5782,13.8428,23.5287,45.7281,31.7894,63.9092,48.2809,89.2122,11.2685,113.259,121.766,376.877,8659.21,50629.3,38360.7,3004.78,389.654,168.298,157.32,486.182,114.09,30.3954,35.799,25.1959,36.7771,44.0574,16.9349,14.7131,8.35944,8.65909,14.3435,6.80229,10.5875,13.9484,10.9575,9.16066,21.521,1.65204,22.5843,9.67748,6.18798,13.0893,18.5634,14.9957,10.6132,47.1483,5.45635,33.9313,46.5021,38.2826,68.7701,149.072,200.058,18.7711,124.056
258.048000000,59.5545,63.548,28.063,37.0578,20.5318,19.7737,25.6043,21.0674,12.9029,15.7956,25.8665,9.91382,28.6562,22.3696,12.3531,26.0143,14.1363,12.2873,26.0457,25.2897,19.0447,27.3484,36.7631,25.9294,67.9567,57.0608,68.5369,59.2563,41.1235,247.353,246.48,259.091,574.15,3177,31681.3,50048.7,15303.7,881.676,436.266,291.49,439.642,288.663,4.14465,72.2783,48.4326,62.4993,62.0274,31.4208,33.8466,17.1609,19.8958,25.7026,16.6483,14.4438,17.3613,24.3148,10.241,32.7734,15.6892,17.0131,24.9185,12.7566,13.7551,29.6328,24.9691,18.3649,37.302,32.1088,27.2174,72.2548,56.938,80.7362,62.9137,74.1357,139.319,202.594,260.223,578.923,6035.92,38882.7,43520.7,8936.26,671.314,354.499,314.344,522.659,211.222,11.4003,70.5054,44.937,63.8507,62.0464,33.18,28.826,16.3453,19.3101,24.4964,14.721,16.3066,19.4534,21.7807,12.8984,33.134,10.4413,22.3682,22.4195,12.0501,17.7679,31.5078,25.0964,19.3966,48.1964,24.1484,34.1202,75.3867,62.5821,90.5314,102.049,116.409,40.5185,187.726,286.075,611.873,10194.3,43222.2,34390.8,4618.51,613.761,299.799,343.692,536.952,115.689,31.3419,62.3173,45.781,65.7017,63.5013,32.8587,24.4002,16.8404,19.2509,21.8592,15.3877,17.0768,21.5926,18.9735,17.1531,29.7223,8.11906,26.8544,19.0369,12.439,23.05,31.5197,25.4819,24.283,56.963,15.1674,45.9581,76.6083,76.6923,103.161,219.592,192.654,5.39698,174.867
259.413333333,87.1298,84.4934,46.9785,45.5654,32.3125,29.1655,37.9909,30.9005,20.2718,23.6811,30.1026,19.8066,36.966,31.0644,20.7397,30.3493,21.6786,21.1151,35.7759,38.6191,28.5523,38.0308,46.5905,44.9969,89.3715,86.8209,94.2754,78.1491,81.0198,280.77,374.75,418.303,748.397,4459.01,26864.1,39015.3,15076.8,1516.65,686.885,423.385,550.098,289.898,26.426,88.0776,77.1148,89.3583,82.6393,49.417,42.0561,28.8831,30.2638,36.5804,26.7774,20.5671,25.136,29.3831,21.1782,40.7354,24.8133,23.5424,30.4238,20.0853,23.8681,39.6419,37.7236,29.1973,46.2759,44.2743,45.2859,93.6727,88.9365,105.8,91.847,118.086,195.518,288.509,449.62,785.35,7199.73,31520.3,34620.8,9866.11,1017.7,601.563,467.144,578.304,219.724,24.7227,90.775,72.9549,90.2028,80.9644,49.7,37.7376,27.2079,30.5544,33.843,24.7941,22.3856,27.1912,28.2793,23.9963,40.4334,19.9215,27.117,29.448,19.5181,28.9218,42.8394,36.5169,32.1219,55.3127,38.8835,51.2204,98.3444,95.7199,119.607,142.178,154.308,95.8376,233.021,475.216,971.049,10647.5,34018.5,28334.8,5904.29,825.566,504.136,512.206,542.961,136.683,39.436,86.957,72.3583,92.076,80.9278,48.1063,34.3308,27.0656,30.9346,30.6663,24.3014,23.6893,29.0668,27.4209,27.9481,36.3049,17.3646,30.5126,27.6241,20.5576,34.4427,44.2249,35.9611,39.0906,63.2659,31.502,62.1403,103.463,109.95,146.975,259.849,200.522,24.7397,209.293
260.778666667,105.644,98.7402,61.4783,50.2743,39.8003,37.7572,46.6114,38.8549,26.884,28.0027,31.8279,28.5573,42.8294,38.496,27.4257,31.6448,26.675,28.7032,44.0253,47.4096,37.2548,43.737,52.3815,61.6534,103.684,107.685,111.299,91.4848,113.673,311.304,427.359,577.939,882.396,5103.32,20515.8,27679.3,13060.7,2174.73,794.481,561.062,578.138,283.368,61.6343,90.1697,102.377,107.358,96.3134,61.4323,46.8294,37.3887,39.106,45.0032,34.5159,25.8295,28.9343,32.2193,31.5518,45.3493,33.3706,27.9951,32.2681,26.1883,32.005,47.8847,45.9888,38.2668,50.1125,52.8232,62.4511,106.989,111.838,118.974,116.135,143.687,251.529,339.176,582.757,1039.15,7274.35,23150.9,25001.4,9365.65,1444.94,751.807,572.187,581.961,219.477,52.1984,97.0236,97.6499,107.917,92.1001,59.7964,43.5235,36.0512,39.3714,41.719,32.1377,27.0437,31.1526,32.5885,34.6143,44.2475,28.9052,29.6227,32.3969,26.7806,37.564,51.4651,44.2885,41.266,57.4205,51.4249,67.5554,112.241,118.901,133.686,171.428,169.4,159.091,279.52,565.093,1387.43,9692.29,24337.2,21093.6,6283.28,1050.24,681.253,584.51,526.323,152.562,55.8688,100.841,94.1203,109.787,89.8066,57.3125,41.229,36.2444,39.7117,38.379,30.4859,27.902,33.4103,33.8323,37.7621,40.0456,25.6138,31.7394,32.3984,28.7022,43.0386,52.8237,43.8975,48.3235,64.6841,47.9669,75.8023,120.196,132.412,170.647,274.186,192.718,67.5992,254.105
262.144000000,113.298,99.2307,67.0388,48.4199,41.0265,41.7692,49.0282,42.1773,29.9286,27.8812,29.6011,32.9786,44.3661,41.305,30.3711,28.5834,27.8076,32.3837,47.3662,49.6842,41.0718,42.8431,51.2355,70.1565,104.32,115.572,109.474,96.8879,133.005,295.755,441.14,609.223,1009.73,4788.89,13873.6,17564.1,9808.43,2508.32,780.751,645.111,506.757,267.664,84.1085,89.3004,108.071,113.593,96.9675,63.7547,45.5322,40.128,43.2549,47.8437,37.7156,27.6874,27.8589,31.4791,36.8949,46.0574,37.0089,29.0804,29.3298,28.867,35.8812,50.5403,47.9583,41.6625,47.1055,54.3974,71.9096,107.605,117.294,117.568,120.127,159.043,254.036,381.918,571.413,1266.64,6183.35,15151.3,16103.6,7574.29,1761.84,743.328,634.82,489.344,218.002,71.7718,94.4745,107.562,111.072,91.5648,59.9907,43.7049,39.6978,43.2777,44.68,34.8195,28.1655,29.859,33.4836,39.7353,44.4925,32.9576,28.8914,30.288,30.8063,41.4774,53.6417,46.1375,43.59,52.5583,57.3506,76.1183,113.644,120.45,135.003,164.253,179.981,182.471,322.825,535.168,1660.05,7578.88,15571.7,13934,5569.02,1252.8,706.72,603.149,437.187,165.6,70.0658,99.1157,105.693,110.35,88.0628,56.7168,42.8983,40.5861,43.4568,41.6061,32.0636,28.1858,32.4914,36.6119,42.0355,40.3153,29.2056,29.5484,32.128,33.4524,46.2998,54.324,45.985,49.4212,58.994,58.4274,81.4745,122.146,131.735,174.793,237.526,192.198,102.227,272.764
263.509333333,102.607,88.0586,60.8618,40.5195,35.8263,39.2082,44.8617,39.3629,28.3328,23.4152,24.1368,31.3165,40.535,38.5263,27.8898,22.6228,24.2881,31.2394,43.9692,45.3072,38.0298,35.8267,43.5479,66.3034,92.9019,104.532,93.334,87.0986,130.78,241.916,408.368,511.389,1051.87,3659.5,8130.92,9758.27,6267.74,2281.07,740.233,566.044,419.61,211.791,94.789,75.8802,98.2352,102.734,85.38,55.5833,38.2114,36.4392,40.881,44.1974,35.3586,25.1122,22.7509,26.8981,35.5909,41.6755,34.8238,25.4932,23.3379,26.4305,34.7445,45.9314,43.5588,37.6262,38.4273,48.0924,69.7314,94.7131,104.744,98.9863,107.044,147.026,225.464,361.814,482.034,1292.2,4369.63,8639.94,9062.69,5132.21,1731.56,663.802,562.858,383.655,180.375,82.2417,79.1969,100.892,98.6881,78.8069,50.9529,37.6232,37.0988,40.7924,41.4554,32.275,24.7991,24.4373,29.8416,38.0567,40.0317,31.0564,24.274,24.6072,29.363,39.8296,48.0784,41.7819,37.8442,42.6359,53.3427,74.6361,98.3841,106.202,112.503,139.568,159.428,186.207,297.7,473.106,1588.71,5007.21,8709.62,8007.16,4056.71,1290.32,608.711,531.531,329.597,148.613,76.1041,83.9511,100.272,96.2745,74.4588,47.5387,38.1941,38.622,40.9587,38.8536,28.8863,23.9577,27.2421,33.9825,39.6728,36.1878,27.0366,24.0761,27.3943,32.6033,43.2397,48.1172,41.4661,41.752,48.4633,57.0764,78.6644,103.726,116.661,143.425,187.357,162.713,132.4,231.576
264.874666667,77.7848,69.1335,45.1687,29.2018,26.283,30.8858,35.5151,31.5829,22.4741,16.4408,17.0147,24.359,32.4712,30.9064,21.1124,15.4192,17.7196,25.3473,35.3453,35.5907,29.2764,25.3236,31.7518,51.4173,73.87,77.4778,68.5712,68.6493,98.8045,189.364,291.229,394.866,893.754,2224.6,4007.45,4610.44,3300.81,1604.64,656.984,395.11,297.784,155.95,76.2815,61.8839,72.1846,80.0642,65.3449,39.7072,27.5975,27.6905,32.8024,35.2908,28.4129,18.9346,15.5843,19.8459,28.2469,33.5192,27.455,18.6532,15.9657,20.1501,28.5402,36.192,33.808,28.0674,26.8105,36.1477,55.9753,74.3209,75.7098,73.3231,79.8599,109.991,186.379,259.527,396.998,1026.75,2500.2,4171.73,4321.95,2825.79,1319.61,568.55,383.185,271.992,132.191,69.032,63.4155,75.2696,77.2795,57.6867,35.747,27.768,29.0566,32.8555,33.1456,25.4932,18.1202,16.9291,22.7531,30.3283,32.1122,23.9645,17.3129,17.0788,23.29,32.7371,37.3695,31.9581,27.05,29.9745,41.6127,61.6104,75.0113,75.814,82.3442,97.306,120.519,165.623,215.115,409.379,1168.79,2720.85,4140.74,3872.7,2367.56,1058.24,489.165,359.807,233.367,110.259,65.9856,65.2738,75.7884,74.8727,52.6532,33.1896,29.0168,30.9723,33.0714,31.2087,22.0448,16.7945,19.6109,26.662,31.7607,28.6291,20.2546,16.8215,19.9233,26.4734,34.7555,36.8343,31.1855,29.3134,34.6749,46.1934,64.8892,76.5099,84.3956,101.688,121.072,124.429,131.239,169.993
266.240000000,49.9375,44.8328,27.8877,17.1729,15.7602,19.9936,23.8713,21.4614,14.5134,9.48284,9.77721,15.5437,22.137,20.9787,13.006,8.51176,10.7221,16.7013,24.474,23.415,18.4203,14.5168,19.1402,33.1343,48.5822,49.4843,40.6075,42.3761,67.3882,115.496,171.679,284.448,557.927,1034.56,1583.37,1764.21,1369.46,838.655,459.835,255.843,163.992,96.285,52.67,39.2679,45.6386,52.0256,41.6298,23.4275,16.0845,17.3702,21.7989,24.0735,19.1138,11.5863,8.67548,12.0367,18.5937,23.0595,18.0383,11.0296,8.93256,12.7199,19.1912,24.675,21.6397,16.9487,15.3295,22.6535,36.9318,48.8221,47.0619,42.0602,48.4065,74.4488,115.396,163.483,291.263,595.291,1110.28,1626.31,1664.05,1210.5,739.211,408.634,232.491,148.928,83.4343,47.7968,40.6693,48.5846,49.7423,35.287,20.5237,16.487,18.9901,21.989,22.6379,16.6367,10.7786,9.53104,14.3161,20.1949,22.0336,15.1329,10.0149,9.76652,15.2077,22.3674,25.0864,19.8422,15.4203,17.6761,26.9993,41.5144,48.8329,45.5751,45.1166,57.6256,81.7668,105.891,147.002,295.734,631.385,1161.54,1597.05,1500.95,1063,636.876,349.345,207.499,128.656,71.3877,45.7769,41.939,48.9205,47.7763,31.1899,18.7405,17.8394,20.8835,22.2571,21.3648,13.7607,9.48775,11.6207,17.3335,21.453,19.1758,12.2379,9.53173,12.1496,17.5237,23.5283,24.1185,18.7498,16.4688,21.1819,30.7134,43.5999,49.138,49.6255,53.36,69.1424,84.3624,89.7767,127.853
267.605333333,24.592,23.363,13.9082,7.70858,7.07834,10.2423,13.14,11.8822,7.37784,4.11938,4.24872,7.87807,12.376,11.6267,6.29417,3.45274,5.0335,8.65123,14.0905,12.3923,9.08348,6.09568,8.99635,17.4542,25.4179,24.4962,20.1535,21.1504,31.1925,55.2411,96.4582,152.073,227.846,337.147,463.834,509.264,412.167,295.258,211.942,140.66,82.7972,42.3089,25.1318,21.2308,23.9462,26.0175,21.5761,10.9636,7.03023,8.32612,11.6267,13.567,10.3519,5.49698,3.5501,5.6837,9.8297,13.0938,9.51051,5.00763,3.71251,6.32686,10.2534,13.9497,10.9615,7.88473,6.48802,11.223,19.9787,25.2169,22.4767,20.1928,23.2467,34.2317,58.954,96.8146,150.198,228.549,352.084,474.659,480.954,369.797,274.373,199.772,126.406,71.528,36.0299,23.6544,22.6897,25.4992,24.652,17.5138,9.2003,7.32809,9.66608,11.8666,12.8001,8.56227,4.92291,3.99197,7.1306,10.8203,12.4968,7.49189,4.41721,4.18883,7.89615,12.3529,13.8208,9.62529,6.56384,7.97782,13.8802,23.1131,24.6033,20.7553,20.4173,26.9228,38.2193,58.5196,91.0306,145.69,230.701,358.744,464.309,430.934,336.25,251.445,177.713,111.098,58.7645,30.7224,23.9843,23.5229,24.9368,23.7845,14.9084,8.12441,8.30444,11.1459,12.1396,12.0862,6.65875,3.96774,5.32529,9.01353,11.7697,10.4667,5.67346,4.05737,5.77735,9.18747,12.9957,12.6963,8.69463,6.94224,10.0453,16.202,24.2347,23.9537,21.8627,22.8159,31.0959,40.0597,55.2466,82.3851
268.970666667,9.42673,9.76339,4.80708,2.13245,2.04227,3.87478,5.46779,5.06048,2.74162,1.11402,1.1648,2.93896,5.38579,4.97804,2.20385,0.796119,1.62544,3.24588,6.43214,4.82197,3.25992,1.5074,2.79214,6.69775,10.6611,9.24218,5.91225,5.9642,11.139,24.155,38.018,44.5761,49.9097,64.616,86.6528,96.9249,75.6555,57.008,51.8843,46.2408,34.3132,16.4116,7.92842,6.46402,8.68455,10.4103,8.88061,3.34013,1.80887,2.72927,4.65512,5.8851,4.25474,1.85279,0.829941,1.84632,3.8849,5.86608,3.75898,1.52613,0.912109,2.28829,4.01568,6.17551,4.00965,2.54407,1.64263,3.83684,8.10769,10.2657,7.66379,5.60068,6.61349,12.8078,27.1428,36.976,41.5253,47.9039,68.4258,90.4516,90.3754,66.4454,54.8518,53.0121,43.4525,29.7874,13.1137,7.2576,7.38884,9.89627,9.84728,6.60262,2.56204,1.97025,3.52019,4.76287,5.65421,3.20808,1.52985,1.01069,2.57322,4.30488,5.63104,2.65757,1.25246,1.10116,3.06595,5.14136,5.84956,3.33427,1.74269,2.38168,5.02443,9.94462,9.40091,6.22952,5.19094,8.0833,15.287,27.6596,33.8133,38.372,48.089,69.6221,89.8183,77.3014,61.4088,53.4705,49.8843,40.2742,24.0074,10.4633,7.64113,8.02239,9.66762,9.62935,5.13154,2.11012,2.51125,4.37548,4.89973,5.40296,2.27377,0.983185,1.66486,3.48023,4.87339,4.43955,1.79013,1.04312,1.89889,3.55534,5.47594,4.94827,2.80389,1.81256,3.28913,6.12755,10.4003,8.41934,5.97452,5.45947,9.72119,16.9183,27.0116,29.83
270.336000000,2.25732,2.7541,0.976334,0.233261,0.226237,0.890873,1.47186,1.53333,0.643619,0.125337,0.145445,0.718481,1.64784,1.48714,0.533831,0.033884,0.30891,0.736137,2.20632,1.12679,0.705633,0.078062,0.4744,1.62925,2.92622,2.31827,0.983643,0.992195,2.45427,5.55721,5.82877,4.45325,3.36054,4.76872,7.36742,9.44694,5.68245,3.3463,4.17369,5.73827,6.57567,3.37134,1.37587,1.11388,2.10836,2.65064,2.57772,0.511999,0.122211,0.451652,1.1649,1.73132,1.23213,0.403675,0.0381836,0.353657,1.00831,1.88278,0.993412,0.26271,0.0560111,0.545931,0.969401,1.99774,0.845135,0.436083,0.114136,0.753969,2.09294,2.62806,1.66783,0.920871,1.21351,2.81105,6.34617,5.08603,3.66262,3.05855,5.80938,8.48217,8.43102,4.404,3.24729,5.10095,5.72381,6.13457,2.44664,1.10639,1.42378,2.65218,2.49542,1.71341,0.289683,0.157441,0.731392,1.14837,1.76896,0.767955,0.276502,0.0894423,0.620889,1.07112,1.85408,0.578593,0.157302,0.104611,0.800863,1.42547,1.75521,0.668148,0.150376,0.36708,1.02482,2.76712,2.14792,1.12357,0.797183,1.78623,3.55175,5.86628,4.29871,3.03312,3.5201,6.09082,9.24879,5.89857,3.98509,3.67201,5.19588,5.82042,5.15799,1.63558,1.26945,1.66794,2.49106,2.58864,1.14588,0.192565,0.357834,1.02193,1.16026,1.78395,0.482251,0.0643696,0.302698,0.907131,1.29911,1.33364,0.300483,0.0721606,0.356384,0.855869,1.58712,1.25707,0.514318,0.153289,0.592967,1.28306,2.76604,1.64352,0.9205,0.800335,2.41279,4.00743,5.36008,3.42852
271.701333333,0.122347,0.47033,0.201898,0.0639272,0.0310358,0.112405,0.196942,0.335512,0.074797,0.0691598,0.0504395,0.109759,0.379087,0.325223,0.134808,0.0381101,0.0828518,0.0835405,0.569746,0.103325,0.108003,0.0515452,0.112534,0.354959,0.410659,0.17828,0.0661552,0.05417,0.119314,0.487557,0.20074,0.0687387,0.00953966,0.123396,0.209191,0.515645,0.0981796,0.0507885,0.0492795,0.14543,0.409404,0.219917,0.0970672,0.0126718,0.143265,0.197943,0.599034,0.103126,0.0453782,0.059264,0.14585,0.291627,0.284396,0.0876811,0.0450565,0.0657427,0.149636,0.456353,0.197166,0.0655841,0.0271783,0.123976,0.120442,0.459964,0.0508361,0.0685798,0.0662427,0.111879,0.418406,0.295283,0.0863695,0.0102395,0.117682,0.0985857,0.587253,0.152046,0.0304814,0.0359595,0.187309,0.348534,0.483392,0.0905861,0.0467407,0.0935804,0.121735,0.482304,0.126356,0.0602945,0.0351115,0.222105,0.205768,0.45872,0.0365561,0.0240642,0.0966329,0.107449,0.359207,0.14626,0.0694392,0.0337374,0.124717,0.126305,0.487919,0.105015,0.0270614,0.0578754,0.14532,0.252596,0.373171,0.0453396,0.054063,0.0910961,0.117599,0.552004,0.181674,0.0578463,0.0212022,0.151628,0.171503,0.393084,0.062927,0.0331388,0.0807876,0.13691,0.534627,0.172523,0.0600596,0.0348181,0.106299,0.166981,0.54253,0.0502834,0.00790666,0.0340646,0.181561,0.315332,0.349937,0.0448576,0.0652126,0.111015,0.0881839,0.425564,0.111224,0.0434743,0.044592,0.157205,0.183977,0.323686,0.045967,0.020097,0.0749894,0.0917121,0.317261,0.192816,0.0561082,0.0283431,0.0840121,0.151677,0.464534,0.0703622,0.037023,0.0339839,0.215319,0.229586,0.32406,0.0510898
273.066666667,0.00448795,0.13845,0.0583793,0.0314738,0.0278131,0.0333718,0.0396959,0.113527,0.0038553,0.0543189,0.0373039,0.0163526,0.12401,0.0929004,0.0519842,0.0288578,0.0399858,0.0160908,0.215641,0.0243618,0.0507427,0.0446346,0.0283583,0.109509,0.124552,0.0375421,0.0805804,0.0301632,0.00556818,0.141316,0.0516309,0.0276677,0.0184489,0.0482383,0.0441158,0.158064,0.00563981,0.061864,0.0257773,0.0168527,0.0923659,0.0465109,0.0424474,0.0145587,0.0750894,0.0160753,0.204455,0.0336455,0.0411251,0.0348466,0.0265646,0.0781938,0.106572,0.0231209,0.0455046,0.0343198,0.0163272,0.145584,0.062023,0.0376492,0.0184151,0.0467781,0.031696,0.176024,0.00235871,0.0482252,0.0505879,0.0109264,0.125579,0.0895104,0.0317335,0.0137506,0.0644566,0.00455377,0.187065,0.0505782,0.0226952,0.0420173,0.0396321,0.0905257,0.166626,0.023022,0.0651433,0.0201771,0.00345597,0.135945,0.0294026,0.048916,0.0264009,0.0688793,0.0261952,0.173963,0.0130366,0.0319794,0.0441818,0.00745825,0.118903,0.068834,0.0356765,0.024745,0.0515194,0.00986024,0.177241,0.044716,0.0190837,0.0439331,0.0341581,0.0782703,0.156256,0.0024002,0.0601948,0.0336204,0.00663988,0.182121,0.0605833,0.0528299,0.00903657,0.0457067,0.0154409,0.120103,0.00296442,0.0475159,0.0445147,0.00522198,0.16045,0.0795651,0.0334006,0.0317429,0.0214087,0.0227749,0.191056,0.0282857,0.021586,0.0242606,0.0334282,0.0782652,0.155272,0.0156916,0.0591304,0.0222554,0.00115697,0.146918,0.0509874,0.0444129,0.0133004,0.0434133,0.0213355,0.114989,0.0203174,0.024099,0.0316731,0.0121509,0.119997,0.0828559,0.0291421,0.0247686,0.0217169,0.0242024,0.15418,0.0100006,0.0535484,0.0203069,0.0530458,0.0442493,0.112758,0.0163056
274.432000000,0.00497582,0.0688189,0.0229623,0.00619301,0.00181602,0.00903165,0.0179771,0.0634136,0.0129595,0.0181361,0.00823766,0.00332629,0.0603526,0.0341015,0.0118168,0.0045079,0.0127102,0.0215424,0.120108,0.0265578,0.0187338,0.00537154,0.0066446,0.0542199,0.0679004,0.020152,0.0340125,0.0058822,0.00446568,0.0744126,0.0270245,0.00686463,0.00142249,0.01942,0.0287015,0.0823771,0.0040603,0.0199699,0.00170147,0.000533544,0.0379517,0.0178767,0.0125597,0.000837264,0.028858,0.00591108,0.10433,0.0168814,0.0105467,0.00398518,0.0111088,0.0452766,0.059366,0.0124659,0.0171744,0.0105563,0.000557292,0.0692529,0.023996,0.00875134,0.000273891,0.0221251,0.0344483,0.10256,0.0127277,0.0138091,0.0111379,0.00347445,0.0633007,0.0428543,0.00750371,0.000959975,0.0284637,0.0189709,0.099059,0.0211829,0.00296269,0.00996075,0.0203244,0.0589482,0.081308,0.00213568,0.0224213,0.00146767,0.0046301,0.0714816,0.0155549,0.0168657,0.00147547,0.0304236,0.0218535,0.0896424,0.00753386,0.0066235,0.010349,0.0124638,0.0759965,0.0510069,0.021324,0.00302502,0.0187678,0.00970204,0.0904715,0.0199102,0.00223962,0.0109523,0.0209023,0.0558507,0.0878114,0.00804682,0.0186343,0.00476558,0.00350086,0.0972308,0.0283309,0.018206,0.00173929,0.0176832,0.0130148,0.0627441,0.00558001,0.0131737,0.0101202,0.00519432,0.0900192,0.0539395,0.0174222,0.00849878,0.00454625,0.017451,0.103822,0.0174845,0.00491186,0.00767942,0.0160387,0.0513968,0.0820783,0.00307058,0.0210628,0.00307048,0.00876787,0.0819253,0.0244316,0.0155579,0.00106964,0.0148656,0.00791943,0.0496237,0.00415069,0.00430009,0.00668535,0.0216166,0.0914301,0.0514659,0.0123541,0.00436211,0.004438,0.0135371,0.0798506,0.00770448,0.0216488,0.00555068,0.0314791,0.0380832,0.0549105,0.00145841
275.797333333,0.0194476,0.0392627,0.0190971,0.00267932,0.000700874,0.00431091,0.0204171,0.0424979,0.0285589,0.00920236,0.00492136,0.0112256,0.0368173,0.0213952,0.00511608,0.00600015,0.00594741,0.0370658,0.0723883,0.0414444,0.00965473,0.000503051,0.00833707,0.0402518,0.0513678,0.0295008,0.0226356,0.00522324,0.017577,0.0469482,0.0278979,0.00369218,0.00568524,0.0131995,0.0356701,0.0492065,0.0185298,0.00756875,0.000799644,0.00340233,0.0201178,0.0172566,0.0072032,0.0086168,0.0142539,0.0231811,0.0578661,0.025509,0.00355225,0.00168357,0.0123365,0.0397793,0.0449032,0.0205067,0.0139825,0.00813324,0.00921035,0.038816,0.0210627,0.00312468,0.00435368,0.0153801,0.0472011,0.0667376,0.0294457,0.00392704,0.00198475,0.0119935,0.0399812,0.0324981,0.00637297,0.00841111,0.0171332,0.0388445,0.0559468,0.0209579,0.000422999,0.00685957,0.0220395,0.0548805,0.0482143,0.010618,0.0103637,0.000527392,0.0147403,0.0437991,0.0249117,0.00849571,0.00544725,0.0188627,0.0356853,0.0502501,0.0169654,0.00128448,0.00281304,0.0226778,0.0594875,0.0528049,0.0218816,0.00617288,0.00918129,0.024815,0.048992,0.0199499,0.000381234,0.00546018,0.0225554,0.0537189,0.0573023,0.0221129,0.0062964,9.3414e-05,0.0146425,0.058806,0.0314145,0.00995491,0.0107297,0.0100697,0.0242259,0.0387279,0.0198868,0.00445997,0.00306841,0.0186558,0.0592914,0.0510273,0.0186622,0.00714907,0.00149023,0.0258283,0.059816,0.0246604,0.00197654,0.00943299,0.0168794,0.0482128,0.0515943,0.0143021,0.0102965,0.000457796,0.0204516,0.050319,0.0258737,0.00933566,0.00793626,0.00726513,0.0146185,0.022346,0.00653801,0.000679053,0.00320756,0.0318163,0.0796739,0.0484081,0.0124437,0.00408277,0.00131236,0.0184382,0.0449453,0.023246,0.0123275,0.0131134,0.0282236,0.045382,0.0337781,0.00648372
277.162666667,0.0208401,0.0292223,0.0166521,0.00363356,0.00150908,0.00486306,0.0197128,0.0356951,0.0281409,0.011004,0.00612428,0.0144755,0.0278637,0.0192146,0.0073489,0.00665415,0.00810602,0.0336325,0.054755,0.0374822,0.00949102,0.00151892,0.010412,0.034459,0.0445904,0.0331615,0.0208007,0.00887741,0.0195707,0.0381564,0.0252963,0.00598638,0.00707969,0.0153782,0.0336835,0.0385883,0.0200933,0.00693465,0.00162745,0.00448735,0.0160244,0.0165421,0.00878263,0.010641,0.0142813,0.0275755,0.0429687,0.0245991,0.00450496,0.00306095,0.0133055,0.0354031,0.0395594,0.0234605,0.0147794,0.00912043,0.0132803,0.0296396,0.0197935,0.00486206,0.00617388,0.0162688,0.0427318,0.0540313,0.0279307,0.00365113,0.00172511,0.0129793,0.0308299,0.0282662,0.0102569,0.0107664,0.0189253,0.0361957,0.0397818,0.0183534,0.00134499,0.0072987,0.0244678,0.0470893,0.0377015,0.0151725,0.00823511,0.00202534,0.0140873,0.0353494,0.0262399,0.00971216,0.00844939,0.0186101,0.0350731,0.0368132,0.0160261,0.00157806,0.00316623,0.0221353,0.0510597,0.0499102,0.0237328,0.00944781,0.0103775,0.0255005,0.0343426,0.0168001,0.000799238,0.0055064,0.0229213,0.0463273,0.0444742,0.0212755,0.00551693,0.000401559,0.015331,0.0449228,0.0321483,0.0127889,0.0120256,0.0117868,0.0236003,0.0329968,0.0211112,0.00533436,0.00392663,0.0209694,0.0468189,0.0439388,0.0207805,0.00745225,0.00319211,0.0231041,0.0429858,0.0230697,0.00422093,0.00981601,0.020094,0.0411207,0.0412672,0.019644,0.00892558,0.00217412,0.0186104,0.0371257,0.0256697,0.0114692,0.0101854,0.00881475,0.015394,0.0145684,0.00597707,0.00111945,0.00456984,0.0320246,0.0690163,0.0476567,0.0150589,0.00462773,0.00229791,0.0159511,0.0333945,0.0262812,0.0142845,0.0170237,0.0297507,0.0421855,0.028713,0.0087039
278.528000000,0.0175129,0.020308,0.0126415,0.004165,0.0018411,0.00527029,0.0161679,0.0269844,0.0233561,0.0116362,0.00718036,0.013607,0.020037,0.0158394,0.00862862,0.00626266,0.0100397,0.0256621,0.0376323,0.0279556,0.00958247,0.00253673,0.0104252,0.0267113,0.0348809,0.0293162,0.0183688,0.0111019,0.0182102,0.0280901,0.0203278,0.00788156,0.00723484,0.0155121,0.0270673,0.028176,0.0167379,0.00647293,0.00213909,0.00466,0.0121332,0.0133802,0.00960817,0.00987342,0.0142585,0.0246175,0.031025,0.0195215,0.0056641,0.00371005,0.0126756,0.0274861,0.0312666,0.0218189,0.0135217,0.00944613,0.0136879,0.0218748,0.0165141,0.00646716,0.00636677,0.0156435,0.0327411,0.0395035,0.0221009,0.00422811,0.00214051,0.0106751,0.0218444,0.0223335,0.0125999,0.0110598,0.0188435,0.0274571,0.0259957,0.0138688,0.00304858,0.00709309,0.0227156,0.0351061,0.028192,0.0146483,0.00690299,0.00364195,0.0121846,0.0263727,0.0225245,0.0108476,0.00921975,0.0172919,0.0274318,0.0256371,0.0123398,0.00227035,0.00352206,0.0185863,0.0391351,0.0404674,0.0229258,0.0105485,0.0113873,0.0204985,0.0228632,0.0121827,0.00188627,0.00513823,0.0199873,0.0344303,0.0311049,0.0162383,0.00509609,0.0012569,0.0131206,0.0327233,0.0283957,0.0145648,0.0109111,0.0121503,0.019236,0.0255984,0.0183581,0.00643378,0.00521141,0.0184988,0.0339289,0.032934,0.0190659,0.00709039,0.00517644,0.0178003,0.0285262,0.0187547,0.00664708,0.0091055,0.0193009,0.0307586,0.0310545,0.0192731,0.00810147,0.00437632,0.0145491,0.025211,0.0213747,0.012677,0.00996152,0.010233,0.0127058,0.00925855,0.00439946,0.00174711,0.00538735,0.0284578,0.053755,0.041097,0.0156627,0.00442333,0.00340671,0.0117209,0.0235032,0.0231553,0.0156994,0.0173914,0.0275781,0.0333658,0.0229909,0.00857672
279.893333333,0.0125324,0.0122785,0.00831357,0.00383147,0.00201041,0.0047599,0.0114724,0.0176666,0.0167701,0.0101406,0.00731615,0.010403,0.0129125,0.011427,0.00770422,0.00574531,0.00936582,0.0173404,0.0220444,0.0179511,0.00827193,0.00345315,0.00876569,0.0182383,0.0234675,0.0212334,0.0145159,0.0110011,0.0146378,0.0181208,0.0144283,0.0079157,0.00686376,0.0127305,0.0187725,0.0179863,0.0115498,0.00520595,0.00239704,0.00421423,0.0081084,0.00950419,0.00830439,0.00819021,0.0119461,0.018194,0.0199591,0.0135417,0.0056048,0.00397538,0.0101358,0.0186895,0.021381,0.0167175,0.0106713,0.00851235,0.0113539,0.0146747,0.0121122,0.00655164,0.00592883,0.0123084,0.0217722,0.0247683,0.0154301,0.00432236,0.00248822,0.00731928,0.0134706,0.0156955,0.0119161,0.0104661,0.0151758,0.017602,0.0146406,0.00942377,0.00411504,0.00656876,0.0172458,0.0230474,0.0184871,0.010895,0.00552922,0.00433132,0.00993379,0.0173032,0.0164641,0.010147,0.00859287,0.0135917,0.0180265,0.0155704,0.00831947,0.00262681,0.00354491,0.0135231,0.0260752,0.0282657,0.018729,0.0101232,0.0102865,0.0138354,0.01328,0.0080244,0.00272565,0.00460211,0.0145703,0.0219594,0.0186629,0.0103828,0.00400193,0.002196,0.0100763,0.0216418,0.021528,0.0133243,0.00901722,0.0098445,0.013682,0.0170575,0.0138937,0.00651401,0.00585805,0.0138257,0.0213116,0.0213741,0.0141747,0.00636189,0.00582007,0.0121054,0.0167736,0.0135247,0.00732094,0.00796291,0.0146492,0.0201817,0.0205787,0.0149115,0.00711731,0.00535169,0.0104814,0.014975,0.0149598,0.0113777,0.008808,0.00948553,0.00903932,0.00519971,0.00269121,0.00198458,0.00557275,0.0219613,0.037257,0.0306782,0.0134663,0.00412097,0.00352769,0.00770648,0.0145286,0.0171632,0.0143442,0.0153392,0.0213751,0.0229911,0.0160665,0.00702535
281.258666667,0.00734787,0.00635971,0.00457447,0.0027605,0.00197677,0.00346287,0.00686451,0.00989313,0.00993179,0.00751094,0.00604,0.00654241,0.0072315,0.00683339,0.0054274,0.00483196,0.00675905,0.00971554,0.011008,0.00951178,0.00592335,0.00380893,0.00615762,0.0106556,0.0131462,0.0123856,0.00997141,0.00873354,0.00963197,0.0102559,0.00867199,0.00620033,0.00582046,0.00846483,0.0108593,0.00978279,0.00642114,0.00350856,0.00228055,0.00306103,0.00482285,0.00571615,0.00559224,0.00599965,0.00814748,0.0109139,0.0111368,0.00795959,0.00444022,0.0037257,0.00662325,0.010863,0.012376,0.0101769,0.00728137,0.00632937,0.00750337,0.00872913,0.00758096,0.00519742,0.00491412,0.00775866,0.0119779,0.0133033,0.00909354,0.00382803,0.00243863,0.00410928,0.00711588,0.00936763,0.00897268,0.00868979,0.00982402,0.00912453,0.00700252,0.00539559,0.00402633,0.00561837,0.0106503,0.0129533,0.0101353,0.00626541,0.00399309,0.00395942,0.00682153,0.0101001,0.0100413,0.00766754,0.00691368,0.00863539,0.00979516,0.00802073,0.00470703,0.0024559,0.00320913,0.00825802,0.0148174,0.0166433,0.0125931,0.00835545,0.00744781,0.00763691,0.00661703,0.00456624,0.00278402,0.00395254,0.00864716,0.0116718,0.00934615,0.00523246,0.00278567,0.00264227,0.00675808,0.0127554,0.0136726,0.00974758,0.00663865,0.0062533,0.00794682,0.00984472,0.00875402,0.00563413,0.00537936,0.0085728,0.0114159,0.0114055,0.00846908,0.0052358,0.00486673,0.00694236,0.00870492,0.00810711,0.00616857,0.00628155,0.00880222,0.011143,0.0115309,0.00917449,0.00575058,0.00483685,0.00636031,0.00780401,0.00851391,0.0080452,0.00708857,0.00689734,0.00549904,0.00252506,0.00123166,0.00178569,0.00506998,0.0143903,0.0226141,0.0193543,0.00954107,0.00361566,0.00263369,0.00430241,0.00783377,0.0104283,0.0107341,0.011518,0.0135742,0.013507,0.00953373,0.00471157
282.624000000,0.0035129,0.00261358,0.00197175,0.00158414,0.00152012,0.00209294,0.00325963,0.00444716,0.00487691,0.00442604,0.00378951,0.00341834,0.00325481,0.00318313,0.00312013,0.00326765,0.00378657,0.00425287,0.00434286,0.0040715,0.00344576,0.0030846,0.00375073,0.00496058,0.00572633,0.00581778,0.00553071,0.0052559,0.00510649,0.00480116,0.00425226,0.00380466,0.00393168,0.00463454,0.00497056,0.00417622,0.00285594,0.00192705,0.00161286,0.00185631,0.00238,0.00275207,0.00298578,0.00347882,0.00439208,0.00519164,0.0050104,0.00387402,0.00280967,0.00267255,0.00365425,0.00508606,0.00564986,0.00494274,0.00396032,0.0036235,0.00395697,0.00427888,0.0039388,0.00328883,0.0031758,0.0039206,0.00518794,0.00572701,0.00454033,0.00272897,0.00181797,0.00194238,0.00299523,0.00452011,0.00547814,0.00566586,0.00509322,0.00367457,0.00255609,0.00251235,0.0029526,0.0040006,0.00552879,0.00576587,0.00428976,0.00283748,0.00236343,0.00275107,0.00385831,0.00491652,0.00505501,0.00458068,0.00433511,0.00442248,0.00418367,0.00326088,0.00221497,0.00175654,0.00233642,0.0042877,0.0067906,0.00789228,0.00696974,0.0053862,0.00422265,0.00335667,0.00262563,0.00216402,0.00209807,0.00284218,0.00428644,0.00482386,0.00358736,0.00209894,0.00163805,0.00218138,0.00399628,0.00636737,0.00706774,0.00565444,0.00390029,0.00311137,0.00356028,0.00453221,0.00464398,0.00397012,0.00385151,0.00439146,0.0047891,0.00473144,0.00416172,0.00340149,0.00305983,0.003258,0.00370414,0.00397361,0.00392224,0.00398661,0.00434536,0.00474899,0.00499092,0.00466303,0.00382969,0.00328807,0.00317126,0.00326363,0.0038041,0.0044679,0.0046343,0.00412139,0.00269009,0.000980962,0.000424219,0.00125826,0.00371788,0.00813224,0.0114216,0.0099863,0.00568543,0.00255493,0.00147838,0.00188382,0.00346014,0.00519994,0.00625809,0.00685037,0.00708557,0.00636765,0.0045536,0.00267628
283.989333333,0.00128067,0.000787533,0.000623456,0.000664996,0.000777113,0.000938101,0.00119154,0.00153448,0.00182885,0.00187919,0.00164493,0.00130925,0.00110891,0.00114248,0.0013327,0.00150251,0.00150079,0.00135073,0.00124701,0.00131937,0.00149432,0.00164947,0.0017458,0.00179583,0.00185575,0.00199171,0.00215054,0.00217394,0.00200115,0.001758,0.00162431,0.00167694,0.00183944,0.00191713,0.00173259,0.00131951,0.000924063,0.000743864,0.000758724,0.000847742,0.000937779,0.00102163,0.00114839,0.00138199,0.00167545,0.00183762,0.00173241,0.00146181,0.00126354,0.00129415,0.00154448,0.00184067,0.0019338,0.00174386,0.00148212,0.00140582,0.00152503,0.00165206,0.00164316,0.00150306,0.00136105,0.00140516,0.00168017,0.0019219,0.00180501,0.00134583,0.000871132,0.000702711,0.00100958,0.00172604,0.00243851,0.0025811,0.00197654,0.00110339,0.000647403,0.000855767,0.00147221,0.002081,0.00229837,0.00194986,0.00131113,0.00090485,0.000963778,0.00131146,0.00168201,0.00192703,0.00200814,0.00196091,0.00183904,0.00164373,0.00135001,0.00101466,0.000789845,0.000815471,0.00115239,0.00176425,0.00245703,0.00290557,0.00287029,0.00238386,0.00170205,0.00111461,0.000800409,0.00079635,0.00104679,0.00142171,0.00166877,0.00151928,0.00101845,0.000596555,0.000637646,0.00115602,0.00193178,0.00263736,0.00285708,0.00239068,0.00157719,0.00105102,0.00113341,0.00158817,0.00197452,0.00207654,0.00193292,0.00168027,0.00149422,0.00147576,0.00151996,0.00145401,0.00128089,0.00116896,0.00125137,0.0014927,0.00171246,0.0017378,0.00158704,0.00148291,0.00159298,0.00179472,0.00181971,0.00156711,0.001193,0.00100646,0.00125615,0.00182087,0.00217846,0.00189532,0.00109663,0.000325476,7.87542e-05,0.000637188,0.0020311,0.00372813,0.00465341,0.00413233,0.00264227,0.00123454,0.000541782,0.000607787,0.00120656,0.00199624,0.00262285,0.00288625,0.00276764,0.00233579,0.00172127,0.00112798
285.354666667,0.000312499,0.00015838,0.000120563,0.000152665,0.000195839,0.000234995,0.000291392,0.000374816,0.000451508,0.000466491,0.000400988,0.000301644,0.000244318,0.00026576,0.000330595,0.000366038,0.00033246,0.000262582,0.000230008,0.000277968,0.00037912,0.000462589,0.000477992,0.000437357,0.000399488,0.000411145,0.000460988,0.000494829,0.000476823,0.000428646,0.000404652,0.000432552,0.000481306,0.000486686,0.000411261,0.000283235,0.000175032,0.000141136,0.000176352,0.000230435,0.000257205,0.000252445,0.000252097,0.00029237,0.000365794,0.000420649,0.000412148,0.000352603,0.000304209,0.000320459,0.000393572,0.000457213,0.000445993,0.000361643,0.000278939,0.000276236,0.000357439,0.00044657,0.000459876,0.000384591,0.000292831,0.000276898,0.000359361,0.000462559,0.000476209,0.000363754,0.000204947,0.000136428,0.000242694,0.000479478,0.000687857,0.00070574,0.000504111,0.00022679,8.1345e-05,0.000171318,0.0004177,0.000629525,0.000654602,0.000488565,0.000264177,0.000139196,0.000179972,0.000332038,0.000484115,0.000556108,0.000541016,0.000482798,0.000422883,0.000366476,0.000296372,0.000212932,0.000153427,0.000169741,0.000286085,0.000472506,0.00065426,0.000751897,0.000725269,0.000591397,0.000408806,0.000246996,0.000160991,0.000174698,0.00026937,0.000382165,0.000429505,0.000359672,0.000204626,7.83977e-05,0.000103385,0.000314568,0.000618522,0.00084247,0.000846182,0.000626225,0.000331236,0.000157993,0.000203292,0.000400302,0.000589053,0.000644781,0.000555837,0.000408651,0.00030752,0.000292067,0.000317918,0.000317413,0.000277168,0.00024862,0.000283125,0.000366626,0.000426385,0.000405293,0.000327804,0.000283131,0.000333274,0.000439711,0.000492568,0.000420352,0.000271928,0.000185446,0.000264036,0.000469018,0.000635799,0.000608505,0.000376766,9.97853e-05,5.27766e-06,0.000235577,0.000732536,0.0012426,0.00146977,0.00128384,0.000811955,0.000333402,7.92245e-05,0.000104451,0.000304942,0.00052711,0.000671394,0.000719829,0.000692062,0.000598179,0.000443899,0.00026733
286.720000000,3.95832e-05,9.34605e-06,2.46918e-06,8.05016e-06,1.39432e-05,1.78685e-05,2.50675e-05,3.79612e-05,5.01949e-05,5.1637e-05,3.90163e-05,2.08115e-05,1.0621e-05,1.49024e-05,2.70023e-05,3.35919e-05,2.75422e-05,1.483e-05,8.74887e-06,1.70077e-05,3.41874e-05,4.67736e-05,4.57766e-05,3.4729e-05,2.55775e-05,2.68652e-05,3.59255e-05,4.25051e-05,3.97577e-05,3.13668e-05,2.76701e-05,3.47671e-05,4.75791e-05,5.38842e-05,4.55759e-05,2.64103e-05,8.94315e-06,3.63256e-06,1.02811e-05,1.94888e-05,2.22473e-05,1.83148e-05,1.54866e-05,2.07813e-05,3.24306e-05,4.08599e-05,3.80704e-05,2.6272e-05,1.6796e-05,1.95536e-05,3.29518e-05,4.45043e-05,4.23925e-05,2.72622e-05,1.25584e-05,1.2306e-05,2.75625e-05,4.46888e-05,4.77423e-05,3.37307e-05,1.61836e-05,1.30074e-05,2.93586e-05,5.15347e-05,5.84354e-05,4.11669e-05,1.32109e-05,9.5736e-07,2.14012e-05,6.57726e-05,0.000103989,0.000107669,7.33292e-05,2.63255e-05,1.59266e-06,1.64973e-05,5.77581e-05,9.26951e-05,9.50573e-05,6.43377e-05,2.39425e-05,1.49867e-06,8.37924e-06,3.42215e-05,5.84009e-05,6.6798e-05,5.98956e-05,4.76459e-05,3.82481e-05,3.17973e-05,2.35456e-05,1.19778e-05,2.93723e-06,5.6079e-06,2.42381e-05,5.33205e-05,8.04007e-05,9.37724e-05,8.87414e-05,6.85977e-05,4.15275e-05,1.7043e-05,3.56869e-06,6.03653e-06,2.27036e-05,4.35588e-05,5.41624e-05,4.51757e-05,2.14853e-05,2.2587e-06,8.7916e-06,4.74112e-05,0.000100983,0.00013785,0.000133633,8.98828e-05,3.44694e-05,2.21082e-06,1.00918e-05,4.61465e-05,8.03348e-05,8.81098e-05,6.75514e-05,3.71144e-05,1.7763e-05,1.59856e-05,2.1991e-05,2.26975e-05,1.56528e-05,1.02252e-05,1.57927e-05,2.99581e-05,3.97241e-05,3.49781e-05,2.027e-05,1.17465e-05,2.10366e-05,4.20059e-05,5.47783e-05,4.48199e-05,1.92009e-05,3.28003e-06,1.88092e-05,6.25021e-05,0.000105315,0.000115277,8.57558e-05,4.49559e-05,3.68118e-05,8.67595e-05,0.000178987,0.000263845,0.000290986,0.000243736,0.000149223,5.77909e-05,8.84609e-06,9.16296e-06,3.7335e-05,6.596e-05,8.07901e-05,8.29692e-05,7.81348e-05,6.70775e-05,4.75085e-05,2.24946e-05
288.085333333,5.24305e-06,3.1023e-06,1.63199e-06,7.00662e-07,2.53362e-07,2.20155e-07,4.74812e-07,8.47594e-07,1.17188e-06,1.33425e-06,1.30193e-06,1.11699e-06,8.65183e-07,6.38253e-07,5.05942e-07,5.02272e-07,6.21009e-07,8.15715e-07,1.00772e-06,1.10919e-06,1.06027e-06,8.63294e-07,5.89303e-07,3.44169e-07,2.09204e-07,1.93845e-07,2.35101e-07,2.48068e-07,1.94375e-07,1.19649e-07,1.30501e-07,3.23355e-07,7.11479e-07,1.19868e-06,1.61761e-06,1.80985e-06,1.70168e-06,1.33579e-06,8.47217e-07,4.01224e-07,1.25609e-07,6.64466e-08,1.82043e-07,3.73093e-07,5.33521e-07,5.98933e-07,5.70576e-07,5.04048e-07,4.70479e-07,5.13817e-07,6.29916e-07,7.78119e-07,9.13412e-07,1.01369e-06,1.08302e-06,1.13295e-06,1.16251e-06,1.15766e-06,1.1125e-06,1.05351e-06,1.04297e-06,1.15422e-06,1.43524e-06,1.88821e-06,2.48025e-06,3.17551e-06,3.96079e-06,4.84279e-06,5.81838e-06,6.84219e-06,7.81834e-06,8.6251e-06,9.15707e-06,9.35916e-06,9.23562e-06,8.83687e-06,8.23849e-06,7.52444e-06,6.77492e-06,6.05269e-06,5.38661e-06,4.76166e-06,4.12832e-06,3.43436e-06,2.66485e-06,1.86668e-06,1.14065e-06,6.04485e-07,3.47204e-07,3.98924e-07,7.2686e-07,1.2518e-06,1.87097e-06,2.47751e-06,2.97589e-06,3.29721e-06,3.4137e-06,3.34517e-06,3.14967e-06,2.8989e-06,2.65043e-06,2.4331e-06,2.25499e-06,2.12936e-06,2.10222e-06,2.263e-06,2.72687e-06,3.58992e-06,4.87161e-06,6.46838e-06,8.14491e-06,9.58102e-06,1.04691e-05,1.06287e-05,1.00837e-05,9.05759e-06,7.87591e-06,6.82132e-06,6.01465e-06,5.38721e-06,4.75742e-06,3.9633e-06,2.97127e-06,1.90032e-06,9.55296e-07,3.17338e-07,5.75079e-08,1.16603e-07,3.49557e-07,5.9921e-07,7.58573e-07,7.98315e-07,7.5874e-07,7.1869e-07,7.56227e-07,9.14505e-07,1.18542e-06,1.52071e-06,1.87022e-06,2.2323e-06,2.69109e-06,3.41948e-06,4.64352e-06,6.58144e-06,9.37673e-06,1.30384e-05,1.73941e-05,2.20658e-05,2.64885e-05,2.99943e-05,3.19657e-05,3.20159e-05,3.01238e-05,2.66529e-05,2.22336e-05,1.75607e-05,1.31993e-05,9.48476e-06,6.53834e-06,4.35615e-06,2.89567e-06,2.10768e-06,1.91348e-06,2.16885e-06,2.6602e-06,3.14833e-06
289.450666667,7.13822e-07,4.1097e-07,2.06236e-07,8.41077e-08,2.54685e-08,1.07756e-08,2.25062e-08,4.66743e-08,7.34168e-08,9.68113e-08,1.1418e-07,1.25151e-07,1.30706e-07,1.32374e-07,1.31648e-07,1.29642e-07,1.26943e-07,1.23641e-07,1.19449e-07,1.13903e-07,1.06581e-07,9.73164e-08,8.63556e-08,7.4436e-08,6.27466e-08,5.27689e-08,4.60176e-08,4.37268e-08,4.65514e-08,5.43567e-08,6.61568e-08,8.02295e-08,9.43976e-08,1.06421e-07,1.14416e-07,1.17215e-07,1.14573e-07,1.07198e-07,9.65743e-08,8.46563e-08,7.34765e-08,6.47789e-08,5.97465e-08,5.88742e-08,6.19986e-08,6.84552e-08,7.73074e-08,8.75802e-08,9.84403e-08,1.09288e-07,1.1976e-07,1.29669e-07,1.38925e-07,1.47484e-07,1.55365e-07,1.6273e-07,1.70019e-07,1.78079e-07,1.88245e-07,2.0231e-07,2.22366e-07,2.50523e-07,2.88535e-07,3.37427e-07,3.97178e-07,4.66544e-07,5.43059e-07,6.2323e-07,7.02872e-07,7.77538e-07,8.42945e-07,8.95336e-07,9.31728e-07,9.50023e-07,9.49014e-07,9.28331e-07,8.88379e-07,8.30315e-07,7.56085e-07,6.68478e-07,5.71179e-07,4.6873e-07,3.66338e-07,2.69523e-07,1.83598e-07,1.13054e-07,6.09667e-08,2.85345e-08,1.48657e-08,1.70879e-08,3.07832e-08,5.06873e-08,7.15324e-08,8.88787e-08,9.97791e-08,1.0316e-07,9.98584e-08,9.23351e-08,8.4138e-08,7.92475e-08,8.14351e-08,9.37515e-08,1.18212e-07,1.55688e-07,2.05968e-07,2.6791e-07,3.39606e-07,4.18505e-07,5.01474e-07,5.84818e-07,6.64315e-07,7.35344e-07,7.93136e-07,8.33176e-07,8.51722e-07,8.46345e-07,8.16389e-07,7.6325e-07,6.90372e-07,6.02957e-07,5.07399e-07,4.10555e-07,3.18949e-07,2.38073e-07,1.71867e-07,1.22458e-07,9.01654e-08,7.3733e-08,7.07263e-08,7.80132e-08,9.22641e-08,1.1043e-07,1.30182e-07,1.50293e-07,1.70975e-07,1.94108e-07,2.23332e-07,2.63897e-07,3.22232e-07,4.05148e-07,5.18738e-07,6.67056e-07,8.50778e-07,1.06609e-06,1.30409e-06,1.55087e-06,1.7885e-06,1.99677e-06,2.15556e-06,2.24751e-06,2.26054e-06,2.18978e-06,2.03858e-06,1.8184e-06,1.54752e-06,1.2488e-06,9.46811e-07,6.64833e-07,4.22155e-07,2.32072e-07,1.00849e-07,2.77316e-08,5.90152e-09,2.41551e-08,6.89679e-08,1.26603e-07
290.816000000,1.10232e-08,1.02608e-08,9.48901e-09,8.72012e-09,7.96568e-09,7.23624e-09,6.54117e-09,5.88846e-09,5.28461e-09,4.73455e-09,4.2416e-09,3.8075e-09,3.4325e-09,3.11542e-09,2.85384e-09,2.64426e-09,2.48228e-09,2.36282e-09,2.28033e-09,2.22901e-09,2.203e-09,2.19658e-09,2.20434e-09,2.22133e-09,2.24315e-09,2.26609e-09,2.28713e-09,2.30402e-09,2.31524e-09,2.32003e-09,2.31827e-09,2.31047e-09,2.29768e-09,2.28138e-09,2.26338e-09,2.24576e-09,2.23072e-09,2.2205e-09,2.2173e-09,2.22322e-09,2.24014e-09,2.26971e-09,2.31328e-09,2.37191e-09,2.44629e-09,2.53678e-09,2.6434e-09,2.76583e-09,2.90344e-09,3.05531e-09,3.22024e-09,3.39679e-09,3.58332e-09,3.77798e-09,3.97878e-09,4.1836e-09,4.39019e-09,4.59624e-09,4.79937e-09,4.99716e-09,5.18714e-09,5.36689e-09,5.53397e-09,5.68601e-09,5.82068e-09,5.93577e-09,6.02919e-09,6.09899e-09,6.14342e-09,6.16095e-09,6.15031e-09,6.1105e-09,6.04089e-09,5.94117e-09,5.81144e-09,5.65223e-09,5.46448e-09,5.24961e-09,5.00949e-09,4.74644e-09,4.46324e-09,4.16309e-09,3.84956e-09,3.52661e-09,3.19844e-09,2.86952e-09,2.54446e-09,2.22794e-09,1.92463e-09,1.63909e-09,1.37569e-09,1.13849e-09,9.31166e-10,7.56918e-10,6.18395e-10,5.17621e-10,4.55944e-10,4.33994e-10,4.51659e-10,5.08085e-10,6.01688e-10,7.30191e-10,8.90679e-10,1.07967e-09,1.29323e-09,1.52703e-09,1.77652e-09,2.03702e-09,2.30388e-09,2.5726e-09,2.83897e-09,3.09916e-09,3.34991e-09,3.58853e-09,3.81305e-09,4.02224e-09,4.21563e-09,4.39353e-09,4.55699e-09,4.70776e-09,4.84818e-09,4.98111e-09,5.10977e-09,5.23764e-09,5.36825e-09,5.50509e-09,5.6514e-09,5.81004e-09,5.98334e-09,6.17298e-09,6.37991e-09,6.60422e-09,6.84515e-09,7.10104e-09,7.36939e-09,7.64684e-09,7.92934e-09,8.21218e-09,8.49019e-09,8.75785e-09,9.00947e-09,9.23939e-09,9.44212e-09,9.61255e-09,9.74607e-09,9.83878e-09,9.88752e-09,9.89007e-09,9.84512e-09,9.75239e-09,9.61256e-09,9.42729e-09,9.19915e-09,8.93151e-09,8.62847e-09,8.29468e-09,7.93527e-09,7.55564e-09,7.16134e-09,6.75792e-09,6.35078e-09,5.94507e-09,5.54559e-09,5.15667e-09,4.78215e-09,4.4253e-09
292.181333333,5.30502e-31,5.20297e-31,3.39068e-31,1.96577e-31,7.63656e-32,4.0861e-31,4.77077e-31,1.28292e-31,9.86757e-32,1.72937e-31,1.36675e-31,6.63437e-32,1.4603e-31,1.79515e-31,4.20745e-32,2.81027e-32,6.62434e-32,4.77583e-32,1.30283e-31,7.80387e-32,8.76578e-33,1.38232e-31,1.23916e-31,7.20629e-32,3.08678e-32,9.68502e-33,1.8957e-32,2.53917e-32,5.63881e-32,5.739e-32,3.81403e-32,1.15075e-31,1.24996e-31,5.63618e-33,2.85013e-31,4.95249e-31,1.52012e-31,1.27617e-31,4.00784e-31,5.95788e-31,5.05439e-31,4.87597e-31,5.81039e-31,6.50165e-31,7.50808e-31,5.17315e-31,7.3926e-31,1.01524e-30,3.86292e-31,1.82803e-31,1.00103e-30,8.60548e-31,1.38855e-31,1.58363e-31,5.83495e-31,4.13598e-31,7.14823e-32,3.62046e-31,4.71458e-31,1.90903e-31,1.20749e-31,2.96899e-31,4.62574e-31,4.33862e-31,1.59181e-31,7.22315e-32,3.15716e-31,3.51438e-31,1.3218e-31,2.07537e-32,1.9226e-31,1.16292e-31,1.27663e-32,1.84854e-31,1.87927e-31,2.92637e-32,5.2183e-32,2.0706e-31,1.75967e-31,5.06692e-32,9.5873e-33,3.02036e-32,3.04729e-32,3.0627e-33,2.42928e-32,6.53595e-32,6.02183e-32,2.72153e-33,6.17229e-32,1.29653e-31,6.68538e-32,1.04138e-31,1.60848e-31,1.0672e-31,2.14311e-31,4.91241e-31,4.37687e-31,1.31407e-31,1.63083e-31,5.76583e-31,4.35671e-31,6.12931e-32,1.56271e-31,2.6846e-31,1.00351e-31,2.02061e-32,2.59875e-31,2.98645e-31,9.31179e-32,4.65286e-32,2.48604e-31,3.34929e-31,1.60784e-31,6.66256e-33,9.46875e-32,2.90757e-31,1.52649e-31,1.58535e-32,2.16466e-31,3.32044e-31,1.38858e-31,3.82207e-33,1.29944e-31,1.96807e-31,9.90523e-32,1.38577e-32,1.90494e-33,9.61835e-33,2.16116e-32,5.34817e-32,1.86518e-32,3.13037e-32,1.03857e-31,5.13059e-32,2.89989e-32,2.68898e-31,4.1021e-31,1.05712e-31,4.96211e-32,3.25594e-31,2.73628e-31,4.60757e-32,9.66615e-32,6.93805e-32,6.72568e-32,1.20362e-31,1.3442e-31,1.02977e-31,9.36128e-32,1.67043e-31,2.43208e-31,2.77536e-31,1.22483e-31,6.18103e-32,1.53556e-31,1.75012e-31,1.11487e-31,5.67093e-32,6.98699e-33,9.95841e-32,1.17444e-31,2.59867e-32,2.52562e-32,5.39952e-32,4.66403e-32,9.49576e-34
293.546666667,4.4754e-31,4.68304e-31,3.32669e-31,1.75009e-31,1.25716e-31,3.05177e-31,3.38363e-31,1.51114e-31,9.92445e-32,1.51099e-31,1.22048e-31,8.40826e-32,1.27856e-31,1.34318e-31,4.86129e-32,3.21308e-32,5.59913e-32,6.31497e-32,9.82785e-32,4.97068e-32,1.35725e-32,8.9119e-32,1.0924e-31,6.35586e-32,2.74531e-32,1.2832e-32,1.50126e-32,2.48017e-32,4.07357e-32,4.66084e-32,4.75333e-32,9.57485e-32,8.91737e-32,3.10082e-32,2.08273e-31,3.54703e-31,1.8185e-31,1.46238e-31,3.77634e-31,5.33483e-31,5.12657e-31,5.03845e-31,5.69758e-31,6.59129e-31,6.79779e-31,5.77512e-31,7.17125e-31,8.14061e-31,3.66509e-31,2.60585e-31,7.20925e-31,6.52164e-31,1.7369e-31,1.71799e-31,4.29216e-31,3.21012e-31,1.36079e-31,2.81461e-31,3.66464e-31,2.01122e-31,1.42934e-31,2.71354e-31,3.99487e-31,3.59125e-31,1.58394e-31,1.0284e-31,2.55176e-31,2.88848e-31,1.16959e-31,4.58341e-32,1.3377e-31,8.56963e-32,2.69323e-32,1.30697e-31,1.3233e-31,1.70515e-32,3.24361e-32,1.28453e-31,1.08438e-31,2.50511e-32,8.01884e-34,1.10409e-32,1.53335e-32,7.21532e-33,1.83143e-32,5.273e-32,4.43613e-32,6.13454e-33,4.45697e-32,1.01732e-31,8.19382e-32,1.04788e-31,1.46242e-31,1.2703e-31,2.20128e-31,4.06294e-31,3.7446e-31,1.52693e-31,1.90431e-31,4.31334e-31,3.41013e-31,1.02371e-31,1.41258e-31,2.05777e-31,7.73256e-32,3.32104e-32,1.66412e-31,1.83172e-31,4.52521e-32,1.43722e-32,1.36243e-31,2.07241e-31,1.18146e-31,1.30244e-32,7.45282e-32,1.85856e-31,1.16981e-31,3.90672e-32,1.60376e-31,2.28575e-31,9.03062e-32,2.27437e-33,7.94979e-32,1.26106e-31,6.56188e-32,9.54551e-33,7.59256e-34,7.75696e-33,2.1208e-32,3.34735e-32,2.02773e-32,3.02737e-32,7.57828e-32,5.01697e-32,4.51652e-32,2.08579e-31,2.83704e-31,9.85981e-32,5.8133e-32,2.42186e-31,2.15585e-31,7.78259e-32,8.24957e-32,7.90604e-32,7.43844e-32,1.18847e-31,1.3186e-31,1.08394e-31,1.08035e-31,1.63805e-31,2.34451e-31,2.34463e-31,1.28913e-31,7.94148e-32,1.39783e-31,1.54182e-31,1.10432e-31,4.86873e-32,1.9861e-32,7.18761e-32,8.45649e-32,3.38827e-32,2.49811e-32,4.55458e-32,3.07129e-32,7.26477e-33