TIME,A,Bb,B,C,C#,D,Eb,E,F,F#,G,Ab
0.000000000,0,0,0,0,0,0,0,0,0,0,0,0
0.042666667,0,0,0,0,0,0,0,0,0,0,0,0
0.085333333,0,0,0,0,0,0,0,0,0,0,0,0
0.128000000,0,0,0,0,0,0,0,0,0,0,0,0
0.170666667,0,0,0,0,0,0,0,0,0,0,0,0
0.213333333,0,0,0,0,0,0,0,0,0,0,0,0
0.256000000,0,0,0,0,0,0,0,0,0,0,0,0
0.298666667,0,0,0,0,0,0,0,0,0,0,0,0
0.341333333,0,0,0,0,0,0,0,0,0,0,0,0
0.384000000,0,0,0,0,0,0,0,0,0,0,0,0
0.426666667,0,0,0,0,0,0,0,0,0,0,0,0
0.469333333,0,0,0,0,0,0,0,0,0,0,0,0
0.512000000,0,0,0,0,0,0,0,0,0,0,0,0
0.554666667,0,0,0,0,0,0,0,0,0,0,0,0
0.597333333,0,0,0,0,0,0,0,0,0,0,0,0
0.640000000,0,0,0,0,0,0,0,0,0,0,0,0
0.682666667,0,0,0,0,0,0,0,0,0,0,0,0
0.725333333,0,0,0,0,0,0,0,0,0,0,0,0
0.768000000,0,0,0,0,0,0,0,0,0,0,0,0
0.810666667,0,0,0,0,0,0,0,0,0,0,0,0
0.853333333,0,0,0,0,0,0,0,0,0,0,0,0
0.896000000,0,0,0,0,0,0,0,0,0,0,0,0
0.938666667,0,0,0,0,0,0,0,0,0,0,0,0
0.981333333,1.19398,0.894224,0.213146,1.18058,0.605747,0.4624,0.493166,0.282989,0.779645,1.57174,0.353413,0.17517
1.024000000,1.51689,0.935692,0.235114,1.99395,0.269578,0.0584758,0.384087,0.25239,0.998139,1.04656,0.283528,0.137833
1.066666667,1.48502,1.01595,0.253196,2.22382,0.190732,0.0360014,0.311589,0.579877,1.24741,0.675377,0.217672,0.0864307
1.109333333,1.42369,1.01979,0.408559,2.25494,0.278981,0.00171254,0.230532,0.738316,1.69894,0.375601,0.119355,0.0192034
1.152000000,1.49476,0.97582,0.573509,2.2312,0.274786,0.00109466,0.195459,0.784395,2.03512,0.175313,0.0610173,0.000423453
1.194666667,1.6866,0.901544,0.742785,2.1131,0.192007,0,0.252895,0.754501,2.25334,0.0832131,0.00507184,0.000392749
1.237333333,1.91544,0.586723,0.797524,2.18207,0,0.0359811,0.52068,0.650315,2.44265,0.125764,0.0381721,4.31162e-05
1.280000000,1.61776,0.248766,0.482031,2.29088,0,0.0427908,1.0075,0.160323,2.65252,0.243178,0.569517,0.000529883
1.322666667,1.19191,0.163881,0.304384,2.40691,0.0235604,0.031662,1.07561,0.0737716,3.11523,0.240006,0.742958,0.000242187
1.365333333,1.22171,0.111676,0.246868,2.43425,0.0335858,0.0236701,0.89294,0.0746223,3.2301,0.179739,0.808168,0.0257881
1.408000000,1.51709,0.0883573,0.319718,2.48651,0.0259392,0.0153137,0.721526,0.0374557,3.27521,0.122831,0.74024,0.0887837
1.450666667,1.41794,0.0609484,0.286748,2.56015,0.0198107,0.0276008,0.600119,0.0358903,3.30045,0.112005,0.386078,0.214369
1.493333333,1.16333,0.870812,0.417696,1.75653,0.140176,0.182663,0.359213,0.0243387,2.97872,0.116891,6.49983e-05,0.326861
1.536000000,0.98639,0.924,0.361308,1.07379,0.210051,0.391829,0.675682,0.553081,1.38552,0.107778,0.00036409,0.43142
1.578666667,1.07774,0.894921,0.355836,1.26138,0.216467,0.449837,0.859509,0.620014,1.23554,0.102244,0.000225001,0.458917
1.621333333,1.15539,0.812121,0.325195,1.37949,0.209313,0.491605,0.860826,0.637105,1.28998,0.10898,6.90836e-05,0.524361
1.664000000,1.29101,0.743357,0.37276,1.3613,0.160851,0.521692,0.733049,0.632345,1.47893,0.133352,0,0.591512
1.706666667,1.74413,0.414676,0.575126,1.30224,0.115231,0.466311,0.541265,0.503398,2.07244,0.267013,0.00367203,0.508217
1.749333333,2.0754,0.375112,0.389367,1.64677,0.0300391,0.0266298,0.759589,0.140464,2.77185,0.428007,0.00700557,0.250798
1.792000000,1.95404,0.149903,0.341566,1.95969,0.0446829,0,0.634725,0.221425,3.32313,0.385403,0.0279953,0.298258
1.834666667,1.87067,0.1772,0.26308,1.98337,0.0762353,0.123511,0.594566,0.0797707,3.48485,0.313354,0.127742,0.225953
1.877333333,1.80118,0.18119,0.295003,2.15995,0.0923349,0.0905717,0.495605,0.0576955,3.61127,0.186936,0.162816,0.150369
1.920000000,1.68134,0.217655,0.215548,2.24162,0.0917019,8.63112e-05,0.720044,0.136758,3.57247,0.206367,0.10828,0.13925
1.962666667,1.80573,0.580542,0.190336,1.75403,0.311826,0.00571967,0.656414,0.158832,2.67396,0.434666,0,0.2207
2.005333333,1.76296,1.04514,0.544885,1.46567,0.288871,0.0133883,0.355524,0.347806,1.90184,0.393225,0.422216,0.1746
2.048000000,1.64517,1.2047,0.755087,1.62203,0.236967,0,0.278708,0.497994,1.74187,0.426235,0.422878,0.107642
2.090666667,1.58997,1.20439,0.874506,1.70622,0.183054,0,0.290664,0.606873,1.84392,0.455823,0.291608,0.0392161
2.133333333,1.77231,1.01164,0.960552,1.73743,0.0370862,0,0.286721,0.587414,2.16426,0.36278,0.0533747,0.000370425
2.176000000,2.33988,0.47177,0.603648,1.90571,0,0.0359219,0.244927,0.199851,3.26519,0.129749,0.147026,0.000170204
2.218666667,2.1694,0.196427,0.230331,2.187,0,0.043587,0.222077,0.093548,3.87243,0.136169,0.302498,0.039095
2.261333333,1.99826,0.0372752,0.304844,2.29373,0,0.0356275,0.324812,0.100963,3.90049,0.149735,0.320955,0.0719878
2.304000000,1.95602,0.0311729,0.33876,2.22389,0,0.0187904,0.480638,0.0498664,3.77174,0.105243,0.258926,0.0742111
2.346666667,1.92911,0.0974353,0.372285,2.19271,0,0.00881356,0.696883,0.0392752,3.57697,0.0839732,0.223828,0.0588534
2.389333333,1.61838,0.0910252,0.287263,1.72634,0.00873685,0.0735389,0.700534,0.0641272,3.57272,0.264751,0,0.167573
2.432000000,1.91684,0.304479,0.280031,1.09097,0.122999,0.138869,0.620581,0.337504,2.24598,0.208784,0.000216316,0.198424
2.474666667,1.44585,0.483819,0.256462,1.09793,0.201057,0.34825,0.771018,0.591114,1.66725,0.239877,0.000385529,0.222524
2.517333333,1.25716,0.401515,0.254095,1.43469,0.146306,0.483459,0.805352,0.678178,1.47082,0.176107,0.000816205,0.249342
2.560000000,1.33906,0.359054,0.367981,1.70416,0.133709,0.575325,0.73,0.635776,1.57836,0.160002,0.000652755,0.295043
2.602666667,1.26777,0.614578,0.39623,1.79029,0.0671547,0.543948,0.606484,0.718133,1.75016,0.200206,0,0.427628
2.645333333,1.17008,0.69503,0.284097,1.88628,0.0379814,0.162091,0.869192,0.491568,2.15862,0.266794,0.372159,0.648108
2.688000000,1.02762,0.21686,0.226998,2.35702,0.0246891,0,1.04736,0.266679,2.81406,0.285576,0.884342,0.53714
2.730666667,1.13524,0.0807435,0.297856,2.43807,0.0212458,0,0.801997,0.256182,3.13221,0.180718,1.02815,0.435453
2.773333333,1.40373,0.0400482,0.332457,2.36191,0.0320814,0.218429,0.647209,0.120731,3.18644,0.156411,0.904702,0.34896
2.816000000,1.71437,0.0889281,0.289486,2.51202,0.0115704,0.0178268,0.649733,0.161003,3.05664,0.184897,0.538003,0.235748
2.858666667,1.31892,0.15527,0.0898443,2.3478,0.244921,0,0.83549,0.167598,2.89085,0.337152,0,0.449188
2.901333333,0.431174,0.517694,0.548582,1.54405,0.835898,0.438575,0.813565,0.00107827,2.49512,0.902437,0,0.758864
2.944000000,0,0.454749,0.459171,0.788349,0.945504,0.590692,0.572127,0.0082385,2.31993,1.0419,0.120229,1.56243
2.986666667,0,0.241187,0.429434,0.63377,1.12697,0.419914,0.589148,0.00502061,2.14159,1.11409,0.50543,1.88826
3.029333333,0,0.156641,0.448793,0.701891,1.2999,0.147434,0.618111,0.00139528,1.82138,1.06652,0.809102,1.8886
3.072000000,0.000131784,0.0739941,0.420133,0.696623,1.68324,0.0538884,0.390371,0,1.6002,0.792245,0.807413,1.8758
3.114666667,0,0.188145,0.633567,0.802864,2.25785,0.286276,0.154468,0.00498393,1.81957,0.528611,0.435016,1.94153
3.157333333,0,0.176906,0.922659,0.034905,2.784,0.422157,0.0546124,0.0442423,1.86569,0.0816411,0.469807,2.01879
3.200000000,0,0.125814,0.776112,0.0383945,2.91193,0.337946,0.0565006,0.048335,1.89409,0.0127205,0.41689,2.06081
3.242666667,0,0.0147153,0.706945,0.116292,2.73172,0.290467,0.0245539,0.0450442,1.9984,0.0968778,0.387867,2.1016
3.285333333,0.00464491,0.0462532,0.635151,0.0730305,2.53128,0.133048,0.301906,0.000816516,2.12531,0.000424264,0.550839,2.26115
3.328000000,0.00345924,0.0838557,0.399576,0.597175,2.14717,0.32828,0.066586,0.495809,2.33486,0.18385,0.129393,1.37403
3.370666667,0.58844,0,0.228349,0.675311,1.24687,0.166169,0.809803,0.461325,2.29345,0.465567,0.301869,0.372894
3.413333333,0.710616,0,0.53988,0.767251,0.467833,0.255956,1.31307,0.147003,1.9191,0.29069,0.394204,0.460694
3.456000000,0.633682,0.0222145,0.532481,0.727774,0.408896,0.315439,1.59058,0.138623,1.77587,0.403449,0.502973,0.452738
3.498666667,0.421521,0.142532,0.364062,0.856372,0.380526,0.425316,1.54745,0.0194622,1.73359,0.695796,0.577302,0.701186
3.541333333,0.234624,0.170786,0.242712,1.29075,0.326422,0.403959,1.30943,0.105725,1.92983,1.01851,0.487596,0.74881
3.584000000,0.0117466,0.294499,0.4878,0.978971,1.36915,0.400638,0.436336,0.688409,1.90458,0.513125,0.320442,1.70755
3.626666667,0,0.231377,0.888967,0.106745,2.2071,0.277969,0.392327,0.902124,1.64693,0.199958,0.554597,1.93127
3.669333333,0.00297221,0.190603,0.861716,0.121078,2.48532,0.115663,0.57997,0.72109,1.61643,0.100437,0.611414,2.03419
3.712000000,0.0202781,0.14318,0.81613,0.0781856,2.60143,0.0992822,0.521873,0.488027,1.66273,0.025561,0.615882,2.04483
3.754666667,0.0358517,0.125302,1.02177,0.0907613,2.50182,0.193329,0.509372,0.499769,1.66329,0,0.550841,1.95033
3.797333333,0,1.37054,0.583216,0.0718241,1.78511,0.372754,0.359434,0.389483,1.5329,0.0730982,1.49182,1.30424
3.840000000,0,2.02929,0.00260118,0.109264,0.896503,0.337205,1.27824,0.536404,0.739467,0.0940891,1.67268,0.705712
3.882666667,0.265091,2.12263,0.0320046,0.182387,0.417691,0.382692,1.73415,0.44726,0.32383,0.118824,1.70865,0.804762
3.925333333,0.578883,2.05388,0.113727,0.247879,0.342174,0.368851,1.97045,0.208975,0.232118,0.0561142,1.74396,0.799407
3.968000000,0.703272,2.08599,0.0701373,0.153036,0.312066,0.54695,2.23819,0.0647569,0.0706797,0,1.85055,0.840814
4.010666667,0.785311,2.10645,0,0.116443,0.410313,0.86104,2.26025,0.0710362,0.0306995,0,1.81911,0.817931
4.053333333,0.575975,2.5668,0,0.103143,0.82335,0.186749,2.70789,0.0836608,0.323141,0.0247892,2.00428,0.10166
4.096000000,0.370549,2.48596,0,0.0860088,0.783112,0.0209666,3.09782,0.0880031,0.441276,0.0664167,2.03725,0
4.138666667,0.345253,2.36221,0,0.0637693,0.878151,0.0209039,3.22006,0.137681,0.401099,0.0741574,1.95043,0.0167441
4.181333333,0.364146,2.19694,0,0.043631,0.947065,0.0256664,3.18879,0.146853,0.311387,0.0477386,1.78213,9.7164e-05
4.224000000,0.323578,2.22691,0,0.145587,0.859363,0.047332,2.83137,0.162363,0.366521,0.161936,1.56345,0.0161068
4.266666667,0,2.04946,0.158545,0.136992,0.703497,0.0613404,2.40936,0.348565,0.197642,0.174979,1.97389,0.14742
4.309333333,0.0647954,1.8887,0.222278,0.255182,0.136074,0.0676613,2.01627,0.330517,0.126131,0.126957,1.82314,0.608581
4.352000000,0.0810804,2.15907,0.315138,0.240667,0.122351,0.21836,1.51471,0.148575,0.15674,0.0949541,1.33716,0.622451
4.394666667,0.113549,2.15438,0.294405,0.154176,0.125931,0.812153,1.04648,0.306749,0.128839,0.152168,1.00374,0.755682
4.437333333,0.153796,1.88088,0.328762,0.0159699,0.303242,1.15004,1.03575,0.422902,0.154334,0.116305,0.749737,1.05217
4.480000000,0.141315,1.62197,0.151124,0.67009,0.81824,0.728465,1.56018,0.288453,0.225121,0.136274,1.11195,0.823955
4.522666667,0.399217,1.96093,0.124811,0.680847,1.1214,0.256844,1.92648,0.397469,0.144375,0.243045,1.46925,0.219294
4.565333333,0.47588,2.12878,0.0531766,0.420992,0.884189,0.295726,2.55523,0.163117,0.134289,0.135541,1.56777,0
4.608000000,0.505217,2.05625,0.0591772,0.102249,0.741161,0.124318,2.57496,0.169361,0.143561,0.121049,1.76585,0.322923
4.650666667,0.534516,2.10043,0.0300988,0.076281,0.550449,0.0428383,2.64457,0.113453,0.196208,0.134342,1.88679,0.243785
4.693333333,0.594798,1.69386,0.0518782,0.350497,0.13956,1.20802,2.10038,0.163571,0.0172316,0.487355,1.62959,0.0924897
4.736000000,0.792118,0.816772,0.22437,1.69334,0.024788,1.50068,1.34462,0.315868,0.10328,0.557043,0.463996,0.0403273
4.778666667,1.05742,0.42521,0.361256,1.58085,0.0130737,1.0866,1.31366,0.0674574,0.711611,0.47039,0.0571127,0.000559958
4.821333333,1.3035,0.380388,0.330277,1.52119,0.123214,0.56669,1.75543,0.00429169,0.976905,0.365378,0.12317,0.000529417
4.864000000,1.46758,0.45798,0.297741,1.49787,0.120315,0.243397,2.23847,0.0152956,1.007,0.191617,0.0643899,0.000439053
4.906666667,1.48366,0.453821,0.242862,1.43093,0.0231112,0.375958,2.41563,0.0380394,1.16663,0.132086,0.0269533,2.44233e-05
4.949333333,1.33368,0.0938917,0.206241,1.66309,0,1.06815,1.58616,0.0766484,1.56679,0.365223,0.00963218,6.3267e-05
4.992000000,1.12213,0.0669717,0,1.85,0,0.897474,1.32683,0.0916613,1.8195,0.43831,0.0162713,0.00013017
5.034666667,1.07489,0.246667,0,1.67288,0,0.572465,1.80255,0.0972253,1.80667,0.381299,0.0094816,0.00014894
5.077333333,1.0702,0.415957,0,1.44345,0,0.456764,2.11097,0.086548,1.62711,0.274144,0.0011612,0.000131137
5.120000000,0.984218,0.446249,0,1.25765,0.00437388,0.554463,2.1774,0.0378039,1.39325,0.24845,0.00124593,0.000171967
5.162666667,0.877024,0.538941,0.246481,0.979145,0.156688,0.542454,2.20613,0.0561896,1.13005,0.148697,0.000305582,0.000672334
5.205333333,0.49974,0.477502,0.198393,0.680962,0.160312,0.592941,2.60407,0.35455,0.596036,0.0798043,0.0341646,0.628785
5.248000000,0.471747,0.363633,0.229335,1.39078,0.106943,0.925162,2.55508,0.119265,0.523621,0.103258,0.241055,0.865801
5.290666667,0.392578,0.219384,0.233157,1.71566,0.0538266,1.30682,1.37834,0.0124984,0.577567,0.168388,0.629082,0.909808
5.333333333,0.0872174,0.0886135,0.231755,1.60816,0,1.1493,1.5128,0.0181665,0.557715,0.491053,0.665326,0.683797
5.376000000,0.125852,0.30384,0.10276,1.29486,0,0.761262,2.28427,0.0407512,0.55903,0.45278,0.562693,0.580796
5.418666667,0.276698,0.495361,0.0450855,1.10678,0.00126688,0.608325,2.31296,0.296732,1.41344,0.311239,0.0497015,0.156816
5.461333333,0.67261,0.583006,0.168721,1.46591,0,0.572904,1.49182,0.160656,1.93385,0.241164,0.0779555,0.128317
5.504000000,0.763019,0.670923,0.0831298,1.29045,0,0.50282,1.37512,0.0850014,2.23238,0.232633,0.0772416,0.000680201
5.546666667,0.757289,0.683873,0.0842532,1.30931,0,0.49436,1.66962,0.0315076,2.17958,0.152114,0.038956,8.20414e-05
5.589333333,0.619069,0.659762,0,1.41473,0.00749576,0.72198,1.65746,0.0581657,2.13213,0.126125,0.0349909,0.000342365
5.632000000,0.802378,0.254594,0.117878,1.5507,0.0209742,1.39881,0.755186,0.103708,2.08902,0.149631,0.000628778,0.0101536
5.674666667,0.64376,0.217318,0.285602,1.44199,0.168268,1.26384,0.93608,0.0509096,1.68058,0.158333,0.0108113,0.000602594
5.717333333,0.525702,0.402656,0.404314,1.34089,0.157771,0.753037,1.76736,0.0527206,0.982224,0.0787785,0.126623,0.000604489
5.760000000,0.537979,0.537893,0.452188,1.19895,0.097833,0.452412,2.17703,0.0265756,0.823611,0.0507196,0.306403,0.000552569
5.802666667,0.443168,0.453468,0.389406,1.17286,0.0366375,0.56941,2.23642,0.027853,0.87226,0.072818,0.291127,0.000250996
5.845333333,0.0866396,0.255096,1.27901,1.17061,0.206576,0.745095,1.397,0.0542147,1.22275,0.265866,0.0987962,0
5.888000000,0,0.195339,2.74032,0.984188,0,0.417142,0.13898,0.0665591,1.94751,0.553047,0.10425,0.0231494
5.930666667,0.0626094,0.0349819,3.29435,0.986972,0,0.0479278,0.119344,0.0842328,2.26399,0.697783,0.15199,0
5.973333333,0.08701,0.0826329,3.56809,0.780658,0,0.00657839,0.327573,0.10879,2.28434,0.704553,0.14863,0
6.016000000,0.176104,0.176217,3.59312,0.726671,0,0,0.398786,0.0461455,2.39698,0.563774,0.169787,0
6.058666667,0.394622,0.201627,2.97604,1.01773,0.000732866,0.0279404,0.0553706,0.0423046,2.24089,0.75544,0.0683306,0.166129
6.101333333,0.467547,0.511215,1.34302,1.08443,0.261654,0.820411,0.302756,0.178659,1.95581,0.635912,0.065939,0.202274
6.144000000,0.0448075,0.908486,0.450575,0.76871,0.429995,2.05705,0.651593,0.287538,1.0425,0.20811,0.158769,0.677003
6.186666667,0.0209101,0.936724,0.439358,0.417463,0.240124,2.60495,0.817264,0.299305,0.509874,0.0842685,0.271164,1.01622
6.229333333,0.103299,0.817569,0.381343,0.367298,0.142599,2.92837,0.776845,0.213179,0.446433,0.0646274,0.214267,1.11725
6.272000000,0.813065,0.357685,0.402388,0.38552,0.0155537,2.90279,0.68051,0.0847839,0.491513,0.111499,0.0200437,1.17169
6.314666667,0.560174,0.0934114,0.311313,0.962493,0.163171,2.37079,0.50938,0.104675,1.28152,0.138064,0.21487,0.859094
6.357333333,0.641872,0.0318473,0.707049,2.08397,0.208477,0.711656,0.156815,0.705334,2.10229,0.358425,0.683255,0.222662
6.400000000,0.732307,0.482396,1.19424,2.54553,0.0256838,0.153411,0.13633,0.510538,2.42531,0.299585,0.772144,0.0233005
6.442666667,0.709429,1.32092,1.17688,2.00487,0.0170173,0,0.374388,0.302057,2.67132,0.131283,0.671235,0.0613609
6.485333333,0.810985,1.62601,0.767417,1.78674,0,0,0.826279,0.0394485,2.6896,0.156442,0.393352,0.0367696
6.528000000,0.711745,1.86766,0.34138,1.32272,0.000319403,1.19492,0.251539,0.109816,2.1433,0.31642,0.000205715,0.163178
6.570666667,0.570477,1.78903,0.322374,0.449643,0.00795019,1.96177,0.195119,0.0781533,1.7568,0.163674,0.0269794,0.270426
6.613333333,0.210628,1.69166,0.310528,0.259508,0.0263901,1.80615,0.854829,0.00152049,1.01272,0.118183,0.0319061,0.954449
6.656000000,0.151865,1.83555,0.238451,0.192323,0.0205364,1.55011,1.4736,0.00129438,0.642228,0.178425,0.0302599,0.965413
6.698666667,0.082419,1.88832,0.20089,0.167273,0.0105507,1.44416,1.79104,0.00092268,0.802056,0.0954452,0.0307054,0.814633
6.741333333,0.0692691,1.69894,0.175728,0.331052,0.0326904,1.60273,1.57575,0,0.96553,0.100478,0.0479007,0.570226
6.784000000,0.0760159,2.01316,1.06539,0.845572,0,1.56748,0.310271,0.00799139,1.02572,0.617725,0.107335,0.224496
6.826666667,0.0369043,2.40419,2.42227,0.2506,0,0.6683,0.0624339,0.383864,0.863818,0.754639,0.0969313,0.31695
6.869333333,0.00780233,2.3413,2.59067,0.0328012,0.0148501,0.709354,0.0820254,0.571357,0.889046,0.714921,0.0924575,0.343801
6.912000000,0.0380349,2.23818,2.67311,0.0256881,0,0.935346,0.0971187,0.374441,1.00223,0.648895,0.00770355,0.431938
6.954666667,0.140425,2.38879,2.2662,0.0288814,0.0334469,0.993273,0.167126,0.73979,1.11108,0.511171,0,0.443962
6.997333333,0.27994,2.48433,1.42592,0.901876,0.187776,1.12939,0.317101,0.796897,1.0157,0.393392,0.00479629,0.650069
7.040000000,0.331295,1.90607,0.853298,1.04039,0.169433,2.03498,0.416262,0.379686,1.43645,0.129791,0.000210871,0.962342
7.082666667,0.256546,1.02333,0.194982,0.388401,0.239575,2.91149,0.557079,0.0271157,0.929227,0.298551,0.00837744,1.08994
7.125333333,0.357089,1.09635,0.189256,0,0.134215,3.08498,0.716667,0.0826603,0.610435,0.341939,0.0324272,1.14294
7.168000000,0.422264,1.33035,0.165203,0,0.212381,2.97207,0.675295,0.197517,0.447269,0.440834,0.0448095,1.20882
7.210666667,0.257798,1.72913,0.136082,0.0189258,0.188888,2.74496,0.694745,0.368616,0.147474,0.484029,0.0736872,1.16017
7.253333333,0.249454,3.29505,0.164055,0.281036,0.304597,2.29454,0.488887,0.196979,0.900869,0.0626385,0.00388706,0.603176
7.296000000,0.247003,3.67077,0.30669,0.341375,0.494698,1.62842,0.0510955,0.54708,1.81405,0,0.0147812,0.525457
7.338666667,0.201513,3.64212,0.273988,0.098604,0.0929122,1.78103,0.0527701,0.618253,2.00521,0,0.0141422,0.567891
7.381333333,0.0870488,3.44154,0.0987168,0.0625781,0.00733398,1.88814,0.540277,0.641792,1.87144,0,0.0102529,0.691188
7.424000000,0.113483,3.38256,0.09926,0.0112355,0,1.86417,0.87929,0.522545,1.67497,0,0.0138979,0.869651
7.466666667,0.0231978,3.69345,0.00224604,0.0439777,0.254066,1.77873,0.846348,0.441901,1.0733,0.158662,0.0819373,0.918507
7.509333333,0.157683,2.92133,0.00488284,0.118877,0.233812,1.4114,1.1571,0.497304,0.758243,0.085846,0.419068,0.835277
7.552000000,0.478158,2.34611,0.0155862,0.138925,0.253051,1.12847,1.40911,0.532254,0.748838,0.0567283,0.597702,0.639238
7.594666667,0.625813,2.20332,0.0142383,0.112402,0.324843,0.815838,1.60634,0.502276,0.803925,0,0.619694,0.616251
7.637333333,0.876639,2.19069,0.00780964,0.082,0.437229,0.633308,1.81082,0.386805,0.651444,0.0053824,0.778923,0.461834
7.680000000,0.965934,2.41976,0,0.0963077,0.333746,0.751925,2.17775,0.297276,0.0898973,0.00705093,0.592392,0.416964
7.722666667,0.836626,2.43602,0,0.114698,0.241373,0.850242,2.44238,0.196476,0.09394,0.00523431,0.906954,0.246876
7.765333333,0.744028,1.92314,0.00825724,0.102164,0.377909,0.0977727,3.00009,0.135401,0.436255,0.00392619,1.21489,0.0851632
7.808000000,0.696106,1.57571,0.0320966,0.0994624,0.526824,0.0303207,3.05255,0.185895,0.487356,0.00334046,1.35739,0
7.850666667,0.850149,1.55607,0.0546558,0.0887572,0.606151,0.0269961,2.8951,0.150618,0.420854,0.00313281,1.47864,0.0356238
7.893333333,0.801733,1.63257,0.0643556,0.0579963,0.69209,0.0348344,2.57232,0.0607948,0.548724,0.00344883,1.33931,0.0577882
7.936000000,0.320257,1.71019,0.0981206,0.181541,0.251422,0.364284,1.9151,0.404058,0.32967,0.171311,1.65142,0.127717
7.978666667,0,1.36806,0.472331,0.33246,0.465241,0.947896,1.16991,0.6847,0.368211,0.249981,2.13016,0.247553
8.021333333,0,1.22831,0.348057,0.158479,0.642078,1.32748,0.869687,0.42688,0.520078,0.298402,2.19961,0.285425
8.064000000,0.0126385,1.59293,0.493679,0.0677795,0.683104,1.50058,0.672048,0.125336,0.488465,0.260014,2.25053,0.308061
8.106666667,0.126756,1.88834,0.450287,0.0367679,0.710896,1.3996,0.444742,0.072184,0.360179,0.15753,2.18887,0.313688
8.149333333,0.318483,1.96171,0.213647,0.0294954,0.518221,1.42348,1.19668,0.170336,0.266067,0,2.04494,0.185357
8.192000000,0.325345,2.16873,0.0289788,0.0768952,0.30235,0.762009,2.41275,0.337667,0.317714,0.00183238,2.08904,0.0679366
8.234666667,0.292131,2.42458,0.0482773,0.0163677,0.47124,0.217511,2.5801,0.374121,0.329027,0.00339998,1.94667,0.156079
8.277333333,0.295905,2.24046,0.100324,0.0232045,0.490354,0.195587,2.8355,0.131082,0.321352,0.00390623,1.86274,0.14723
8.320000000,0.396149,2.21645,0.125411,0.0535467,0.518562,0.0715655,2.83877,0.104811,0.174046,0.0107045,1.90477,0.072765
8.362666667,0.470154,1.92821,0.0170012,0.193405,0.520603,0.508225,2.15544,0.106433,0.00367904,0.143135,2.00267,0.0512334
8.405333333,0.924815,0.744964,0.290843,1.25311,0.200728,1.25825,2.05404,0.139799,0.304772,0.36706,1.32642,0.000659704
8.448000000,1.35897,0.177335,0.275067,1.35218,0.186382,0.980389,1.50159,0,0.796601,0.275306,0.60023,0.000670973
8.490666667,1.58125,0.412591,0.21384,1.40267,0.117027,0.526806,1.70898,0.0374162,0.874502,0.12857,0.244991,0.000661348
8.533333333,1.69775,0.576438,0.226124,1.44276,0.0631089,0.213407,2.10976,0.0516934,0.897812,0.0891508,0.151794,0.000597515
8.576000000,1.84109,0.596435,0.178737,1.46207,0.00291877,0.155882,2.40429,0.0443042,1.00487,0.100683,0.0154488,0.000313308
8.618666667,1.90166,0.226813,0.144558,1.50692,0,0.562014,1.84786,0.051239,1.72232,0.2644,0.0530137,0
8.661333333,1.5941,0.052665,0.0848108,1.82413,0,0.804011,0.996768,0.1213,1.99542,0.432722,0.0512705,0
8.704000000,1.25415,0.0528155,0.054479,1.81575,0,0.63579,1.46958,0.11951,2.19934,0.389494,0.0689765,0
8.746666667,1.04912,0.200844,0.0196295,1.57765,0,0.481454,1.77041,0.0320186,2.21227,0.303616,0.0661525,0
8.789333333,1.04815,0.440136,0.0150559,1.35916,0,0.51848,1.82908,0.0224175,1.95066,0.246863,0.0524877,1.54234e-05
8.832000000,1.05773,0.625259,0.0310639,0.778461,0.0169255,0.497132,1.98089,0.139102,1.80423,0.229293,0.0188245,0.000379781
8.874666667,1.06862,0.729494,0.288815,0.499319,0.142809,0.261219,2.60438,0.16776,1.23088,0.132554,0.01888,0.00129735
8.917333333,0.900701,0.592825,0.414408,0.900569,0.174578,0.465384,2.93467,0.0184859,0.619681,0.119636,0.000111291,0.305125
8.960000000,1.18824,0.393108,0.428874,1.24984,0.106105,0.975344,2.28637,0.0140142,0.584035,0.221216,0.000388267,0.763676
9.002666667,1.13019,0.267319,0.355969,1.32567,0.0277858,1.50207,1.02741,0.0218655,0.584535,0.405376,0.00120481,0.802074
9.045333333,1.11727,0.276217,0.176392,1.05833,0,1.07767,1.57122,0.0315432,0.604177,0.451128,0.00227928,0.857244
9.088000000,0.945981,0.198309,0,1.07623,0,0.722411,1.97025,0.361123,0.879661,0.314109,0.0692487,0.713594
9.130666667,0.710782,0.250424,0,1.86977,0.00379312,0.684116,1.56185,0.637443,1.37275,0.294969,0.0940154,0.410752
9.173333333,0.912254,0.478551,0,1.78919,0,0.568919,1.40552,0.286182,1.80934,0.346031,0.110564,0.313974
9.216000000,0.990812,0.545084,0,1.59313,0,0.40248,1.79561,0.0701638,2.06423,0.277566,0.0859685,0.106998
9.258666667,0.97909,0.458978,0.0293075,1.60132,0,0.315461,1.99896,0.043113,2.0737,0.172197,0.0747981,0.000353942
9.301333333,0.69963,0.448925,0.263849,1.74546,0.0479064,0.864267,1.46127,0.18364,1.95437,0.139618,0.0204833,0.000739419
9.344000000,1.06333,0.317433,0.245836,1.51385,0.187068,1.24766,0.363521,0.0382186,1.03015,0.586188,1.06332,0.000742485
9.386666667,1.54189,0.414539,0.266721,1.25352,0.112367,0.723121,1.3114,0,0.694164,0.517813,0.845919,0.000734508
9.429333333,1.69995,0.542977,0.238824,0.927133,0.0728471,0.471082,1.83809,0.00612713,0.820908,0.369449,0.746609,0.00069748
9.472000000,1.80161,0.488198,0.194152,0.886886,0.0251511,0.573036,2.00651,0.0177816,0.978739,0.160695,0.648128,0.000513728
9.514666667,1.73812,0.226623,0.19472,1.01096,0.396582,0.805831,1.60054,0.0383961,1.27395,0.160127,0.368227,0
9.557333333,1.23205,0.151876,1.4671,1.19829,0.391265,0.572915,0.143454,0.0727479,1.87984,0.581797,0.0562409,0
9.600000000,0.702448,0,2.71873,1.10311,0,0.0593347,0.0774261,0.0760145,2.17776,0.682515,0.136316,0
9.642666667,0.341313,0.0110551,3.23552,0.894491,0,0.0151791,0.08702,0.224271,2.22578,0.709394,0.169312,0
9.685333333,0.323191,0.120126,3.47712,0.412714,0,0.00764753,0.301238,0.312604,2.15941,0.628558,0.133502,0
9.728000000,0.402183,0.203068,3.14226,0.394711,0.0229809,0.012136,0.249299,0.272268,2.02163,0.754698,0.16154,9.28369e-05
9.770666667,0.603888,0.250636,1.66581,0.556593,0.108395,0.084497,0.19951,0.17846,2.06716,0.988536,0.000177779,0.15735
9.813333333,0.423632,0.34282,0.960101,0.978949,0.690627,1.82074,0.624352,0.147533,1.2423,0.204985,0.00023391,0.466655
9.856000000,0.283438,0.405865,0.43454,0.48135,0.585879,2.40144,0.785236,0.0333995,0.575934,0.144163,0.531543,0.86596
9.898666667,0.700278,0.293693,0.454189,0.408783,0.130982,2.71064,0.747331,0.0378188,0.497429,0.0896873,0.540846,0.789998
9.941333333,1.08738,0.148471,0.587824,0.400177,0.0624962,2.78585,0.663936,0.0439412,0.547522,0.124845,0.441146,0.615761
9.984000000,1.26564,0.0979641,0.620134,0.975874,0.0173417,2.46208,0.553479,0.0747637,0.740017,0.133483,0.0593858,0.516881
10.026666667,0.994298,0.0379646,0.699073,1.46081,0.277843,1.17704,0.410308,0.313731,1.88392,0.140573,0.4573,0.036817
10.069333333,0.729169,0.857353,1.17084,1.4566,0.194943,0.156948,0.273916,0.233646,2.8749,0.155323,0.808593,0.000197061
10.112000000,0.793129,1.34911,0.924141,1.45835,0.0654937,0,0.780972,0.0872037,3.00112,0.138552,0.64948,0.000227588
10.154666667,0.847673,1.63617,0.516348,1.40254,0.0900498,0.0468357,0.972622,0.124518,2.97888,0.129588,0.476449,0.000154095
10.197333333,0.911152,1.67356,0.325691,1.2861,0.0579645,0.384488,0.686813,0.0857967,2.57625,0.342342,0.16948,0.000362222
10.240000000,0.695882,1.15354,0.212364,1.17788,0.380179,1.52871,0.450604,0.164263,1.67057,0.406895,0.0179759,0.0404396
10.282666667,0.555728,0.249104,0.736258,0.819744,0.471877,1.30611,1.22631,0.00350503,1.08659,0.382384,0.00592088,0.28703
10.325333333,0.307467,0.268683,0.694792,0.406717,0.587227,0.956578,1.48453,0,1.12321,0.221317,0.0648137,0.983216
10.368000000,0.16649,0.357676,0.479095,0.359748,0.626843,0.710242,1.7352,0,0.998087,0.161444,0.146957,1.38063
10.410666667,0.221401,0.331768,0.137882,0.430916,0.841655,0.701252,1.81413,0,0.923754,0.147924,0.196563,1.25243
10.453333333,0.0613412,0.207248,0.943889,0.497888,1.70215,0.737582,1.13784,0,0.695,0.480129,0.253407,0.834634
10.496000000,0,0.269616,2.21496,0.28417,1.87428,0.443732,0.110155,0.0184245,0.567066,0.722703,0.451323,0.891074
10.538666667,0,0.237178,2.88773,0.0105914,1.79153,0.0573051,0.100545,0.0399746,0.810779,0.644111,0.503252,0.99378
10.581333333,0,0.179038,3.12548,0.00933022,1.6873,0.0222126,0.25629,0.00460204,0.807633,0.604592,0.451143,1.10452
10.624000000,0.0064795,0.116281,2.9279,0.0123428,1.46555,0.0362467,0.357858,0.000862695,0.803928,0.532658,0.501858,1.31995
10.666666667,0.0291662,0.211597,2.11128,0.807327,1.43787,0.10227,0.465029,0.0147184,0.875059,0.442646,0.406382,1.31843
10.709333333,0.0295443,0.199744,0.936379,1.4593,1.57918,0.586965,0.253901,0.200359,1.22041,0.0824429,0.209633,1.14921
10.752000000,0.105858,0.0636085,0.748607,1.27484,1.41206,2.13701,0.420725,0.141372,0.63441,0.130311,0.438518,0.520583
10.794666667,0.0957486,0.00181749,0.625793,0.378015,0.879161,2.65928,0.683618,0.0459581,0.411712,0.20711,0.687265,0.680928
10.837333333,0.0918734,0,0.5162,0.0177956,0.603854,2.75062,0.653233,0.0269016,0.316087,0.395487,0.834561,0.961286
10.880000000,0.0469233,0.126756,0.46067,0.0947723,0.488116,2.61129,0.287418,0.00414821,0.320818,0.60918,0.836615,0.96297
10.922666667,0.0297434,0.221482,0.202696,0.124891,0.545923,1.86534,0.390724,0.358323,0.822117,0.639805,0.682333,1.11585
10.965333333,0,0.378761,0.31308,0.318421,1.2796,0.9353,0.518989,0.795496,1.46354,0.231093,0.466612,1.43851
11.008000000,7.9432e-05,1.06588,0.215148,0.316124,2.24611,0.361453,0.503284,0.723924,1.71189,0.0536151,0.437019,1.28928
11.050666667,0.0596803,1.3988,0.0493512,0.154204,2.61788,0.0240851,0.471689,0.436678,1.71369,0.15241,0.550874,1.12852
11.093333333,0.100829,1.54568,0.105175,0.0983694,2.48282,0.0372658,0.365626,0.269987,1.31895,0.172278,0.629411,1.12897
11.136000000,0.13818,1.49771,0.106651,0.0289113,2.43269,0.174806,0.33393,0.181064,1.34163,0.19629,0.569985,1.10098
11.178666667,0.166706,1.82837,0.0697928,0.137317,2.09038,0.336832,0.12125,0.28577,1.20615,0.103719,1.48459,0.720627
11.221333333,0,1.7609,0.00200804,0.137969,0.855472,0.503137,0.87649,0.608291,1.20451,0.0372968,1.93437,0.870001
11.264000000,0.207494,1.85446,0,0.197761,0.426503,0.441802,1.3803,0.585402,1.16887,0.14215,1.90594,1.05138
11.306666667,0.20386,2.16376,0,0.238093,0.303593,0.464184,1.61726,0.42071,1.04809,0.107615,1.80079,0.876841
11.349333333,0.431279,2.349,0,0.150387,0.302644,0.48381,1.66189,0.20466,0.771433,0.0039723,1.72522,0.661706
11.392000000,0.863378,2.17498,0.0205492,0.118333,0.522236,0.466941,2.19287,0.0700643,0.635197,0.00108724,1.80717,0.32364
11.434666667,0.750765,1.60927,0.096957,0.126563,0.806857,0.0137723,2.41845,0.0701836,0.647694,0,1.49302,0.0640283
11.477333333,0.890804,1.30527,0.116023,0.105051,0.771175,0.00552828,2.73603,0.0535084,0.660672,0.00229121,1.15175,0
11.520000000,1.25427,0.983096,0.125852,0.0581215,0.663998,0.0180579,2.84164,0.0905151,0.702853,0,1.04473,0.0610827
11.562666667,1.40274,0.826111,0.134883,0.0592595,0.607987,0.0246318,2.96334,0.0740202,0.809059,0,1.10934,0.000218684
11.605333333,1.1504,0.782134,0.179207,0.197647,0.526786,0.0321831,2.50667,0.290154,0.780752,0.145113,1.26282,0.0899356
11.648000000,0.242856,0.946097,0.292771,0.316637,0.761956,0.597681,1.89158,0.474201,0.275186,0.146372,1.38698,0.231081
11.690666667,0.234389,1.1738,0.298526,0.287638,0.700876,1.02184,1.58345,0.0526036,0.186089,0.137201,0.79285,0.258251
11.733333333,0.38239,1.34623,0.346311,0.192799,0.517757,1.3322,1.42589,0.0621314,0.280257,0.151442,0.218129,0.467445
11.776000000,0.537818,1.1776,0.376886,0.0887792,0.3016,1.30621,1.59503,0.0694674,0.393155,0.158006,0.139099,0.620592
11.818666667,0.647307,1.17819,0.306014,0.0145455,0.279388,1.3547,1.53262,0.0894701,0.381014,0.0500246,0.545185,0.676742
11.861333333,0.520567,1.95694,0.111509,0.0884125,0.301364,0.914624,1.91464,0.544305,0.409898,0.0151969,1.12307,0.450205
11.904000000,0.424846,2.45433,0.10203,0.0286288,0.36634,0.227675,2.47357,0.649213,0.434482,0.000201429,1.73445,0.318143
11.946666667,0.421356,2.18062,0.114689,0.0282939,0.520471,0.273623,3.136,0.163554,0.543738,0,1.70299,0.272212
11.989333333,0.451851,2.05714,0.112863,0.036322,0.700122,0.166841,3.3037,0.12995,0.469692,0,1.66885,0.137874
12.032000000,0.425635,2.10461,0.0205615,0.0791361,0.814486,0.0240829,2.95324,0.116439,0.307487,0.11395,1.89642,0.0711374
12.074666667,0.673445,1.71516,0.14139,0.525008,0.136817,1.23596,2.09641,0.229025,0.013823,0.313186,1.72318,0.000498607
12.117333333,1.08635,0.838376,0.14223,1.16151,0.0247679,1.2895,1.26164,0.433254,0.179675,0.321055,1.2858,0.000502586
12.160000000,1.45235,0.531052,0.234634,1.0323,0.0432152,0.840966,1.63498,0.115577,0.893442,0.285829,0.937224,0.0339338
12.202666667,1.63095,0.30662,0.233461,1.11114,0.140019,0.403762,2.04184,0.00540774,1.1163,0.224267,0.771818,0.028042
12.245333333,1.71863,0.341914,0.159803,1.1912,0.0966271,0.137732,2.45704,0.0186994,1.19159,0.154738,0.679541,0.000288779
12.288000000,1.79178,0.364566,0.170475,1.06015,0.00466855,0.487364,2.16765,0.0343095,1.53454,0.141966,0.455478,0.000169953
12.330666667,1.81934,0.0949144,0.237226,1.09275,0,1.59857,0.446227,0.0659218,2.02294,0.311225,0.0132623,0.000402585
12.373333333,1.50635,0.103513,0.157109,1.53302,0,1.36819,0.852735,0.0669408,2.35419,0.286183,0.0665878,0.000452762
12.416000000,1.30602,0.487758,0,1.49941,0,0.894764,1.57666,0.0652644,2.09797,0.244289,0.102435,0.00039887
12.458666667,1.3727,0.56477,0,1.25664,0,0.63179,1.90154,0.0417318,1.74672,0.243036,0.0606991,0.000157746
12.501333333,1.47721,0.351098,0,1.03869,0.00683824,0.570789,2.01941,0.0688409,1.65256,0.271242,0.041361,0.000197327
12.544000000,1.22718,0.571942,0.280259,0.710831,0.0218082,0.358857,2.46187,0.099698,1.323,0.138081,0.0351113,0.000509652
12.586666667,0.167472,0.531048,0.421791,0.861974,0.186964,0.635958,2.91545,0.0836016,0.747221,0.292505,0.0071625,0.457533
12.629333333,0.034613,0.486743,0.461338,1.27846,0.185551,1.03638,2.47678,0.1388,0.664703,0.253763,7.44665e-05,0.899532
12.672000000,0.0155248,0.410629,0.431866,1.49777,0.119508,1.43262,0.967114,0.246139,1.01666,0.233784,0.00032844,0.66773
12.714666667,0.300628,0.576643,0.350969,1.3999,0.0325374,1.2271,1.29538,0.0414415,0.892239,0.218648,0.000476663,0.115704
12.757333333,0.108671,0.607623,0.202101,1.04031,0.00609605,0.872964,1.88758,0.11312,0.850362,0.386513,0.0896528,0.0863938
12.800000000,0,0.633117,0.0539599,1.23279,0.0117108,0.65037,2.05131,0.494579,0.847559,0.427968,0.130322,0.361128
12.842666667,0.514226,0.362827,0.0617527,1.5141,0.00498185,0.478074,1.9586,0.309131,1.2948,0.322576,0.142404,0.44469
12.885333333,0.926925,0.263096,0.0510555,1.44503,0,0.368633,1.91898,0.104246,1.72519,0.291824,0.138216,0.327027
12.928000000,1.16212,0.298116,0.0465095,1.08217,0,0.45646,1.99192,0.0431772,1.93356,0.181028,0.0905059,0.0561859
12.970666667,1.30365,0.180434,0.0893591,1.17476,0.0146987,0.851202,1.67777,0.0609535,1.99899,0.129348,0.0353538,0.000542485
13.013333333,1.17729,0.114202,0.17683,1.64048,0.123534,1.36945,0.454787,0.0539242,2.02654,0.240231,0.00204084,0.0591282
13.056000000,0.996183,0.307971,0.185391,1.79072,0.145311,0.789958,1.01068,0.059476,1.44631,0.309809,0.0461714,0.00919223
13.098666667,1.07323,0.487861,0.299836,1.62575,0.158281,0.439962,1.75727,0.0407336,1.08424,0.133578,0.082197,0.00068169
13.141333333,1.36523,0.571965,0.351056,1.40977,0.153422,0.329058,2.19895,0.0323342,0.922235,0.0607083,0.0553603,0.000606242
13.184000000,1.37566,0.499939,0.229549,1.40974,0.0598506,0.656444,2.2026,0.0427983,0.927906,0.0752884,0.0545755,0.000118662
13.226666667,0.669316,0.431005,1.3346,2.01451,0.0325782,0.764926,0.756579,0.0666078,1.82044,0.609626,0.518451,0.0799972
13.269333333,0,0.371629,2.95954,1.69383,0,0.394546,0.0273008,0.0967872,2.13872,0.690579,0.429914,0
13.312000000,0.0531893,0.340438,3.52491,0.937174,0,0.0763148,0.05616,0.102116,2.39075,0.61693,0.361027,0.00998699
13.354666667,0.268289,0.447011,3.76392,0.285362,0,0.0170015,0.274437,0.0413608,2.39267,0.430193,0.289872,0.0155156
13.397333333,0.614814,0.23055,3.41675,0.36068,0,0.00900437,0.260212,0.0909799,2.5187,0.405747,0.226262,0
13.440000000,1.01192,0.204821,2.31749,0.820513,0,0.0204596,0.0822999,0.128369,2.81351,0.690693,0,0.0705365
13.482666667,1.27876,0.31896,0.966508,1.06651,0.434008,1.12816,0.497077,0.152741,2.24959,0.179959,0.000531429,0.127149
13.525333333,1.42551,0.449277,0.271222,0.667374,0.423047,2.47568,0.695737,0.0101045,0.983469,0.273205,0.000699716,0.15296
13.568000000,1.49001,0.360692,0.284535,0.62313,0.147648,2.94495,0.785256,0.0182305,0.557903,0.0379957,0.145871,0.181126
13.610666667,1.74045,0.161197,0.283427,0.926949,0.0963361,3.01275,0.684797,0.0155655,0.583067,0.0641837,0.341809,0.222464
13.653333333,1.56883,0.104812,0.531388,1.12535,0.0288663,2.67502,0.505625,0.0212801,0.870517,0.0906548,0.493841,0.332456
13.696000000,0.963928,0.0751576,0.589052,1.51235,0.206824,1.53307,0.383365,0.505194,1.87921,0.223706,0.158472,0.141824
13.738666667,1.00142,0.147575,0.750025,2.02742,0.307304,0.36178,0.124127,0.595933,2.51773,0.135818,0.360518,0.173001
13.781333333,0.814559,0.617647,0.912302,2.01816,0.00771317,0.0082711,0.529,0.39448,2.94477,0.12286,0.383293,0.190451
13.824000000,0.845501,1.19367,0.62515,1.9654,0.0318529,0.00861123,0.744038,0.159845,3.13733,0.14403,0.347043,0.0733188
13.866666667,0.906292,1.4555,0.391285,1.83257,0.0272281,0.206045,0.707873,0.0977395,2.82635,0.118654,0.311834,5.73544e-05
13.909333333,1.01324,1.60037,0.429279,1.51432,0.0175545,0.895343,0.233046,0.0859371,1.98329,0.303329,0.00184535,0.0625191
13.952000000,0.788302,1.38848,0.295078,0.996136,0.0138846,1.34511,0.60213,0.0520754,1.35652,0.416695,0.000900877,0.418506
13.994666667,0.442357,1.64243,0.23699,0.199898,0.0330141,1.26508,1.29868,0.00459605,0.796478,0.462874,0.0155855,0.689798
14.037333333,0.153621,1.92589,0.138418,0.183006,0.0511869,1.04981,1.78748,0.00438654,0.834171,0.325642,0.0135161,0.758349
14.080000000,0.132542,1.87582,0.0891324,0.159762,0.0420928,1.01382,2.00655,0.00223456,0.980999,0.204857,0.0177036,0.595225
14.122666667,0.112022,1.46491,0.217605,0.795823,0.376607,1.24022,1.50567,0,1.13799,0.111625,0.00147957,0.103334
14.165333333,0.168876,2.40161,1.46297,0.637123,0.264386,1.13809,0.0593754,0,1.31732,0.598151,0.0670101,0
14.208000000,0.270531,2.52416,2.34154,0.110368,0,0.657427,0.0282851,0.00675936,1.58542,0.76088,0.023951,0.0218721
14.250666667,0.226899,2.39064,2.57059,0.0515631,0,0.74184,0.0169664,0.00691449,1.34395,0.859186,0.0209549,0.0276728
14.293333333,0.140978,2.27271,2.54008,0.101368,0.00168562,0.907927,0.0525614,0.12019,1.12283,0.933286,0.0125734,0.0882132
14.336000000,0.18193,2.44814,2.08138,0.278649,0.0692649,1.05925,0.218733,0.783523,1.17212,0.737824,0.00406829,0.161364
14.378666667,0.302151,2.90563,1.09196,0.9773,0.229869,1.05804,0.490467,0.700365,0.946802,0.724136,0.000306687,0.188607
14.421333333,0.339173,2.02427,0.254485,1.08031,0.48728,2.02288,0.710778,0.382855,0.774222,0.31406,0.000650555,0.667999
14.464000000,0.33783,1.13277,0.139186,0.215396,0.370331,2.63313,0.768933,0.203499,0.430181,0.334842,0.0363819,1.08582
14.506666667,0.412166,1.24377,0.134281,0,0.139592,2.77828,0.726721,0.211267,0.308093,0.424226,0.0389603,1.2175
14.549333333,0.345244,1.47708,0.106139,0,0.0779884,2.69998,0.71139,0.231002,0.269352,0.513095,0.0420442,1.35059
14.592000000,0.21365,1.613,0.0576649,0.0189493,0.0266808,2.5452,0.592499,0.198799,0.321205,0.44014,0.0637446,1.35184
14.634666667,0.269482,1.9109,0.355358,0.754982,0.522462,1.97345,0.249634,0.429653,1.17985,0.0786527,0.00384113,0.812973
14.677333333,0.287356,2.54947,0.45708,0.816747,0.49635,1.53587,0.0176305,0.764379,2.033,0.00812088,0.00278698,0.422765
14.720000000,0.15864,2.75269,0.203858,0.372247,0.123658,1.68118,0.00798741,0.855694,2.23039,0.0105844,0,0.458187
14.762666667,0.289406,2.67573,0.0732647,0.222109,0.0821939,1.77094,0.582672,0.652481,2.15013,0.024739,0,0.528876
14.805333333,0.463952,2.56248,0.248163,0.359421,0.12704,1.74879,0.683607,0.189355,2.01636,0.00276456,0.0047072,0.786952
14.848000000,0.455802,2.16178,0.125377,0.249585,0.175305,1.50751,0.59758,0.0962037,1.93489,0,0.0298148,0.925466
14.890666667,0.190867,1.41447,0.368627,0.347807,0.501117,0.828594,1.21695,0.264262,1.53184,0.00227357,0.979376,0.392461
14.933333333,0.475793,1.78518,0.208866,0.392892,0.484112,0.477418,1.52781,0.276631,1.02775,0.0442084,1.41811,0.33374
14.976000000,0.565822,2.40769,0.164254,0.328735,0.272518,0.52774,1.59618,0.197502,0.853814,1.77874e-05,1.46639,0.396222
15.018666667,0.441847,2.78722,0.094387,0.215853,0.0735321,0.64972,1.56341,0.0589088,0.628086,0.00385039,1.32935,0.49586
15.061333333,0.553629,2.79823,0,0.0586945,0.0598656,0.617339,1.84079,0.140458,0.281702,0.00229758,1.60071,0.38808
15.104000000,0.537638,2.1412,0.0443668,0.0388653,0.522035,0.120734,2.24852,0.115356,0.808161,0.000399295,1.63122,0.143481
15.146666667,0.622665,1.467,0.0756443,0.0425173,0.589251,0.082486,2.72649,0.0446599,1.03878,0.0293382,1.29655,0.0758495
15.189333333,0.830257,0.916728,0.0938103,0.0307683,0.566694,0.0574815,2.72152,0.0416815,1.09732,0.112289,1.29955,0.521356
15.232000000,0.8777,0.896807,0.110743,0.012914,0.613889,0.014845,2.60626,0.0711159,1.1658,0.0823435,1.44011,0.565003
15.274666667,0.523233,1.09166,0.0902846,0.102711,0.812853,0.110932,2.60709,0.146362,1.117,0.0492961,1.46096,0.248962
15.317333333,0.0338548,1.14512,0.161655,0.188773,0.548291,0.468324,2.07378,0.1031,0.691487,0.0907662,1.93894,0.276652
15.360000000,0.0370599,1.15082,0.237207,0.137694,0.135394,0.508283,1.65913,0.352584,0.500225,0.208737,2.03613,0.374405
15.402666667,0.0125247,1.26056,0.358077,0.120736,0.0099384,1.0952,1.40029,0.207873,0.421365,0.211934,1.90798,0.412643
15.445333333,0.148317,1.35731,0.321171,0.067481,0.0111544,1.54632,1.28999,0.0940556,0.308996,0.32128,1.84861,0.401213
15.488000000,0.221889,1.63174,0.192511,0.0478561,0.0151077,1.68408,1.21621,0.147085,0.0527185,0.366851,1.85439,0.547678
15.530666667,0.401737,1.87288,0.0436607,0.0656884,0.602948,0.881628,1.55163,0.303911,0,0.43571,1.9562,0.492964
15.573333333,0.612342,1.74041,0.0486685,0.111895,0.756362,0.009637,2.15674,0.453855,0.339191,0.326157,1.72295,0.0331108
15.616000000,0.682282,1.54874,0.0732165,0.0767322,0.704544,0.0169953,2.80709,0.0997943,0.533078,0.270588,1.57033,0
15.658666667,0.606028,1.6353,0.0626723,0.0529762,0.748188,0.0672509,3.06379,0.105266,0.54471,0.1407,1.49255,0
15.701333333,0.545067,1.61789,0.0488478,0.0141907,0.747323,0.0594136,3.08782,0.083875,0.541668,0.0340048,1.64631,0.0416025
15.744000000,0.523525,1.58856,0.00596764,0.0494799,0.726994,0.0138405,3.01884,0.287454,0.356594,0.140817,1.7804,0.000500624
15.786666667,0.427867,1.01798,0.481688,0.545117,0.366091,0.0256141,2.70104,0.517218,0.124083,0.336455,1.5439,0.145638
15.829333333,0.685772,0.830157,0.929824,1.38815,0.100114,0.0261874,2.00443,0.512814,0.917674,0.275558,1.00152,0.195235
15.872000000,0.967942,0.536149,1.03415,1.58298,0.13567,0.0162034,1.21896,0.539964,1.54397,0.283574,0.621722,0.142731
15.914666667,0.933546,0.730943,1.06471,1.61864,0.184384,0,0.689091,0.679828,1.75546,0.31308,0.556563,0.0626561
15.957333333,0.309208,0.530547,0.957553,1.67158,0.0512447,0.0430005,0.219701,0.834732,2.16154,0.520682,0.290124,0.0250165
16.000000000,0.28156,0.609092,0.449382,1.60286,0,1.44359,0.345556,0.185595,2.06651,0.726203,0.348545,0.251311
16.042666667,0.616136,0.600188,0.244181,1.5268,0.0215058,1.05383,0.884821,0.34234,2.0895,0.673451,0.251064,0.0459591
16.085333333,0.634323,0.628374,0.100176,1.458,0.0956341,0.662873,1.10517,0.469812,2.10268,0.5283,0.148403,0
16.128000000,0.546463,0.674665,0.0425809,1.34949,0.123554,0.29314,1.07019,0.757112,1.74961,0.427027,0.0434117,0
16.170666667,0.477628,0.869782,0.0462599,1.43132,0.149157,0.18184,0.769102,1.24864,1.26881,0.354959,0.00708114,9.853e-05
16.213333333,0.309058,0.829159,0.504074,0.974861,0.295765,0.0578891,0.520514,1.5649,1.4054,0.0818865,0.0143119,0.000400315
16.256000000,0.309897,0.64595,0.681269,0.41117,0.170236,0.179888,0.613543,0.91298,2.0647,0.0473983,0.000154194,0.0397184
16.298666667,0.060474,0.179012,0.301271,1.43887,0.220812,0.441914,0.745101,0.0126683,3.02461,0.0782632,0,0.0630192
16.341333333,0,0.157949,0.212861,2.02149,0.181371,0.28153,0.736241,0.022503,3.16808,0.0994438,0.000131418,0.0618035
16.384000000,0.013199,0.128174,0.144283,2.28256,0.0827084,0.105982,0.670462,0.0284952,3.3012,0.162537,0.00124472,0.0552108
16.426666667,0.301679,0.0642538,0.0735103,2.28733,0,0.0364585,0.555878,0.0420006,3.66156,0.124047,0.0139913,0.115793
16.469333333,0.405073,0,0.0104914,2.46453,0,0,0.349446,0.38228,3.65583,0.150569,0.0308072,0.0778197
16.512000000,0.551802,0.0484644,0,2.6017,0,0.0112857,0.0966766,0.453268,3.47232,0.136217,0.0743187,0.0515931
16.554666667,0.771664,0.0852012,0.00720674,2.6632,0.0251806,0.0167929,0.0777786,0.219522,3.75498,0.159417,0.019892,0.0365496
16.597333333,0.987967,0,0.0803781,2.35508,0.0336884,0.0578598,0.0882671,0.0156273,4.13149,0.124143,0.00267391,0.0307239
16.640000000,1.23197,0,0.0957712,2.15035,0.0711948,0.0455041,0.0867774,0,4.31317,0.130209,0,0.0155441
16.682666667,1.05141,0.107362,0.220871,1.7398,0.167256,0.0379867,1.20373,0.120731,2.91369,0.15701,0.0709277,0.284804
16.725333333,0.387572,0.363255,0.300186,0.938919,0.273779,0.0296014,1.20148,0.617387,1.38415,0.251975,0.0236854,0.303468
16.768000000,0.370809,0.385023,0.585197,0.866426,0.313209,0.00976976,0.956082,1.01942,1.0497,0.183991,0.080278,0.234978
16.810666667,0.442659,0.320263,0.70748,0.88633,0.287819,0.000871176,0.714159,1.24292,0.928504,0.0534271,0.124484,0.156112
16.853333333,0.525243,0.266946,0.494122,0.905296,0.214466,0.0029271,0.461565,1.29827,0.937652,0.0677693,0.110663,0.244039
16.896000000,0.694858,0.18742,0.393562,1.00565,0.0930143,0.0255059,0.116062,0.698279,1.34037,0.129547,0.0128633,0.238151
16.938666667,1.1117,0.178979,0.344631,1.75451,0,0.0439114,0.0390268,0.0645107,2.34568,0.178559,0.0237294,0
16.981333333,1.19373,0.122558,0.203605,2.6903,0.00392168,0.0228046,0.019198,0.0725575,3.07274,0.166869,0.0267421,0
17.024000000,1.10831,0.130011,0.18073,2.58862,0,0.00663365,0.0178025,0.0402784,4.04741,0.15306,0.0153339,0
17.066666667,0.930751,0.140909,0.151214,2.53192,0,0.00137726,0.0145536,0.0334138,4.32276,0.105704,0.00244995,0.0122258
17.109333333,0.665663,0.160947,0.172253,2.42078,0.0195155,0,0.0116373,0.0871219,4.06123,0.101811,0.000865045,0.0254998
17.152000000,0.615781,0.333901,0.393682,1.42479,0.094989,0.0395348,0.422302,0.167414,3.54825,0.0685369,0,0.0338036
17.194666667,0.609754,0.63283,0.699273,0.615554,0.15063,0.0716086,1.17113,0.259953,2.13988,0.0365914,0,0.0662639
17.237333333,0.703846,0.65155,0.907615,0.459448,0.117518,0.0773207,1.33257,0.526091,0.706278,0.0484287,0.000256355,0.0712022
17.280000000,0.842882,0.54088,0.972028,0.525483,0.0802255,0.0741122,1.18171,1.20902,0.594649,0.0809972,0.000717021,0.149922
17.322666667,0.831498,0.307254,0.898667,0.618472,0.0433853,0.0700475,0.805353,1.64748,0.643847,0.118066,0.0186111,0.0336975
17.365333333,0.654267,0.0303826,0.703835,0.862716,0,0.067195,0.370449,1.92824,1.20419,0.142078,0.0578762,0.296474
17.408000000,1.02911,0,0.542123,1.83693,0.0781716,0.0454752,0.113246,1.68572,1.64784,0.115064,0.0253504,0.646613
17.450666667,1.05834,0.0332543,0.215308,2.51644,0,0.0138001,0.0407757,1.01495,2.82068,0.142584,0.116764,0.791228
17.493333333,1.07109,0.2595,0.342835,2.4654,0.0175381,0.0124191,0.0527985,0.435897,3.33377,0.112497,0.225163,0.606934
17.536000000,1.06035,0.12739,0.359956,2.27703,0.000206587,0.0433214,0.449411,0.0775947,3.88601,0.0933586,0.161933,0.147376
17.578666667,0.802448,0.00153106,0.531542,2.15376,0.142124,0.089847,0.517813,0.0402229,3.8616,0.0735549,0.10466,0.000564044
17.621333333,0.505252,0.156781,0.736461,1.06827,0.56047,0.0585432,0.0683673,2.45855,1.59815,0.0619748,0.00025638,0.225754
17.664000000,0.119016,0.185279,0.66416,0.314341,0.560956,0.0475941,0.0863047,3.01972,0.543289,0.0343504,0.039161,0.933149
17.706666667,0.00366142,0.0751577,0.506747,0.353229,0.654936,0.0430691,0.116028,3.14239,0.241788,0,0.100602,1.10732
17.749333333,0.000481287,0.0376861,0.429043,0.350046,0.716251,0.0401287,0.148633,3.09812,0.10659,0,0.135042,1.16611
17.792000000,0,0.00028107,0.434445,0.452794,0.696073,0.0356771,0.087998,2.82438,0.508006,0.0488158,0.13051,1.11478
17.834666667,0.0149725,0.00127106,0.674251,0.53213,1.03831,0.0328539,0.110294,2.1834,1.44304,0.0621378,0.0973391,0.887992
17.877333333,0,0.0124217,1.04711,0.362403,2.03162,0.166098,0.119264,0.903271,2.8067,0,0,1.06731
17.920000000,0,0,0.825877,0.457812,2.46082,0.139542,0.105079,0.0905277,3.01435,0,0.00968539,1.17873
17.962666667,0,0,0.653728,0.352092,2.46853,0.0518996,0.0554555,0.00790787,3.0991,0,0.0269001,1.11617
18.005333333,0.128644,0,0.541274,0.236443,2.42253,0.104754,0.0245739,0,3.19094,0,0.0704134,1.03047
18.048000000,0.140135,0.0950278,0.497394,0.340678,1.87201,0.189822,0.0260364,0.3314,3.32991,0.00536893,0.000866443,0.631704
18.090666667,0.244648,0.060574,0.646187,0.380626,0.880072,0.141392,1.58729,0.64432,3.17958,0.052005,0,0.100924
18.133333333,0.2342,0.557958,0.750439,0.234217,0.46693,0.129023,2.82267,0.447784,1.76566,0.239704,0.00113665,0.327793
18.176000000,0.152138,0.827868,0.616203,0.0896512,0.412861,0.116021,3.12962,0.200178,0.263854,0.258072,0.18501,1.01174
18.218666667,0.121367,0.90212,0.372075,0.0331923,0.350945,0.103639,3.32409,0.015497,0,0.247191,0.32041,1.44128
18.261333333,0.0608847,0.86751,0.125206,0.107175,0.268858,0.0860756,3.45321,0.00232485,0,0.141517,0.35327,1.50425
18.304000000,0.080938,0.816487,0.00129188,0.0151073,0.433823,0.0492565,3.33095,0.311148,0.292507,0.00549816,0.427479,1.43162
18.346666667,0,0.840207,0.118588,0.0963372,1.18976,0.269536,3.13202,0.685707,0.502943,0.00130084,0.380063,1.15118
18.389333333,0,0.824667,0.302352,0.124779,1.59696,0.232349,2.65355,0.501717,0.717489,0,0.370851,1.41678
18.432000000,0,0.775544,0.510743,0.160217,1.59288,0.310753,1.89839,0.211487,0.5293,0,0.330952,1.64733
18.474666667,0.13499,1.08543,0.445863,0.126177,1.68391,0.66544,0.62494,0.234537,0.199162,0.189814,0.501602,1.55478
18.517333333,0.717463,1.28384,0.518932,0.054968,1.89169,0.836461,0.100756,0.256493,0.481723,0.186101,0.45914,0.80481
18.560000000,0.489502,1.4577,0.378494,0.119654,2.07248,0.590268,0.343495,0.110523,0.656026,0.148661,0.128139,1.07937
18.602666667,0.287497,1.77409,0.236138,0.17644,1.11964,0.384441,1.35477,0.416405,0.810383,0,1.00258,0.920951
18.645333333,0.560129,1.74925,0.210132,0.453322,0.696806,0.331304,1.76716,0.355507,0.779415,0,1.5044,0.507685
18.688000000,0.725315,1.67818,0.124509,0.22981,0.635714,0.50118,2.10307,0.228915,0.401162,0,1.59093,0.484333
18.730666667,0.683724,1.78002,0.0471651,0.0777897,0.610019,0.401154,2.16224,1.07976,0.0189024,0,1.73468,0.414092
18.773333333,0.332347,2.03669,0,0.017862,0.39637,0.0722542,2.75445,1.46648,0,0,1.45094,0.177223
18.816000000,0.212521,2.33012,0,0.0177219,0.0780932,0.186597,3.83582,1.09337,0.0752814,0.00786148,0.717088,0.00035413
18.858666667,0.0698877,2.43931,0,0.0274893,0.0795199,0.2294,4.32043,0.534308,0.0733195,0.0339024,0.425972,0.000319895
18.901333333,0.190005,2.26144,0,0.0253003,0.0606329,0.141148,4.41281,0.075089,0,0.0883341,0.375419,0.000246423
18.944000000,0,2.25662,0,0.0158091,0.0388336,0.0131651,4.25494,0.26284,0.000236402,0.065494,0.432012,0.0937641
18.986666667,0.0294798,1.62802,0.27594,0.0502153,0.0928236,0.0593885,4.02149,0.170334,0.0757517,0,0.544706,0.000707839
19.029333333,0.0695825,0.694932,0.325644,0.2656,0.250964,0.209021,3.56697,0.286803,0.079587,0,0.818517,0.000745857
19.072000000,0.163442,0.665659,0.357358,1.4249,0.3318,0.239608,2.64537,0.222088,0.0493302,0.00431824,1.2395,0.00323776
19.114666667,0.260547,0.627616,0.436463,2.80325,0.00299077,0.0699791,1.34046,0.179717,0.319581,0.221169,1.2254,0.0378876
19.157333333,0.211236,0.385568,0.399911,3.15604,0.00791216,0.0623972,1.05224,0.220151,0.766338,0.265524,0.966748,0.190272
19.200000000,0.0788756,0.639742,0.111904,2.89172,0.0196755,0.0574474,0.701162,1.41285,0.53575,0.163631,0.688579,0.305484
19.242666667,0.0232937,1.76011,0.0187371,1.55374,0.0273393,0.041523,0.596726,2.7467,0.0421536,0.129516,0.654256,0.352944
19.285333333,0,2.11952,0.401181,0.462637,0.0234314,0.109762,1.55129,2.81699,0.0510049,0,0.542829,0.24275
19.328000000,0.00427134,2.40329,0.230828,0,0.00838823,0.100838,2.16407,2.43496,0,0,0.460052,0.223444
19.370666667,0,2.51181,0,0,0.000451243,0.11463,2.68773,1.95992,0,0,0.382566,0.235058
19.413333333,0.013822,2.55835,0.0173,0,0,0.0015567,3.28454,1.27668,0.0100493,0.00238664,0.348705,0.00051436
19.456000000,0.331077,1.93434,0.196044,0.143757,0.0169323,0.0139865,3.14535,0.536324,0.0672634,0.189028,0.249,0.000520199
19.498666667,0.992434,1.30867,0.215468,0.362598,0.0254424,0.0232665,2.93283,0.0120087,0.58519,0.110789,0.236934,0.00051759
19.541333333,1.0519,1.24678,0.229546,0.658033,0.0945955,0.00619852,3.21912,0.043168,0.68718,0.0132966,0.223465,0.000508911
19.584000000,0.984887,1.16452,0.252224,0.670812,0.0952665,0.00202521,3.66383,0.0471475,0.727424,0.0150261,0.257332,0.000484646
19.626666667,0.84215,1.0553,0.229372,0.622978,0.0168882,0,3.77156,0.0488977,0.763318,0.0744466,0.228997,0.0002046
19.669333333,0.849861,0.902439,0.207324,0.623734,0,0,3.75076,0.0608396,0.801556,0.126287,0.236698,0
19.712000000,0.527155,0.793303,0.177643,1.01862,0,0.00171625,3.64808,0.0741247,1.19604,0.159747,0.195316,0
19.754666667,0.415035,0.923397,0.0944705,1.26184,0,0.00350849,3.3565,0.172836,2.05702,0.215585,0.221895,0
19.797333333,0.502132,1.12184,0.19507,1.16962,0.0434861,0.00349545,2.45454,0.363586,2.98861,0.181622,0.295965,0
19.840000000,0.675512,1.03171,0.256301,1.28951,0.108502,0.00338551,0.901368,0.387372,3.43317,0.130686,0.20019,0
19.882666667,0.397308,1.23892,0.0630307,0.871368,0.174071,0.0129557,0.13784,0.234405,3.54888,0.0447915,0.00115028,0.128218
19.925333333,0.645405,0.852998,0.0677862,0.730555,0.255434,0.087886,0.594044,0.411055,2.98002,0.287027,0.000715344,0.194401
19.968000000,1.03386,0.625647,0.251047,0.594403,0.252215,0.16769,0.818578,0.21293,2.71003,0.124975,0.000940396,0.163127
20.010666667,1.13936,0.666536,0.312228,0.567946,0.208825,0.331874,0.913124,0.583626,2.50498,0.0928075,0.0010606,0.136975
20.053333333,1.01689,0.77894,0.314076,0.604197,0.114889,0.363059,0.812112,1.61142,1.89667,0.270014,0.35852,0.0731108
20.096000000,1.0821,0.696246,0.303981,0.576571,0,0.360755,0.779682,1.68908,1.82054,0.584672,0.583721,0.000338701
20.138666667,1.25109,0.659522,0.315045,0.826329,0.0995898,0.37083,0.843784,0.700194,1.90943,0.635853,0.331246,0.199276
20.181333333,1.57861,0.341397,0.239963,1.73289,0.113512,0.181285,1.73049,0.262462,1.85248,0.479275,0.229672,0.622464
20.224000000,2.01792,0.149985,0.242499,2.23706,0.108242,0.00980389,1.53662,0.266629,1.90283,0.246453,0.214355,0.724363
20.266666667,1.92809,0.314539,0.371786,2.06615,0.14156,0.0525856,1.47983,0.256234,2.06499,0.232334,0.327829,0.821212
20.309333333,1.81997,0.402713,0.291985,1.98452,0.240108,6.10605e-05,1.7551,0.333343,2.01825,0.141971,0.32125,0.70668
20.352000000,1.56215,0.571627,0.180179,1.75146,0.211938,0,1.7899,0.370246,1.80084,0.0670277,0.265907,0.43703
20.394666667,1.4507,0.61053,0.666527,1.11504,0.296338,0.0216234,1.50427,0.129123,1.7293,0.205951,0.465188,0.0934919
20.437333333,1.19532,0.77878,0.808562,1.31805,0.220572,0.00237165,0.96014,0.416096,1.67086,0.365142,0.51023,0.0998502
20.480000000,1.11954,1.13236,0.825984,1.36154,0.195793,0,0.588133,0.646557,1.61354,0.385568,0.534569,0.0950609
20.522666667,0.944888,1.28204,0.856904,1.44882,0.158462,0,0.730618,0.858456,1.56926,0.369532,0.510278,0.0830057
20.565333333,1.00886,1.1416,0.771769,1.77267,0.00519729,0,1.04062,0.70982,1.80589,0.29956,0.259099,0.0142354
20.608000000,1.55795,0.468891,0.445037,1.82712,0,0.0102107,1.30291,0.344169,2.4631,0.186592,0.310932,0.0125004
20.650666667,1.71814,0.0531346,0.388846,2.46117,0,0.00191769,1.18342,0.0958612,3.0601,0.160117,0.238252,0.0324324
20.693333333,1.81173,0,0.333771,2.47189,0,0,1.06044,0.0652939,3.13871,0.143075,0.219761,0.0988508
20.736000000,1.62325,0,0.372671,2.27176,0,0.498744,1.22504,0.0623501,3.01492,0.139741,0.253042,0.151417
20.778666667,1.51922,0.0592573,0.337867,1.69119,0.0144108,0.631377,1.24527,0.0971956,2.27992,0.213479,0.170757,0.0972082
20.821333333,1.10784,0.11563,0.397864,0.464433,0.247722,0.378587,1.07812,0.588061,1.49723,0.250242,0.372236,0.189507
20.864000000,1.05076,0.173117,0.734071,0.540847,0.194386,0.232625,1.30311,0.679057,0.714273,0.0715002,0.136818,0.242492
20.906666667,1.13543,0.190936,0.912066,0.632388,0.206372,0.212187,1.48319,0.792199,0.496695,0.00347983,0,0.263614
20.949333333,1.11994,0.1696,0.734726,0.664742,0.15357,0.0933789,1.25525,2.102,0.431195,0.0512801,0.000296748,0.17883
20.992000000,1.00071,0.125838,0.636577,0.713064,0.0729842,0.0647587,0.655597,2.48681,0.682266,0.0989746,0.00918521,0.137722
21.034666667,0.87231,0.085431,0.490406,0.839442,0,0.063488,0.548156,2.05094,1.17283,0.138233,0.0474545,0.131355
21.077333333,0.760307,0.0296061,0.406638,1.08066,0,0.0449519,0.568227,1.39638,1.60578,0.163224,0.0630308,0.111468
21.120000000,0.828092,0,0.695887,1.06675,0,0.00343567,1.47688,0.638933,1.86906,0.173672,0.0238934,0.11243
21.162666667,0.731632,0.11691,0.825036,0.662167,0,0.221532,2.23089,0.409217,1.49352,0.164137,0.147236,0.0914898
21.205333333,0.667627,0.248341,0.734732,0.273558,0,0.291315,2.38482,0.221185,1.38547,0.144871,0.27179,0.0684811
21.248000000,0.649772,0.56904,0.327367,0.179414,0.00131551,0.363074,2.33188,0.098962,1.23636,0.193617,0.284213,0.000585554
21.290666667,0.606355,1.30787,0.338361,0.129532,0.0823752,0.225512,2.70967,0.0675619,0.63483,0,0.332711,0.169018
21.333333333,0.168583,1.95252,0.290681,0.0457114,0.108807,0,3.49024,0.0217015,0.525172,0,0.308886,0.543325
21.376000000,0.0918763,2.35664,0.21528,0,0.113062,0,3.57525,0.063398,0.491423,0.0885319,0.304979,0.595719
21.418666667,0.085075,2.28031,0.182969,0,0.102415,0,3.66563,0.11699,0.479236,0.0706906,0.348569,0.53524
21.461333333,0.0901354,2.22291,0.182567,0,0.0820496,0,3.70614,0.109418,0.446527,0.0784486,0.356594,0.392357
21.504000000,0.123382,2.67517,0.262996,0,0.0560144,0.106563,3.71033,0,0.401006,0.0609952,0.224273,0.0471603
21.546666667,0.212551,3.11722,0.318781,0.271235,0.045513,0.353879,3.20889,0,1.33738,0.0293479,0.00694485,0.243427
21.589333333,0.23137,3.24961,0.267064,0.36298,0.042627,0.352404,2.12865,0.07025,2.41227,0.0428164,0.00523706,0.228859
21.632000000,0.147004,3.43325,0.119837,0.499501,0.0152621,0.288565,0.825258,0.137396,2.49355,0.0338304,0.00489832,0.168506
21.674666667,0.157347,3.39637,0.00402303,0.489765,0,0.128738,0.259153,0.136311,2.685,0.0250021,0.0119867,0.111377
21.717333333,0.378369,2.89858,0.244282,0.276774,0.0628303,0.0113801,0.408661,0.386445,2.64094,0.136862,0.0101642,0.112764
21.760000000,0.258339,2.26621,0.318248,0.343783,0.0341749,0.0413998,0.744751,0.161442,2.26381,0.434525,0.00532302,0.179495
21.802666667,0.187017,1.92608,0.331534,0.392492,0.000981544,0.0904557,0.801937,0.194853,1.15936,0.459417,0,0.500136
21.845333333,0.159066,1.61623,0.325728,0.467427,0.0143396,0.0976337,0.743912,0.304494,0.614377,0.406248,0.0213341,0.614667
21.888000000,0.15235,1.6818,0.259626,0.403424,0.023984,0.137025,0.830736,0.373947,0.43586,0.354479,0.013034,0.582434
21.930666667,0.296399,1.78164,0.235373,0.44619,0.0234348,0.134637,0.797378,0.653242,0.298144,0.304402,0.00193318,0.549791
21.973333333,0.603823,2.30165,0.334604,0.373173,0.0103847,0.34675,0.950297,0.628208,0.904259,0.0382782,0.225335,0.407076
22.016000000,0.571521,3.21982,0.340844,0.121947,0.0407755,0.738643,0.451316,0.429076,1.93993,0.00357321,0.0979195,0.219389
22.058666667,0.480132,3.42106,0.23177,0.0800665,0.0486471,1.10279,0.207637,0.637359,2.07073,0.00440577,0.0145504,0.194618
22.101333333,0.402089,3.40989,0.0937814,0.0846041,0.049705,1.33067,0.57038,0.679678,2.08368,0.0147063,0.000664558,0.209724
22.144000000,0.146086,3.0224,0.0833084,0.132499,0.0368584,1.41434,1.18913,0.693899,2.04788,0.0160726,0,0.227685
22.186666667,0.184007,2.87727,0.255959,0.195772,0.12307,1.35886,1.13897,0.499823,1.97633,0.0239329,0,0.289342
22.229333333,0.116123,2.55363,0.351689,0.215187,0.0809093,0.798315,0.894152,0.167948,2.34907,0.00642299,0.0620491,0.394627
22.272000000,0.440997,1.9469,0.322015,0.385456,0.33834,0.205958,1.12002,0.176384,2.33294,0,0.192438,0.47976
22.314666667,0.719876,2.00109,0.19279,0.320657,0.406224,0.250659,1.26702,0.104644,1.90104,0,0.249368,0.508909
22.357333333,0.841956,1.87282,0.187579,0.226959,0.355023,0.501903,1.40591,0.116115,1.60776,0,0.0993728,0.544116
22.400000000,0.824463,1.7652,0.261978,0.151852,0.349575,0.622533,1.42684,0.0891116,1.36329,0,0.21843,0.534986
22.442666667,0.629651,1.74068,0.0349518,0.278859,0.771069,0.716315,1.95265,0.110854,0.889356,0,1.087,0.297862
22.485333333,0.703844,2.02647,0,0.213832,0.967579,0.199437,2.25692,0.0914067,0.682189,0,1.98164,0.0360525
22.528000000,0.542099,2.10934,0.0156645,0.108296,0.869734,0.219866,2.50547,0.114873,0.563868,0,1.92162,0.028771
22.570666667,0.399523,1.95579,0.0718559,0.0569238,0.778558,0.146835,2.54621,0.109853,0.487554,0.0171907,1.77591,0.202899
22.613333333,0.540767,1.8993,0.123829,0.00450755,0.656966,0.0339033,2.71879,0.104136,0.769835,0.0463325,1.59076,0.152103
22.656000000,0.145733,1.74256,0.405242,0.0345592,0.550073,0.0604715,2.52463,0.133827,1.29326,0.0345586,1.53737,0.292887
22.698666667,0.39684,0.646391,0.486936,0.404317,0.600296,0.431886,1.82415,0.113887,1.4126,0.0243278,1.33795,0.37029
22.741333333,0.352722,0.70034,0.432358,0.176328,0.472864,0.81169,1.22524,0.0746558,1.37186,0,1.38792,0.595286
22.784000000,0.388273,1.12085,0.411334,0.125052,0.266623,1.04433,1.16567,0.064708,1.13643,0,1.44057,0.638218
22.826666667,0.436017,1.37678,0.408205,0.0533464,0.341322,1.26986,1.07736,0.0663121,1.05434,0.121303,1.35259,0.704631
22.869333333,0.49375,1.6503,0.382119,0,0.322047,1.43735,0.815823,0.0876806,1.11523,0.147435,1.08431,0.881268
22.912000000,0.263361,2.03495,0.0770881,0.660076,0.494812,1.22712,1.7968,0.479236,0.489327,0.132255,1.22839,0.667797
22.954666667,0.440196,2.13881,0.0691067,0.418997,0.750991,0.272835,2.98656,0.493866,0.39081,0.00037461,1.47368,0.198116
22.997333333,0.450144,1.92527,0.0955176,0.162203,0.700922,0.26653,3.57426,0.1602,0.455769,0.00550827,1.58449,0.0492093
23.040000000,0.447423,1.88083,0.0946107,0.0668062,0.638062,0.104174,3.60829,0.132043,0.430344,0,1.80221,0.000286894
23.082666667,0.42256,1.84979,0.0889803,0.048149,0.674322,0.0230367,3.51891,0.16319,0.462181,0,1.93151,0.00033332
23.125333333,0.395451,1.85953,0.213648,0.342261,0.492055,0.0178194,3.1749,0.344448,0.023745,0.0324345,1.78755,0.000530928
23.168000000,0.835055,1.06139,0.632244,1.7789,0.130145,0.0232837,2.42759,0.142944,0.408803,0.19698,1.19664,0.000546948
23.210666667,1.33209,0.47477,0.956422,1.81498,0.106063,0.00748954,1.62496,0.0879613,1.29848,0.280511,0.638364,0.00607265
23.253333333,1.3256,0.432957,1.06728,1.81448,0.118331,0.00167419,1.07219,0.376128,1.47164,0.252282,0.476297,0.0371062
23.296000000,0.5896,0.457172,0.940508,1.75254,0.121248,0,0.617253,0.871021,1.15654,0.154984,0.606346,0.0468453
23.338666667,0,0.170566,0.138434,1.66435,0.0494801,0,0.425188,0.497013,0.901022,0.128185,0.492677,2.23264
23.381333333,0.000545323,0.206825,0.0122969,1.81191,0,0,0.212948,0.0879857,0.931918,0.15642,0.0247298,2.96695
23.424000000,0,0.17773,0.370061,1.61889,0,0.000104535,0.207727,0.115536,1.18286,0.152434,0.00175554,3.18316
23.466666667,0,0.192468,0.327406,1.42973,0,0,0.252537,0.101079,1.25272,0.119125,0,3.27746
23.509333333,0,0.21152,0.266312,1.4305,0,0,0.372704,0.0648377,1.4308,0.0857882,0,3.32758
23.552000000,0,0.112656,0.0377468,1.36788,0.109017,0,0.560362,0.0627745,1.59856,0.102344,0,3.24418
23.594666667,0.375119,0.098556,0.0847116,0.525176,0.113788,0.0386643,1.03282,0.22554,1.28603,0.0868511,0,3.1868
23.637333333,0.550067,0.0664188,0.136726,0.425409,0.0393759,0.308812,1.40153,0.287822,0.711062,0.110441,6.82728e-05,3.35586
23.680000000,0.383025,0.0632829,0.198064,0.531129,0.0309003,0.168753,1.45246,0.29659,0.452596,0.112437,0.000204008,3.41447
23.722666667,0.0368426,0.0638296,0.306824,0.575896,0.00327443,0.0651369,1.35188,0.351471,0.419609,0.101786,0.000360837,3.50976
23.765333333,0.00937642,0.0732043,0.379893,0.648634,0,0.0621998,1.08087,0.336145,0.51722,0.114214,0.000466227,3.48868
23.808000000,0.0211833,0.10782,0.112713,0.802522,0,0.0601514,0.905518,0.419528,0.779767,0.1424,0.000250367,3.42186
23.850666667,0.00836178,0.0584605,0.0619403,1.34368,0.0278524,0.0336235,0.398138,0.175211,1.51784,0.157696,0.0259182,3.27896
23.893333333,0,0,0.0393246,1.5269,0.0421473,0.00120743,0.331217,0.188796,1.86353,0.199486,0.0211521,3.06614
23.936000000,0,0,0.0496795,1.42682,0.0383602,0,0.446006,0.222501,1.66359,0.241215,0,2.86398
23.978666667,0,0,0.16831,1.30042,0.0339516,0,0.457449,0.22695,1.53716,0.170133,0,2.60268
24.021333333,0,0.0426214,0.18288,1.19759,0.0349396,0,0.565997,0.08964,1.44619,0.124316,0,2.42021
24.064000000,0,0.127525,0.179985,0.889852,0.198419,0.0232234,0.698467,0.078243,1.19911,0.0816969,0,2.03851
24.106666667,0.028795,0.171501,0.209992,1.1571,0.230504,0.106249,0.532517,0.0737922,0.907942,0.0132592,3.83273e-05,1.97507
24.149333333,0.00102425,0.197531,0.286244,1.41198,0.225091,0.360973,0.263239,0.0519922,0.796584,0.00138536,0.155356,1.77689
24.192000000,0,0.205611,0.369961,1.52824,0.194024,0.634469,0.00114851,0.0300349,0.75453,0.033363,0.870602,1.26393
24.234666667,0,0.182134,0.331217,1.4673,0.092744,0.719054,0,0.0384165,0.816973,0.0914709,1.73834,0.555621
24.277333333,0.00452488,0.105731,0.261581,1.68584,0.0130163,0.65206,0,0.0677023,1.13834,0.133939,2.32858,0.031044
24.320000000,0.116115,0.0545202,0.238786,2.34379,0,0.595647,0.0235057,0.0935212,1.54337,0.339411,1.99278,0.000247463
24.362666667,0.213807,0.0452852,0.116471,2.94231,0,0.372182,0.050446,0.110277,1.93005,0.411134,0.715263,0.0152973
24.405333333,0.270297,0.0966571,0.0367555,2.95336,0.00508632,0,0.0855975,0.0804965,2.36612,0.318466,0.000727022,0.0565322
24.448000000,0.342741,0.157388,0.000222595,2.63007,0.024109,0,0.252263,0.0624096,3.23723,0.128753,3.25783e-05,0.0266701
24.490666667,0.291977,0.115634,0.133471,2.16614,0.000132914,0,0.115978,0.183064,3.73281,0.0969493,0,0.0278796
24.533333333,0.257816,0.067682,0.231364,1.35769,0.202509,0.0205219,0.451273,0.289584,3.42876,0.0774153,0,0.020783
24.576000000,0.147859,0.0974522,0.341805,1.49033,0.277193,0.0444991,0.642321,0.0600314,3.36387,0.056238,0,0.121714
24.618666667,0.0993935,0.135669,0.339363,1.86594,0.248434,0.0321741,0.694623,0.0226264,3.53193,0.0655641,0,0.141701
24.661333333,0.101706,0.124247,0.33316,2.02214,0.191932,0.0155114,0.633529,0.0257439,3.68877,0.087384,0,0.0812692
24.704000000,0.0690493,0.100602,0.196881,1.9534,0.0613509,0,0.529101,0.0549204,3.73093,0.127966,0.0235751,0.215598
24.746666667,0.0813455,0.0514422,0,2.34114,0,7.83562e-05,0.394896,0.254093,2.88148,0.165121,0.461021,0.635397
24.789333333,0.164485,0.00898882,0.0384386,2.61253,0,0.219313,0.0579375,0.270201,1.21115,0.136234,2.11195,0.373956
24.832000000,0,0.0332706,0.138892,2.2003,0,0.45472,0.0308501,0.109104,1.24626,0.166794,2.42192,0.114714
24.874666667,0,0.0586024,0.128009,2.12299,0,0.399047,0.0873028,0.0685831,1.35345,0.117447,2.64293,0.0237925
24.917333333,0,0.194745,0.063001,2.16288,0,0.362837,0.188335,0.061976,1.20623,0.105873,2.75845,0
24.960000000,0.122297,0.175208,0.167337,2.27915,0.0241235,0.35842,0.166116,0.115137,1.08147,0.0301451,2.69896,0.0159904
25.002666667,0.437262,0.154394,0.349936,1.95538,0.268338,0.396806,0.0485555,0.00368368,0.879012,0.526909,1.59586,0.222503
25.045333333,0.370507,0.100121,0.251987,1.01024,0.37917,0.310688,0.0509636,0.00781645,0.809135,0.72963,1.3637,0.581128
25.088000000,0.136943,0.0974671,0.0880494,0.481154,0.86132,0.241663,0.0197622,0.00757821,0.57586,0.534581,1.50306,0.61586
25.130666667,0.0168272,0.0603799,0.0926373,0.397613,1.12028,0.220658,0.0154513,0.0104059,0.301282,0.371019,1.64946,0.712436
25.173333333,0.0150856,0.0522542,0.0539626,0.123402,1.22411,0.181711,0.051962,0.0120915,0.230847,0.281482,2.00216,0.822245
25.216000000,0,0.0857661,0.000435012,0.0537989,2.03449,0.0533012,0.500444,0.00568757,0.309463,0.139923,2.03922,1.69344
25.258666667,0,0.0850212,0.010942,0.0999772,2.53516,0.102635,0.624665,0,0.397725,0.013782,1.00244,2.62598
25.301333333,0.00158321,0.046482,0.0229476,0.270327,2.46038,0.175333,0.561294,0,0.583108,0.164532,0.141237,2.89027
25.344000000,0,0,0.010224,0.164355,2.57104,0.0390745,0.584946,0,0.497839,0.0884217,0.121932,2.82951
25.386666667,0,0,0.000118007,0.21155,2.52885,0.172071,0.599669,0,0.353023,0.0347656,0.0812369,2.92622
25.429333333,0.0180817,0.0515967,0.112195,0.170393,2.3331,0.159102,0.413795,0.378943,0.395798,0.211858,0.0305838,2.62375
25.472000000,0.225584,0.0113628,0.135372,0.0306366,1.60174,0.198562,0.223544,0.34614,1.47447,0.459122,0.213578,1.75587
25.514666667,0.320943,0,0.11628,0.107761,1.2764,0.21125,0.613113,0.0281633,1.46645,0.632831,0.0353296,0.585491
25.557333333,0.274577,0,0.0654843,0.0842689,1.22218,0.0573899,0.808216,0,1.24144,0.783187,0.0288954,0.20674
25.600000000,0.196742,0.00802152,0.00801737,0.435052,1.04065,0.0271433,0.734622,0,0.867721,0.946994,0.00084381,0.321632
25.642666667,0.280239,0,0.000202018,0.871671,0.819194,0.0272491,0.474171,0,0.445218,1.47341,0,0.406375
25.685333333,0.0715284,0,0.0951905,0.253121,1.46879,0.274337,0.0904886,0.500928,0.45958,1.42109,0.532726,0.710076
25.728000000,0,0.0163278,0.170335,0.0898392,1.99531,0.368676,0.054276,0.550963,0.509657,0.777938,1.63118,0.915877
25.770666667,0,0.0102964,0.268171,0.110093,2.13408,0.666751,0.117702,0.235748,0.380338,0.00371505,2.45891,0.841757
25.813333333,0,0,0.287087,0.107807,2.08645,0.728643,0.188728,0.0813588,0.117915,0.00121507,2.77357,0.909954
25.856000000,0,0,0.200828,0.0110469,2.0574,0.734248,0.0714374,0.0732846,0.015406,0.0146828,3.26341,0.917607
25.898666667,0.037695,0.0665632,0.246429,0.059904,1.55058,0.79256,0.0558199,0,0.0132406,0,3.46121,0.619093
25.941333333,0.0596375,0.763918,0.0264793,0.155611,1.02798,0.949726,0.583507,0.0500934,0.0138428,0,3.22585,0.017465
25.984000000,0.0870981,0.862807,0.10685,0.462381,0.673566,0.606427,0.990283,0.20618,0.217229,0.0812486,2.46758,0.288797
26.026666667,0.104455,1.24913,0.200309,0.422117,0.429009,0.358799,1.46865,0.414332,0.295536,0.179112,2.01975,0.463748
26.069333333,0.241044,1.48468,0.242748,0.153117,0.404406,0.265705,1.74278,0.551662,0.25884,0.0916715,2.18269,0.617414
26.112000000,0.224162,1.6511,0.148925,0.00320134,0.536669,0.562705,1.67454,0.479155,0.35999,0.765758,1.79578,0.30814
26.154666667,0.215732,1.81823,0.103815,0,0.786444,0.271223,1.70085,0.250039,0.902599,0.85973,0.851581,0.074204
26.197333333,0.195887,1.83364,0.0910097,0,0.760403,0.302951,1.64533,0.171309,1.61573,0.771555,0.516234,0.01912
26.240000000,0.184558,1.70977,0.0968775,0,0.748943,0.190896,1.34412,0.0989454,2.26789,0.620298,0.194922,0.0357079
26.282666667,0.192917,1.63031,0.10178,0.0769204,0.758804,0.14392,1.16746,0.133833,2.61385,0.29608,0.000646856,0.0354255
26.325333333,0.133635,1.86566,0.117701,0.154155,0.359997,0.00834864,1.0682,0.214512,2.75236,0.00288051,0.0479397,0.117184
26.368000000,0.108543,2.16909,0.229979,0.163115,0.0371802,0.0413599,1.09928,0.581779,2.5458,0.0379006,0.242583,0.198032
26.410666667,0,2.19719,0.296796,0.173461,0.026023,0.0453478,1.49505,1.23013,1.53925,0.0450192,0.490684,0.193827
26.453333333,0.101051,2.35006,0.274434,0.168603,0.00339493,0.237735,1.59571,1.03577,0.124317,0.0938413,0.975082,0.18745
26.496000000,0.190769,2.4099,0.261409,0.120857,0,0.389,1.68529,0.572146,0.0223715,0.237978,1.20958,0.173815
26.538666667,0.228215,2.15855,0.212685,0.0957329,0,0.480462,1.89395,0.215891,0,0.369314,1.42561,0.176527
26.581333333,0.138578,2.05648,0,0.0656215,0.0861718,0.301088,2.11325,0.480339,0,0.207128,1.90567,0.184061
26.624000000,0.333674,2.15338,0.0643042,0.00323621,0.180975,0.0207919,2.89272,0.472744,0.011808,0.00366999,1.69349,0.420242
26.666666667,0.335831,2.08941,0.0552414,0.00116004,0.143511,0.019766,3.38773,0.188973,0.0513349,0,0.925091,0.461959
26.709333333,0.272646,2.09935,0.0561606,0,0.095839,0.032203,3.58927,0.1341,0.00999463,0,0.489852,0.263559
26.752000000,0.00118314,2.08569,0.0517448,0,0.0872463,0.0299166,3.62383,0.157155,0,0,0.458165,0.169866
26.794666667,0.0255329,2.17701,0.19144,0,0.0802501,0.0190584,3.50288,0.459738,0.0191002,0,0.341748,0.000383137
26.837333333,0.0272659,2.08197,0.199707,0.246187,0.057968,0.0106834,3.28342,0.357348,0.191497,0.231189,0.180096,0.000423331
26.880000000,0.243283,1.13378,0.338165,0.885465,0.105532,0.0151873,2.5421,0.117359,2.27895,0.0316031,0,0.000406835
26.922666667,0.466765,0.253416,0.288037,1.47452,0.144584,0,1.32886,0.0427892,3.42681,0.00090275,0,0.000370699
26.965333333,0.551572,0.237107,0.351246,1.83505,0.142722,0.00462406,0.0246935,0.0484853,3.81074,0.0178433,0.00129472,0.000138129
27.008000000,0.542244,0.14453,0.329122,1.57283,0.0156107,0.00956411,0.223799,0.0634983,3.91448,0.100974,0.0323169,0.00482595
27.050666667,0.538636,0.176441,0.299496,1.80683,0.000153971,0.00345094,1.66716,0.443295,2.85167,0.135357,0.0465106,0.0138246
27.093333333,0.618593,0.360585,0.322963,1.90758,0.0398958,0,2.53691,0.488206,1.64747,0.14236,0.148447,0.000501038
27.136000000,0.473536,0.512899,0.305339,1.39878,0.0434979,0,2.75302,0.277412,1.4907,0.164863,0.185391,0.000910376
27.178666667,0.266872,0.653653,0.209721,1.36032,0.106483,0.140403,2.31709,0.0442285,1.38228,0.102085,0.674244,0.0243444
27.221333333,0,0.416125,0.0664606,1.96378,0.133767,0.311076,1.46388,0.12915,1.42989,0.0945271,0.937879,0.0049999
27.264000000,0,0.253636,0.147845,2.86373,0.207347,0.284477,0.304112,0.364275,1.3707,0.0367409,1.02419,0.000585177
27.306666667,0.115991,0.217461,0.176683,3.43421,0.195495,0.157101,0.470093,0.637784,0.825031,0.0153487,1.04238,0.113517
27.349333333,0.30532,0.229334,0.185534,3.16503,0.176774,0.0592482,0.874013,0.335818,0.903777,0.0733148,0.738854,0.262946
27.392000000,0.457205,0.268032,0.216146,2.60109,0.153851,0.0686521,1.02907,0.166574,0.951844,0.0986579,0.580491,0.302968
27.434666667,0.559104,0.221251,0.14217,2.63563,0.111763,0.0598749,0.954573,0.197067,0.943704,0.247823,0.509345,0.26692
27.477333333,0.52717,0.166683,0.0409304,2.95198,7.424e-06,0.0371037,0.813952,0.299205,1.02635,0.33279,0.368206,0.23619
27.520000000,0.361643,0.221441,0.0895438,2.97655,0,0,0.621369,0.693634,1.80069,0.145271,0.536623,0.0504457
27.562666667,0.317225,0.188238,0.273297,2.93227,0.00503851,0,0.477999,0.825738,2.21874,0.130852,0.74964,0.134411
27.605333333,0.831758,0.222781,0.331915,2.63693,0.0388411,0.0286567,0.832294,0.242131,2.53954,0.152641,0.709818,0.222962
27.648000000,1.08948,0.161143,0.366766,2.275,0.0562463,0.0960159,0.962153,0.16251,2.85223,0.108009,0.4738,0.3568
27.690666667,1.00175,0.163356,0.316149,2.13892,0.157625,0.0117313,1.17947,0.0594188,2.76962,0.103873,0.495935,0.240553
27.733333333,1.24084,0.246405,0.124972,1.83335,0.139616,0,1.21187,0.0821671,2.48738,0.216932,0.507575,0.167156
27.776000000,1.82321,0.301719,0.459108,1.11278,0.233873,0.0448497,1.01453,0.422318,2.12302,0.212639,1.09145,0.138297
27.818666667,1.8418,0.392294,0.880741,1.23051,0.189169,0,0.788929,0.48363,1.59598,0.179655,1.37861,0.0975372
27.861333333,1.77125,0.484804,1.01668,1.36703,0.169262,0,0.550793,0.524218,1.51249,0.194098,1.23085,0.032209
27.904000000,1.58575,0.924047,0.936608,1.42103,0.106713,0,0.422257,0.605339,1.65328,0.18689,1.00974,0.000440931
27.946666667,1.79483,0.900501,0.72232,1.38376,0,0,1.13242,0.322286,2.24462,0.118536,0.600745,0.015608
27.989333333,2.40538,0.103543,0.488851,1.51784,0.0328553,0.0092095,1.46228,0.0720075,3.19969,0.189538,0.220682,0.0152343
28.032000000,2.41283,0,0.401569,1.81363,0.0621545,0.00902982,1.08344,0.0956286,3.39731,0.26335,0.26194,0.00499044
28.074666667,2.27902,0,0.355027,1.89941,0.0700244,0.00872465,0.969069,0.104939,3.35265,0.239388,0.262463,0.000478344
28.117333333,2.14779,0,0.316684,1.90379,0.0573336,0.0100585,0.87511,0.0864824,3.31563,0.21165,0.266634,0.000547553
28.160000000,1.62181,0,0.213759,2.06766,0.0559935,0.0487678,0.248762,0.0400121,3.17319,0.560476,0,0.118378
28.202666667,0.551941,0.107235,0.278766,1.7386,0.0315475,0.0188337,0.375464,1.3383,2.18172,0.348993,0.571728,0.164777
28.245333333,0.402131,0.114977,0.740027,1.19797,0.107277,0.0433239,0.57446,1.28306,1.77386,0.0648882,0.75881,0.137109
28.288000000,0.18816,0.121678,0.844433,0.991625,0.131465,0.0768458,0.689672,1.32863,1.50404,0.0588241,1.03887,0.127275
28.330666667,0.0092728,0.105125,0.800735,0.886238,0.0914988,0.062393,0.680667,1.68894,1.09342,0.0799152,1.18942,0.123491
28.373333333,0,0.0921662,0.644388,0.832822,0.025787,0.0448889,0.623442,1.97833,0.945619,0.113565,0.957856,0.328509
28.416000000,0,0.0916003,0.536542,0.933073,0.0105639,0.050786,0.479278,2.15692,1.1502,0.133405,0.393804,0.616528
28.458666667,0.0632539,0.0301218,0.514953,1.27653,0.00603497,0.0558386,0.398126,2.2151,1.4711,0.13691,0.0436514,0.583859
28.501333333,0.0977407,0,0.59042,1.59596,0.00445273,0.0309722,0.890783,1.73317,1.59312,0.170657,0.145575,0.274022
28.544000000,0.0810643,0.0558171,0.694046,1.51571,0.0057635,0.00631479,1.32393,1.1955,1.50686,0.123167,0.759418,0.16621
28.586666667,0.0164103,0.0615536,0.679434,1.54279,0.0231617,0,1.77733,0.717469,1.47726,0.125651,1.45575,0.0432993
28.629333333,0.0289819,0.692379,0.289722,1.19083,0.111083,0.0713494,2.59703,0.115132,1.14398,0.0973346,2.11297,0.0130359
28.672000000,0.10539,1.93603,0.267232,0.223272,0.0756821,0,3.30834,0.0192812,0.552705,0.0561281,2.00186,0.037503
28.714666667,0.105999,2.03499,0.240995,0.107441,0,0,3.59634,0.00371577,0.516772,0.0866817,2.15249,0.000578562
28.757333333,0.091306,2.05042,0.199366,0.0229145,0,0,3.69845,0.00246557,0.516826,0.131381,2.28997,0.000579762
28.800000000,0.0901887,2.03905,0.187892,0,0.00390641,0.00195705,3.74741,0.000980635,0.498539,0.115244,2.35106,0.000558152
28.842666667,0.101386,2.04161,0.202186,0,0.00436208,0.0154362,3.68877,0,0.503863,0.0343125,2.37661,0.000334109
28.885333333,0.143327,2.54944,0.264744,0.0600459,0,0.0409018,3.60901,0.00392643,0.687188,0.0674169,2.27889,5.36737e-05
28.928000000,0.233373,2.96853,0.338153,0.126721,0,0.0142612,3.35202,0.0179331,0.907622,0.00303401,1.92502,0.154174
28.970666667,0.217873,3.21829,0.134035,0.348947,0.0305239,0.0625056,2.75506,0.203363,0.686144,0.0173509,0.96941,0.454894
29.013333333,0.169845,2.99673,0.0654466,0.491783,0,0.20669,1.93119,0.595154,1.07626,0.133915,0,0.630506
29.056000000,0.239965,2.71874,0.160398,0.435979,0,0.0112044,0.763059,0.699422,1.77904,0.0675856,0,1.07262
29.098666667,0.322255,2.51954,0.237555,0.560907,0.0627498,0.041986,0.294926,0.450113,2.12875,0.0381796,0.0287037,1.66053
29.141333333,0.283104,1.70556,0.30604,0.732348,0.0404402,0.0630041,0.38018,0.160086,2.20602,0.191476,0,1.87081
29.184000000,0.208242,0.756496,0.549245,0.557885,0.0786523,0.164827,0.53243,0.230626,2.19482,0.291024,0.00314147,1.59683
29.226666667,0.192295,0.961027,1.08594,0,0.113215,0.540558,0.650604,0.678892,1.65314,0.283465,0.0313108,1.25897
29.269333333,0.171146,1.21017,1.12472,0,0.109439,0.795783,0.636846,1.1437,0.927695,0.323878,0.0623742,0.891898
29.312000000,0.197266,1.42154,0.977427,0.0216442,0.0577725,1.20627,0.623329,1.33852,0.048528,0.292837,0.250578,0.674724
29.354666667,0.254134,2.34831,0.881001,0.0315846,0,1.81162,0.562926,0.54747,0.368143,0.0397307,0.652161,0.730541
29.397333333,0.264044,3.40422,0.336886,0.11924,0,1.91047,0.190498,0.621052,0.976317,0.000352059,0.709103,0.815415
29.440000000,0.163779,3.52953,0.173223,0.128166,0,2.01425,0.172859,0.626752,1.02378,0,0.350658,0.732399
29.482666667,0.118625,3.56321,0.136863,0.116288,0,2.04033,0.368781,0.646256,1.0375,0,0.0141139,0.742556
29.525333333,0.200228,3.25229,0.250428,0.105174,0.00391741,1.79093,0.673613,0.696459,0.856281,0,0.0419211,0.776393
29.568000000,0.162379,2.88604,0.338408,0.233654,0.265213,1.6284,0.366925,1.00536,0.702211,0,0.408448,0.809691
29.610666667,0.079508,2.17056,0.285774,0.275875,0.159695,1.18377,0.634076,1.01493,0.941635,0.0448341,1.16718,0.774666
29.653333333,0.0681187,1.42233,0.220487,0.379932,0.339625,0.516258,1.01532,0.75804,0.507157,0.125428,1.94617,0.476389
29.696000000,0.234932,1.46585,0.249318,0.294915,0.298063,0.308822,1.22993,0.6938,0.412414,0.0828026,2.39817,0.439964
29.738666667,0.343792,1.68037,0.208056,0.183587,0.266419,0.300879,1.63168,0.5203,0.490474,0.00657242,2.64518,0.558505
29.781333333,0.450069,1.88813,0.15058,0,0.238977,0.438873,2.14003,0.204479,0.757766,0,2.66939,0.510423
29.824000000,0.328998,1.89098,0.0171652,0.00779904,0.385409,0.176717,3.13249,0.115061,0.626725,0.0061804,2.72952,0.0971746
29.866666667,0.380401,2.14353,0.0107536,0.0168983,0.330126,0.277688,3.38444,0.104401,0.568129,0.0425371,2.26868,0
29.909333333,0.328793,2.16418,0.00495348,0.013661,0.47286,0.246017,3.41159,0.122034,0.544552,0.0465801,2.01526,0
29.952000000,0.372415,2.14037,0.0310991,0.00729965,0.606095,0.122247,3.26898,0.098303,0.501761,0.0580569,1.89098,0.0197476
29.994666667,0.33377,1.97985,0.0269092,0.089463,0.844828,0.125441,3.0705,0.0958993,0.519717,0.000632723,1.70824,0.000217093
30.037333333,0.106805,1.38484,0.260902,0.396326,0.94406,0.273595,2.42314,0.396513,0.492398,0.0765599,1.4503,0.227167
30.080000000,0.140493,0.62955,0.441326,0.646847,0.601957,0.681835,1.76419,0.594103,0.687958,0.0565344,1.06841,0.948152
30.122666667,0.160059,1.26368,0.485277,0.373509,0.448871,0.764353,1.24448,0.543168,0.544934,0.0492601,1.32995,1.03145
30.165333333,0.221567,1.73026,0.475676,0.174243,0.32724,0.892735,0.967039,0.335029,0.357594,0.157844,1.60688,0.942029
30.208000000,0.249004,2.06967,0.408876,0.0657951,0.360388,0.971021,0.734621,0.368364,0.2993,0.185709,1.73405,0.914921
30.250666667,0.259028,1.93066,0.191155,0,0.533791,0.953381,1.32781,0.402202,0.31634,0.14588,1.51637,1.09722
30.293333333,0.659418,1.52612,0.0897,0.0046642,1.10587,0.0244256,2.62273,0.457006,0.0163253,0.252963,1.73498,0.565592
30.336000000,0.87963,1.31739,0.217009,0.0128978,0.875548,0.0287589,3.07971,0.223566,0.0749067,0.303266,1.62416,0.0211581
30.378666667,0.721687,1.46876,0.133648,0.0149929,0.857517,0.0366647,3.18519,0.190275,0.141054,0.267013,1.75174,0.0522049
30.421333333,0.612099,1.59747,0.0962523,0.00913459,0.93067,0.0414627,3.16237,0.148169,0.255052,0.00215052,1.78468,0.280103
30.464000000,0.491349,1.76865,0.0611855,0.098997,0.943533,0.0226269,3.21031,0.304541,0.223592,0,1.51589,0.0693405
30.506666667,0.259572,1.74311,0.235936,0.632489,0.219049,0.0209946,2.98037,1.005,0.0552592,0.219941,1.12872,0.396363
30.549333333,0.671082,0.788046,0.614634,1.74487,0.102213,0.0162478,1.90037,0.524851,0.849422,0.270399,0.651623,0.412042
30.592000000,0.854167,0.578689,0.856523,1.96557,0.198139,0,0.964928,0.563002,1.42208,0.204882,0.659079,0.314867
30.634666667,0.969434,0.73655,1.03109,1.99392,0.25531,0,0.413683,0.727207,1.67086,0.197782,0.630489,0.23835
30.677333333,1.16441,0.810245,1.07489,2.01616,0.249553,0,0.192778,0.875909,1.84524,0.193711,0.609997,0.163237
30.720000000,0.939235,0.458333,0.277592,1.34185,1.33461,0.704492,0.366499,0.060441,1.53885,0.124352,0.569782,0.278044
30.762666667,0.83074,0.32659,0.153021,1.11301,1.28771,0.764536,0.659425,1.18055,1.38772,0.169843,0.446746,0.148365
30.805333333,0.58937,0.466116,0.179021,1.00163,0.898327,0.575047,0.709389,1.73589,1.36214,0.166779,0.330418,0.0606597
30.848000000,0.524608,0.407709,0.208547,0.920162,0.323954,0.126983,0.913484,1.78909,1.25261,0.163707,0.209095,0.0878124
30.890666667,0.707415,0.272006,0.252436,0.985439,0.0280548,0.0114483,0.935944,1.60552,1.19107,0.110629,0.0258472,0.161278
30.933333333,0.480423,0.196551,0.249248,0.727276,0.11417,0.0152077,0.260205,0.926442,2.62683,0.0765452,0,0.258602
30.976000000,0.792663,0.0715978,0.267636,0.804795,0.194484,0.0836406,0.319403,0.490138,3.42804,0.0899514,0,0.0516685
31.018666667,0.920538,0.0112421,0.255866,0.937862,0.17809,0.103266,0.628591,0.319789,3.74425,0.115316,0,0.0340147
31.061333333,1.07065,0.0284075,0.33489,1.48234,0.161204,0.229666,0.726774,0.0440455,3.76272,0.104688,0,0.0264079
31.104000000,1.19745,0.0156071,0.335989,1.69087,0.138822,0.208413,0.690099,0.00907169,3.68738,0.090418,0.00140713,0.0157881
31.146666667,1.13467,0,0.328079,1.53791,0.0490596,0.117866,0.642378,0.0232311,3.74842,0.116457,0.00446398,0.000415756
31.189333333,0.878372,0,0.156326,1.35589,0.175642,0.00343778,0.579823,0.335637,3.81988,0.145898,0.0179864,0.000184212
31.232000000,0.938091,0.0653688,0.0512458,1.77252,0.0718323,0.000137613,0.260459,0.457316,3.94988,0.164075,0.0408272,0
31.274666667,1.15408,0.13173,0.0130824,2.14921,0,0,0.166015,0.252232,4.02332,0.159265,0.0652841,0.0413691
31.317333333,1.22542,0.159938,0.0762889,2.02027,0,0.0479249,0.237704,0.0846832,4.04395,0.135415,0.0576245,0.0622194
31.360000000,1.45123,0.259556,0.121946,1.88569,0.000853633,0.0230535,0.427427,0.0750449,3.9532,0.106897,0.131087,0.00866896
31.402666667,1.42559,0.465832,0.169381,1.36617,0.0205287,0.0576111,1.3023,0.129338,3.4556,0.0786038,0.263621,7.65423e-05
31.445333333,1.41735,0.516497,0.590748,0.475799,0.0886726,0.0488609,1.47875,0.740654,1.11401,0.0158266,0.378037,0.081345
31.488000000,1.50824,0.488886,0.716734,0.699954,0.224509,0,1.21361,1.20684,0.619337,0.00169172,0.514815,0.0336568
31.530666667,1.52786,0.364064,1.00388,0.694525,0.195453,0,1.00357,1.54694,0.687968,0.0152539,0.396925,0.143897
31.573333333,1.47483,0.179182,0.989896,0.719128,0.118235,0,0.562619,2.06988,1.10628,0.0622267,0.0408626,0.218692
31.616000000,1.35342,0.152423,0.691578,0.827969,0.0130163,0.00151938,0.00316625,2.21723,1.76613,0.118835,0.0165862,0.32037
31.658666667,0.837518,0.145472,0.669407,1.36202,0.00286165,0.0082874,0,1.73624,2.36316,0.147425,0.0250423,0.335965
31.701333333,0.195565,0.0771893,0.601718,1.90546,0,0.0116627,0.0285043,0.959919,3.54198,0.148882,0.125328,0.220829
31.744000000,0.75913,0.108577,0.376335,2.47404,0,0.00818525,0.0584016,0.212838,3.74051,0.146141,0.135061,0
31.786666667,0.876671,0.0899763,0.32011,2.4423,0,0.000382905,0.0718318,0.107644,3.89057,0.11352,0.0227505,0.000901636
31.829333333,0.844615,0.238003,0.115773,2.1849,0.0228603,0.000925001,0.0451216,0.102901,4.02542,0.106838,0.0241123,0.000352206
31.872000000,0.689501,0.253675,0.0348438,1.72866,0.045081,0.0168667,0.00572803,0.165055,4.17102,0.0892002,0,0.00616347
31.914666667,0.278269,0.130104,0.226706,1.07412,0.171357,0.0673681,0.524112,0.705768,3.37252,0.0395233,0,0.209076
31.957333333,0.0243862,0.134276,0.420044,1.3334,0.178078,0.0679308,0.742689,1.51779,2.21065,0.0466432,0,0.246246
32.000000000,0,0.115293,0.613621,1.5837,0.154714,0.082947,0.747016,2.04768,1.18809,0.0470688,0,0.228498
32.042666667,0,0.070697,0.737634,1.38236,0.139096,0.224351,0.696543,2.4452,0.846063,0.102856,0.000307022,0.292759
32.085333333,0.226164,0.000725828,0.184504,1.63991,0.0275358,0.142077,0.622177,2.54118,0.846691,0.265532,0.066433,0.234985
32.128000000,1.14015,0,0.218619,1.58962,0,0.00958313,0.603499,0.479831,2.84913,0.205694,0.0493997,0.440704
32.170666667,1.08033,0.050031,0.3378,1.72416,0,0.161444,0.262285,0.103735,3.25369,0.126249,0.00769105,0.585869
32.213333333,0.878819,0.209782,0.339319,1.73382,0,0.207495,0.0105766,0.0553432,3.29514,0.0931771,0.00968485,0.553821
32.256000000,0.711494,0.088794,0.340806,1.78686,0,0.209445,0.00729171,0.0336303,3.43171,0.0714514,0.0104063,0.372519
32.298666667,0.662997,0.14469,0.131995,1.98995,0.0670186,0.117364,0.0933488,0.0262054,3.31526,0.148494,0.00189569,0.137768
32.341333333,0.575001,0.0360009,0.0910906,2.03925,0.459669,0.112031,0.19979,0.224921,3.01486,0.131232,0.000386705,0.000392996
32.384000000,0.102935,0.169212,0.910992,1.18204,0.598777,0.0576615,0.494045,1.29208,1.81624,0.083458,0.191234,0.389996
32.426666667,0.101956,0.397085,0.540432,0.448211,0.498017,0.0261564,0.309711,2.37714,0.423144,0.0693521,0.204005,1.11278
32.469333333,0.10589,0.387989,0.449725,0.405175,0.492918,0.0182273,0.197054,2.6049,0.0503265,0.0571943,0.104263,1.22747
32.512000000,0.125728,0.181516,0.483467,0.481947,0.545399,0.0382971,0.163166,2.40157,0.0171169,0.0450733,0.00162852,1.29121
32.554666667,0.144718,0.00240154,0.728076,0.567292,0.578348,0.044732,0.10053,1.70578,0.51856,0.0508894,0.00421529,1.19364
32.597333333,0,0,1.17461,0.255471,1.09881,0.20141,0.067916,0.565493,2.07021,0.0179363,0.00521397,1.23159
32.640000000,0.090966,0,1.00901,0.19462,1.62061,0.308052,0.0799947,0.029782,2.99729,0.0188458,0.00400983,1.3488
32.682666667,0.162342,0,0.718629,0.263582,1.89293,0.157788,0.083705,0,3.22849,0.150719,0.0447857,1.16303
32.725333333,0.244621,0,0.51715,0.240621,2.03603,0.0480389,0.0605517,0,3.24293,0.033573,0.161781,1.30163
32.768000000,0.195529,0.0243736,0.362167,0.181464,1.94251,0.224044,0.0672899,0.0403875,2.96722,0.00024334,0.305487,1.80062
32.810666667,0,0.164039,0.767439,0.46565,1.25155,0.32116,0.975111,0.584977,0.320527,0.128727,0.285517,1.47523
32.853333333,0.231997,0.205617,0.61724,0.436196,0.84727,0.112962,1.20836,0.565514,0.0798787,0.257088,0.291778,0.801973
32.896000000,0.129091,0.238581,0.473692,0.461191,0.618078,0.106399,1.21554,0.430324,0,0.293955,0.246405,0.935144
32.938666667,0.0147088,0.166791,0.329459,0.336228,0.497103,0.0899678,1.13365,0.542255,0,0.344287,0.252414,1.18743
32.981333333,0.00254917,0.0949289,0.404728,0.255511,0.332548,0.072164,1.02483,0.870825,0,0.267157,0.210781,1.22171
33.024000000,0,0.12542,0.37874,0.176086,0.26731,0.0427614,0.770366,1.52448,0.206664,0.0713243,0.160839,0.97228
33.066666667,0.0123887,0.412675,0.344494,0.0590589,0.79421,0.0151826,0.390533,2.02839,0.866292,0,0.202088,0.775237
33.109333333,0,0.200676,0.365638,0.242635,1.3799,0.0167093,0.1268,1.67282,1.58195,0.0757789,0.282308,0.768264
33.152000000,0,0.186414,0.413181,0.303905,1.52042,0.0319415,0.0325875,0.806509,1.96873,0.283839,0.325112,0.626153
33.194666667,0,0.145881,0.500019,0.198285,1.74576,0.055561,0.00970318,0.364702,1.97138,0.0644617,0.348966,0.806812
33.237333333,0,0.135067,0.485109,0.305744,1.62431,0.240737,0.0735368,0.404703,1.57438,0.000723414,0.307294,1.03253
33.280000000,0,1.08364,0.0548827,0.590668,1.34822,0.377001,0.150182,0.704063,0.66728,0.000214944,0.44401,0.857198
33.322666667,0,1.60394,0.060227,0.531919,0.946501,0.26478,1.50611,1.19441,0.185201,0,0.848604,0.348713
33.365333333,0,1.41432,0.353649,0.503766,0.299834,0.0179521,3.4365,1.03083,0.0228949,0,0.767767,0.403375
33.408000000,0.0802227,1.40423,0.462818,0.385812,0.00539331,0.0180033,4.18869,0.249393,0.0228466,0,0.791818,0.426924
33.450666667,0.271209,1.38365,0.213227,0.212799,0.0259335,0.0136714,4.33951,0.0679783,0.0296094,0,1.08392,0.200074
33.493333333,0.269196,1.651,0.0308974,0.119597,0.03098,0.0307439,4.10821,0.088261,0.0205957,0,1.62422,0.0533504
33.536000000,0.342755,1.59958,0.065724,0.126092,0.146182,0.0185744,3.92992,0.0939505,0.0785935,0,1.77263,0.000291446
33.578666667,0.349226,1.6591,0.105646,0.0151814,0.192325,0.0223208,3.26113,0.102966,0.0861779,0.00363106,1.32122,0.000125637
33.621333333,0.250858,1.94244,0.0873618,0,0.191504,0.0716169,2.45682,0.205402,0.0162444,0,1.08583,0.0831113
33.664000000,0.175838,2.20033,0.0630568,0,0.172199,0.0353025,2.78517,0.0924359,0.0143974,0.00963607,0.656802,0.0839916
33.706666667,0.0993144,2.23869,0.0822725,0.0344223,0.716659,0.0230386,3.10413,0.343407,0.165818,0.00105081,0.308793,0.0614287
33.749333333,0.110474,0.814381,0.256092,0.216768,0.993065,0.290875,2.04926,0.475686,0.452192,0.0438459,0.558515,0.297642
33.792000000,0.133639,0.863051,0.210707,0.329946,1.11371,0.35502,1.64021,0.184569,0.331812,0.0458787,1.205,0.327848
33.834666667,0.156495,1.0665,0.200547,0.401121,1.15057,0.345893,1.31602,0.179136,0.353092,0.0866755,1.67281,0.340108
33.877333333,0.184959,1.07188,0.183611,0.697175,0.987488,0.362652,0.771512,0.197828,0.256237,0.20167,1.79371,0.344906
33.920000000,0.21383,1.06134,0.126937,1.12382,0.616632,0.341581,0.575149,0.202994,0.464569,0.263927,1.72591,0.383585
33.962666667,0.0994948,0.949521,0.149108,1.04732,0.0295848,0.0223228,1.84324,1.31257,0.268328,0.115179,1.00177,0.302288
34.005333333,0,1.27946,0,0.344249,0.0313665,0.0177471,2.15707,1.59906,0.297885,0.102865,1.15185,1.79908e-06
34.048000000,0,1.3988,0,0,0.0233555,0.0447855,2.5303,1.57709,0.360489,0.116151,1.14332,0.000172476
34.090666667,0,1.59406,0.0276209,0,0.00531423,0.150156,2.94724,1.37542,0.175696,0.0109317,0.950872,0.0220263
34.133333333,0.0287928,1.84159,0.100139,0,0,0.178915,3.58277,0.742619,0,0.00300803,0.695983,0.0559755
34.176000000,0.0219752,1.78031,0.262264,0.083629,0,0.116343,4.06744,0.424354,0.108892,0.102215,0.308088,0.000685012
34.218666667,0.942282,0.976592,0.220637,0.410793,0,0.011781,3.87081,0.00106773,0.495037,0.232528,0.31804,0.000676639
34.261333333,0.926252,1.05724,0.20669,0.83716,0.058493,0.00476852,3.32547,0.0193501,0.780814,0.0640178,0.32897,0.000671973
34.304000000,0.87219,1.00578,0.210752,0.844755,0.10543,0.0024585,3.44163,0.0397684,0.797229,0,0.313386,0.000653596
34.346666667,0.971591,1.00963,0.250463,0.620113,0.0763756,0,3.63004,0.0468497,0.815057,0.0276244,0.408629,0.000264883
34.389333333,1.08714,0.95336,0.170874,0.605524,0.00586735,0,3.76461,0.0616648,0.897823,0.112663,0.466943,0
34.432000000,0.706398,0.796996,0.0558698,0.924957,0.033906,0.000901954,3.65265,0.0828807,1.02829,0.14339,0.420231,0.000299513
34.474666667,0.404839,0.486735,0.192648,1.5784,0,0.00300142,3.00738,0.259525,1.36342,0.164416,0.380017,0.000458469
34.517333333,0.545315,0.0122593,0.0960275,2.01794,0,0.0055019,2.12622,0.564819,2.23032,0.163269,0.328009,0.000312324
34.560000000,0.488382,0,0.00963822,2.128,0,0.0029057,0.581821,0.36576,3.19424,0.182698,0.188438,0.0170626
34.602666667,0.307994,0,0.0208737,2.14628,0.125504,0,0.0768461,0.0512265,3.27419,0.141581,0.0135327,0.0575172
34.645333333,0.0825012,0.0411382,0.554661,1.29075,0.254086,0.00350779,0.313949,0.083971,2.79781,0.079449,0.000865185,0.126173
34.688000000,0.0639215,0.17325,0.530117,0.857676,0.270454,0.0128629,0.665026,0.130301,1.80349,0.128561,0,0.330548
34.730666667,0.0158475,0.183018,0.641233,1.0331,0.254761,0.0214357,0.73097,0.19745,1.33683,0.0156865,0.000346481,0.521922
34.773333333,0.00534714,0.264593,0.61537,1.30672,0.216593,0.023302,0.692936,0.317577,1.10811,0.0366997,0.00146559,0.862064
34.816000000,0.0752322,0.296536,0.469329,1.35433,0.125688,0.229167,0.657504,0.669994,0.905429,0.108097,0.0522137,0.953523
34.858666667,0.510411,0.639935,0.278214,1.09671,0.0196925,0.354694,0.533722,1.08355,0.950176,0.147339,0.163227,1.1153
34.901333333,0.620226,0.782979,0.3732,1.24577,0.0387223,0.0577292,0.666418,0.912311,1.7663,0.228399,0.0616937,0.513197
34.944000000,0.865745,0.795103,0.65781,1.63671,0.110962,0.0180714,0.603025,0.797276,1.99941,0.228739,0.0164932,0.156768
34.986666667,0.839494,0.664339,0.971914,1.34258,0.132444,0.125913,0.500759,0.414826,2.39757,0.126686,0.37643,0.192836
35.029333333,0.965986,0.625978,0.752521,0.953156,0.154567,0.0667578,0.899805,0.204225,2.43749,0.187254,0.778979,0.0236467
35.072000000,1.20589,0.727176,0.521862,0.842061,0.211459,0,1.18902,0.434503,2.26589,0.318183,0.616953,0.0395899
35.114666667,1.59482,0.340381,0.562577,0.540674,0.332875,0.0581785,1.45436,0.362551,1.99475,0.461041,0.0838573,0.309773
35.157333333,1.80048,0.305675,0.952502,1.03009,0.397907,0.165594,1.49864,0.373065,1.53008,0.362477,0.623142,0.190736
35.200000000,2.00145,0.541182,1.06602,1.36584,0.23808,0,1.22587,0.27533,1.08877,0.342626,0.82154,0.0907874
35.242666667,2.03486,0.431948,1.1652,1.44861,0.155405,0,0.895236,0.245932,1.47623,0.241652,0.881585,0.0213534
35.285333333,1.99765,0.363776,1.04609,1.43176,0.10703,0,0.731539,0.506475,1.92952,0.0913585,0.911802,0.00732513
35.328000000,2.26412,0.185698,0.621409,1.66247,0,0.00169307,1.25356,0.347578,2.86383,0.127772,0.562551,0.152273
35.370666667,2.01853,0.0155034,0.335778,2.34853,0,0.0341143,1.32282,0.101893,3.18275,0.146135,0.247933,0.1656
35.413333333,1.5476,0.11157,0.195751,2.53659,0.00845571,0.0322032,1.21823,0.126075,3.18492,0.163243,0.269708,0.0617215
35.456000000,1.22816,0.302951,0.194698,2.54569,0.0264097,0.0225581,1.0649,0.0613454,3.10473,0.114657,0.294601,5.30393e-05
35.498666667,1.01142,0.279351,0.242597,2.55754,0.0154298,0.0169162,0.849683,0.048025,3.24096,0.140113,0.255545,0.000304411
35.541333333,0.69123,0.2708,0.309419,2.16383,0.0157314,0.323995,0.51549,0.0767652,3.53458,0.295963,0.0607481,0.180795
35.584000000,0.377354,0.445148,0.593209,0.679282,0.177524,0.422621,0.939072,0.359916,2.50809,0.579668,0.0200916,0.215715
35.626666667,0.149049,0.140132,1.19729,0.504867,0.315023,0.198505,0.772273,1.06175,1.53133,0.486929,0.0144631,0.290458
35.669333333,0.0378992,0.156819,1.11497,1.01662,0.366133,0.0893886,0.740215,1.59112,1.11537,0.239707,0.000248653,0.322327
35.712000000,0.0769162,0.147288,1.05427,1.19984,0.249981,0.091532,0.683133,1.60487,0.890089,0.298978,9.02215e-05,0.338414
35.754666667,0.218018,0.0913724,0.919882,1.08417,0.0765548,0.0890767,0.759389,1.71862,0.820902,0.289294,0.0319321,0.375751
35.797333333,0.557171,0.0319756,0.582554,1.45782,0,0.0726194,0.668838,1.7793,0.980706,0.181718,0.186757,0.279773
35.840000000,1.21259,0.0208056,0.57426,2.03393,0,0.0329454,0.268795,1.44679,1.56468,0.139171,0.206876,0.134471
35.882666667,1.62382,0,0.579146,2.20447,0,0.0506152,0.186277,1.11383,2.55837,0.167514,0.137157,0.0385102
35.925333333,1.55846,0.00489305,0.53978,2.19643,0.007177,0.0858143,0.277765,0.332608,3.52544,0.122487,0.145602,0
35.968000000,1.50859,0,0.379338,2.3285,0.0184954,0,0.737371,0.0620059,3.62893,0.124978,0.0987899,0.072024
36.010666667,0.764546,0.257258,0.383596,2.05846,0.0957301,0.0125726,2.80388,0.115557,1.29603,0.126503,0,0.755135
36.053333333,0.109296,1.78485,0.291896,0.224041,0.0806724,0.175984,2.75412,0.298745,0.592838,0.173725,9.38074e-06,0.904629
36.096000000,0.101534,2.00854,0.214242,0.0494546,0.130102,0.165937,2.76417,0.259513,0.539511,0.133147,0.147895,0.758711
36.138666667,0.0891062,2.16421,0.163071,0,0.159061,0.137047,2.8248,0.249497,0.49407,0.140251,0.238317,0.611115
36.181333333,0.0931048,2.13804,0.148528,0,0.15949,0.0557879,2.991,0.201341,0.448493,0.0586493,0.345807,0.500922
36.224000000,0.112092,2.61901,0.181453,0,0.144307,0.166997,3.01485,0.124353,0.394173,0.0332629,0.386007,0.211246
36.266666667,0.195109,2.93862,0.309741,0,0.131467,0.456102,2.73693,0.0022793,0.625424,0.052026,0.22358,0.19718
36.309333333,0.243543,3.27925,0.295674,0.155461,0.0939676,0.453217,2.46769,0,1.46664,0.0315888,0.00455923,0.258485
36.352000000,0.1657,3.37437,0.123578,0.491089,0,0.782917,1.50692,0,2.24992,0.0133978,0.0049345,0.191771
36.394666667,0.1645,3.3202,0.0623068,0.741757,0,0.76189,0.288916,0.010458,2.42526,0,0.00508825,0.128896
36.437333333,0.408525,3.03243,0.261527,0.767089,0,0.187494,0.347018,0.248955,2.77753,0,0.00383059,0.157321
36.480000000,0.44077,2.4263,0.356011,0.658804,0.0833669,0.0807162,0.586261,0.375301,2.61092,0.105309,0.00907367,0.209832
36.522666667,0.243525,2.13474,0.416561,0.429421,0.0611769,0.103685,0.770538,0.978341,1.49295,0.352043,0.0211696,0.260852
36.565333333,0.191281,1.69964,0.50512,0.0992694,0.0648161,0.0892349,0.886777,1.89939,0.260101,0.393499,0.0553609,0.108781
36.608000000,0.293733,1.49864,0.474292,0.0735231,0.0451052,0.101563,1.01695,2.40819,0.0549071,0.401863,0.0641824,0.228355
36.650666667,0.231809,1.45238,0.43956,0.0264629,0.0294122,0.133457,1.24988,2.83951,0.0424277,0.389481,0.0484402,0.602777
36.693333333,0.20711,1.69548,0.193744,0.0151119,0.0186167,0.256229,1.20512,2.83577,0.0471461,0.287496,0,0.906515
36.736000000,0.306795,2.54926,0.303743,0.609874,0.327861,0.510096,0.808278,1.25459,1.32125,0.0605684,0,0.793485
36.778666667,0.249181,2.96863,0.304147,0.658864,0.231041,1.22249,0.420477,0.636938,1.806,0.0330978,0.0401003,0.432703
36.821333333,0.126463,2.93344,0.127797,0.487404,0.190013,1.74687,0.346015,0.468078,1.91081,0.0826684,0.00154162,0.621485
36.864000000,0.121647,2.7062,0.0884174,0.436566,0.255288,1.7363,0.800649,0.744136,1.63298,0.0415336,0.0321898,0.590998
36.906666667,0.273005,2.68952,0.229447,0.628354,0.387344,1.23555,0.99307,0.964954,0.899615,0.0361101,0.0394826,0.65489
36.949333333,0.241478,2.4338,0.162637,0.526479,0.794255,0.668171,0.9208,0.772677,1.22522,0.0771151,0.0345752,0.360545
36.992000000,0.26016,1.3514,0.2462,0.630435,1.15062,0.516685,1.32947,0.283732,1.72884,0.110099,0.453624,0.361338
37.034666667,0.199289,1.39292,0.33403,0.506087,0.94125,0.410313,1.60986,0.095803,1.65962,0.101484,0.537013,0.67904
37.077333333,0.472649,1.33172,0.395997,0.297972,0.488078,0.546797,1.716,0.17917,1.38784,0.0423574,0.928241,0.679493
37.120000000,0.742368,1.40949,0.478975,0.209609,0.178171,0.828175,1.60603,0.332874,1.04894,0,1.11151,0.548387
37.162666667,0.840981,1.32206,0.398305,0.12881,0.405341,0.716878,1.85339,0.500655,0.717686,0,1.43203,0.482962
37.205333333,0.610207,1.96614,0.13232,0.117301,1.06504,0.188439,2.56671,0.569244,0.104784,0.00478656,1.85634,0.0692704
37.248000000,0.238865,2.09218,0.127446,0.108526,0.935266,0.287231,2.97594,0.452049,0.0664209,0.00527051,1.86263,0
37.290666667,0.288137,2.07367,0.143926,0.0720504,0.875099,0.245228,2.89364,0.435585,0.00115395,0.00236532,2.01495,0.0440936
37.333333333,0.319236,2.01502,0.12515,0.0659657,0.861947,0.191819,2.74479,0.400896,0.0306485,0,2.02417,0.114472
37.376000000,0.374047,2.11209,0.114847,0.15949,0.848274,0.0354377,2.58853,0.301428,0.322556,0.0664002,1.72161,0.00058739
37.418666667,0,1.79952,0.361312,0.224963,0.683444,0.365023,1.79287,0.491119,0.632181,0.120476,1.96345,0.217966
37.461333333,0.0926215,2.3974,0.252861,0.247125,0.672676,0.661529,0.81285,1.14692,0.652013,0.110593,2.08584,0.325691
37.504000000,0.238365,2.36665,0.253514,0.198358,0.533156,0.808841,0.517854,0.971439,0.6451,0.198534,2.06032,0.465353
37.546666667,0.345695,2.3615,0.439493,0.125203,0.187537,0.929089,0.541986,0.251755,0.533775,0.276961,1.95254,0.624038
37.589333333,0.567629,2.0507,0.56698,0.0362518,0.0541349,1.08996,1.09196,0.0718059,0.512328,0.168833,1.46884,0.685975
37.632000000,0.709716,1.69592,0.164602,0.0433103,0.340606,0.755843,1.91205,0.40222,0.0875021,0.0160406,1.78287,0.430388
37.674666667,0.567645,1.57811,0.0101237,0.0505707,0.79045,0.0156161,2.60137,0.634471,0.0493063,0.102101,1.86297,0.133637
37.717333333,0.360755,1.9213,0,0.0586638,0.792836,0.133776,2.79134,0.451879,0.124612,0.0460259,2.02374,0.203363
37.760000000,0.392255,1.88705,0.0391222,0.062452,0.766613,0.100822,3.19971,0.171895,0.217891,0.0180933,2.00827,0.145154
37.802666667,0.421785,1.90874,0.0501247,0.0414748,0.683666,0.0291652,3.19335,0.100323,0.285933,0,1.88579,0.190954
37.845333333,0.370753,1.97459,0.182994,0.140314,0.512554,0.0176742,3.06771,0.472001,0.368565,0.119353,1.94928,0.000454861
37.888000000,0.845787,1.15594,0.265815,1.2071,0.186181,0.0153466,2.53835,0.660944,0.252865,0.492711,1.66933,0.000463528
37.930666667,1.62112,0.393635,0.636589,1.73282,0.0733106,0.00886496,1.77752,0.36707,1.06668,0.312223,1.11112,0.028959
37.973333333,1.84023,0.460767,0.653806,1.83134,0.0873765,0,0.966379,0.898733,1.32646,0.276318,0.656271,0.000473101
38.016000000,2.01942,0.487887,0.435843,1.8387,0.0459369,0,0.407857,1.71338,1.1243,0.888355,9.18278e-05,0.000443678
38.058666667,1.97142,0.784388,0,1.01528,0,0.0474066,0.31153,1.53237,1.43379,0.497944,0.0535578,0.135358
38.101333333,1.57766,1.27738,0,1.08074,0,0.161914,0.15537,1.06815,1.40146,0.382129,0.0712097,0.220062
38.144000000,0.97559,1.74048,0,1.26958,0,0.143782,0.114817,0.490054,1.8122,0.317251,0.0311572,0.21516
38.186666667,0.634191,2.23728,0.139127,1.07333,0,0.0409377,0.00530823,0.0983713,2.41581,0.177456,0.00201996,0.17066
38.229333333,0.0858819,2.38338,0.158418,1.17289,0.021317,0,0.168375,0.197555,2.66308,0.268573,0,5.26039e-05
38.272000000,0,2.13833,0.150688,1.09649,0,0,0.160172,0.203578,2.65989,0.275027,0,0.000432763
38.314666667,0.00489296,2.20886,0.295269,0.424346,0.169889,0.00192567,0.11198,0.165183,2.3164,0.0549364,0,0.000737543
38.357333333,0.0733684,2.35598,0.263267,0.388372,0.162797,0.0474393,0.902155,0.329355,1.54608,0.0913313,0.000139779,0.000693285
38.400000000,0.0135497,2.62574,0.217386,0.421713,0.119582,0.0881353,1.0747,0.327179,0.847526,0.0496782,0.000308836,0.000652792
38.442666667,0,2.74827,0.209021,0.786396,0.0928747,0.082653,1.02416,0.383152,0.816263,0.0341694,0.00143146,0.00580272
38.485333333,0,2.89777,0.186592,0.810683,0.0352384,0.0706391,0.856928,0.888437,0.867167,0.0851298,0.00261257,0.000437834
38.528000000,0.189475,3.11161,0.0603379,0.976497,0,0.0832991,0.55998,0.563197,1.21977,0.133891,0.0324981,0.00023642
38.570666667,0.23209,2.8924,0.5164,1.14731,0,0.103086,0.335556,0.326275,2.24037,0.143331,0.0443715,0.000199722
38.613333333,0.202524,2.11061,1.23073,1.22358,0,0.100949,0.131396,0.290844,2.81792,0.216044,0.0506572,0.000179472
38.656000000,0.0491559,1.57616,1.61454,1.07214,0.00088972,0.0547514,0.185026,0.240508,2.94592,0.439017,0.0585038,0.000113852
38.698666667,0,0.806719,2.08485,0.801021,0.00317598,0.0148543,0.287688,0.252906,2.73181,0.381437,0.0304553,0.0200631
38.741333333,0,0.650113,2.02649,0.765285,0.0398389,0.00529696,0.317415,0.285281,2.4119,0.417181,0.0727799,0.0405603
38.784000000,0,0.783971,1.99897,0.769667,0.149784,0.005141,0.14524,0.179201,2.00496,0.251521,0.0768426,0.000544512
38.826666667,0.307556,0.417377,1.88456,0.815998,0.206038,0.0620129,0.0369642,0.046292,1.77176,0.456089,0.158937,0.000566101
38.869333333,0.34885,0.416795,1.74496,1.01793,0.155577,0.0604623,0.0320852,0.0287224,1.13675,0.380441,0.196288,0.000550538
38.912000000,0.33413,0.769704,1.55175,1.10255,0.106406,0.039421,0.113762,0.0306435,0.83373,0.339459,0.204636,0.000459741
38.954666667,0.350261,1.92295,0.923517,1.03424,0.0460345,0.0236011,0.156302,0.116049,0.951917,0.390833,0.191465,0.000220186
38.997333333,0.136639,2.44359,0.169181,1.03326,0,0.021986,0.073956,0.307942,1.57794,0.306989,0.107616,2.58664e-05
39.040000000,0.0196171,2.28603,0.0190582,1.3671,0,0,0.121622,0.0733792,2.05494,0.218394,0,0
39.082666667,0.0341027,1.77744,0.036381,1.48759,0,0,0.675181,0.100527,1.98982,0.292733,0.0253012,0.383977
39.125333333,0.0389821,1.34274,0.0530055,1.2851,0,0,0.929836,0.0919933,1.73611,0.151772,0.00497586,1.85649
39.168000000,0.0347847,0.337924,0.0708057,1.28395,0,0,0.940729,0.0427454,1.39096,0.0728258,0,2.76453
39.210666667,0,0.216078,0,1.33565,0,0,0.792905,0.105433,1.11846,0.151306,0,3.17853
39.253333333,0.576444,0.139145,0.0511943,0.420949,0.0371461,0.0224396,1.05982,0.202642,2.08188,0.525523,0.00042546,2.82207
39.296000000,0.67624,0.0859334,0.440875,0.333772,0.094839,0.0650454,0.695525,0.13863,3.33123,0.248082,0.000378651,1.69133
39.338666667,0.699338,0.48259,0.748709,0.280984,0.0803606,0.0881125,0.898281,0.0962939,3.54321,0.103583,0.000480773,0.137046
39.381333333,0.604021,0.459098,0.722949,0.345838,0.0423894,0.0788236,0.810467,0.0494065,3.58802,0.0670506,0.00160878,0.0187075
39.424000000,0.649938,0.525005,0.556217,0.563614,0,0.0658512,0.71189,0.056507,3.61113,0.108663,0.00232013,0.0127408
39.466666667,0.217998,0.401835,0.347292,1.00945,0.0109589,0.0728112,0.582798,0.0918987,3.45559,0.14136,0.656282,0
39.509333333,0,0.066805,0,1.56615,0.015291,0.0470832,0.568445,0.112776,1.49041,0.20661,2.2512,0.0433169
39.552000000,0,0,0.0595644,2.02507,0.0297435,0.155614,0.308299,0.141557,1.63655,0.194522,2.21596,0.0238726
39.594666667,0,0,0.0919045,1.87279,0.0173029,0.337148,0.183634,0.0780147,1.50601,0.154798,2.52054,0.00165083
39.637333333,0,0,0.0964313,1.68587,0,0.460717,0.0243088,0.0945956,1.44017,0.153712,2.76019,0.000356342
39.680000000,0,0.103213,0.18063,1.48247,0.0212479,0.472236,0,0.305193,1.18357,0.0692074,3.01163,0.000501135
39.722666667,0.287869,0.122578,0.0990274,1.25639,0.378328,0.414067,0.0158565,0.289127,0.75725,0.00461589,2.98564,0.000592617
39.765333333,0.388497,0.0130716,0.660845,0.369806,0.354503,0.553975,0.0348526,0.00935965,0.66608,0.0124248,2.95887,0.319205
39.808000000,0.186364,0.000439023,0.696151,0.326973,0.406535,0.597373,0.0294062,0.0026421,0.0521203,0.0175576,3.18299,0.728645
39.850666667,0,0.00220992,0.318255,0.319218,0.637662,0.610126,0.0271695,0.00219706,0.0283241,0.0324299,3.36888,0.782599
39.893333333,0.0180939,0.00138381,0.140855,0.107844,1.36942,0.469042,0.026145,0.00427305,0.0266517,0.0479058,3.34089,0.836431
39.936000000,0.122885,0,0.0425059,0.0216547,1.79214,0.647454,0.157545,0.0199801,0.0802472,0.0361478,2.22208,1.5168
39.978666667,0.130248,0,0.00125041,0.211397,1.9996,0.592788,0.451639,0.0230646,0.00281837,0.000182582,0.962082,2.25976
40.021333333,0.105567,0,0.000918118,0.351459,2.19616,0.389594,0.677517,0.0248746,0.00275765,1.29659e-05,0.16599,2.647
40.064000000,0.0410848,0,0.000409285,0.388465,2.43389,0.143002,0.745417,0.0211903,0.00471117,0.000517641,0,2.93278
40.106666667,0,0,0.000555867,0.412067,2.42436,0.187496,0.758799,0.00478451,0,0.00234095,0.558955,2.93962
40.149333333,0.0114237,0,0.0816459,0.290544,1.89275,0.294324,0.796078,0.447612,0.0135407,0.17881,0.919662,2.696
40.192000000,0,0,0.0667173,0.24805,1.30172,0.169312,0.687926,0.942146,0.168178,0.259525,1.17553,1.76758
40.234666667,0.212021,0,0.103311,0.604455,0.429912,0.492265,0.62392,0.603589,0.840715,0.867987,1.00777,1.43992
40.277333333,0.187164,0.260442,0.19384,1.12326,0.179919,0.581326,0.868713,0.0231789,0.633104,1.38533,0.00042662,0.391965
40.320000000,0.115453,0.254059,0.30231,1.32337,0.101474,0.486887,0.811114,0,0.405028,1.54229,0,0.211693
40.362666667,0.197426,0.238936,0.315483,1.27543,0.0555525,0.791853,0.502508,0,0.0430006,1.93486,0,0.388853
40.405333333,0.0215396,0.068343,0.184949,0.680729,0.404399,0.649731,0.530784,0.434888,0.195965,2.28504,0.57434,0.692176
40.448000000,0,0.108502,0.00255333,0.0557786,1.23216,0.158083,0.940422,0.795214,0.22887,2.0212,1.86583,0.71849
40.490666667,0.0172007,0.0555677,0.0759552,0.109723,1.67876,0.0288192,1.20049,0.585102,0.299921,1.04945,2.79003,0.632536
40.533333333,0.0303368,0.018634,0.306248,0.137627,1.87839,0.0730156,1.201,0.201574,0.222043,0.278225,3.36206,0.643806
40.576000000,0.0311303,0,0.191576,0.0999811,2.06624,0.212666,0.98619,0.104771,0.00306861,0.0773562,3.50015,0.704469
40.618666667,0.0319714,0,0.14122,0.184825,2.00399,0.451058,0.622495,0.0021109,0.00783861,0,3.48577,0.763969
40.661333333,0.0292703,0.60037,0.130701,0.487459,1.21646,0.494791,0.487948,0.0673747,0.0284835,0.127681,3.10502,0.774266
40.704000000,0.043368,1.11393,0.0787433,0.838803,0.63084,0.345574,1.55369,0.0868378,0.0237166,0.554141,2.21361,0.538905
40.746666667,0.0739457,1.80155,0.0558824,0.708215,0.369827,0.643297,1.70597,0.0747913,0.0243769,1.01991,1.73343,0.794812
40.789333333,0.127336,1.52774,0,0.262762,0.179856,1.0287,1.46627,0.0727701,0.197795,0.366354,1.35917,1.81095
40.832000000,0.136991,0.773574,0,0.105054,0.140811,0.867585,1.1622,0.0816545,0.0212276,0.711752,1.26375,0.801148
40.874666667,0.212965,0.965185,0,0.282372,0.379891,0.106597,0.98308,0.0990719,0.077864,0.859696,1.12164,0.458791
40.917333333,0.255178,1.09735,0.0245472,0.438944,0.340208,0.168438,1.15929,0.080389,1.17517,0.761503,0.804578,0.183733
40.960000000,0.24742,1.14809,0,0.522272,0.174014,0.132358,1.13008,0.0986747,2.49141,0.391946,0.481809,0
41.002666667,0.236325,1.42424,0,0.577667,0.0873273,0.15777,1.02436,0.0983063,3.09812,0.0214983,0.107111,0.0264677
41.045333333,0.228164,1.56623,0,0.659925,0.00893126,0.0177139,1.02266,0.12771,3.23238,0,0.00165892,7.89358e-05
41.088000000,0.199642,1.12368,0.0335018,0.735432,0.0360228,0.208501,0.764892,0.158152,3.36191,0,0.0727603,0.000321611
41.130666667,0.103829,0.709458,0.180878,0.627428,0.0292378,0.572422,0.771912,0.463994,3.23668,0.0319371,0.125842,0.0586776
41.173333333,0.108684,0.874202,0.243221,0.615197,0.00516695,0.540828,1.88261,0.454778,1.55406,0.20685,0.0177762,0.551089
41.216000000,0.353877,1.44906,0.440043,0.765626,0.0154498,0.363692,2.42693,0.0749075,0.0846533,0.252216,0.525314,0.344865
41.258666667,0.472137,1.69296,0.394451,0.621222,0.0525172,0.295107,2.59836,0.0679218,0.357036,0.298807,0.622092,0.39518
41.301333333,0.418645,1.41452,0.191442,0.476186,0.169511,0.489401,2.84567,0.228931,0.473087,0.251585,0.292221,0.501785
41.344000000,0.00946364,2.13606,0.0171218,0.0314439,0.124706,0.134715,2.94037,0.745007,0.203894,0.00284037,0.879778,0.185463
41.386666667,0,2.44505,0.000873667,0.00169258,0.0636156,0.189076,3.51811,0.604933,0.0589209,0.00187057,0.731933,0.122953
41.429333333,0,2.44448,0,0,0.0622838,0.1415,3.93486,0.341609,0.0170902,0.000555329,0.70395,0.112369
41.472000000,0,2.42762,0.0419193,0,0.0398102,0.0760701,3.94018,0.193562,0.00519074,0,0.764853,0.271332
41.514666667,0,2.57146,0.150411,0,0.0215975,0,4.02331,0.451504,0.230752,0.00997685,0.673764,0.062579
41.557333333,0.678862,2.28455,0.416332,0.397158,0.0168689,0,3.19599,0.571882,0.909924,0.138838,0.248092,0.0189383
41.600000000,1.0695,1.71762,0.363999,1.09273,0.0630213,0.00414945,1.429,0.629772,2.13318,0.0729977,0,0.00545448
41.642666667,1.0632,0.770953,0.374175,1.86186,0.128137,0,0.191896,0.0405994,3.39301,0.0136664,0,0.0260419
41.685333333,0.910762,0.21016,0.357107,2.0359,0.153152,0.00395805,0.0104815,0.047994,3.76283,0,0,0.0215672
41.728000000,0.840303,0.174263,0.345653,1.88968,0.0756996,0.0282686,0.00941181,0.0577601,3.57234,0.0599492,0.00487093,0.0257673
41.770666667,0.914339,0.117752,0.201914,1.88656,0,0.0630522,0.00851967,0.0835774,3.27437,0.124625,0.0644747,0.0327512
41.813333333,0.840763,0.0377425,0.111546,2.0032,0.0459563,0.0828597,0.0221816,0.721835,2.82583,0.142012,0.0414863,0.000145894
41.856000000,0.682829,0.0272892,0.54877,1.68852,0.0813771,0.0515826,0.0548351,1.32727,2.20859,0.187865,0.0406483,0.0497441
41.898666667,0.482266,0.0212591,0.592531,1.5049,0.0747499,0.00862159,0.142298,1.76869,2.01687,0.155738,0.00159501,0.140832
41.941333333,0.30934,0.0210102,0.543735,1.54063,0.0522321,0,0.0336652,1.82647,1.97638,0.154835,0.00532502,0.163857
41.984000000,0.296945,0.0643686,0.638289,1.57247,0.118612,0,0,1.04129,2.44493,0.104958,0.00129038,0.110825
42.026666667,0.518586,0.176773,0.576541,1.34297,0.153859,0.0350537,0.383424,0.147167,3.06155,0.104665,0.000416749,0.038288
42.069333333,0.395985,0.133592,0.418586,1.2164,0.196784,0.0580104,0.626364,0.0507539,3.29531,0.0981899,0,0.0189926
42.112000000,0.346612,0.166367,0.430515,1.22582,0.16399,0.0619593,0.747281,0.0445655,3.23543,0.0312466,0.000366742,0.0112681
42.154666667,0.470847,0.162829,0.414179,1.13477,0.135129,0.0647432,0.709508,0.0357527,2.89317,0.0718042,0.000861311,0.0409736
42.197333333,0.641345,0.127798,0.413752,0.877294,0.042718,0.0692473,0.63941,0.0519893,2.43189,0.121037,0.0153287,0.39244
42.240000000,0.714591,0.0585031,0.196761,0.837267,0,0.0662482,0.514974,0.975085,2.08897,0.156661,0.0369832,0.541382
42.282666667,0.680275,0.0295035,0.222784,1.13373,0.00382633,0.0245007,0.114073,1.82861,1.45435,0.164615,0.0433943,0.471964
42.325333333,1.03276,0.0739464,0.364639,1.55041,0.00770235,0.078682,0.0327813,1.88152,1.37316,0.199693,0.0153853,0.449092
42.368000000,1.41577,0.312624,0.628983,1.66477,0,0.04602,0.120595,1.69693,1.49237,0.144926,0.00994878,0.568144
42.410666667,1.32367,0.378568,0.421305,1.53829,0.109562,0.345962,0.519508,1.37413,1.43896,0.119594,0.0022781,0.556924
42.453333333,0.696694,0.700074,0.366965,0.653972,1.28463,0.96766,0.431336,0.677101,0.967168,0.098735,0.116531,0.196923
42.496000000,0.682034,0.964931,0.329254,0.314851,1.32621,0.785985,0.0517148,0.301058,0.716415,0.111566,0.772573,0.147675
42.538666667,1.4432,0.706979,0.332747,1.08058,0.873159,0.390249,0.170582,0.191814,1.26662,0.218866,0.808596,0.13579
42.581333333,1.60763,0.705209,0.389997,1.47787,0.418206,0,0.298582,0.308985,1.64089,0.518736,0.71939,0.102853
42.624000000,1.80702,0.55929,0.57334,2.13286,0.16888,0,0.480911,0.266383,1.91088,0.844519,0.524674,0.103121
42.666666667,1.26132,0.445577,0.458092,2.24845,0.015524,0,0.559656,0.0673689,2.2076,0.590974,0.302908,0.107687
42.709333333,0.879271,0.284908,0.521708,2.04531,0.0741676,0.0270836,0.402179,0.103474,2.81389,0.132481,0.248286,0.11995
42.752000000,1.04623,0.115348,0.600182,2.30779,0,0.00172281,0.341118,0.21578,3.41442,0.140999,0.63671,0.0896704
42.794666667,1.10494,0.0870003,0.566185,2.30469,0.023108,0.0288624,0.457506,0.142204,3.51084,0.171981,0.825596,0.0516837
42.837333333,1.07689,0,0.531652,2.10897,0.0830313,0,0.536724,0.112304,3.5598,0.124284,0.824969,0.0372869
42.880000000,1.18987,0.0542419,0.465356,2.2488,0.109441,0,0.507626,0.0411696,3.59016,0.126893,0.733507,0.000536078
42.922666667,1.48022,0.20004,0.33715,1.92141,0.107285,0.0426461,0.673074,0.302174,3.40219,0.168035,0.0406834,0.11328
42.965333333,0.331191,0.580912,0.365963,0.756663,0.291381,0.294887,0.726221,1.05499,1.95724,0.451614,0.000812736,0.628837
43.008000000,0.174363,0.554429,0.510419,0.848842,0.280449,0.156919,0.86956,1.0552,1.30769,0.32155,0.000944798,0.759274
43.050666667,0.248493,0.485949,0.557623,1.05137,0.347919,0.213901,0.851374,0.936227,1.355,0.0443348,0.000880064,0.758355
43.093333333,0.303019,0.318158,0.726779,1.12611,0.321973,0.255606,0.755514,0.799408,1.74631,0.0827321,0.000682425,0.625976
43.136000000,0.39527,0.0996457,0.826964,1.24546,0.177971,0.134419,0.601896,0.786954,1.6629,0.185616,0.0405591,0.559513
43.178666667,0.266506,0.0532568,0.12347,1.30304,0,0.00214081,0.366375,0.489708,2.13543,0.143437,0.0355328,0.701536
43.221333333,0.183841,0.0281445,0.0224465,1.69557,0,0,0.0304444,0.431564,2.45538,0.162741,0.0219635,0.758382
43.264000000,0.0548556,0.108145,0.00815221,1.71436,0,0.144522,0.020124,0.259433,2.67868,0.164337,0.0271695,0.887521
43.306666667,0.0412516,0.0353494,0.0437816,1.71038,0,0.169693,0.0126737,0.182373,2.95968,0.144212,0.0191818,1.22536
43.349333333,0.0427998,0.165495,0.043141,1.66208,0.0213758,0.00884612,0.00778258,0.14146,2.95194,0.122832,0.00316805,1.4256
43.392000000,0.143998,0.877282,0.263888,1.50027,0.0610105,0,0.046699,1.00812,2.00101,0,0,1.32788
43.434666667,0.175379,1.47617,0.232408,0.953576,0.0162741,0,0.0484107,1.90886,0.861309,0.047094,0.200496,1.02555
43.477333333,0.156801,1.56905,0.169617,0.277267,0.0407871,0.0439559,0.0573715,2.06028,0.49816,0.153777,0.701685,0.531458
43.520000000,0.141156,1.65802,0.0878254,0.0816719,0.0628018,0.0582992,0.181916,1.67518,0.484638,0.209956,1.03564,0.204226
43.562666667,0.134893,1.67411,0.0891333,0,0.0646076,0.0517979,0.277207,1.44804,0.476466,0.181407,1.16069,0.0956003
43.605333333,0.159631,1.88294,0.293697,0,0.0156204,0.0814936,0.301622,1.43358,0.579033,0.0666593,1.10953,0.1996
43.648000000,0.29829,2.5645,0.642124,0,0.0217854,0.0689246,0.213902,1.1415,1.16901,0,0.427705,0.438152
43.690666667,0.12404,2.83052,0.741707,0.103505,0.330638,0.121072,0.12694,0.450349,1.72989,0,0.0758924,0.429911
43.733333333,0.105448,2.75786,0.425472,0.247551,0,0.0945195,0.123111,0.365845,1.78136,0,0,0.856397
43.776000000,0.0483091,2.59289,0.0914092,0.244504,0,0.145024,0.19485,0.379416,1.68254,0.00236253,0,1.22519
43.818666667,0.262099,2.36647,0.328346,0.218232,0.277813,0.0289363,0.392746,0.583669,1.4245,0.00178336,0,1.21452
43.861333333,0.285132,1.76886,0.489286,0.351677,0.0686025,0.0588487,0.672125,0.335002,0.955105,0.225091,0.028651,1.21989
43.904000000,0.207487,1.35645,0.973934,0.254633,0,0.393728,0.806622,0.366066,0.418514,0.307896,0.363428,0.937458
43.946666667,0.161909,1.38329,0.858198,0.179499,0,0.85512,0.871242,0.890543,0.0814319,0.324458,0.655778,0.633923
43.989333333,0.119851,1.39204,0.535213,0.197644,0,1.31523,0.875625,1.37571,0.203585,0.317913,0.87929,0.716611
44.032000000,0.13246,1.50768,0.748598,0.0991437,0,1.53738,0.766971,0.383335,0.845417,0.163428,0.657559,0.989704
44.074666667,0.167312,2.39979,0.899969,0.0621614,0.00604717,1.81238,0.737812,0.781199,1.14741,0.0686834,0.06808,0.693958
44.117333333,0.202207,2.88405,0.964277,0.106351,0.00617385,1.28752,0.275603,0.787066,1.60702,0,0.0673722,0.212406
44.160000000,0.273685,2.8191,0.676403,0.101903,0,0.944145,0.241381,0.702701,2.03904,0,0.00604308,0.147682
44.202666667,0.279179,2.59171,0.082687,0.299143,0,0.671225,0.322094,0.535935,2.33907,0.241472,0.00184377,0.204723
44.245333333,0.368028,2.30111,0.0270561,0.262455,0,0.20325,0.636378,0.582926,2.61853,0.00203909,0,0.402645
44.288000000,0.518766,1.61125,0.216376,0.303362,0.186753,0.157359,0.699305,0.532912,2.70133,0.000601831,0,0.646448
44.330666667,0.369269,1.42562,0.196644,0.63734,0.135006,0.209158,0.460486,0.553533,2.1795,0.000999866,0.0254284,0.898458
44.373333333,0.237127,1.18756,0.449401,0.541138,0.00519093,0.0618074,0.645422,1.36805,1.18732,0,0.266579,0.869797
44.416000000,0.0389802,1.15151,0.410821,0.2046,0.00333121,0.155992,0.783841,2.47194,0.0227841,0,1.27652,0.354621
44.458666667,0.00856168,1.2025,0.3039,0.109758,0.0251712,0.0919426,0.874203,2.79449,0.0169026,0,1.77281,0.155858
44.501333333,0,1.27608,0.34514,0,0.0307165,0.103875,0.755539,2.538,0.00748866,0.236447,1.85555,0.551707
44.544000000,0.00828394,1.21807,0.276893,0,0.0432735,0.105963,0.779719,2.21168,0.0107455,0.690649,1.77894,0.542763
44.586666667,0.133942,1.25077,0.0819015,0.460647,0.024713,0.286961,0.913971,1.99857,0.285977,0.518689,1.19687,0.677296
44.629333333,0.147381,1.32752,0,0.634586,0.0279859,0.276919,1.28003,1.29621,1.59622,0.00241504,0.482798,1.08649
44.672000000,0.11736,1.00349,0.013569,0.417986,0.0749701,0.218974,1.1302,0.544133,2.54948,0.0015577,0.0579292,1.56684
44.714666667,0.0685332,0.939096,0.00619768,0.257014,0.0927933,0.113725,1.02291,0.184066,2.73819,0.00157149,0,1.90914
44.757333333,0.0396141,0.826088,0.0829799,0.382407,0.325452,0.0184608,0.618493,0.430372,2.39636,0.0188933,0.310757,2.26557
44.800000000,0.239147,0.423692,0.221821,0.387892,0.0673793,0.0362492,0.683095,0.865259,1.63421,0.116573,0.33046,2.55747
44.842666667,0.298891,0.384281,0.334381,0.206065,0.0344125,0.0548119,0.753043,1.41108,0.930627,0.148568,0.253141,2.55722
44.885333333,0.278514,0.891733,0.427721,0.121688,0.0137674,0.0601105,0.643831,1.63612,0.365529,0.168863,0.150794,2.41684
44.928000000,0.172702,1.27952,0.529125,0.0274873,0.0035368,0.0694235,0.625885,1.50885,0.0483418,0.549529,0.172758,2.14315
44.970666667,0.144941,1.3504,0.415128,0,0.0073104,0.224734,0.834714,1.1392,0.125103,0.92755,0.099464,1.66445
45.013333333,0.170739,1.28094,0.639397,0.00187318,0.259616,0.224513,1.07342,0.102601,0.113656,1.47819,0.0518536,1.39328
45.056000000,0.145576,1.04069,0.875086,0.000453058,0.444499,0.255496,1.5541,0.156325,0.128176,1.70223,0.024156,1.48491
45.098666667,0.258512,0.928889,0.707467,0,0.448577,0.0903428,2.21899,0.245327,0.173938,1.50618,0.128614,1.31158
45.141333333,0.379829,1.16941,0.412387,0.0158201,0.332817,0.0313004,2.38658,0.293243,0.224397,1.35459,0.172141,1.24093
45.184000000,0.215924,1.54358,0.242608,0.0268272,0.201796,0.09604,2.46,1.0334,0.303862,0.801796,0.40751,1.20593
45.226666667,0.0226856,1.52997,0.322302,0.275962,0.273233,0.28883,2.22667,1.30144,1.11673,0.0164848,0.261198,1.12086
45.269333333,0.662973,0.0196805,0.157011,1.13823,0.141445,0.14308,1.13433,0.597547,2.60171,0.105636,0.165416,2.19739
45.312000000,0.654368,0.0373392,0.187088,1.46343,0.199881,0.0627339,0.119589,0.430172,3.06383,0.0156635,0.104596,2.41298
45.354666667,0.690535,0.0196576,0.276918,1.31669,0.128578,0.0633418,0.0579755,0.206842,3.36685,0.047323,0.000848799,2.43644
45.397333333,0.683854,0.0138009,0.26373,1.193,0,0.062661,0.0861443,0.0213807,3.50516,0.0724913,0.00338365,2.30532
45.440000000,0.644069,0.0029176,0.118974,1.21072,0,0.0992231,0.224812,0.0327622,3.54401,0.100202,0.00381279,1.93707
45.482666667,0.660561,0,0.000758988,1.58641,0,0,0.26418,0.0696063,3.50291,0.157417,0.00384605,1.54509
45.525333333,0.574055,0,0.0183404,2.0273,0,0.0035572,0.391043,0.0779539,3.46143,0.202441,0.0247601,1.32911
45.568000000,0.699013,0.0415313,0.090184,2.15149,0,0.00187952,0.657601,0.100129,3.54114,0.165185,0.010083,1.314
45.610666667,1.14633,0.115055,0.159452,2.19817,0,0,0.643251,0.0586503,3.75285,0.101,0.00130796,1.24395
45.653333333,1.66019,0.070657,0.206109,2.16603,0.0134792,0.014135,0.438837,0.0541349,4.00494,0.0927009,0.0504961,0.469364
45.696000000,1.00802,0.0466745,0.257273,1.82153,0.0204424,0.196935,0.0151169,0.0814789,3.21163,0.0995571,0.0454961,1.51179
45.738666667,0.398143,0.117633,0.171532,1.08769,0.0860605,0.21706,0.381069,0.143113,2.65956,0.100206,0.0134118,2.38805
45.781333333,0.110351,0.132969,0.192838,1.25625,0.128029,0.205539,0.57011,0.0572153,2.70839,0.0958052,0.00170942,2.60004
45.824000000,0,0.120254,0.189846,1.72137,0.119122,0.132258,0.580359,0.0396849,2.77045,0.0738447,0.00243876,2.53407
45.866666667,0,0.0810818,0.153471,1.94114,0.0475939,0.10093,0.59706,0.0468243,2.79554,0.0990326,0.00230505,2.20251
45.909333333,0.0251888,0,0.0923817,1.84992,0.000508032,0.0441469,0.535538,0.391788,2.81826,0.140411,0.0150411,1.88402
45.952000000,0.0340531,0,0.0102309,2.11709,0.0849723,0.00190565,0.26262,0.942841,2.72755,0.153382,0.0272203,1.7234
45.994666667,0,0.0230929,0,2.46366,0.0247585,0.00427566,0.271778,0.986841,2.46682,0.146367,0.0334002,1.75199
46.037333333,0,0.104872,0.10669,2.34591,0.0308962,0.00190157,0.314415,0.504214,2.7447,0.147852,0.0145402,1.62256
46.080000000,0.281269,0.114595,0.222774,2.29458,0.0378715,0.0776728,0.308682,0.0589218,3.27827,0.0897852,0.00149589,1.15132
46.122666667,0.564144,0.145718,0.235642,2.44789,0.0500256,0,0.259229,0.0440374,3.30149,0.100256,0.0706336,0.788471
46.165333333,0.211078,0.154329,0.217421,2.30159,0.028877,0.0175836,0.459718,0.00547906,1.73714,0.669692,0,2.34554
46.208000000,0.401665,0.18333,0.224495,1.82691,0.0279006,0.0277435,0.38084,0.00468126,1.42773,0.237067,0,2.61998
46.250666667,0.293196,0.188203,0.211439,1.62036,0.0497641,0.0999313,0.433984,0.00314913,2.2787,0.0276402,0,2.5849
46.293333333,0.231459,0.179619,0.176625,1.72152,0.0256032,0.0458641,0.502551,0.00109236,2.91638,0.0480281,0.00123475,2.46953
46.336000000,0.0921417,0.14968,0.114902,1.93076,0.00930024,0.0125474,0.473945,0.00369698,3.22221,0.0967779,0.00367654,2.44007
46.378666667,0.0714061,0.0807783,0,2.03228,0,0.00158021,0.414785,0.0379144,3.34487,0.131795,0.0315384,2.50252
46.421333333,0.0873468,0.0377727,0,2.20248,0,0.00265594,0.40615,0.0757056,3.23321,0.15334,0.0333913,2.55441
46.464000000,0.0559699,0,0,2.29163,0,0,0.38796,0.0973695,3.16086,0.172096,0.030494,2.41298
46.506666667,0.0407594,0,0,2.17818,0,0,0.357455,0.0560273,3.03702,0.130828,0.00273635,2.17221
46.549333333,0.033617,0.0193949,0,2.40457,0,0,0.405125,0.0322369,3.10142,0.0752941,0.00114435,1.94666
46.592000000,0.537401,0.028567,0.00160328,2.26537,0.00374621,0,0.1128,0.1017,3.55321,0.125848,0,1.27051
46.634666667,1.29091,0.0938101,0.297487,1.97866,0.0904479,0.0797838,0.101158,0.187907,3.26949,0.491672,0,0.847193
46.677333333,1.20976,0.107775,0.540646,1.8021,0.114473,0.52706,0.643857,0.61061,2.2958,0.434745,0,0.466982
46.720000000,1.03181,0.126744,0.615715,2.27808,0.10724,0.525151,0.806321,0.819226,0.869424,0.418778,0,1.02503
46.762666667,0.799859,0.129609,0.553275,2.44844,0.0832153,0.364557,0.702002,0.964525,1.11904,0.414142,0,1.63954
46.805333333,0.382032,0.140935,0.549737,2.22405,0.026829,0.399692,0.523037,1.04256,1.94032,0.405645,8.6376e-05,1.93708
46.848000000,0.488531,0.114319,1.17831,1.50343,0,0.475095,0.301874,0.631449,2.6214,0.342306,0.00591667,1.5501
46.890666667,0.920364,0.162461,1.55212,1.12197,0.0462095,0.00926374,0.575781,0.662399,2.91126,0.249035,0.462186,0.435719
46.933333333,0.850053,0.862788,1.54,0.741235,0.0661467,0,0.433351,0.427596,2.7804,0.132322,0.677661,0.235128
46.976000000,0.566894,1.45241,1.42393,0.317001,0.0794197,0,0.436755,0.0936899,2.88447,0.163423,0.675625,0.171927
47.018666667,0.367551,2.01953,1.19567,0.0760879,0.0891995,0,0.395854,0.0796666,2.81271,0.132209,0.529082,0.194504
47.061333333,0.223726,2.63606,0.616342,0.161511,0.37587,0.000803647,0.167604,0.0910291,2.5796,0.141905,0.0941951,0.274566
47.104000000,0,2.79912,0.204951,0.34565,1.05163,0.0364551,0,0.0140675,2.20677,0.084421,0.000358638,1.29486
47.146666667,0,2.93256,0.0642221,0.282324,1.5666,0.0174161,0.18419,0.00263959,1.46855,0.0825419,0.00826598,1.64505
47.189333333,0,3.09515,0.00476359,0.248534,1.80811,0.0623088,0.29732,0,1.32661,0.0400842,0.0132542,1.70118
47.232000000,0,3.56336,0,0.165174,1.87603,0.022401,0.310953,0,1.27787,0.0225052,0.00418999,1.37346
47.274666667,0,3.71124,0,0.0641212,2.16304,0.0360528,0.381211,0.00065832,1.10376,0.0158039,0,0.95325
47.317333333,0,3.58187,0.000546928,0.0431074,2.26444,0.0490979,0.331009,0.0528746,0.776333,0.00125888,0,0.756476
47.360000000,0.0207497,3.13195,0.0020784,0.149034,2.7803,0.0103834,0.405255,0.0173753,0.93954,0.0015881,0.027236,1.05822
47.402666667,0.0106489,2.57631,0.000681189,0.245312,3.33259,0.00349869,0.365004,0.0242968,1.51043,0.0015253,0.135709,1.53951
47.445333333,0.000393011,1.74622,0,0.228135,3.62445,0.0161562,0.183322,0,1.97326,0.0404692,0.354597,2.12668
47.488000000,0,0.618342,0,0.202158,3.80812,0.0797695,0.0134164,0,2.26765,0.117863,0.239043,2.63739
47.530666667,0,0.93194,0.0106722,0.148402,3.5573,0.280028,0.0574915,0.146463,1.93005,0.0031548,0,2.51871
47.573333333,0.247011,1.73862,0.0103515,0.178468,2.9172,0.197894,0.418552,0.394748,1.16452,0.275544,0.000183583,2.08339
47.616000000,0.226387,1.97825,0.195461,0.130844,2.35398,0.135248,0.775167,0.524162,0.643415,0.349806,0.0677659,1.87999
47.658666667,0.111363,2.04609,0.315576,0.100399,1.94923,0.136289,0.917962,0.709717,0.439038,0.315744,0.0121168,1.97527
47.701333333,0.3417,2.00837,0.394703,0.0296278,1.74395,0.117775,0.876245,0.667268,0.769135,0.309141,0.00230866,2.18523
47.744000000,0.258782,1.82324,0.468512,0.0124368,1.97488,0.0789851,0.441368,0.348203,1.33694,0.11365,0.00262997,2.35045
47.786666667,0,0.432843,0.154342,0.011163,3.23915,0.037758,0.0534141,0.517716,2.20048,0.0330903,0.0016312,2.43322
47.829333333,0,1.12835,0.120208,0.12803,3.23395,0.197957,0.283909,0.567628,2.23315,0.00206478,0.0203461,1.99382
47.872000000,0,1.56636,0.213099,0.194932,2.98932,0.175602,0.386054,0.324801,2.30028,0.00257035,0.0879829,1.53116
47.914666667,0,2.02292,0.173689,0.198094,2.59043,0.0879077,0.365816,0.131737,2.25507,0.00354945,0.0978844,1.28733
47.957333333,0,2.41879,0.0669711,0.189312,2.44638,0.216485,0.239086,0.179392,1.97693,0.00397402,0.0672748,1.10739
48.000000000,0,2.28945,0.039044,0.177494,2.06491,0.333859,0.660921,0.262665,1.75949,0.0529161,0,0.899368
48.042666667,0,2.50054,0.00476255,0.160391,1.72137,0.414939,1.71388,0.0203604,1.24677,0.0539192,0.273167,0.783726
48.085333333,0,2.8941,0.00200819,0.152049,1.20906,0.304986,2.49306,0.0658832,0.668281,0.1184,1.3229,0.602494
48.128000000,0,3.17434,0.0458193,0.191358,0.87772,0.0419261,2.84474,0.0715436,0.350171,0.12066,1.70506,0.379709
48.170666667,0,3.2609,0.0490154,0.134912,0.812667,0.0653451,3.03801,0.0663797,0.365885,0.0122258,1.59673,0.223464
48.213333333,0,3.18166,0.0202693,0.0776585,0.617137,0.0858731,3.23633,0.0720359,0.271453,0.289646,1.67433,0.149643
48.256000000,0,2.54798,0.0926201,0.0242931,0.278089,0.106486,3.77434,0.0843364,0.225968,0.65051,1.56744,0.054588
48.298666667,0,1.68989,0.420703,0.0727769,0.162297,0.092471,3.72611,0.053269,0.102882,0.614597,1.6934,0.139498
48.341333333,0.311892,1.44639,0.205487,0.389996,0.248737,0.27034,3.10377,0.0887802,0.064327,0.596201,1.80889,0.468757
48.384000000,0.471613,1.49544,0.0209378,0.330027,0.150779,0.744496,2.63647,0.0659487,0.00719418,0.362272,1.72122,0.603648
48.426666667,0.436438,1.84314,0,0.102083,0.0107182,0.650137,3.22712,0.0597871,0.0128104,0.0390683,1.41649,0.363584
48.469333333,0.309144,2.2608,0.207721,0.2073,0.0140276,0.235899,3.64513,0.350106,0.0415628,0.0586737,1.28298,0.000467233
48.512000000,0.00540248,2.2356,0.212193,0.238854,0.0155137,0.123702,3.45852,0.166065,0.0885712,0.0827468,0.85509,0.311491
48.554666667,0,2.57425,0.23384,0.215487,0.00388869,0.363564,3.23419,0.0477697,0.0978785,0.122402,0.810306,0.301843
48.597333333,0.014377,2.67759,0.231824,0.113517,0,0.605664,2.92509,0.0747639,0.103519,0.179959,1.32232,0.0988654
48.640000000,0.124594,2.72446,0.235007,0.0173624,0.0153742,0.515073,2.95242,0.0772964,0.0832489,0.210547,1.76909,0.120521
48.682666667,0.130822,2.78316,0.165991,0.00588655,0.0185949,0.124027,3.37287,0.40522,0.235777,0.113197,2.10942,0.0264707
48.725333333,0.107969,2.91618,0,0.00261701,0.0277484,0.252769,3.04115,0.553098,0.253807,0.0536535,1.75042,0.0086651
48.768000000,0.122269,2.71972,0,0,0.0262558,0.299221,3.22029,0.0852402,0.104297,0.0370723,1.0921,0.0756368
48.810666667,0.0789151,2.3497,0,0,0,0.304785,3.24915,0.0871205,0.00024331,0.0298343,0.891541,0.176421
48.853333333,0.0500169,2.0844,0,0,0,0.194073,3.38334,0.135588,0,0.103564,0.860816,0.224327
48.896000000,0.0925816,2.11865,0.0599528,0.00824529,0,0.116334,3.34413,0.341142,0.00377921,0.0342721,0.581336,0.205537
48.938666667,0,1.30097,0.173018,0.480532,0.137112,0.176446,2.83407,0.605574,0.424165,0.0444361,0.096429,0.29956
48.981333333,0,0.924754,0.167123,0.617568,0.69482,0.523038,1.74494,0.239318,1.33784,0.0490838,0.131901,0.706683
49.024000000,0,0.400303,0.15946,0.842283,1.31612,0.711295,0.838039,0.0277905,1.91841,0.065633,0.302522,1.33349
49.066666667,0,0.0904458,0.14217,1.22473,1.37978,0.512501,0.254536,0.0323851,2.52989,0.0799971,0.397352,1.95116
49.109333333,0,0.0851538,0.0592758,2.05203,0.646946,0.0527707,0.112507,0.0756478,2.87645,0.10772,0.367289,2.36107
49.152000000,0,0.0571788,0,2.50262,0,0.0125446,0.166597,0.0937956,3.16704,0.133954,0.40564,2.74819
49.194666667,0.00385351,0,0,2.9702,0,0.0250478,0.190563,0.0866249,2.79867,0.140385,0.44993,2.81295
49.237333333,0.00691679,0.0396428,0,3.01144,0,0.0309087,0.295022,0.114909,2.64472,0.178876,0.585618,2.59949
49.280000000,0,0.432953,0.0229099,2.64721,0,0,0.512069,0.0729294,2.51916,0.107802,0.895971,1.91679
49.322666667,0,0.420032,0.154003,2.8651,0.0169042,0,0.835674,0.0563021,2.63957,0.0948668,0.968545,1.1065
49.365333333,0,0.0520058,0.0751749,2.84957,0.171945,0,0.545664,0.0843929,2.93933,0.110311,0.935612,1.16162
49.408000000,0,0.0429293,0.140131,2.75517,0.175088,0.0451023,0.570374,0.0910623,2.55521,0.0572989,0.0855608,2.1931
49.450666667,0.0395554,0.0692128,0.174168,2.61927,0.18091,0.0566294,0.587739,0.0824803,1.65899,0.0549698,0,2.30425
49.493333333,0.00959137,0.103605,0.158808,2.60286,0.172759,0.0509331,0.632846,0.051719,1.78979,0,0,2.30559
49.536000000,0,0.110495,0.227874,2.55298,0.11543,0.0374148,0.621317,0.0379993,2.27293,0.042512,0,2.40347
49.578666667,0,0.094343,0.257189,2.34898,0,0.00413564,0.563941,0.0541808,2.69777,0.123799,0.00253421,2.6923
49.621333333,0.0243421,0.0168423,0,2.43232,0,0,0.486539,0.166752,2.73319,0.153189,0.00981377,2.86427
49.664000000,0,0.0464661,0,2.90557,0,4.6276e-05,0.322362,0.238739,2.44097,0.181017,0.038137,2.82089
49.706666667,0,0.0445254,0,2.89251,0,0,0.511475,0.123535,2.66499,0.181947,0.0235836,2.80423
49.749333333,0,0.0360277,0.00505502,2.56536,0,0,0.600334,0.121835,3.11641,0.100903,0.00618879,2.85141
49.792000000,0.0154261,0.190812,0.0426716,2.68726,0,0,0.453186,0.0676355,3.07869,0.0626558,0.137676,2.77461
49.834666667,0,0.24296,0.0463352,2.47265,0.0123694,0.13055,0.0159296,0.072631,2.67516,0.221692,0.110378,2.73725
49.877333333,0.359084,0.17538,0.150649,2.13844,0.270538,0.145606,0.140837,0.0242879,2.188,0.283503,0,2.33172
49.920000000,0.606411,0.195518,0.165299,1.88585,0.193007,0.119876,0.21065,0.0408707,2.47086,0.0724857,0,2.13349
49.962666667,0.569851,0.182713,0.160324,1.87825,0.105514,0.0721175,0.23439,0.0279457,2.87061,0.0391307,0.0097944,2.19354
50.005333333,0.430668,0.151642,0.121203,1.94099,0.041462,0.046221,0.28062,0.02407,3.23887,0.0646983,0.00531256,2.27601
50.048000000,0.24927,0.110639,0,2.04545,0,0.0293291,0.339804,0.0431773,3.52143,0.109751,0.00188802,2.33871
50.090666667,0.0319503,0.0567312,0,2.2608,0,0.00212227,0.282911,0.0751541,3.71069,0.14729,0.0149593,2.22165
50.133333333,0,0.00880679,0,2.64069,0,0.00074818,0.106814,0.120392,3.5707,0.181978,0.0494598,2.31886
50.176000000,0,0,0,2.74412,0,0,0,0.110688,3.54909,0.180593,0.0144343,2.53697
50.218666667,0.0286445,0,0.0155468,2.76276,0,0,0.248758,0.0465207,3.59262,0.0934998,0.00358883,2.58529
50.261333333,0.167849,0.0853299,0.138533,2.7796,0,0,0.369303,0.0692599,3.72769,0.0785686,0.0918699,2.01139
50.304000000,0.6866,0.438169,0.255587,1.81938,0.0517138,0.397029,0.245081,0.110141,3.30271,0.082555,0.000160729,1.14374
50.346666667,0.599347,2.10359,0.182242,0.755837,0.118378,0.379878,1.04984,0.241096,2.12733,0.0673408,0.197051,0.519412
50.389333333,0.384602,2.50905,0.245709,0.452759,0.121811,0.307915,1.08242,0.0746729,1.54082,0.0463477,0.563351,0.229193
50.432000000,0.251144,2.44263,0.303031,0.554556,0.120617,0.0430621,0.963931,0.0380092,1.49592,0.106637,0.32505,0.122701
50.474666667,0,1.74826,0.988459,0.778628,0.0739091,0.0449972,0.844617,0.0419976,1.7573,0.091464,0,0.00022864
50.517333333,0,0.893019,1.4018,0.920644,0,0.0429761,0.555634,0.0585565,2.36799,0.142107,0.0502368,8.90574e-05
50.560000000,0,0.360395,1.69383,0.963908,0,0.0275378,0.258224,0.345901,2.36615,0.30426,0.059577,4.83924e-05
50.602666667,0.0114739,0.375355,1.87645,1.08856,0,0.0190216,0.0483089,0.188737,2.09323,0.693527,0.0729228,0.0840198
50.645333333,0,0.518498,1.82185,0.94377,0,0,0.0977013,0.0480777,2.11769,0.913374,0,0.0386476
50.688000000,0,0.467751,1.43145,0.841875,0,0,0.175225,0.0204314,2.35326,0.46702,0,0.0301346
50.730666667,0.027323,0.659959,1.52887,0.884932,0,0,0.218061,0.034585,2.43016,0.211403,0.0191396,0
50.773333333,0.099908,2.03819,1.02835,0.867193,0.0352769,0.00519623,0.0362518,0.0195308,2.09785,0.228126,0.0127131,0.0290599
50.816000000,0.117425,3.14308,0.398387,0.141624,0.0240725,0.348536,0,0,1.99405,0.256235,0,0.0333841
50.858666667,0.113168,3.80707,0.153728,0.0513425,0.0241813,0.873617,0.0727824,0,1.99513,0.281755,0,0.179206
50.901333333,0.105935,4.10434,0.102813,0,0.029824,1.03272,0.167175,0,2.10815,0.192626,0,0.257797
50.944000000,0.108004,4.13734,0.0978091,0,0.0286907,1.12832,0.126139,0,1.95839,0.0255376,0,0.256971
50.986666667,0.133454,3.86091,0.153358,0,0,1.33321,0,0.00364385,1.64254,0.00809976,0.611382,0.310641
51.029333333,0.202388,3.62055,0.289987,0.0127126,0,1.37145,0.0637611,0,1.87583,0,1.0821,0.873444
51.072000000,0.203718,2.74749,0.285418,0.165632,0,1.40227,0.2178,0.106811,1.62479,0,0.927914,2.09276
51.114666667,0.0962996,2.25031,0.0834617,0.175019,0,1.51131,0.321629,0.0975958,1.19928,0,0.510614,2.73172
51.157333333,0.111589,1.97945,0.0866826,0.167704,0,1.28867,0.695484,0.0374831,0.846678,0.00506192,0,3.04314
51.200000000,0.272674,2.06347,0.190166,0.076062,0.0879246,0.725447,0.457685,0.693383,0.386737,0,0.00171065,2.93557
51.242666667,0.410407,1.77378,0.212525,0.163706,0.101109,0.965564,0.377856,0.484894,0.121589,0.0998792,0.00223836,2.34284
51.285333333,0.695699,1.84873,0.097017,0.0780218,0.162684,0.646096,0.602655,0.299932,0.227453,0.279184,0.0329528,1.53613
51.328000000,0.627776,3.05976,0.000229882,0.0129086,0.155642,0.31836,0.827154,0.184215,0.502576,0.366654,0.0373347,0.917758
51.370666667,0.370328,3.78115,0,0.00414581,0.0898661,0.177129,0.933553,0.0997963,1.00029,0.414719,0.00203551,0.214182
51.413333333,0.16441,4.03353,0,0,0.00628619,0.20416,0.830519,0.0437349,1.20397,0.445295,0.000910702,0.000376554
51.456000000,0.217718,3.88767,0.0539028,0,0,0.323147,0.6221,0.0452108,1.2099,0.267579,0,0.000487491
51.498666667,0.24347,3.68924,0.359418,0,0,0.495449,0.122323,0.378628,1.76895,0.0968623,0,0.0980166
51.541333333,0.201536,2.84623,1.01902,0,0,0.538967,0.0682792,0.605734,2.22215,0.00958623,0,0.0447339
51.584000000,0.11903,2.54323,1.73787,0,0,0.564244,0.170831,0.682006,2.27642,0.0037437,0,0.0265472
51.626666667,0.0652057,2.92074,1.62858,0,0.248793,0.514292,0.538504,1.0004,2.01584,0.0532743,0.00502437,0.0546058
51.669333333,0.109502,3.28976,1.20886,0,0.269023,0.447988,0.665168,1.05236,1.79313,0.038443,0.0806766,0.149702
51.712000000,0.0605692,3.47435,0.301574,0.0966366,0.063528,0.374087,0.320073,0.685966,1.67075,0.05635,0.283394,0.178331
51.754666667,0.0792662,3.42639,0,0.0795145,0.0241306,0.375976,0.695961,0.0983928,0.962549,0.0141101,0.866624,0.167496
51.797333333,0,3.44128,0,0.0111631,0.135459,0.268828,1.15104,0.0695527,0.444479,0.0673744,1.35269,0.0766475
51.840000000,0.0035442,3.48132,0.000212261,0,0.0812332,0.148437,1.84934,0.0527641,0.188651,0.190908,1.38239,9.47421e-05
51.882666667,0.1256,3.34425,0.0869999,0,0.00834193,0.1428,2.49685,0.0401416,0.0274631,0.220462,1.15269,0.0143801
51.925333333,0.0953017,2.98687,0.0458141,0,0.0214325,0.154358,2.96748,0.0811619,0.0231804,0.126741,1.1184,0.206444
51.968000000,0,2.57518,0,0,0.0273671,0.124286,2.97707,0.155774,0.0762169,0.0647705,0.849778,1.33964
52.010666667,0.0129386,1.88056,0.000916263,0,0.0280454,0.101339,2.58092,0.120295,0.0784044,0.17881,0.177108,2.21986
52.053333333,0.154844,1.27144,0,0,0.115818,0.0761187,2.53141,0.090401,0,0.240528,0.0944792,2.49024
52.096000000,0.169258,0.884842,0.0238301,0.0281333,0.13584,0.0381061,2.60873,0.12981,0,0.181664,0.0739251,2.75812
52.138666667,0.0433425,0.590318,0.0693207,0.410845,0.0257768,0.329042,2.51449,0.244698,0,0.061663,0.0303569,3.00281
52.181333333,0.0584374,0.596579,0.00333972,0.864028,0.0320918,0.531162,2.36059,0.387711,0.10678,0.0319487,0.116854,2.89397
52.224000000,0,0.625408,0.0563314,0.734929,0.0134558,0.626784,2.13218,0.0811846,0.187828,0.118497,0.015079,2.95241
52.266666667,0.041255,0.820042,0.0552147,0.347692,0.0119527,0.537064,2.14599,0.116498,0.306127,0.186933,0.0473957,2.6035
52.309333333,0.124571,0.906181,0.0707003,0,0.00112215,0.284593,2.2121,0.214764,0.281848,0.20358,0.0853821,2.18597
52.352000000,0.436522,0.845378,0.138939,0,0.267603,0.0913055,2.34773,0.321914,0.316544,0.187098,0.0552666,1.71437
52.394666667,0.771588,0.796251,0.0441388,0.250095,0.327441,0.0627171,2.42176,0.542805,0.274475,0.497011,0.0514427,0.754555
52.437333333,0.740739,1.51259,0.0817161,0.194455,0.189188,0.0814597,2.6703,0.567097,0.076237,0.406829,0.843818,0.49713
52.480000000,0.277912,2.22175,0.0170826,0.0450764,0.172263,0.139601,3.11718,0.245282,0.0498745,0.0383359,1.28479,0.445093
52.522666667,0.134127,2.14063,0.0181819,0,0.104567,0.107512,3.61635,0.16476,0,0.00032787,1.39461,0.410587
52.565333333,0.18692,2.01045,0.0430916,0,0.0626463,0.115022,3.90606,0.112944,0,0,1.32953,0.464888
52.608000000,0.282475,1.90287,0.238925,0.000962189,0.0296759,0.168484,3.74769,0.329939,0.0354501,0.00421471,1.22202,0.54
52.650666667,0.353829,0.832006,0.368618,1.5193,0.0144528,0.0572702,2.34116,0.244525,0.688886,0.164248,0.847131,0.610784
52.693333333,0.095839,0.34852,0.220814,2.44308,0.0087601,0.109016,0.645941,0.143051,1.67162,0.370185,0,1.68088
52.736000000,0.108523,0.184559,0.209067,2.40403,0.000468454,0.0411718,0.359125,0.0622452,2.34472,0.217989,0,1.86986
52.778666667,0.112519,0.163046,0.151947,2.16369,0.00531482,0,0.373456,0.0465652,2.89135,0.181809,0,1.67046
52.821333333,0.11773,0.0846463,0.0392185,1.8012,0.00778128,0,0.398523,0.0558235,3.23817,0.187673,0,1.62684
52.864000000,0.141053,0.0434476,0.0386672,1.6032,0.0111816,0,0.423375,0.0970917,3.38846,0.166103,0.0092347,1.8512
52.906666667,0.165084,0.0276633,0.188027,1.7205,0.00881676,0.00673946,0.548392,0.10353,3.39486,0.118363,0.0149838,2.08755
52.949333333,0.35874,0.0199696,0.300754,1.82121,0.0241358,0.0124194,0.605332,0.0775877,3.23883,0.135528,0.0414791,2.10244
52.992000000,0.708187,0,0.402856,1.7527,0.0758794,0.00712523,0.68398,0.030415,3.51627,0.0884137,0.123712,1.25659
53.034666667,0.853551,0.136178,0.373911,1.73664,0.0722218,0.0191125,0.636793,0.0372223,3.61552,0.182622,0.0980326,0.142332
53.077333333,1.13146,0.25091,0.305445,1.95008,0.0260274,0.153443,0.167089,0.0288876,2.83247,0.431435,0.00592735,0.553271
53.120000000,0.694642,0.189814,0.232372,2.15084,0.100102,0.0970636,0.740021,0.116087,2.07513,0.125484,0,1.09392
53.162666667,0.343532,0.156198,0.218742,2.22515,0.116514,0.0678495,0.934625,0.0787802,1.64674,0.0401561,0.000163973,1.93103
53.205333333,0.149257,0.119556,0.185081,2.21632,0.088416,0.0601165,0.927244,0.0720175,1.92139,0.0708834,0.00109771,2.19207
53.248000000,0,0.0732232,0.157916,2.22025,0.0220339,0.0488603,0.887842,0.0776231,2.07549,0.116005,0.0198532,2.14656
53.290666667,0,0,0.0861037,2.08977,0.0156558,0.0103775,0.7778,0.370834,2.18206,0.154649,0.0526887,1.99038
53.333333333,0,0,0.0226414,2.26034,0.000203018,0.0143214,0.640817,0.894448,2.12815,0.312236,0.0376156,1.86131
53.376000000,0.0172571,0.0432392,0.0854622,2.48963,0.00290687,0.0468366,0.84248,0.744989,2.3433,0.170223,0.0205888,1.83925
53.418666667,0.343557,0.174997,0.185378,2.24794,0,0.0426667,0.947207,0.152133,2.75074,0.109908,0.00913396,1.78879
53.461333333,1.05754,0.201406,0.34643,2.22081,0,0.0239119,0.951563,0.0238298,3.08133,0.0748699,0.1745,1.24012
53.504000000,1.38051,0.201365,0.280991,2.25032,0.00682678,0.0114181,0.573185,0.226508,3.08928,0.134937,0.19849,0.611157
53.546666667,0.879181,0.10225,0.130205,2.10484,0.33787,0.00916191,0.400655,0.121483,3.32729,0.0344084,0,0.476187
53.589333333,0.818623,0.0258498,0.153723,1.92488,0.28202,0.0194361,0.381256,0.00213429,3.30864,0.0341874,0,1.36294
53.632000000,0.828671,0.00198373,0.131741,1.97068,0.133283,0,0.323863,0,3.28964,0.0626608,0.00212714,2.15611
53.674666667,0.698199,0.0381632,0.113889,2.03217,0.0409098,0,0.208953,0,3.22261,0.0839776,0.00392922,2.88169
53.717333333,0.55567,0.0565479,0,2.11258,0.00741749,0,0.141143,0.00866826,3.03396,0.103202,0.00335151,3.18176
53.760000000,0.525924,0.073104,0,2.14941,0,0,0.16495,0.0573015,2.74088,0.133114,0.00539237,3.29276
53.802666667,0.322911,0.00978039,0,2.21112,0,0.0038242,0.145597,0.0819285,2.81528,0.15222,0.0377768,3.35868
53.845333333,0.0271039,0,0.0280361,2.38969,0,0.00136902,0.125554,0.0917005,2.76651,0.146727,0.0491954,3.31062
53.888000000,0.117644,0.14199,0.0146656,2.20388,0,0,0.035222,0.0779674,2.8125,0.119489,0.235996,2.94926
53.930666667,0.375518,0.164692,0.0732192,2.19805,0,0,0.151753,0.0754846,2.85297,0.0802129,0.358174,2.48937
53.973333333,0.662035,0.108392,0.0919923,2.08368,0.00606703,0.0165979,0,0.0938784,3.00218,0.0839642,0.211292,1.83702
54.016000000,0.90671,0.199126,0.190195,1.62254,0.329733,0.268915,0.33268,0.582281,2.2348,0.363887,0,1.08223
54.058666667,0.853898,0.421756,0.266509,1.5448,0.297866,0.527743,0.640235,0.902068,1.59843,0.642845,0,0.237348
54.101333333,0.951859,0.382133,0.345726,1.80845,0.201416,0.405022,0.741859,0.768693,1.43504,0.668034,0.164611,0.0318514
54.144000000,0.976134,0.324959,0.338552,2.19799,0.0831788,0.420773,0.795897,0.760413,1.3271,0.618149,0.302511,0.100005
54.186666667,0.964118,0.140278,0.128935,2.42067,0,0.38817,0.766098,0.644327,1.68401,0.904561,0.130018,0.872945
54.229333333,0.848007,1.25612,0.15163,1.42909,0,0.0390285,1.27236,0.0674027,2.37462,0.596617,0.041103,0.606599
54.272000000,1.03662,1.56928,0.370437,1.33281,0,0.0115004,1.10289,0.104847,2.70649,0.394634,0.231441,0.185538
54.314666667,0.899364,1.79326,0.300464,0.9467,0.00293122,0.00185247,0.845538,0.106025,2.78937,0.173094,0.443156,0.0755214
54.357333333,0.622613,2.1617,0.265581,0.319525,0.00972572,0.037857,0.689461,0.0779234,2.84767,0.0914105,0.516713,0.000210525
54.400000000,0.513259,2.57796,0.263154,0.0164431,0.0240643,0.100757,0.364369,0.120156,2.8039,0.076567,0.357183,0.000388624
54.442666667,0.265558,2.80192,0.311238,0.246825,0.529338,0.146189,0.0398084,0.447509,2.64205,0.0408918,0.186997,0.10792
54.485333333,0,3.23284,0.0711002,0.289684,1.3024,0.0352544,0.0391445,0.130856,2.48378,0.0709414,7.69007e-05,0.415889
54.528000000,0,3.43463,0.0185984,0.288682,1.89349,0.0284003,0.118336,0.00276072,2.03878,0.0250766,0.0124523,0.804634
54.570666667,0,3.96857,0,0.205635,2.13134,0.0237729,0.294428,0,1.69915,0.0529851,0.00902469,0.734819
54.613333333,0,4.11438,0,0.105373,2.24641,0.0223763,0.326225,0,1.61153,0.02029,0.00623923,0.56309
54.656000000,0,4.14353,0,0.0843342,2.1682,0.0894348,0.291294,0.000756973,1.45621,0.000320975,0.00533795,0.481314
54.698666667,0,3.97042,8.75652e-06,0.102656,2.06552,0.0352571,0.253118,0.000191594,1.44374,0.000184714,0,0.900933
54.741333333,0,3.3802,0.00126243,0.226334,3.11091,0.0160434,0.304196,0,1.49384,0,0,1.50331
54.784000000,0.0376476,1.71826,0.000908145,0.215547,3.6907,0.0184081,0.195389,0,1.79619,0,0.0511176,2.31358
54.826666667,0,0.197134,0,0.168632,4.02201,0.0319876,0.12331,0,2.15137,0,0.107354,2.69853
54.869333333,0,0.275064,0.0001574,0.117302,4.20883,0.036977,0.0966053,0,1.98776,0.000190863,0.150774,2.61703
54.912000000,0.509734,0.87111,0.0203349,0.34361,3.38766,0.261045,0.200029,0.150561,1.61788,0.0539926,0.0271628,2.24345
54.954666667,0.843884,1.28973,0.0331751,0.386621,2.93276,0.2643,0.407703,0.250434,1.33599,0.0472209,0.00111806,0.929023
54.997333333,0.769973,1.31555,0.0341538,0.216485,2.54144,0.127698,0.688714,0.0567559,1.36414,0.255426,0.00122336,0.634749
55.040000000,0.524645,1.16069,0.0316176,0.0815576,2.22273,0.110123,0.872828,0.0582621,1.64922,0.372112,0.0010741,1.12499
55.082666667,0.305825,0.945399,0.035153,0.0433513,2.12248,0.097328,0.845316,0.0905727,1.97757,0.317188,0.000577074,2.04941
55.125333333,0,1.46638,0.0420383,0.0364299,2.23151,0.0618038,0.359351,0.211926,1.96897,0.0762659,0,2.87323
55.168000000,0,2.02102,0.0276774,0.0504672,1.54443,0.0289398,0.0832144,0.576239,1.87424,0.00809103,0.0966026,2.24774
55.210666667,0.0134457,2.2198,0.0300667,0.0521521,1.79473,0.0123719,0.304512,0.568659,1.93456,0,0.20461,1.15467
55.253333333,0.0165456,2.31695,0.0266637,0.0543055,1.96189,0.00994908,0.280347,0.192727,2.05111,0.160904,0.243292,0.962951
55.296000000,0.0161442,2.48713,0.024415,0.120383,2.10739,0.0305112,0.188035,0.0424013,1.88704,0.107415,0.23228,0.994717
55.338666667,0.00345196,2.71514,0.00877046,0.169445,2.41067,0.0616301,0.128031,0.0808371,1.79152,0,0.171741,1.08707
55.381333333,0,2.77229,0.00234838,0.159712,2.18627,0.304586,0.610391,0.000993806,1.64484,0.100779,0.349139,1.11156
55.424000000,0,3.00165,0.00154137,0.134956,1.31957,0.299011,2.05423,0.0201626,1.00937,0.0608564,0.90759,0.911014
55.466666667,0,2.81915,0,0.303624,0.517356,0.0408281,2.98899,0.0694298,0.829526,0.0613001,1.12462,1.03229
55.509333333,0,2.72232,0.0457652,0.244144,0.23418,0.0519667,3.19214,0.0614576,0.624005,0.0187045,1.30211,1.06169
55.552000000,0,2.75612,0.105857,0.14214,0.147998,0.125758,3.12894,0.0635847,0.244988,0.0772324,1.41269,0.885967
55.594666667,0,2.61754,0.414114,0.0427455,0.0129951,0.195466,3.00233,0.0759751,0.303658,0.727646,1.24398,0.389428
55.637333333,0.00582981,2.18496,0.575329,0.0535247,0.176463,0.135509,2.89508,0.0760844,0.383467,0.752269,1.36829,0.0299318
55.680000000,0.114931,1.98143,0.505981,0.123599,0.335307,0.507051,2.5195,0.0498396,0.35657,0.737509,1.47429,0.0576131
55.722666667,0.341491,1.87759,0.295424,0.0635838,0.251003,1.04779,2.5997,0.0865131,0.146497,0.807195,1.49738,0.0618429
55.765333333,0.405023,1.89261,0.118188,0,0.0113484,0.937207,2.99522,0.0664507,0.102844,0.671264,1.39647,0.106393
55.808000000,0.411874,1.60934,0.0645365,0.00460155,0.00464142,0.543732,3.56508,0.0971642,0.186704,0.185361,1.15603,0.000306042
55.850666667,0.231287,2.13189,0.0171813,0.230994,0.0256505,0.367755,3.5844,0.244518,0.181914,0.0183669,1.08637,0.221644
55.893333333,0.104442,2.73973,0.175583,0.136375,0.0261872,0.37355,2.98561,0.3009,0.176761,0.0124405,1.17161,0.454029
55.936000000,0.0114498,3.06238,0.230746,0.378086,0.0105752,0.555854,2.50792,0.2547,0.106241,0.0278424,1.30142,0.601412
55.978666667,0.0689084,3.09759,0.206889,0.420695,0.00957413,0.536112,2.47376,0.0494749,0.132036,0.295381,1.58859,0.599853
56.021333333,0.00865407,3.01085,0.0533504,0.228422,0.0101957,0.470628,3.03297,0.110755,0.185456,0.238262,1.92152,0.397403
56.064000000,0.016522,2.9702,0,0.0224444,0.0159367,0.249386,3.48649,0.616726,0.128038,0.00585416,1.9913,0.129697
56.106666667,0.0668547,2.45009,0,0,0.0308886,0.0367006,3.50483,0.670064,0.0600143,0.000829637,1.73004,0.24579
56.149333333,0.129476,2.02581,0,0.000879332,0.032788,0.12182,3.92065,0.27503,0.0706394,0,1.56898,0.219863
56.192000000,0.156656,2.18604,0,0.00219618,0.0245826,0.0594995,4.08543,0.0892057,0.0389682,0,1.48497,0
56.234666667,0.136662,2.3006,0,0,0.0091375,0.0348714,3.92216,0.0827446,0.0111475,0,1.48241,0.0174443
56.277333333,0.137549,2.28698,0.203413,0.152949,0,0.106349,3.80659,0.359659,0,0,1.03522,0.000658621
56.320000000,0.0664811,1.28035,0.147235,0.748312,0,0.749546,3.1599,0.327507,0.666903,0.0662609,0.161295,0.790106
56.362666667,0,0.572585,0.21546,1.33287,0.0160335,1.38058,1.71987,0.0747489,1.85104,0.0707085,0.165513,1.27102
56.405333333,0,0.137402,0.178395,1.98711,0.189378,1.18681,0.640085,0.0253961,2.85241,0.073312,0.312236,1.31564
56.448000000,0,0.0907789,0.164844,2.5471,0.0446319,0.431972,0.0629018,0.268869,3.22287,0.0740955,0.349971,1.47007
56.490666667,0,0,0.142738,2.76858,0,0.0806867,0.0140827,0.405959,3.34655,0.0888804,0.604514,1.70304
56.533333333,0,0,0.056898,2.88017,0,0.0693017,0.0909252,0.416978,3.30078,0.119931,0.793694,1.84119
56.576000000,0.00441987,0,0,3.0382,0,0.0323628,0.270741,0.351367,3.37127,0.118195,0.766733,1.93889
56.618666667,0.000697445,0.0293885,0.0300438,3.22407,0,0,0.389873,0.32921,3.30582,0.10911,0.747378,1.83437
56.661333333,0,0.223956,0.083501,3.0919,0.000270151,0,0.524171,0.352837,2.81409,0.0950714,0.929506,1.66755
56.704000000,0,0.127736,0,3.27456,0.00719677,0,0.576256,0.413152,2.53738,0.0764731,0.958826,1.67489
56.746666667,0,0.211661,0.0104482,2.98639,0.0421583,0.0435106,0.509974,0.340147,2.49837,0.0882108,0.788565,1.83543
56.789333333,0.000629019,0.0604195,0.140208,2.65862,0.144666,0.0422344,0.708832,0.318571,1.82673,0.132463,0.0016166,2.23846
56.832000000,0,0.026528,0.191854,2.23937,0.16446,0.039983,0.822845,0.237438,1.7437,0.120118,0.00670962,2.4924
56.874666667,0,0.0383724,0.190665,2.17411,0.166177,0.0343881,0.945801,0.0665754,1.76462,0.0827921,0.0119956,2.53305
56.917333333,0,0.0199275,0.174006,2.16773,0.122124,0.0244468,0.958978,0.0508976,1.87043,0.0873703,0.0108796,2.37147
56.960000000,0.0905896,0,0.0632115,1.94349,0.000759705,0.00794362,0.893795,0.162426,2.21253,0.127492,0.0160512,2.34278
57.002666667,0.0745022,0,0,1.75409,0,0.00308656,0.686211,0.467907,2.67805,0.178842,0.0265489,2.13634
57.045333333,0,0.0170693,0.0031828,2.17313,0,0.000190994,0.243819,0.305784,2.92778,0.158899,0.0604332,2.12351
57.088000000,0,0.123185,0.0112777,2.50222,0,0,0.158597,0.109093,3.30808,0.151614,0.0345299,2.31209
57.130666667,0.0196094,0.070047,0.0559913,2.59295,0,0.0149024,0.160418,0.0593989,3.33907,0.078191,0.0218714,2.62742
57.173333333,0.347457,0.0963348,0.0376519,2.60809,0.00904529,0,0.31212,0.0648916,3.56941,0.081821,0.0702589,2.37732
57.216000000,0.211066,0,0.104988,2.20798,0.0212483,0.00217625,0,0.109994,4.06277,0.0933288,0,1.70359
57.258666667,0.152786,0.0615724,0.711094,2.00073,0.158098,0.00394556,0.0262498,0.112607,3.66522,0.0378557,0,1.66282
57.301333333,0.104667,0.292881,0.936252,1.90785,0.147025,0,0.0565175,0.0638455,3.27958,0.0100485,0.000792897,1.82517
57.344000000,0.107304,0.513237,1.03933,1.79662,0.138535,0,0.0661321,0.0443218,3.00216,0.0135147,0.00330927,2.12965
57.386666667,0.373881,0.497306,0.939708,1.79063,0.0821145,0,0.0428545,0.0405112,2.81037,0.0688543,0.010009,2.44084
57.429333333,0.547234,0.242812,0.344989,2.00275,0,0.0144098,0.0740772,0.0554243,2.78208,0.125135,0.0509381,2.75669
57.472000000,0.648179,0.00458559,0,2.3975,0,0.00248318,0.0891081,0.078348,3.03074,0.13935,0.0239325,2.83738
57.514666667,0.542749,0.00626019,0,2.62716,0,0,0.140585,0.0908224,3.52403,0.156602,0.00493938,2.41776
57.557333333,0.435552,0.0741852,0.0155451,2.56068,0,0,0.238924,0.0448807,3.60721,0.118563,0.00379056,1.66598
57.600000000,0.555101,0.0810461,0.0920847,2.621,0.0225953,0,0.432263,0.0263014,3.58976,0.0809773,0.000294458,1.717
57.642666667,0.333519,0.100095,0.172654,2.5748,0.0399909,0,0.334606,0.08205,3.62294,0.0773204,0.160717,2.06389
57.685333333,0,0.113864,0.254932,2.35832,0.121804,0.0847739,0.0531291,0.281626,3.58568,0.198392,0.000810985,2.40935
57.728000000,0.1671,0.123444,0.189818,2.27891,0.168636,0.182763,0.372448,0.442524,2.86848,0.270021,0.00162632,2.06318
57.770666667,0.200457,0.094244,0.198607,1.8336,0.180251,0.286946,0.684231,0.1809,2.5413,0.291521,0.00244301,1.97625
57.813333333,0.345227,0.0513216,0.211209,2.071,0.150879,0.170081,0.693601,0.0185696,2.19696,0.302926,0.00315562,2.29416
57.856000000,0.663811,0.0282496,0.27128,2.06418,0.0425829,0.0895603,0.580745,0.0159329,2.33774,0.33889,0.00341418,2.6644
57.898666667,0.852225,0.0206882,0.208585,1.95343,0.0246448,0.0219436,0.468614,0.419189,2.69894,0.100456,0.00506366,2.09244
57.941333333,1.33913,0,0.00917048,2.2612,0.00784917,0,0.243799,0.47591,2.65297,0.140805,0.0182707,1.23925
57.984000000,1.68344,0,0.0527347,2.53515,0.00683165,0,0.0191589,0.30999,2.97638,0.18952,0.0415709,0.255731
58.026666667,1.5332,0,0.0925746,2.36967,0,0.00518845,0.00961379,0.138717,3.66529,0.170619,0.0233066,0.056781
58.069333333,1.12285,0,0.0590745,2.24673,0,0.0649209,0.00634763,0.425047,3.8179,0.131988,0.00385483,0.0349523
58.112000000,0.740699,0.18656,0.164402,2.29438,0,0.0695574,0.0128593,1.19082,3.27281,0.106234,0,0.0262023
58.154666667,0.451139,1.22045,0.333627,1.7699,0,0,0.704578,1.35413,2.12566,0,0,0.0489435
58.197333333,0.185017,1.79785,0.232098,0.568467,0.00405494,0.00112843,1.61912,1.25314,0.68134,0,0,0.0381356
58.240000000,0.0721014,2.01234,0.155821,0.241022,0.00682295,0.00519952,2.00878,0.80325,0.294387,0.154022,0.000540209,0.184625
58.282666667,0.0497387,1.97929,0.12411,0.144699,0.0245712,0.0130307,2.3796,0.468541,0.322511,0.156275,0.0181025,0.359188
58.325333333,0.0498678,1.91491,0.134232,0.0224989,0.0514999,0.0146842,2.64932,0.615859,0.370413,0.102209,0,0.355464
58.368000000,0.0778118,2.48812,0.186155,0.344311,0.00740813,0,2.44109,1.35532,0.452385,0.0385689,0,0.0011501
58.410666667,0.254026,2.88059,0.326812,0.836915,0,0,1.36783,1.68917,1.05856,0.000232059,0,0.0171653
58.453333333,0.303466,2.92866,0.300016,0.797924,0,0,0.266306,1.09682,2.44377,0.000916093,0,0.000281525
58.496000000,0.264345,2.88324,0.158884,0.557366,0,0.200738,0.11169,0.0427016,2.92208,0.00172122,0,5.37664e-05
58.538666667,0.169391,2.69798,0,0.543621,0,0.0936512,0.370726,0.491844,2.8857,0.0671358,0,0.000250816
58.581333333,0.474549,2.47431,0.144583,0.575441,0.0111269,0.238821,0.471421,0.395619,2.70419,0.292182,0,0.0656923
58.624000000,0.464463,1.85248,0.120932,0.898128,0.326476,0.113383,0.67137,0.293454,2.64535,0.47077,0,0.453361
58.666666667,0.391765,0.768443,0.0739505,1.67465,0.826615,0.0510991,0.672332,0.237569,2.51874,0.489403,0.0661635,1.0008
58.709333333,0.286963,0.915257,0.139206,1.963,0.758466,0.0604417,0.718356,0.0222428,2.24533,0.503397,0.060533,1.55978
58.752000000,0.172798,1.2568,0.162324,2.03245,0.306233,0.691572,0.65922,0.0260115,1.14066,0.54676,0.0920343,2.10207
58.794666667,0.171644,1.32086,0.065211,2.01468,0.0460746,0.852405,0.516151,0.00752486,1.43262,0.331268,0.00230698,2.449
58.837333333,0.463443,1.46711,0.252163,1.86193,0,0.242569,0.212642,0.311938,2.36542,0.0897847,0.00307879,1.76491
58.880000000,0.493762,2.17288,0.350614,1.63536,0.0158616,0.0932312,0.00570571,0.595904,2.52358,0.0224482,0.015973,0.615836
58.922666667,0.47088,2.44849,0.210557,1.53593,0.14553,0.0106999,0.0485051,0.616686,2.54001,0.00820417,0.00391297,0.39946
58.965333333,0.395336,2.42149,0.0311806,1.44079,0.190319,0.00836224,0.26608,0.877036,2.63378,0.00536281,0.0042594,0.42536
59.008000000,0.254967,2.23213,0,1.52391,0.1453,0.306473,0.657343,0.973433,2.61759,0,0.0162563,0.575821
59.050666667,0.413867,1.60478,0.231463,1.41925,0.155051,0.320115,0.736043,0.564541,2.79596,0,0,0.705206
59.093333333,0.191058,1.02246,0.627729,0.945023,0.0358822,0.170407,0.916534,0.82896,2.4843,0,0.490172,0.564263
59.136000000,0.165111,0.809315,0.312753,0.415312,0.234712,0.163819,1.34278,1.17254,0.407693,0,0.781928,0.0775283
59.178666667,0.100507,0.775268,0.0497541,0.107516,0.211403,0,1.67115,1.0286,0.0350301,0.0382793,1.01331,0.0551487
59.221333333,0.125497,0.91173,0.0503359,0,0.242118,0,1.8783,0.747221,0.0364933,0.0536933,1.04129,0.0953553
59.264000000,0.116151,0.687669,0.181282,0,0.0798254,0.00781054,2.00733,1.037,0.0246505,0.0658216,1.03055,0.100307
59.306666667,0,1.35678,0.350006,0.0016587,0.0509519,0.0447657,1.97216,1.73807,0.0352024,0.0306427,0.758491,0.0190151
59.349333333,0.0423772,1.58856,0.543128,0.10959,0.0387165,0.136332,2.21727,1.37473,1.24348,0,0.130614,0.000108076
59.392000000,0.0739253,1.74441,0.340369,0.478279,0.0287712,0.0886837,1.88973,0.595722,2.51091,0,0.00101066,6.27225e-05
59.434666667,0.0756013,1.81394,0.0121839,0.591401,0.0604128,0.0409591,1.26104,0.0942935,2.84996,0.000226693,0.000425283,0.0528709
59.477333333,0.0557519,1.70571,0,0.394722,0.0488564,0.0450823,1.30717,0.0665921,2.89713,0.00180753,0,0.0956428
59.520000000,0.0108638,1.91609,0.0877349,0.387568,0,0.4846,1.49561,0.109981,2.38078,0.00481793,0.140395,0.0272516
59.562666667,0.00451497,1.69695,0.187545,0.398883,0.0270071,0.414341,1.12284,0.067892,2.08929,0.0200597,0.234713,0.253113
59.605333333,0.0107418,1.74328,0.23992,0.304297,0.0183983,0.204028,0.658097,0.533,1.71588,0.0885257,0.267313,0.260335
59.648000000,0.0214486,1.54545,0.308171,0.106042,0.000866979,0.429115,1.11732,0.563761,1.53024,0.0921069,0.570616,0.292878
59.690666667,0.117814,1.50694,0.242875,0.160632,0,0.647091,1.5555,0.354312,1.53114,0.0506064,0.864126,0.553717
59.733333333,0.0348406,1.17576,0.162636,0.351925,0.000733543,0.669309,1.46568,0.364962,1.57418,0.911524,0.380762,0.977167
59.776000000,0,0.9577,0.341778,0.359968,0.0742315,0.27194,1.12735,0.842705,1.72206,1.67479,0.159876,0.62201
59.818666667,0,1.38865,0.541109,0.385175,0.284911,0.123044,1.3105,0.67433,1.69757,1.77442,0.277845,0.469593
59.861333333,0,1.78988,0.608672,0.516982,0.392557,0.155956,1.62547,0.131851,1.56309,1.60719,0.281944,0.455411
59.904000000,0,2.01231,0.305638,0.973932,0.154323,0.178984,1.71897,0.0997333,1.42971,1.26142,0.180742,0.640088
59.946666667,0,1.7591,0.150443,1.51061,0,0.0861269,1.83902,0.0662979,1.61813,0.62439,0.0732041,0.962957
59.989333333,0,0.912508,0.272651,1.94796,0.00338787,0.023587,1.55539,0.140691,2.08783,0.28741,0.186026,1.35142
60.032000000,0.0105549,0.59969,0.36393,2.38162,0.0284013,0.0282441,0.83628,0,2.57317,0.590623,0,1.35364
60.074666667,0.0314379,0.361363,0.2891,2.5535,0.0604303,0.0201944,0.435717,0.0234778,3.17741,0.172518,0.0512736,1.36068
60.117333333,0,0.331504,0.365442,2.60621,0.195155,0.0497153,0.0472965,0.0308809,3.34405,0,0.119364,1.61347
60.160000000,0.0795781,0.418136,0.350872,2.08784,0.173186,0.0413524,0,0.524571,3.27691,0.0594067,0.431245,1.07012
60.202666667,0.646251,0.161561,0.230709,1.92874,0.126386,0,0.199514,0.515237,3.11716,0.152057,0.558902,0.588792
60.245333333,0.76319,0.0308611,0.317897,1.93561,0.111675,0.00396077,0.587161,0.0827412,3.14717,0.1904,0.292404,0
60.288000000,0.669003,0,0.317267,1.93779,0.125003,0,0.645556,0.181803,3.01032,0.210824,0.424127,0
60.330666667,0.594616,0,0.376909,1.97246,0.123684,0,0.674026,0.122571,3.05813,0.1603,0.377731,0
60.373333333,0.698992,0.0975211,0.44982,2.06761,0.107231,0,0.649168,0.0936089,3.29085,0.103953,0.269281,0
60.416000000,0.66569,0.0580464,0.408798,1.96765,0.209911,0,0.249472,0.0991068,3.52231,0.247607,0,0.08261
60.458666667,0.34936,0.116819,0.414727,1.81251,0.139183,0.0756883,0.260705,0.275388,3.112,0.164973,0,0.0648635
60.501333333,0.297211,0.111359,0.485018,1.13703,0.117635,0.101003,0.586061,0.101303,3.33081,0.0820626,0,0.0465521
60.544000000,0.23468,0.116791,0.501005,1.30253,0.0860138,0.0716841,0.694011,0.00836875,3.44941,0.0814402,0,0.0439763
60.586666667,0.34113,0.0961825,0.421493,1.42855,0.0423973,0.0400552,0.664272,0.0165577,3.55628,0.0967849,0,0.0430639
60.629333333,0.741407,0.0500425,0.310218,1.21261,0,0.0126653,0.576061,0.0242511,3.65098,0.120435,0,0.0298098
60.672000000,0.808206,0,0.0891863,1.21689,0,0,0.612917,0.626145,3.20146,0.148321,0.014049,0.000498024
60.714666667,0.82812,0,0.183648,1.87458,0,0.00114268,0.215771,0.679139,3.63725,0.15657,0.0117315,0.143517
60.757333333,1.01672,0,0.219676,2.31036,0.0279022,0,0.187377,0.35273,3.85502,0.152027,0.0713886,0.199068
60.800000000,1.07398,0,0.228286,2.19481,0.0380831,0.0590694,0.33515,0.0494606,3.88831,0.149933,0.0688008,0.108487
60.842666667,1.16638,0.0975178,0.237234,2.20214,0.027951,0,0.373283,0.031621,4.07555,0.091676,0.0650795,7.96307e-05
60.885333333,1.03547,0.241556,0.358261,1.97728,0.0501112,0,1.05352,0.02754,3.6741,0.25749,0,0.199517
60.928000000,0.955376,0.449379,0.387857,1.06697,0.0695561,0.0178409,2.0232,0,1.33454,0.405818,0.000127481,0.28489
60.970666667,0.897951,0.502091,0.925023,0.793504,0.199871,0.00014657,1.89349,0.376639,1.03207,0.242125,0.0401506,0.211732
61.013333333,0.90303,0.469228,1.06449,0.873133,0.213027,0,1.46528,0.875865,0.832577,0.121719,0.0651313,0.154281
61.056000000,0.927279,0.30017,0.801317,0.92831,0.166381,0,0.951524,1.39492,0.85371,0.0665936,0.00285223,0.209188
61.098666667,0.605324,0.0511354,0.551128,1.09953,0.0684828,0,0.53704,1.8737,1.12549,0.108754,0.0309885,0.133003
61.141333333,0.445592,0,0.440397,1.40782,0,0.00361943,0.190027,1.3138,2.93187,0.133841,0.162499,0.0451543
61.184000000,0.702622,0,0.407024,2.05114,0,0.00487058,0.0349966,0.160804,3.65022,0.142916,0.264623,0.013074
61.226666667,0.691787,0,0.229403,2.21343,0.0205467,0.00261147,0.043025,0.108885,3.73261,0.160423,0.270032,0
61.269333333,0.784884,0,0.376578,1.95956,0.0564623,0.00480278,0.124537,0.0743262,3.69782,0.0983866,0.251719,0
61.312000000,0.982766,0.0837012,0.297278,1.86748,0.0721756,0.00934795,0.164029,0.0479316,3.61442,0.0991709,0.155225,0.00038541
61.354666667,1.27471,0.202167,0.246065,1.5407,0.183131,0.0597539,0.062419,0.0884655,3.45452,0.214805,0.0303711,0.0336223
61.397333333,1.18393,0.531367,0.3782,0.709504,0.0692708,0.148198,0.434157,0.470123,2.7311,0.210408,0.000641847,0.167814
61.440000000,1.06181,0.215638,0.487899,0.588198,0.135361,0.100987,0.64467,0.235966,2.83954,0.156148,0.000453771,0.227897
61.482666667,1.09773,0.139333,0.341955,0.929213,0.093165,0.0842605,0.603875,0.0908993,3.02965,0.161721,7.2321e-05,0.208161
61.525333333,1.09617,0.124966,0.188854,1.11865,0.00203305,0.0718827,0.440538,0.0674465,3.27618,0.126932,0,0.147664
61.568000000,1.0271,0.103291,0.00402693,1.23456,0.074429,0.110237,0.0695281,0.0740314,3.68626,0.117106,0.00787474,0.0301103
61.610666667,1.23196,0.0807869,0.0195592,2.03554,0.00523063,0.0561556,0.0139667,0.0962488,3.99934,0.149156,0.0220384,0.0109512
61.653333333,1.33183,0.102103,0.146715,2.46959,0.00651509,0.0539956,0.035436,0.11586,3.60286,0.187171,0.0977044,0
61.696000000,1.19529,0.132778,0.131148,2.40743,0.00424269,0.0668153,0.0245892,0.107218,3.56145,0.164828,0.0219074,0.0735627
61.738666667,1.08824,0.19324,0.208332,2.19173,0,0.0519031,0.0332427,0.0670472,3.88403,0.0820507,0.0027519,0.0959109
61.781333333,1.08222,0.14661,0.0677195,2.13122,0.0399853,0,0.113803,0.132677,4.16231,0.11284,0.00339791,0
61.824000000,0.789782,0.182918,0.368015,1.66099,0.370142,0.0240947,0.390367,0.104383,4.0571,0.0370726,0.0027602,0.000213609
61.866666667,0.192294,1.40138,0.874722,0.115178,0.513767,0.0409882,1.07346,0.466763,2.99369,0.135457,0.0268741,0.144238
61.909333333,0.114681,1.03319,0.771049,0.0782343,0.534147,0.0368776,1.78428,0.607204,1.93866,0.0520665,0.223739,0.483285
61.952000000,0.0996437,0.728542,0.576383,0.0320793,0.587648,0.0290685,2.23497,0.660904,1.34352,0,0.265522,0.7991
61.994666667,0,0.531796,0.519253,0.00671661,0.63194,0.0273635,2.17962,1.01055,0.575558,0.0195394,0.286526,1.08051
62.037333333,0,0.393074,0.615726,0.00981027,0.624263,0.0289037,1.23873,1.17545,1.56912,0.034585,0.204116,0.87087
62.080000000,0,0.289391,0.796393,0.519975,1.19418,0.127521,0.0942841,1.03713,2.10648,0.00359923,0,0.983633
62.122666667,0,0.174355,0.897355,0.660526,1.79367,0.217155,0.0686216,0.628136,2.42457,0,0,1.02898
62.165333333,0,0.139171,0.81671,0.610388,2.12314,0.0810593,0.0559595,0.047664,2.68942,0,0.00301723,0.986214
62.208000000,0,0.0571949,0.721243,0.45367,2.13535,0.0437488,0.0221448,0,2.94808,0.007487,0.0608439,0.880552
62.250666667,0,0.00587491,0.724032,0.54467,1.44906,0.253569,0.0150175,0.0441931,3.20639,0.0128445,0,0.881058
62.293333333,0,0.0421323,0.589287,0.673294,0.790899,0.320138,0.0562039,0.615381,3.02316,0.057181,0,0.723079
62.336000000,0.189375,0.0694851,0.577932,0.967662,0.715339,0.139158,0.386033,0.759877,1.98482,0.207191,0.0275962,0.130303
62.378666667,0.0842126,0.123846,0.52642,0.56659,0.548737,0.127867,0.744117,1.04694,1.06682,0.17407,0.186106,0.453692
62.421333333,0,0.108128,0.357952,0.248906,0.649159,0.2746,0.880935,1.23876,0.109299,0.145486,0.143062,0.992875
62.464000000,0,0.140612,0.232408,0.195599,0.474692,0.25394,0.792993,1.66967,0.017747,0.152958,0.234889,0.837926
62.506666667,0,0.149053,0.391749,0.0107488,0.292339,0.13801,0.586143,1.89446,0.970862,0.104248,0.128913,0.416563
62.549333333,0,0.0830719,0.904261,0.032285,0.809769,0.0356333,0.330313,1.2173,2.72918,0,0.358217,0.802955
62.592000000,0,0.0286794,0.758866,0.218405,1.37579,0.0330092,0.0843263,0.58555,3.13113,0.0447591,0.377743,0.830656
62.634666667,0,0.0108561,0.770819,0.375399,1.47336,0.0494471,0.0563546,0.291681,2.95883,0.268513,0.440025,0.837824
62.677333333,0.000324657,0.00598548,0.744101,0.418294,1.59577,0.0806988,0.0353772,0.173767,3.0314,0.0499759,0.455174,0.851672
62.720000000,0.0117729,0.0002801,0.503113,0.427538,1.40157,0.275856,0.10371,0.3083,3.22285,0.01976,0.365769,0.927875
62.762666667,0.0303509,0.959576,0.12143,0.6128,1.16596,0.411487,0.243386,0.266655,2.91324,0.0661217,0.00137704,1.00219
62.805333333,0.0352615,1.22158,0.24914,0.64629,0.682686,0.0669636,0.937876,0.0769568,2.43251,0.104426,0,0.76545
62.848000000,0.263337,1.57031,0.245794,0.684828,0.230341,0.0683931,1.19366,0.178017,2.04958,0.0604443,0.0119965,0.610661
62.890666667,0.577413,1.73593,0.177899,0.393663,0.292526,0.431154,1.24286,0.239826,1.55079,0,0.0308549,0.634495
62.933333333,0.901462,1.63274,0.211878,0,0.42825,0.567926,1.25621,0.232315,1.37807,0,0.274041,0.7422
62.976000000,0.3499,1.89668,0,0.0143571,0.589398,0.258591,0.97931,1.03431,1.13845,0,0.444315,0.296658
63.018666667,0.217612,2.11692,0,0.0184731,0.449813,0.327632,1.33418,1.50516,0.624671,0.00346905,0.349448,0.106359
63.061333333,0.270716,2.11006,0,0.0370471,0.189904,0.383242,2.06461,1.40291,0.0825051,0.00451208,0.366441,0.0916107
63.104000000,0.294023,1.9965,0,0,0.0139396,0.278088,2.3747,1.11379,0.0202534,0.00259498,0.619608,0.0611102
63.146666667,0.206449,2.35309,0.000447959,0,0,0.11554,2.59187,0.859937,0,0,0.715069,0.08258
63.189333333,0,2.39379,0.116045,0.181627,0.0357041,0.00283817,2.86031,0.514472,0,0.0490784,0.653411,0.279664
63.232000000,0.0532239,1.14542,0.155762,1.14215,0.296769,0.344555,2.19071,0.298686,0.0931579,0.275655,0.600282,0.387563
63.274666667,0.127369,1.0528,0.174865,1.31511,0.524366,0.425204,1.49986,0.305667,0.0541252,0.336041,0.911353,0.389822
63.317333333,0.389989,1.01801,0.208634,1.34832,0.387509,0.451195,0.750037,0.0829647,0,0.376121,1.18271,0.633873
63.360000000,0.651547,0.642247,0.223391,1.35465,0.334185,0.481325,0.620042,0.0702512,0.0052897,0.338405,1.29624,0.698113
63.402666667,0.872537,0.633062,0.136231,1.2738,0.314233,0.527788,0.570188,1.14815,0.0862321,0.357215,1.03284,0.681866
63.445333333,0.294113,1.54211,0.0152992,1.12687,0.290092,0.176092,0.695558,2.40943,0.0368566,0.686821,0.178137,0.299023
63.488000000,0.2718,2.24851,0.00563922,0.295281,0.0464831,0.0433844,0.835229,2.96852,0.0884662,0.501683,0.405437,0.161239
63.530666667,0.306654,2.01348,0.248346,0.000731721,0.0352233,0.0739847,2.24263,2.48194,0.0772557,0.0731216,0.395187,0.101257
63.573333333,0.189156,1.85013,0.263924,0.0043128,0.00536971,0.0238681,2.95321,1.78231,0,0.0519829,0.334842,0.00320108
63.616000000,0.0169474,1.6808,0.0315856,0,0.00355472,0.0224196,3.10713,1.39852,0,0.0884169,0.341153,0.101854
63.658666667,0,1.74209,0.180154,0.0670246,0,0.0748594,3.23404,1.01954,0.0129926,0.130982,0.303777,0.0380678
63.701333333,0.00908683,1.35148,0.217716,0.265332,0.00663266,0.0347049,3.41352,0.314903,0.322511,0.178853,0.232733,0.0852335
63.744000000,0.339361,0.832932,0.221765,0.661965,0.0224031,0.0087068,3.06985,0.184562,0.832042,0.174506,0.207362,0.0856928
63.786666667,0.402969,1.06712,0.23027,0.729132,0.0599725,0.00378753,3.10931,0.149169,0.811616,0.168856,0.210032,0.0217434
63.829333333,0.450847,1.05667,0.299427,0.697692,0.0165416,0,2.89555,0.187622,0.801979,0.131845,0.219713,0.000382919
63.872000000,0.444787,0.910975,0.201813,0.739783,0.0278055,0,2.45109,0.229766,0.833699,0.12144,0.23834,0
63.914666667,0.509379,0.612927,0.182973,1.24004,0.0103471,0.00035965,1.88854,0.224695,1.58839,0.251806,0.0532635,0
63.957333333,0.550781,0.235445,0.0476169,1.85239,0.0237967,0.000690508,0.915974,0.141873,3.56926,0.280199,0.0195446,0
64.000000000,0.50498,0.072676,0.0029575,2.35005,0.00720338,0,0.0905972,0.171633,4.02235,0.212821,0.00433029,1.67429e-05
64.042666667,0.434868,0.0433715,0.097408,2.39159,0,0,0.00763565,0.13515,4.24185,0.116645,0.00548085,4.23066e-06
64.085333333,0.36201,0.103491,0,2.05163,0.0912754,0,0.0187983,0.0439876,4.31817,0.0990569,0.00173371,0.00346505
64.128000000,0.505844,0,0.0563844,1.39211,0.286202,0.0371881,0.156208,0.51828,3.91102,0.0062055,0,0.0488753
64.170666667,0.533265,0,0.10749,1.24813,0.277013,0.0236441,0.414829,0.62599,3.27189,0.0387736,0,0.0932899
64.213333333,0.662109,0.0437525,0.206714,1.17907,0.22911,0.0232347,0.677349,0.503323,2.53786,0.0806612,0.0122197,0.202978
64.256000000,0.963913,0.108626,0.431949,0.977117,0.190253,0.021665,0.761177,0.714806,1.66403,0.0912194,0.0200438,0.300686
64.298666667,1.2351,0.000723345,0.616969,0.734578,0.11778,0.0132897,0.848608,1.47761,0.708741,0.122849,0.0362841,0.775495
64.341333333,1.39389,0.050357,0.760482,0.577463,0.00124756,0,0.962675,1.13922,0.98781,0.149534,0.0451911,0.945638
64.384000000,0.705066,0.140864,0.48752,1.37814,0.0444633,0.00799088,0.959334,0.721524,2.87821,0.157672,0.0488921,0.724113
64.426666667,0.677485,0.162804,0.246506,2.46365,0.00550161,0.00833343,0.248436,0.628258,3.39241,0.266515,0.0165322,0.747835
64.469333333,0.600089,0.47269,0.138602,2.59847,0.0211924,0.0758745,0.0691634,0.506486,3.48012,0.156223,0.00166769,1.03798
64.512000000,0.642756,0.382921,0.0665939,2.46137,0.00278259,0.00567456,0.31114,0.257491,3.97606,0.0858962,0.00164375,1.38101
64.554666667,0.73108,0.147246,0,2.49128,0.0194412,0,0.421954,0.242921,3.97047,0.0840125,0.00233362,1.5823
64.597333333,0.517986,0.140689,0.15646,2.73949,0.0191242,0.0104523,0.067633,0.0959976,3.74903,0.0909446,0.00173443,1.67703
64.640000000,0.0491754,0.183051,0.166657,2.89215,0.13124,0.00788109,0.114027,0.135437,3.11133,0.0999208,0.000478998,1.67693
64.682666667,0.0429287,0.278365,0.187213,2.99265,0.128316,0,0.190911,0.064103,3.18474,0.0156855,0.0846805,1.56709
64.725333333,0.137244,0.368966,0.176772,3.05045,0.105089,0,0.0816892,0.0651251,3.55153,0.0138079,0.0606821,1.29693
64.768000000,0,0.256231,0.104665,3.08156,0.0106004,0,0.036371,0.0879364,3.99167,0.0917222,0.066931,0.976163
64.810666667,0,0.0439403,0.00422102,3.12861,0,7.68153e-05,0.0262835,0.0723614,3.96784,0.0966288,0.0845389,0.942924
64.853333333,0,0,0,2.92504,0.0422221,0.00275071,0.0258706,0.0646693,3.90362,0.132277,0.0524317,1.11973
64.896000000,0,0,0.013266,2.82508,0.023348,0.000686519,0.0228498,0.0782308,3.85226,0.173622,0.0393746,1.01162
64.938666667,0.119396,0.00843079,0.0792404,2.56179,0.0488668,0,0.0580637,0.0307203,3.74711,0.085432,0.040916,0.78044
64.981333333,0.181616,0.00178292,0.0679626,2.41765,0.0659185,0,0.123142,0.0629422,3.61687,0.145048,0.0345442,0.599216
65.024000000,0.0562679,0.0243499,0.00121211,2.36837,0.103543,0.275759,0.618438,0.404884,2.11329,0.195994,0.000896121,0.448332
65.066666667,0.275026,0.327355,0.240532,1.3627,0.149816,0.162079,0.946803,0.840652,1.39922,0.126545,0.909033,0.200652
65.109333333,0.164923,0.383473,0.345309,0.919868,0.152727,0.0984119,1.39638,0.93236,1.08673,0.137341,1.17997,0.135979
65.152000000,0,0.311396,0.444639,0.799116,0.115086,0.102668,1.81742,0.844036,0.963408,0.133693,1.26438,0.119668
65.194666667,0,0.179463,0.35418,0.849434,0.0496168,0.09533,1.99785,0.753672,0.949227,0.157418,1.15521,0.19744
65.237333333,0,0.168481,0.284934,0.914882,0.00512522,0.103256,1.52145,0.818984,1.38925,0.131731,0.744141,0.855767
65.280000000,0,0.134115,0.188197,1.36745,0,0.0821068,0.874119,1.29477,2.08003,0.155853,0.294784,1.53895
65.322666667,0,0.233581,0.163012,1.84645,0,0.032207,0.88689,1.24936,2.10056,0.146211,0.444876,1.49075
65.365333333,0,0.284927,0.191608,1.84118,0,0.122008,1.60255,0.679751,1.66241,0.17585,0.46108,1.24108
65.408000000,0,0.357941,0.128486,1.38556,0,0.145504,2.39634,0.201435,1.16995,0.125885,1.609,0.524014
65.450666667,0,0.487564,0.0412091,1.11865,0,0.177072,2.81895,0.0904499,0.977654,0.171485,2.25368,0.0203448
65.493333333,0.00702657,0.797373,0.174765,0.734808,0,0.0455305,2.76585,0.0983307,0.589837,0.193103,2.50304,0.000667864
65.536000000,0.0864032,1.57664,0.265103,0.123153,0.088036,0,2.0004,0.249034,0.451836,0.0719682,2.53282,0.00648565
65.578666667,0.0946513,1.50952,0.231024,0,0.160128,0,1.90312,0.26531,0.515682,0.0981815,2.35851,0.011533
65.621333333,0.0843234,1.63287,0.197748,0,0.157794,0,2.19459,0.15879,0.513941,0.112462,2.45284,0.00114621
65.664000000,0.0851204,1.76505,0.181358,0,0.134006,0,2.63419,0.0261865,0.494992,0.0521012,2.57379,0
65.706666667,0.100594,2.01216,0.209643,0,0.0926542,0,3.15171,0.00661143,0.45492,0.0407402,2.64717,0
65.749333333,0.179405,2.55594,0.344724,0,0.0631088,0,3.19671,0.00921518,0.809043,0.0437015,2.46459,0.123772
65.792000000,0.200086,2.61359,0.367388,0.00458052,0.0615612,0.337769,2.27765,0.00891141,1.77314,0,0.749723,1.49977
65.834666667,0.118347,2.4595,0.1464,0.230076,0.033339,0.362339,1.27157,0.114369,2.01119,0.00368382,0.074745,1.77314
65.877333333,0.116038,2.43782,0.0530036,0.281327,0,0.324628,0.439579,0.162531,2.18155,0.00157049,0.0699891,1.92165
65.920000000,0.109446,2.48927,0,0.233457,0,0.124957,0.0488067,0.486301,2.40612,0.191049,0.107568,2.15824
65.962666667,0.324193,2.055,0.278419,0.169067,0.0615016,0.00889707,0.208384,0.214053,2.55299,0.211768,0.0462177,2.39973
66.005333333,0.228965,1.51896,0.312391,0.195849,0,0.0307407,0.443651,0.05232,2.33861,0.499122,0.000435369,2.60644
66.048000000,0.141207,1.3299,0.282956,0.066515,0,0.0660478,0.562917,0.380441,1.76787,0.558449,0.0254784,2.39065
66.090666667,0.114102,1.31894,0.261562,0,0,0.117358,0.608234,1.28829,0.794802,0.489956,0.0636327,2.12538
66.133333333,0.116246,1.16668,0.314488,0.0799829,0,0.151527,0.573242,1.55702,0.140387,0.365403,0.0456336,1.9339
66.176000000,0.14017,1.33957,0.365254,0.103887,0.0274684,0.509512,0.489955,1.59366,0.0376554,0.617417,0.00704576,1.69323
66.218666667,0.235573,2.92076,0.383192,0,0.156262,0.566867,0.415558,0.461295,1.59308,0.236528,0.0316496,1.33687
66.261333333,0.208935,3.60879,0.322385,0.0320254,0.138578,1.08504,0.340373,0.611353,1.92241,0.0445392,0.00372471,1.04788
66.304000000,0.121015,3.67774,0.0892269,0.0782478,0.0759376,1.34457,0.451932,0.536663,1.69957,0.026614,0.00323958,1.0388
66.346666667,0.118,3.47368,0.046676,0.0748322,0.0284042,1.32931,0.730819,0.552223,1.62382,0.0244696,0.00173855,1.21742
66.389333333,0.247199,2.83362,0.251457,0.0496881,0.0519364,1.00086,1.11283,0.59076,1.69607,0.0118743,0.0155252,1.13247
66.432000000,0.166359,2.5991,0.15877,0.0631613,0.0472311,0.678396,0.844987,0.512305,1.78985,0.00319309,0.0517254,1.12796
66.474666667,0.193268,2.01734,0.492522,0.31439,0.438082,0.387814,0.831841,0.229591,1.62049,0,0.336839,0.841155
66.517333333,0.103305,1.3981,0.543345,0.296138,0.570655,0.254606,1.04593,0.14101,1.41833,0,0.983627,0.585473
66.560000000,0.0772976,1.30468,0.193325,0.265757,0.376252,0.301366,1.4369,0.227923,0.937073,0,1.24887,0.829652
66.602666667,0.0944807,1.32339,0.199493,0.165379,0.0540514,0.426503,1.9132,0.266938,0.63368,0,1.3677,0.945664
66.645333333,0.122687,1.44395,0.173552,0.0331924,0.0924326,0.383798,2.32145,0.340288,0.566019,0,1.35067,0.866752
66.688000000,0.349382,1.9674,0.0856036,0.0343975,0.635884,0.223601,2.78579,0.191015,0.679303,0,1.48242,0.308648
66.730666667,0.358139,2.26417,0.112531,0.0731633,0.614499,0.277738,2.92615,0.218557,0.410804,0,1.46609,0.0077779
66.773333333,0.420668,2.18154,0.108868,0.063045,0.493305,0.200662,2.82761,0.281296,0.335786,0,1.74609,0.066662
66.816000000,0.393773,2.0863,0.10645,0.0549278,0.343483,0.123002,2.79208,0.284842,0.323874,0.0446335,1.8339,0.0796376
66.858666667,0.36305,2.23636,0.188206,0.0339238,0.0644248,0.0112769,2.52912,0.17809,0.719226,0.087241,1.20367,0.787521
66.901333333,0.112889,1.70446,0.279779,0.0395471,0.129382,0.0278602,1.1482,0.430996,1.1283,0.257297,0.830015,1.41566
66.944000000,0,1.47868,0.21052,0.128567,0.0529491,0.55582,0.530668,0.628356,1.35873,0.420724,1.06912,1.05771
66.986666667,0.0743204,1.33254,0.177894,0.113294,0.0109354,0.725327,0.313565,0.619024,1.45937,0.583138,1.31935,0.790372
67.029333333,0.0486539,1.60796,0.171103,0.085324,0.0182014,0.99496,0.642122,0.932331,1.28842,0.531849,1.3693,0.421017
67.072000000,0.0540426,1.54954,0.128587,0.00781943,0.0246456,1.74318,1.04936,1.38249,1.16876,0.64898,1.35403,0.252884
67.114666667,0.0926168,1.6327,0.0506935,0,0.206201,1.82172,1.33643,1.31902,0.854303,0.372211,1.15704,0.418064
67.157333333,0.246519,1.02405,0.0527233,0.201802,1.02993,0.50032,2.51974,0.812732,0.600773,0.00352869,1.76791,0.0866027
67.200000000,0.26416,0.949593,0.393674,0.399927,0.888651,0.094291,3.10521,0.221951,0.549593,0.00701166,1.71934,0
67.242666667,0.514621,0.899495,0.497819,0.359521,0.875684,0.0803777,3.05481,0.119414,0.560615,0.00983499,1.65105,0.216444
67.285333333,0.705741,1.46053,0.177273,0.0131136,0.916811,0.0354513,3.00417,0.119264,0.399763,0.00779627,1.60178,0.32036
67.328000000,0.498979,1.80013,0.149243,0.183252,0.899665,0.0354176,2.90149,0.469059,0.248572,0,1.77773,0.134485
67.370666667,1.1432,1.35603,0.222232,1.57376,0.317452,0.0734228,2.4717,0.417094,0.127342,0.25405,1.80837,0.000703418
67.413333333,0.849765,1.38496,0.405275,1.84931,0.105891,0.320565,1.25494,0.777319,1.12695,0.394818,0.945633,0.00810367
67.456000000,0.761278,1.15354,0.706904,1.85978,0.141872,0.274673,0.582498,0.808639,1.66118,0.296954,0.435702,0.00132915
67.498666667,0.808481,0.827439,1.07951,1.83165,0.141033,0.0975437,0.479131,0.745947,1.80976,0.00409308,0.319701,0.0737165
67.541333333,0.961886,0.264356,0.405544,1.68877,0.279852,0.354885,0.828301,0.231603,1.53608,0.149024,0.163143,0.355366
67.584000000,0.226753,0.183535,0.120577,1.51016,0.224412,1.04048,1.01999,0.260462,1.6709,0.174428,0.226487,0.367707
67.626666667,0,0.136945,0.125237,1.62508,0.0211275,1.07522,0.895895,0.107158,1.83587,0.418855,0.355285,0.520614
67.669333333,0,0.14825,0.168339,1.73276,0,0.908223,0.513644,0.144073,1.47948,0.575193,0.648542,1.42983
67.712000000,0,0.145016,0.244405,1.72724,0,0.825646,0.150273,0.164023,1.29886,0.536003,0.551856,2.01917
67.754666667,0,0.18961,0.242279,1.78034,0,0.63574,0,0.230829,1.00488,0.453534,0.407543,2.38422
67.797333333,0,0.156157,0.358428,1.52062,0.118978,0.394804,0.0417862,0.216318,0.797542,0.112833,0.33293,2.54865
67.840000000,0.46114,0.0767146,0.322862,0.924872,0,0.411931,0.488262,0.546834,0.372379,0.10289,0.000653094,2.68618
67.882666667,0.659636,0.113028,0.276985,0.437654,0,0.481901,0.88464,0.391567,0.341703,0.170099,0.000641266,2.88049
67.925333333,0.661351,0.128468,0.269658,0.502289,0,0.375317,1.0344,0.345343,0.259237,0.205883,0.000632977,2.95511
67.968000000,0.716797,0.121431,0.199675,0.490311,0,0.171046,0.990404,0.3697,0.292878,0.264555,0.000484165,3.08449
68.010666667,0.919487,0.113842,0.145118,0.503956,0,0.199991,0.842364,0.372092,0.192865,0.309866,0.000331803,3.22398
68.053333333,1.23552,0.0419989,0,0.911074,0,0,0.629852,0.373959,0.933034,0.149647,0.00944248,2.50933
68.096000000,0.558873,0.204276,0,1.46607,0,0.0241457,0.485515,0.301251,1.35333,0.150761,0.0113646,2.46909
68.138666667,0.0257056,0.31328,0,1.63187,0,0.00812254,0.444359,0.17564,1.39018,0.15806,0.00429825,2.91473
68.181333333,0,0.277265,0.0911343,1.42812,0.00300003,0.0181518,0.440498,0.1472,1.42438,0.0939189,0,3.21291
68.224000000,0,0.171451,0.00382384,1.36018,0.0179471,0,0.677628,0.0960419,1.19195,0.104271,0,3.36413
68.266666667,0,0.134427,0.115014,1.02623,0.0404826,0,0.786822,0.0876027,1.21557,0.0797693,0,3.41348
68.309333333,0.0243417,0.154616,0.173441,1.10164,0.0842274,0.00147052,0.695064,0.0611057,1.10885,0.0336377,0,3.27507
68.352000000,0.0116838,0.179473,0.181708,1.24737,0.117782,0,0.508434,0.127462,0.924671,0.0138209,4.33921e-05,3.07926
68.394666667,0,0.20638,0.175282,1.53003,0.134803,0.00776041,0.337543,0.170675,0.812257,0.0212652,0.0363907,2.71325
68.437333333,0,0.174279,0.182521,1.55554,0.114024,0.0772351,0.232777,0.165371,0.853376,0.0607069,0.90594,1.83435
68.480000000,0.0646823,0.10214,0.337472,1.60392,0.0670965,0.396328,0.0805759,0.0616164,0.949829,0.115134,1.36968,0.425141
68.522666667,0.010093,0.0163496,0.327599,1.8501,0,0.474997,0.0734379,0.0750902,1.18361,0.413746,1.20148,4.64301e-05
68.565333333,0,0.00686857,0.257076,2.44451,0.0421046,0.264783,0.117303,0.085285,2.17667,0.671052,1.09184,6.41677e-05
68.608000000,0.00618186,0.0108202,0.116,2.50772,0.087807,0,0.118708,0.0711708,3.59769,0.754562,0.661905,9.79844e-05
68.650666667,0.429971,0.0230503,0.0126694,2.27408,0.109688,0,0.0711502,0.0424979,4.08495,0.424526,0.00162801,0.0167154
68.693333333,0.67877,0.0898405,0.0486358,2.32835,0.0709579,0,0.0832889,0.21253,4.09973,0.0824272,0,0.0327469
68.736000000,0.652369,0.0722631,0.209546,2.0238,0.117249,0.0532076,0.0739128,0.430045,4.1666,0.00938505,0,0.0742407
68.778666667,0.871969,0.169301,0.234849,1.67913,0.178639,0.0916702,0.518551,0.312368,3.76756,0.01086,3.22485e-05,0.144444
68.821333333,0.958108,0.144974,0.2667,1.73967,0.145417,0.0880207,0.67553,0.0523899,3.66052,0.0517453,0.0293652,0.116406
68.864000000,1.12356,0.0847748,0.222245,1.8921,0.0837891,0.0777647,0.693697,0.0174238,3.81493,0.0772166,0,0.0497425
68.906666667,1.46813,0,0.152418,1.91539,0,0.0649748,0.609964,0.0289231,3.76715,0.110417,0.000160344,0.00452304
68.949333333,0.951003,0,0.0309706,1.90261,0,0.0447771,0.518128,0.0671568,3.48457,0.140908,0.00657657,0.000130908
68.992000000,0.376384,0,0.00455319,2.43479,0.175623,0.000465913,0.406687,0.253523,2.90489,0.163798,0.164431,0.00020848
69.034666667,0.217958,0.0454012,0.130285,2.68629,0.0742029,0,0.108913,0.233098,2.41883,0.149299,1.17746,0.0983517
69.077333333,0.0873422,0.128872,0.215189,2.05736,0,0.0744278,0.0906926,0.102826,1.66802,0.128757,2.20763,0.0732264
69.120000000,0,0.140279,0.2373,1.83619,0,0.151266,0.115458,0.109336,1.36787,0.0763654,2.57419,0.00142146
69.162666667,0,0.167426,0.312702,1.76947,0.0482974,0.148367,0.0807266,0.241964,1.25446,0.0502418,2.77321,0.0002336
69.205333333,0.221113,0.0996481,0.315202,1.54806,0.221772,0.191211,0.0306611,0.0852323,0.922977,0.00706671,2.90192,0.000517724
69.248000000,0.213589,0.0600147,0.297265,1.11674,0.39037,0.214508,0.425011,0.0140477,0.657128,0.0271149,3.09557,0.310614
69.290666667,0.12168,0.0916675,0.238898,0.837615,0.562135,0.241992,0.630471,0.00880804,0.196138,0,3.18304,0.480347
69.333333333,0.00592886,0.0560573,0.197002,0.836786,0.803641,0.280312,0.346877,0.0376296,0.125884,0.0134888,2.90952,0.763338
69.376000000,0.00680034,0.0320495,0.424118,0.711013,1.02407,0.277964,0.0389018,0,0.143708,0.0433785,2.60311,1.1476
69.418666667,0.00873201,0.0060279,0.235378,0.193531,1.45408,0.189205,0.191305,0,0.211967,0.0571538,1.80198,2.3419
69.461333333,0,0,0.0557054,0.079223,2.13885,0.0376222,0.475443,0,0.0813563,0.00258819,0.655668,3.13457
69.504000000,0,0,0.0344864,0.0887127,2.28861,0.0443071,0.578634,0,0.00907742,0.187004,0.00334373,3.19912
69.546666667,0,0,0.00255105,0.165942,2.28217,0.0363141,0.578993,0,0.012578,0.301271,0,3.11676
69.589333333,0,0,0.000925307,0.152461,2.42703,0.0996171,0.559942,0,0.0165175,0.142487,0,3.11402
69.632000000,0,0,0.00779232,0.0969119,2.41152,0.299229,0.520646,0.234689,0.137834,0.0939078,0.000528434,3.11961
69.674666667,0,0,0.0642829,0.506268,1.64463,0.437818,0.370788,0.579808,1.20821,0.480657,0,2.82666
69.717333333,0.204928,0,0.0392778,0.657849,0.880237,0.105484,0.460787,0.227833,1.98325,1.06023,0,1.23318
69.760000000,0.208732,0,0.0291456,0.600162,0.486795,0.141367,0.733706,0.0316375,2.2491,1.03579,0,0.232823
69.802666667,0.405949,0,0.0454546,0.743752,0.200757,0.139527,0.778158,0.00702123,2.31291,0.956945,0.000447136,0.0377971
69.845333333,0.484507,0.147648,0.129504,0.948735,0.162984,0.0383257,0.433429,0.00779822,2.07052,1.058,0.000893161,0.22367
69.888000000,0.228604,0.100013,0.489604,0.270554,0.954794,0.0286719,0.117741,0.324299,1.65166,1.38968,0.922856,0.463259
69.930666667,0,0.0837025,0.480403,0.127496,1.64874,0.0267964,0.0578204,0.603162,0.645643,1.30721,2.15365,0.629404
69.973333333,0,0.0696208,0.520782,0.10612,1.79179,0.0352899,0.0509122,0.429227,0.491871,0.498918,2.79435,0.543228
70.016000000,0,0.0207244,0.550418,0.126545,1.85107,0.163258,0.0437779,0.182535,0.260987,0.153894,3.13859,0.558197
70.058666667,0,0.0152294,0.413812,0.0775338,2.00849,0.372092,0.016243,0.160326,0.0117758,0.0307215,3.31152,0.669469
70.101333333,0,0.0155639,0.358812,0.0152869,2.12772,0.608062,0.0435372,0.0313041,0.0172574,0,3.36714,0.704131
70.144000000,0,0.667428,0.25542,0.134294,2.16421,0.71155,0.0914974,0.0498987,0.0296095,0,3.11246,0.613315
70.186666667,0.0287885,1.06081,0.0686327,0.168974,1.57301,0.38764,1.21167,0.19279,0.012572,0.116546,2.27717,0.312501
70.229333333,0.175768,1.54189,0.0573299,0.295397,1.12519,0.371334,1.5639,0.344915,0.0661881,0.144241,1.84576,0.485299
70.272000000,0.333763,1.38692,0,0.193023,0.755789,0.335457,1.6771,0.345127,0.164129,0.0982071,1.82565,1.05164
70.314666667,0.123345,0.832952,0,0.0357884,0.398861,0.540694,1.13711,0.17812,0.114776,1.54847,0.895713,1.69109
70.357333333,0.306712,0.974782,0,0.201551,0.0363542,0.338719,1.25766,0.103715,0.194465,2.03054,0.385164,0.906054
70.400000000,0.301753,1.10292,0.020098,0.38268,0.036299,0.21247,1.48085,0.0905205,0.483556,1.72338,0.102293,0.559859
70.442666667,0.345831,1.20687,0.0450167,0.574233,0.118544,0.231774,1.46586,0.123011,1.11851,1.17293,0,0.292046
70.485333333,0.329649,1.38484,0.012076,0.615082,0.255019,0.140399,1.26766,0.109152,2.04918,0.46705,0,0.0849063
70.528000000,0.305918,1.47023,0.00343604,0.591295,0.285729,0.0226957,1.2692,0.121545,2.70992,0.0607999,0,0.000414942
70.570666667,0.394539,1.31326,0.13337,0.84727,0.0519726,0.0156803,1.02795,0.147603,3.01807,0.0010088,0,0.000520045
70.613333333,0.330839,0.608043,0.237577,0.745253,0.0327736,0.111779,1.46132,0.489257,3.1722,0.00269967,0.0295365,0.0699313
70.656000000,0.397208,0.896175,0.237856,0.61355,0.079956,0.120387,2.37326,0.515721,1.89267,0.0641025,0.0247941,0.36852
70.698666667,0.418028,1.40808,0.368312,0.196557,0.370472,0.106332,2.73042,0.3692,0.0759936,0.138339,0.427219,0.468421
70.741333333,0.309738,1.52896,0.490322,0.0152461,0.275339,0.187791,2.74362,0.137898,0.00632471,0.0773698,0.715009,0.331512
70.784000000,0.253245,1.57631,0.244343,0,0.0280569,0.0681692,3.32524,0.230557,0.360391,0.112204,0.771765,0.298355
70.826666667,0,1.92516,0.0294551,0,0.0446349,0.127424,3.60997,0.374429,0.311782,0.112007,1.19275,0.0835871
70.869333333,0,2.50216,0,0,0.0258765,0.323035,3.9277,0.353274,0.141621,0.000908745,1.2481,0
70.912000000,0,2.59483,0,0,0.0188803,0.33217,4.21954,0.167359,0.0400433,0.000268626,1.20499,2.20307e-06
70.954666667,0.0231865,2.50681,0.0144257,0,0,0.207722,4.34716,0.129607,0.00632052,0.000459172,1.16233,1.56634e-05
70.997333333,0.0876117,2.3622,0.147601,0,0,0.0191949,4.34708,0.274861,0.0161047,0,0.903023,0.00989874
71.040000000,0.00165879,1.86122,0.500351,0.111911,0.197988,0.0361511,4.09732,0.319663,0.112501,0.0701398,0.353022,0.000564
71.082666667,0.0475883,0.462684,0.548762,0.945709,0.155244,0.0420526,2.84411,0.146771,2.74746,0.0354536,0.088983,0.00195941
71.125333333,0.492653,0.286895,0.285452,1.82578,0.15162,0.0109477,0.258987,0.0105059,3.88869,0.0108613,0,0.0105877
71.168000000,0.569626,0.275874,0.300961,1.91434,0.110585,0,0.0479415,0.0374361,4.08871,0.0152284,0,0.000531763
71.210666667,0.530497,0.258696,0.397041,1.61406,0.00268818,0,0.242054,0.04583,4.07882,0.0687056,0,0.00386591
71.253333333,0.43444,0.16754,0.517501,1.20255,0,0,0.957621,0.0632911,3.72958,0.126925,0.0312069,0.158741
71.296000000,0.410409,0.177952,0.561329,1.06948,0,0.215313,1.56116,0.249436,3.34078,0.152862,0.0259758,0.00327268
71.338666667,0.368993,0.112788,0.508387,1.22679,0,0.701146,1.9346,0.258448,2.69199,0.162402,0.0286586,0
71.381333333,0.438951,0.202649,0.455881,1.13126,0.247241,1.05024,1.99629,0.419344,2.10396,0.133831,0.147447,0
71.424000000,0.515009,0.141798,0.464077,1.63109,0.799423,0.946126,1.56084,0.333985,1.91283,0.0496727,0.246131,0.00964057
71.466666667,0.393943,0.37302,0.386321,1.99529,0.593825,0.606749,1.13009,0.268572,1.94677,0.0377684,0.107788,0.317202
71.509333333,0.534037,0.461556,0.224633,2.35977,0.293985,0.277318,0.629055,0.550971,1.77825,0.12288,0,0.0777109
71.552000000,0.680089,0.589379,0.318978,2.4396,0.211002,0.188554,0.715937,0.856267,1.17289,0.127592,0.20012,0.0971594
71.594666667,0.789569,0.540264,0.322918,2.65261,0.154599,0.0547833,0.766336,0.859802,0.907106,0.164685,0.489084,0.334143
71.637333333,0.745026,0.510646,0.163686,3.10102,0.0813486,0.043013,0.696125,1.0231,0.68085,0.264706,0.373678,0.552726
71.680000000,0.319212,0.450111,0.0736005,2.94488,0.212307,0.0460525,0.592793,1.01406,0.780503,0.459265,0,0.81282
71.722666667,0.0791267,0.357953,0,1.98716,0.721344,0.0182887,0.499955,0.67489,2.11209,0.182322,0.0875167,0.949462
71.765333333,0,0.0484683,0,1.51009,0.877548,0,0.41282,0.512698,2.93718,0.160097,0.485586,1.0271
71.808000000,0,0.137744,0.00435681,2.00217,0.457113,0,0.263155,0.230856,3.41417,0.174992,0.443245,1.21841
71.850666667,0,0.284049,0.0667558,2.25049,0.0877945,0.00928638,0.18089,0.194965,3.53586,0.136094,0.334713,1.40659
71.893333333,0,0.180623,0,2.48726,0,0,0.151552,0.086517,3.75641,0.174917,0.30007,1.42618
71.936000000,0,0.188084,0,2.73421,0.0697619,0,0.141187,0.0780394,3.97005,0.099452,0.197959,1.3969
71.978666667,0.502878,0.194858,0.141579,2.56169,0.252328,0.0105567,0.0401949,0.0689447,3.98024,0.051452,0.00167057,1.14214
72.021333333,0.604486,0.173534,0.157768,2.92895,0.149071,0.0194961,0.0601379,0.0766927,3.61866,0.0248466,0,0.992212
72.064000000,0.671359,0.173719,0.185053,3.10417,0.143428,0.00737331,0.112547,0.0616923,3.28736,0.0105721,0.0124071,0.863651
72.106666667,0.63456,0.145542,0.292722,3.02481,0.112384,0.0139342,0.091857,0.057588,3.60031,0.0352281,0.000499155,1.05487
72.149333333,0.493103,0.0764755,0.328597,2.78431,0.0384296,0,0.0253337,0.0651098,4.02419,0.0840291,0.00224002,1.35271
72.192000000,0.35007,0,0.119789,2.75468,0.0155489,0,0.0197611,0.0799649,4.26509,0.127126,0.0340958,1.49129
72.234666667,0.105045,0,0,2.44219,0.0862644,6.78479e-05,0.0642702,0.0751066,4.31831,0.123807,0.0403976,1.49845
72.277333333,0.175765,0,0.00736772,2.25416,0.0961762,0,0.0854099,0.0798173,4.29689,0.140282,0.0134717,1.36907
72.320000000,0.558633,0.237429,0.0382359,2.09779,0.119435,0,0.117525,0.0391402,3.97821,0.0905402,0.1824,1.15574
72.362666667,0.907303,0.195778,0.069115,2.01359,0.108397,0,0.192782,0.0417789,3.64011,0.0700645,0.184305,0.951968
72.405333333,1.29957,0.106905,0.28439,1.84162,0.248745,0,0.138299,0.209355,3.6137,0.0231233,0.19374,0.766293
72.448000000,1.05118,0.249127,0.225706,1.76152,0.297644,0.164341,0.576539,0.76079,2.76069,0.202542,0.000728747,0.724277
72.490666667,0.782451,0.189732,0.249927,1.28962,0.338275,0.322578,1.05095,0.860007,1.76915,0.283954,0.00129295,0.853553
72.533333333,0.820025,0.13913,0.434788,1.28151,0.23452,0.378847,1.08827,0.381889,1.77223,0.30186,0.265486,0.849171
72.576000000,0.982973,0.194364,0.457523,1.16215,0.198471,0.408292,1.07903,0.198022,1.92959,0.357848,0.399354,0.81921
72.618666667,0.95747,0.448018,0.564788,1.16955,0.00475788,0.479762,0.902929,0.0796175,1.31817,1.70396,0.0185626,0.195361
72.661333333,0.541215,0.198731,0.0884205,1.96761,0.0139025,0.00124889,0.949088,0.387098,1.0399,2.32894,0.0361883,0.285558
72.704000000,0.390833,0.0531284,0.203657,1.95004,0.00192926,0.0315797,0.94252,0.133017,1.68024,1.83084,0.0241941,0.616143
72.746666667,0.42118,0.0804363,0.195161,1.87181,0.0126531,0.147036,0.765898,0.0971214,1.95083,1.36957,0.00933632,0.798514
72.789333333,0.387266,0.0130236,0.189162,1.89033,0.00846518,0.0667148,0.649519,0.0594334,2.30263,1.03592,0,0.883424
72.832000000,0.505624,0.178598,0.182426,1.99917,0,0,0.494899,0.0450493,2.18878,0.787815,0,0.807661
72.874666667,0.566395,0.733455,0.233276,1.64677,0.22883,0.341715,0.139531,0.00866022,1.44848,0.428311,0,1.25534
72.917333333,0.153859,1.56199,0.196911,0.367302,0.62344,0.134256,0.217525,1.1413,0.535934,0.400359,0.00386614,0.773611
72.960000000,0.151703,1.79539,0.109194,0.220381,0.470293,0,0.33041,1.3938,0.438953,0.303012,0.711738,0.656448
73.002666667,0.152363,1.81596,0.0447808,0.226616,0.207045,0,0.172639,1.7525,0.561056,0.323053,1.05084,0.496316
73.045333333,0.156541,1.91108,0.0526454,0.432346,0.0676488,0,0.0503458,1.95537,0.693904,0.232871,0.99165,0.317851
73.088000000,0.174521,2.20368,0.291745,0.660618,0.0904295,0.0805531,0.0390227,1.63839,1.27302,0,0.569837,0.333163
73.130666667,0.206118,2.91399,0.462167,0.53482,0.00167862,0.135113,0.00053215,0.852777,2.06076,0.000571514,0.190001,0.337666
73.173333333,0.254268,3.09991,0.408,0.506895,0,0.432702,0,0.103007,2.2802,0.0341691,0.086637,0.398172
73.216000000,0.210466,2.7665,0.0777433,0.498594,0,0.813214,0.230249,0.35259,2.24903,0.149428,0,0.720548
73.258666667,0.214454,2.71485,0.0119792,0.540471,0,0.316435,0.286619,0.197367,2.23894,0.0783766,0,1.43019
73.301333333,0.179086,2.51291,0.286848,0.661622,0.081677,0.105238,0.204273,0.772999,2.63068,0.000163745,0,1.59256
73.344000000,0.42683,2.11819,0.151101,0.766045,0.0480297,0.013718,0.504001,0.34859,2.55345,0.156322,0.0179278,1.60504
73.386666667,0.277797,1.6055,0.19588,0.689783,0.0650305,0.0432887,0.569756,0.285696,2.51334,0.272348,0,1.79445
73.429333333,0.183811,1.22652,0.205019,0.603301,0.322699,0.0493138,0.586884,0.196825,2.40117,0.28249,0.00436066,1.93186
73.472000000,0.161555,1.41275,0.125475,0.206531,1.02989,0.257837,0.671482,0.0798939,2.31029,0.292166,0.0491202,2.17862
73.514666667,0.161765,1.81249,0.0448981,0.089325,1.45917,0.406072,0.744742,0.126472,1.79098,0.328313,0.0392303,2.1226
73.557333333,0.214287,2.21394,0.103583,0.132149,1.35644,0.61742,0.619393,0.154512,1.45892,0.0804492,0.0232109,1.89491
73.600000000,0.280899,2.39173,0.315116,0.655261,0.0117297,0.898804,0.191162,0.281139,1.52416,0.534636,0.124558,2.27772
73.642666667,0.259928,2.80074,0.344957,0.708985,0,0.561857,0.0223587,0.575318,2.00568,0.198335,0.000971593,1.94283
73.685333333,0.131486,2.71533,0.129027,0.587559,0,0.31359,0.0816085,0.595819,2.53998,0.0511568,0,1.72105
73.728000000,0.0228585,2.55989,0,0.618968,0,0.0927515,0.463257,0.78637,2.61631,0.0260969,0,1.52186
73.770666667,0,1.66259,0.283731,0.523387,0.166304,0.0200788,0.718303,0.901916,2.76408,0.00124768,0,1.52119
73.813333333,0.21365,1.19591,0.189233,0.5903,0.146606,0.179642,0.63356,0.372925,2.93628,0,0,1.52901
73.856000000,0.0524602,1.02355,0.203755,0.544416,0.0709376,0.0718437,0.762489,0.38948,2.82161,0,0.0664108,1.1471
73.898666667,0.022052,1.35018,0.307395,0.512401,0.0805076,0.0588937,1.66496,0.653581,1.53326,0.11117,0.685696,0.616334
73.941333333,0,1.21806,0.378024,0.161738,0.159092,0.0487806,2.7838,0.725314,0.100104,0.729374,1.26497,0.104452
73.984000000,0,1.36376,0.52776,0.0459173,0.0671214,0.0435102,3.14801,0.603851,0.191772,0.767218,1.46279,0.0395926
74.026666667,0,1.60133,0.585272,0,0.0596583,0.117086,2.47861,0.475944,1.82452,0.0480292,0.962142,0.0903073
74.069333333,0.0138309,1.66096,0.449239,0.125425,0.0184517,0.37511,2.14822,0.118081,2.09646,0,0.506067,0.273623
74.112000000,0.0874753,1.49311,0.0259686,0.413513,0.123299,0.449339,2.11977,0.125217,1.7562,0.193389,0.421355,0.632146
74.154666667,0.14696,1.22132,0.300632,0.320551,0.297931,0.303601,1.68191,0.105341,2.27086,0.0842,0.206717,1.24334
74.197333333,0.0598598,1.15776,0.361343,0.288221,0.204615,0.344976,1.20756,0.136284,2.78649,0.0685487,0.00666866,1.83662
74.240000000,0.0139966,1.40065,0.190829,0.279514,0,0.404141,1.25033,0.101327,2.74074,0.00142609,0.0061966,2.03969
74.282666667,0,0.93937,0.0569434,0.406165,0.0254451,0.338182,0.794627,0.813912,2.95454,0.0204163,0.0360682,1.9156
74.325333333,0.0849334,0.821955,0.0781936,0.367571,0.0183803,0.32785,0.64911,0.863401,2.70613,0,0.0892175,1.86036
74.368000000,0.0129444,0.785749,0.0976826,0.354353,0.0229521,0.120296,0.358987,0.959102,2.20258,0.0549441,0.234602,1.79706
74.410666667,0.133409,0.931982,0.164516,0.474608,0.0161599,0.140698,0.373207,1.3991,1.12154,0.00197908,1.30002,1.37322
74.453333333,0,1.17648,0.164318,0.422613,0.00674429,0.782259,0.73424,1.58076,0.413452,0.105273,2.36909,0.438194
74.496000000,0.0072202,1.01479,0.139608,0.376543,0.184039,1.09649,2.21027,1.23929,0.190648,0.0862713,2.07794,0.540566
74.538666667,0.0643791,1.50859,0.259583,0.284233,0.140085,0.789402,3.07621,0.495497,0.157149,0.00136606,1.73581,0.487125
74.581333333,0.107087,2.18684,0.197016,0.187292,0.214755,0.78358,2.88629,0.139406,0.05254,0,1.46452,0.218447
74.624000000,0.146897,2.09208,0.138931,0.156544,0.350143,0.525852,3.0462,0.0776011,0.041086,0,1.8169,0.109936
74.666666667,0.209691,1.69071,0.0531989,0.309523,0.462619,0.16679,3.39741,0.070705,0.13531,0,2.12561,0.0613939
74.709333333,0.160671,1.6776,0.190227,0.997675,0.210501,0.018178,3.32286,0.492065,0.0299537,0,2.07919,0.0161013
74.752000000,0.75893,1.03764,0.181435,2.09895,0.0608158,0.021072,2.84053,0.246491,0.272944,0.282649,1.44749,0.10271
74.794666667,1.60526,0.525562,0.564962,1.87592,0.0815559,0,1.58997,0.0279643,1.18019,0.184934,1.04098,0.0665592
74.837333333,1.76115,0.450709,0.70355,1.7894,0.16523,0,0.665858,0.422366,1.48062,0.0660213,0.969397,0.0103653
74.880000000,1.79841,0.525565,0.884946,1.68051,0.19058,0,0.469356,0.682211,1.72017,0.0310541,0.874356,0.000648362
74.922666667,1.32898,0.447624,0.842429,1.64228,0.0684233,0,0.446424,0.705632,1.96355,0.0908172,0.740671,0.124609
74.965333333,0.464571,0.0249922,0.284142,1.79193,0.00242415,0.0467939,0.303137,0.0866578,2.65742,0.228578,0.706989,0.725863
75.008000000,0.156791,0,0.0692444,2.19243,0.135262,0.0814736,0.225463,0.211047,2.9577,0.240403,0.430745,0.652018
75.050666667,0.108291,0.100716,0.0748863,2.12263,0.186748,0.0378521,0.128855,0.138333,3.07817,0.234929,0.355879,0.435999
75.093333333,0.161039,0.244616,0.147529,1.98534,0.199502,0.0031468,0.0776234,0.139204,3.13625,0.163454,0.239926,0.325388
75.136000000,0.278977,0.107929,0.136554,2.00861,0.235356,0,0,0.0542438,3.78066,0.164901,0.0561157,0.220991
75.178666667,0.365629,0.127936,0.189102,1.87178,0.166304,0.0437118,0.0983561,0.0884826,4.33389,0.138642,0,0.0692674
75.221333333,0.641973,0.152331,0.238572,1.59811,0.163409,0.0686238,0.514117,0.0812045,3.86395,0.110564,0,0.0730837
75.264000000,0.88804,0.145965,0.254387,1.95365,0.13671,0.0615173,0.626118,0.072186,3.73522,0.0822444,0,0.0769956
75.306666667,1.11601,0.152837,0.250029,2.11723,0.107907,0.0494586,0.610268,0.0419638,3.7963,0.0766252,0,0.0817655
75.349333333,1.26802,0.129034,0.175827,2.0805,0.0398903,0.0259944,0.549413,0.0325271,4.08621,0.088842,0,0.0315426
75.392000000,1.17678,0.06501,0.0657231,1.96934,0,0,0.444292,0.0433348,4.21836,0.119884,0.00268434,0.000326039
75.434666667,1.18504,0,0,2.11816,0,0,0.199261,0.335615,3.96354,0.174123,0.0114678,0.000182781
75.477333333,1.2873,0,0,2.4081,0,0.00136203,0.0548153,0.35317,3.55778,0.191127,0.0257625,7.64072e-05
75.520000000,1.11323,0.0145919,0.0145464,2.13455,0.0296489,0.0323754,0.0493118,0.120104,3.76208,0.204722,0.00785356,9.34355e-05
75.562666667,1.20618,0.0216158,0.0547789,1.81999,0.0587741,0.031671,0.0751534,0.0656404,3.91288,0.139234,0.00165989,6.57215e-05
75.605333333,1.27141,0.153151,0.10553,1.69572,0.0622825,0.00302394,0.297803,0.205881,3.6217,0.105676,0,0.000494204
75.648000000,0.414424,0.688348,0.235373,0.977769,0.162339,0.00230489,1.02244,1.19667,1.62587,0.0695103,0.19496,0.000593587
75.690666667,0.209133,0.893322,0.212393,0.803072,0.18852,0.0154695,1.2112,1.47205,0.644062,0.0317442,0.273148,0.187806
75.733333333,0.391282,0.718967,0.27448,0.827449,0.21244,0.0141626,1.13544,1.25094,1.23821,0.0163811,0.304585,0.000586244
75.776000000,0.602286,0.410499,0.37701,0.852339,0.181447,0.00114866,0.861767,0.786457,2.04173,0.0297792,0.289307,0.000593346
75.818666667,0.580999,0.391345,0.607306,0.883933,0.0997037,0,0.536165,0.442665,2.78607,0.0673438,0.235447,0.0102888
75.861333333,0.531071,0.269562,0.628513,1.12656,0.00110959,0.000996107,0.123374,0.217672,3.45648,0.12149,0.0718999,0.00580612
75.904000000,1.06803,0.0601284,0.277467,2.27375,0,0.00389289,0.0398965,0.0839984,3.76734,0.541907,0.100129,0
75.946666667,1.05108,0.0137609,0.0537862,2.78125,0,0.000925191,0.0575094,0.0806759,3.59443,0.632142,0.205693,0
75.989333333,0.99719,0.0826418,0.0432403,2.71723,0.0253091,0,0.0399431,0.0499677,3.89334,0.301561,0.186214,0
76.032000000,0.826659,0.133082,0.040002,2.69409,0.0294717,0,0.0506468,0.0384896,4.123,0.0965809,0.161691,0
76.074666667,0.475621,0.0810006,0.039302,2.53641,0.0563343,0,0.0443388,0.124525,4.13768,0.0756071,0.0591884,0.000477982
76.117333333,0.3654,0.00838268,0.213938,2.13801,0.185899,0.0153882,0.0898106,0.285655,3.8259,0.0619087,0,0.0466425
76.160000000,0.496541,0,0.165294,2.04726,0.156188,0.0525305,0.455561,0.410092,3.42707,0.14843,0,0.0582433
76.202666667,0.584628,0,0.149926,2.27584,0.120432,0.0753608,0.627171,0.14366,3.46909,0.196039,0,0.0626306
76.245333333,0.696744,0,0.154022,2.36575,0.0959743,0.0607033,0.631257,0.0217462,3.48019,0.218174,0,0.0591798
76.288000000,0.728876,0,0.148608,2.27997,0.00475445,0.0481481,0.582246,0.045666,3.48846,0.31959,0.0139361,0.0772395
76.330666667,0.719923,0.0175842,0.017788,2.16793,0.00121314,0.0320517,0.495284,0.248235,3.34619,0.41553,0.0274175,0.000251521
76.373333333,0.863127,0,0.198257,2.40443,0.0130603,0.00483605,0.145946,0.353957,3.43203,0.655487,0.270518,0.000805514
76.416000000,0.901445,0.0550588,0.207467,2.43812,0.0512183,0.0113228,0.0235662,0.14784,3.76293,0.570668,0.187249,0.0706555
76.458666667,1.08234,0.0630391,0.244514,2.36659,0.0645163,0.063715,0.00661718,0.0895329,3.99517,0.202773,0.0588021,0.147828
76.501333333,1.01058,0.0458244,0.181013,2.28467,0.0209031,0.111891,0.0216234,0.0543189,4.16577,0.0681461,0.0105277,0.0759168
76.544000000,0.77384,0.113641,0.0818181,2.0748,0.137504,0.0505559,0.0170963,0.162746,3.85267,0.0768976,0.00261503,0.000481225
76.586666667,0.504456,0.342052,0.312873,1.38536,0.581748,0.0356772,0.0439098,0.263644,3.0894,0.0371803,0,0.000726009
76.629333333,0.261071,0.869374,0.444994,0.71228,0.600584,0.0408139,0.11709,1.18202,1.82713,0.0391458,0,0.597476
76.672000000,0.0440891,0.902808,0.698621,0.462835,0.731897,0.033736,0.185537,1.5274,0.400171,0.138082,6.55208e-06,1.18406
76.714666667,0.0156092,0.563941,0.924014,0.212694,0.777824,0.0317457,0.10415,1.36405,0.202306,0.224284,0.0559231,1.48478
76.757333333,0,0.201146,0.858969,0.501731,0.745906,0.0555264,0.0136577,1.13286,1.36116,0.213243,0.0241109,1.49387
76.800000000,0.0880889,0,0.636796,0.891177,1.10464,0.0717514,0.0389372,0.970734,2.81547,0.0447438,0.00252322,0.924335
76.842666667,0.083198,0,0.798019,0.854944,1.74026,0.284007,0.0587485,0,3.33558,0,0.0511763,1.08574
76.885333333,0.0925615,0,0.808037,0.753872,1.93929,0.2468,0.0740157,0,3.3306,0,0.0870174,1.06629
76.928000000,0.161076,0,0.753777,0.683876,1.93826,0.073494,0.0551761,0,3.38122,0,0.0798712,0.935736
76.970666667,0.185416,0,0.660801,0.599201,1.86308,0.0999759,0.0216903,0,3.45414,0.0118834,0.0646922,0.934384
77.013333333,0.148898,0,0.450912,0.394703,1.54315,0.219736,0.0326158,0.266735,3.51119,0.0137508,0.0407845,1.09176
77.056000000,0,0.187137,0.375863,0.382041,1.08039,0.323483,0.226516,1.11078,2.78044,0.0624164,0.303787,0.875427
77.098666667,0.244395,0.20709,0.458419,0.254795,0.486431,0.207332,1.02322,2.01157,0.0102981,0.199193,0.390051,0.527111
77.141333333,0.222296,0.404478,0.364143,0.161622,0.299379,0.237995,1.41362,1.62487,0.00398761,0.253492,0.393729,0.620821
77.184000000,0.242311,0.452669,0.244184,0.0678489,0.201958,0.203958,2.13245,1.17122,0,0.167097,0.340177,0.419804
77.226666667,0.245768,0.514391,0.166222,0.0143478,0.155035,0.0992047,2.57804,0.474259,0,0.255995,0.324294,0.435382
77.269333333,0.00373826,0.498104,0.0829015,0.0146377,0.305813,0.043803,2.45002,0.617436,0.198131,0.136684,0.408116,0.879171
77.312000000,0,0.568239,0.228609,0.0308026,0.866636,0.0113364,1.8356,0.957123,0.339752,0.0260446,0.501839,1.1783
77.354666667,0,0.585643,0.514564,0.0872596,1.30259,0.0197212,1.06926,0.805163,0.318756,0.152953,0.593215,1.27177
77.397333333,0.0392906,0.265699,0.618797,0.143505,1.51228,0.0314112,0.253,0.924523,0.00710919,0.222027,0.763865,1.43051
77.440000000,0.0685649,0.0206104,0.612863,0.136248,1.87095,0.270995,0.0080469,1.45377,0.0251829,0.186547,0.680978,1.72452
77.482666667,0.0216665,0.0866245,0.234352,0.199457,1.98788,0.47466,0.0654382,1.7336,0.4412,0,0.852636,2.10675
77.525333333,0.0291576,0.825913,0.145191,0.20478,1.55338,0.393411,1.00325,1.33894,0.683841,0,1.78125,0.848776
77.568000000,0.589684,0.974047,0.198312,0.34462,0.979886,0.011844,1.62452,1.088,0.529657,0,2.04445,0.460854
77.610666667,0.880104,1.21587,0.114366,0.35904,0.859443,0.0134452,1.73039,1.03675,0.37023,0.00461061,1.94845,0.462157
77.653333333,0.911584,1.46556,0.0449255,0.256258,0.88976,0.0536584,1.7281,1.05773,0.278394,0,1.92382,0.610165
77.696000000,0.884808,1.26811,0,0.0327876,0.401971,0.0390236,1.96781,1.01394,0.00305319,0,1.74803,0.603187
77.738666667,0.447716,1.26398,0.125922,0,0.134681,0.118006,2.10836,0.726005,0.0219589,0,1.84149,0.186522
77.781333333,0.263564,1.70834,0.00188514,0,0.176152,0.313854,2.46718,0.545484,0.137384,0.00559626,1.6801,0.0205966
77.824000000,0.300288,2.04921,0,0,0.179864,0.314064,2.78168,0.346382,0.171902,0,1.52064,0.0206577
77.866666667,0.267816,2.46486,0,0,0.145782,0.215399,3.42268,0.130002,0.154116,0,1.28574,0.0822163
77.909333333,0.135388,2.61653,0.0496448,0.056503,0.0358996,0.0206705,4.12737,0.243616,0.110474,0,0.919684,0
77.952000000,0.00279372,1.42979,0.19578,0.924194,0.0423597,0.0249844,3.28238,0.246091,0.128791,0.156322,0.488103,0.229837
77.994666667,0.119295,0.716811,0.110924,1.26875,0.0979125,0.142176,2.67331,0.161592,0.227851,0.286436,0.595037,0.471387
78.037333333,0.169952,0.584704,0.102279,1.75799,0.287082,0.321547,2.19015,0.0618367,0.14768,0.409514,0.761863,0.746099
78.080000000,0.104774,0.376117,0.106106,2.28988,0.229573,0.363268,1.58884,0.045125,0.073126,0.454633,0.712166,0.996625
78.122666667,0.377344,0.470579,0.0861151,2.43073,0.204511,0.2167,1.05281,0.0542862,0.0438613,0.452499,0.763784,1.21074
78.165333333,0.318901,0.57303,0.332776,2.05538,0.025916,0.149901,0.664399,2.12077,0.170776,0.126535,0.0897698,0.931709
78.208000000,0.017077,1.98845,0.235621,0.902467,0.0441913,0.273849,0.822609,2.88886,0,0.0109263,0.283923,0.0984388
78.250666667,0,2.76364,0.0254453,0.000652606,0.0778305,0.246492,1.80986,2.74404,0.0352944,0.00676449,0.274994,0.000303458
78.293333333,0,2.72114,0,0,0.0935366,0.135598,2.38066,2.19607,0,0.00638262,0.201279,0.000192347
78.336000000,0.0141653,2.45322,0,0,0.100655,0.101752,2.83376,1.64694,0.000502292,0.0217851,0.160601,0.000317665
78.378666667,0.0526739,2.00963,0.0355544,0,0.0960031,0.00219337,3.73619,0.623989,0.0232997,0.0233767,0.236855,0.000535929
78.421333333,0.00412543,1.66201,0.189128,0.113542,0.0855777,0.00782316,3.78219,0.446377,0.0946944,0.25566,0.22264,0.000596053
78.464000000,0.0220787,1.13325,0.198392,0.406261,0.120093,0.0147355,3.71197,0.0421364,0.528088,0.0773935,0.193585,0.000584971
78.506666667,0.156278,1.15259,0.222169,0.589005,0.139034,0.00383986,3.49574,0.0365983,0.740854,0.0281777,0.285442,0.000573428
78.549333333,0.265447,1.16716,0.219091,0.632534,0.111088,0.00105522,3.49114,0.0457873,0.81415,0.0304771,0.429227,0.000549413
78.592000000,0.374297,1.16177,0.26611,0.70679,0.0200797,0,3.38811,0.0512772,0.816011,0.0682195,0.417206,0.00029785
78.634666667,0.292228,0.96128,0.0359456,0.970157,0,0.00264163,3.19301,0.0794739,1.38814,0.83098,0.30609,0
78.677333333,0.302274,0.421216,0.206632,2.18741,0,0.00416594,1.50343,0.0984593,2.21706,1.13921,0,0.0353392
78.720000000,0.305722,0.269705,0.231143,2.47277,0,0.000228089,0.530012,0.100434,2.2665,1.01848,0.00395981,0.0356835
78.762666667,0.340778,0.236848,0.253805,2.46378,0,0,0.422858,0.0728289,2.13371,0.77365,0,0.00598027
78.805333333,0.333258,0.426422,0.258831,2.4228,0,0,0.332616,0.0842061,2.72721,0.412287,0.0015664,0
78.848000000,0.0692461,0.842577,0.0732232,2.09548,0.0618172,0,0.104553,0.050367,3.80231,0.157619,0.00240683,0.074452
78.890666667,0.0699621,0.925775,0.327456,0.897105,0.185365,0.246137,0.552258,0.0763423,3.59685,0.0780169,0.00241991,0.134672
78.933333333,0.0187428,0.933055,0.497934,0.819189,0.289669,0.4046,0.687789,0.0485932,2.58511,0.0516659,0.00109889,0.144678
78.976000000,0.307318,0.872486,0.517412,1.07368,0.253102,0.502301,0.744554,0.0433365,1.66647,0.0300328,0.000300564,0.240187
79.018666667,0.917373,0.647706,0.41353,1.20184,0.129271,0.531529,0.715949,0.307699,1.1811,0.0939916,3.20325e-05,0.438906
79.061333333,1.56325,0.172119,0.443609,1.11326,0.226228,0.429079,0.588003,0.905109,0.923157,0.183181,0.0719335,0.532287
79.104000000,1.34661,0.460846,0.314688,1.36605,0.578166,0.000997025,0.375237,0.621279,2.48692,0.117835,0.211191,0.491067
79.146666667,1.27515,0.460908,0,2.32646,0.155539,0,0.0214923,0.547752,2.8437,0.176569,0.237739,0.641231
79.189333333,1.03568,0.491963,0,2.73191,0.0384374,0.0894877,0.00355929,0.38902,2.79186,0.191854,0.221555,0.726619
79.232000000,0.544845,0.406175,0,2.74151,0.0132368,0.147092,0.00893222,0.470652,3.22861,0.169097,0.256531,0.792141
79.274666667,0.213054,0.318547,0,2.59955,0.0152097,0.0800937,0.383229,0.34759,3.67763,0.174382,0.239941,0.911475
79.317333333,0,0.159127,0.130498,2.59021,0.182756,7.61227e-05,0.147537,0.355195,3.73664,0.0654823,0.154549,1.08765
79.360000000,0.894088,0.155653,0.192458,2.76493,0.297609,0.0197435,0.0458534,0.00129079,3.35117,0.0366854,0.312193,1.20794
79.402666667,1.25891,0.164399,0.227465,2.80204,0.191436,0.0138129,0.0462824,0,3.08581,0.0168135,0.468787,1.20026
79.445333333,1.26577,0.149928,0.221586,2.86863,0.146678,0.0244035,0.0536147,0.0173803,2.916,0.0353697,0.454376,1.12623
79.488000000,1.19812,0.0821905,0.205611,2.80801,0.0860814,0.0309073,0.00143528,0.0437097,3.09621,0.0722684,0.365164,1.16284
79.530666667,1.13847,0.0510119,0.0863087,2.9674,0,0,0,0.0857551,3.51732,0.110715,0.129088,1.06721
79.573333333,1.16701,0.0338174,0.015923,2.72206,0.0100254,0,0.0170866,0.0934618,3.90314,0.117314,0.0653662,0.922204
79.616000000,1.25595,0,0.0835944,2.31951,0,0.0297058,0.0586752,0.105012,3.9437,0.169057,0.0312259,0.709125
79.658666667,1.02589,0.00479678,0.0965882,2.13636,0,0.015194,0.0745056,0.0975914,4.00133,0.136665,0.000585699,0.89318
79.701333333,0.876821,0.0874958,0.0898854,2.14155,0,0,0.0775343,0.103755,4.05765,0.0982101,0.00142954,1.03601
79.744000000,0.350488,0.0552068,0.163178,2.12304,0.00226998,0,0.353125,0.140188,3.94697,0.099745,0.00153218,1.15102
79.786666667,0,0.0656915,0.216822,1.90112,0.0235575,0.0117662,0.899071,0.461959,2.38241,0.300009,0,1.36068
79.829333333,0.0270486,0.225945,0.204649,0.912946,0.085562,0.385044,1.84968,0.731402,0.775208,0.549169,0.162173,0.574105
79.872000000,0,0.287696,0.411698,0.641845,0.121525,0.590636,1.90207,0.676609,0.639827,0.442672,0.203472,0.555558
79.914666667,0,0.196142,0.487447,0.600873,0.0997712,0.590703,1.97917,0.66665,0.593523,0.361068,0.118392,0.754273
79.957333333,0,0.13495,0.432725,0.647391,0.0887733,0.40734,1.90303,0.748766,0.575073,0.0985561,0.0373181,1.07003
80.000000000,0.0746747,0.091883,0.282417,0.796933,0.0775137,0.156528,1.48251,0.733225,1.96768,0.14124,0.0804138,1.09353
80.042666667,0.195455,0.013287,0.254574,1.24326,0.0316742,0.0622643,0.895072,0.818278,2.68109,0.152691,0.352565,1.05084
80.085333333,0.182021,0.20372,0.285074,1.38938,0,0.111253,1.04187,0.395436,2.48513,0.217657,0.812135,0.912929
80.128000000,0.148053,0.549621,0.123935,1.31166,0,0.29941,1.64343,0.273753,1.84379,0.199893,1.14169,0.467713
80.170666667,0.314383,0.689835,0.0412505,1.11319,0,0.285963,1.85567,0.203409,1.42508,0.206271,1.5236,0.00622194
80.213333333,0.208323,0.971492,0,1.00548,0.0126603,0.197307,1.86156,0.095059,0.998575,0.17028,1.76868,0.000439238
80.256000000,0.05575,1.29925,0.273286,0.370536,0.087509,0.260815,2.17052,0.156251,0.617736,0.0361815,1.50066,0.0359299
80.298666667,0.108304,1.62848,0.247209,0.123491,0.186137,0.0131935,2.65423,0.151571,0.515237,0.00240866,1.17761,0.0486883
80.341333333,0.10731,1.75324,0.162304,0.0111594,0.190114,0.00537076,3.065,0.0870779,0.497567,0.10541,1.36496,0.112777
80.384000000,0.106671,1.95723,0.114325,0,0.167557,0.0321465,3.34532,0.00740481,0.455515,0.154104,1.76361,0.0303547
80.426666667,0.115814,2.01014,0.116962,0,0.116713,0.0603016,3.61955,0,0.409233,0.0490169,2.06273,0
80.469333333,0.152532,2.29802,0.184238,0,0.0433349,0.0647523,3.69883,0,0.361056,0.0275652,2.11556,0
80.512000000,0.186385,3.0939,0.29274,0.0925021,0.00465051,0.29827,3.2577,0,1.28939,0.00702994,1.37548,0.0365792
80.554666667,0.280404,3.2831,0.319887,0.813856,0,0.256124,2.0611,0.0467129,1.70793,0.0153861,0.732919,0.444922
80.597333333,0.273261,2.89422,0.111729,0.802761,0.00566322,0.081085,1.16234,0.222894,2.21746,0.0095766,0.0093688,0.925625
80.640000000,0.181658,2.88555,0.0164663,1.09487,0.15281,0.00657874,0.174809,0.0494721,2.23205,0,0.00415337,1.22216
80.682666667,0.350891,2.61327,0.156473,0.824633,0.00341012,0.119073,0.356973,0.424459,2.40085,0.0783063,0.00152016,1.28141
80.725333333,0.297343,2.00483,0.182706,0.692054,0,0.0474704,0.424605,0.27493,2.12073,0.129188,0.00123324,1.62886
80.768000000,0.225231,1.19338,0.286142,0.678741,0.0773785,0.0827679,0.4679,0.455056,1.15587,0.295078,0.00058816,1.77765
80.810666667,0.194524,1.13301,0.24009,0.49518,0.105668,0.0811524,0.531048,1.13091,0.504201,0.330026,0.0741059,1.78329
80.853333333,0.185568,1.21866,0.217609,0.250792,0.0728834,0.18898,0.54721,1.76308,0.114344,0.403804,0.201513,1.85102
80.896000000,0.197618,1.26507,0.225687,0.0564202,0.0311644,0.455395,0.718823,2.18615,0.0502829,0.700208,0.57147,1.70505
80.938666667,0.252602,2.04682,0.24862,0.344475,0,0.461988,1.23519,1.76929,0.0719142,1.19222,0.446788,1.42546
80.981333333,0.434541,2.79075,0.433928,0.115852,0.124787,0.417748,1.08,0.509721,1.18458,0.666682,0.0187647,1.34255
81.024000000,0.222485,3.42753,0.233431,0.106967,0.153989,0.587917,0.517657,0.608249,1.65802,0.185516,0.0297907,1.32079
81.066666667,0.112434,3.53511,0.0837381,0.167319,0.130326,0.834918,0.678116,0.523701,1.61085,0.251088,0.0284174,1.25056
81.109333333,0.160995,3.14842,0.0900016,0.194124,0.0999962,0.77706,0.990961,0.686472,1.59164,0.105023,0.0277861,1.20534
81.152000000,0.23483,2.76831,0.0199102,0.389937,0.36806,0.794963,1.0083,0.557066,1.554,0.0552321,0.0336744,0.821441
81.194666667,0.0851134,2.1825,0.0011229,0.477557,0.0272484,0.257861,0.760085,0.410653,1.97137,0.119892,0.620966,0.76712
81.237333333,0.0383841,1.74297,0.0894671,0.495598,0.109895,0.0374434,0.810676,0.433596,1.72355,0.201268,1.16275,1.02717
81.280000000,0.139162,1.66854,0.138869,0.397393,0.393311,0.164249,1.01913,0.55598,1.39822,0.121877,1.51008,1.21122
81.322666667,0.179227,1.68957,0.134984,0.310158,0.624691,0.438016,1.22194,0.587645,0.933626,0.0102634,1.82595,1.32167
81.365333333,0.0432802,1.38384,0.111573,0.0830067,0.474364,0.787901,1.18207,0.335666,0.90018,0.0216739,1.5938,1.90027
81.408000000,0.0747496,0.896659,0.0618035,0,0.197363,0.830816,1.85494,0.374877,0.849476,0.0210946,1.3344,1.63427
81.450666667,0.0309219,1.14495,0,0,0.133024,0.300578,2.35895,0.484957,0.448396,0.31705,1.72414,1.31878
81.493333333,0.21052,1.02234,0.0072241,0,0.371335,0.109881,2.54886,0.566883,0.485768,0.408614,1.94844,0.850713
81.536000000,0.394449,0.958531,0.0170854,0,0.530352,0.103389,2.68688,0.583834,0.504913,0.335147,1.90368,0.326345
81.578666667,0.301943,1.01064,0.102961,0.00246331,0.475822,0.165743,3.04012,0.465171,0.719544,0.18476,1.46011,0.110928
81.621333333,0.126533,0.597305,0.430286,0.911743,0.415957,0.33189,2.89656,0.18423,1.08335,0.00265128,0.533069,1.67499
81.664000000,0.00154935,0.553068,0.293279,1.28674,0.147122,1.17514,1.17751,0.437467,1.36984,0.0115197,0.492208,1.92973
81.706666667,0.0235329,0.842202,0.222324,1.25012,0.0157623,1.47009,0.235258,0.765168,1.50578,0.418794,0.739434,1.7156
81.749333333,0.0599085,1.19575,0.223687,0.773948,0.00460913,1.57335,0.3282,0.806855,1.14648,0.705567,0.852595,1.54841
81.792000000,0.0939901,1.12748,0.214994,0.0494147,0.0657239,2.02013,1.10361,0.780027,1.16581,0.895554,0.813793,0.984075
81.834666667,0.0809165,1.04289,0.191739,0,0.489578,2.41146,1.3244,0.691876,1.4269,0.950608,0.707561,0.626208
81.877333333,0.0131518,0.857121,0.148445,0,1.03545,1.35428,1.88534,0.443657,1.21616,0.753911,0.963011,0.209045
81.920000000,0.365001,1.333,0.12262,0.170384,0.909547,0.441484,2.82805,0.250379,0.412945,0.252168,1.48394,0.0433462
81.962666667,0.436755,1.71371,0.103863,0.132963,0.87453,0.342344,3.19123,0.208482,0.398623,0.0249892,1.44758,0
82.005333333,0.440268,1.78649,0.0932608,0.101848,0.83953,0.124125,3.20616,0.217291,0.351851,0.00661521,1.44033,0
82.048000000,0.453892,1.84588,0.0872278,0.101424,0.907284,0.0298645,3.04006,0.180811,0.389259,0.00154694,1.52179,0.0517647
82.090666667,0.597063,1.8844,0.28573,0.463615,0.4712,0.0243607,2.77393,0.576741,0.163111,0,1.75823,0.000434684
82.133333333,1.48688,1.24248,0.390463,1.80496,0.0512741,0.128755,1.57142,0.12372,0.724087,0.0816787,1.16253,0.0628286
82.176000000,1.40473,1.30195,0.488714,2.07645,0.0600361,0.131761,0.358417,0.76643,1.73699,0.0164255,0.697427,0.03956
82.218666667,0.810256,1.99969,0.5452,1.63668,0.0972783,0.031244,0.216755,0.805666,1.63807,0,0.221814,0.00039208
82.261333333,0.448395,1.77223,0.367375,0.841627,0.0691047,0.0323518,0.388051,0.530159,1.34993,0.0970092,0.196546,0.000390434
82.304000000,0.849819,1.05713,0.229777,0.982343,0,0.0698467,0.689091,0.0595896,1.19387,0.320802,0.0118721,0.0317284
82.346666667,0.876465,0.959508,0.322473,1.26957,0.0158923,0.0562339,0.68144,0.0555097,1.35612,0.395662,0.00236672,0.00113654
82.389333333,0.508957,0.943259,0.44629,1.32984,0.0130255,0.0315651,0.692888,0.0778555,1.75109,0.440697,0.00504467,0.00764573
82.432000000,0,0.937101,0.758165,1.24209,0,0.0172563,0.665282,0.0804435,1.84465,0.476259,0.0376709,0.000270597
82.474666667,0,0.683221,1.05636,1.06192,0.0234697,0.00605491,0.626055,0.0701491,2.20447,0.488927,0.105526,0.0751582
82.517333333,0,0.71021,1.04805,0.860321,0.15112,0,0.280771,0.0478575,2.20792,0.482908,0,0.000546856
82.560000000,0.304113,1.28926,1.08678,0.616745,0.178164,0.0291644,0.352549,0.0245794,1.68251,0.382972,0.000304693,0.000555869
82.602666667,0.429003,2.1419,0.513793,0.471575,0.150024,0.0884388,0.813904,0.494725,1.21959,0.142483,0.000583244,0.00587633
82.645333333,0.202674,2.48096,0.24917,0.484066,0.139789,0.13585,0.915698,0.720028,1.02677,0.113114,0.000771323,0.00333217
82.688000000,0,2.57748,0.099184,0.545386,0.0838256,0.166095,0.981326,0.849016,1.0247,0.155018,0.00092179,0.000423629
82.730666667,0,2.5144,0.014609,0.615359,0,0.180493,0.964552,0.872996,1.05195,0.162712,0.00613567,0.000419427
82.773333333,0,2.64023,0,0.698226,0,0.197343,0.768137,0.620486,1.34911,0.199546,0.0264635,0.000503363
82.816000000,0.0315213,2.83494,0.198538,0.199497,0,0.224862,0.517208,0.223265,1.7833,0.318442,0.0170643,0.000508926
82.858666667,0.0682632,2.37647,0.811581,0.304337,0,0.221825,0.160111,0.221418,1.98984,0.266711,0.066179,0.000672312
82.901333333,0.10865,1.2115,1.15271,0.535812,0,0.188039,0.138362,0.249892,2.40023,0.209692,0.113762,0.000990282
82.944000000,0,0.675557,0.969585,0.607389,0,0.0136917,0.186455,0.0898184,2.59557,0.301064,0.0170203,0.00115673
82.986666667,0,0.616882,1.12559,0.610625,0,0,0.111133,0.0755291,2.36528,0.43238,0.00633312,0.0009298
83.029333333,0.100201,0.592399,1.60482,0.390898,0.175676,0.0148552,0.0327918,0.173587,1.84751,0.389537,0.218639,0.00065017
83.072000000,0.294982,0.945423,1.80593,0.878116,0.175628,0.0559466,0.0236813,0.239385,1.43185,0.379918,0,0.000710411
83.114666667,0.387342,2.05921,1.32836,0.880576,0.141282,0.0727171,0.000433501,0.344073,0.92687,0.289711,0,0.000831172
83.157333333,0.441873,2.65395,0.762271,0.890247,0.0952196,0.0867522,0.0651827,0.430051,1.05039,0.152722,0,0.000907575
83.200000000,0.42364,2.92633,0.173418,0.907101,0,0.118947,0.0481963,0.46048,1.40297,0.133336,0,0.000871524
83.242666667,0.315902,2.95564,0.0549604,1.16835,0,0.1036,0.00432191,0.0807743,2.37002,0.169149,0.0359884,0.000816544
83.285333333,0.0110934,2.39148,0.0640905,1.41005,0,0.0792493,0.25334,0.0725311,2.2054,0.254708,0.026381,1.07795
83.328000000,0,0.926135,0.107421,1.41828,0.023283,0.00420108,0.574846,0.125323,2.30301,0.227981,6.01571e-05,2.64904
83.370666667,0,0.350134,0.0613336,1.80869,0.017362,0,0.699768,0.114635,1.81789,0.12444,0,3.06932
83.413333333,0,0.223264,0.0730195,1.71069,0,0,0.684839,0.10473,1.47429,0.0925922,0,3.12782
83.456000000,0,0.0823992,0.257852,1.59649,0.00772319,0.0206985,0.180758,0.0862244,1.52633,0.302841,0,3.03746
83.498666667,0.0618055,0.086878,0.195726,1.8113,0.0503216,0.0921291,0.330136,0.208777,1.92759,0.464723,0,2.11893
83.541333333,0.034665,0.135363,0.238753,1.81333,0.136888,0.0966205,0.537694,0.0521868,2.95822,0.411783,0,1.24802
83.584000000,0,0.165508,0.369772,2.02881,0.11193,0.0798179,0.663886,0.0431901,3.3332,0.209931,0,0.340196
83.626666667,0,0.329097,0.390261,1.90137,0.0815211,0.0634961,0.661988,0.0434521,3.50995,0.0789073,0,0.0324898
83.669333333,0.16784,0.493494,0.298021,1.69324,0,0.0288865,0.573183,0.0549186,3.61191,0.126933,0.0121683,0.000158168
83.712000000,0.172314,0.228028,0.048501,1.87248,0,0,0.381894,0.463234,3.51761,0.639962,0.0301067,0.000121644
83.754666667,0.55979,0.0761305,0,2.43986,0,0.0012221,0.111238,0.438337,2.73198,1.01882,0.0184629,0.00652107
83.797333333,0.683752,0,0.107914,2.58254,0,0.00248329,0.267845,0.114361,2.52178,0.773723,0.488575,0.102626
83.840000000,0.328999,0.0354934,0.263179,2.12542,0,0,0.522526,0.0611831,2.1135,0.375526,1.7265,0.152237
83.882666667,0.295131,0.116422,0.271064,1.95903,0.0118104,0.00135788,0.541836,0.140996,1.71746,0.125636,1.99786,4.29134e-05
83.925333333,0.516721,0.111499,0.34686,1.93794,0.230055,0.049235,0.414959,0.243621,1.72746,0.0907104,2.05482,0.000290437
83.968000000,0.365855,0.276573,0.0869109,1.72036,0.473626,0.32971,0.171008,0.0804039,1.02955,0.361303,1.87836,0.138409
84.010666667,0.25654,0.28642,0.000607483,0.750544,0.356185,0.510885,0.000382646,0.00901521,0.695427,0.590316,2.31561,0.463639
84.053333333,0.0642116,0.165426,0.0376569,0.580533,0.550232,0.326117,0.00670656,0.00950614,0.360831,0.534968,2.33561,0.625738
84.096000000,0.0261563,0.0404317,0.20239,0.691597,0.597634,0.205733,0.0127987,0.0142229,0.333165,0.480078,2.07473,0.77876
84.138666667,0,0.03973,0.398715,0.424227,1.06507,0.150001,0.0256447,0.0223282,0.426728,0.443543,1.74562,0.751999
84.181333333,0.0152884,0.0793726,0.0659954,0.0119271,1.60388,0.130443,0.0542688,0.0288046,0.350156,0.556401,1.23914,1.06225
84.224000000,0,0.0983857,0.036876,0.121787,2.30514,0.046363,0.0561086,0.0102235,0.200116,0.380927,1.00066,2.13857
84.266666667,0,0.0557819,0.0491245,0.164491,2.49425,0.0727186,0.0762942,0,0.186944,0.27107,0.344531,3.06449
84.309333333,0,0,0.0328382,0.138931,2.49183,0.0378126,0.340721,0,0.255553,0.249647,0.16814,3.27813
84.352000000,0,0,0.000479918,0.231006,2.27839,0.157884,0.508674,0,0.00215652,0.0493269,0.117957,3.47837
84.394666667,0,0,0.039288,0.147808,1.7956,0.185406,0.162894,0.516044,0.0700752,0.413077,0.100095,3.09801
84.437333333,0,0,0.0219911,0.261046,1.26163,0.221222,0.362757,0.613533,0.180148,0.55726,0.122607,2.47288
84.480000000,0,0,0.0170433,0.458147,0.793166,0.382302,0.745623,0.406183,0.143292,0.462205,0.529143,2.26642
84.522666667,0.033447,0,0.103744,0.698186,0.615944,0.362084,0.942989,0.0834174,0.0619037,0.44139,1.6998,0.855387
84.565333333,0.0424474,0,0.17857,0.91781,0.762615,0.327758,0.819472,0.0263352,0.0198476,0.39484,2.54388,0.0949913
84.608000000,0.0795412,0.114837,0.158807,0.802845,1.14636,0.380846,0.163056,0.0927239,0.322356,0.241891,2.89962,0.231561
84.650666667,0.0450157,0.0784385,0.125842,0.0135125,1.5908,0.347906,0.0587014,0.522755,0.608346,0.119309,3.14638,0.492688
84.693333333,0,0.0342215,0.21988,0.0223267,1.98839,0.217397,0.0553392,0.674521,0.575454,0.193256,3.19626,0.406238
84.736000000,0,0.0219092,0.347071,0.0609964,2.00427,0.205279,0.0432776,0.463187,0.457906,0.259811,3.32831,0.316512
84.778666667,0,0.0138071,0.387207,0.0395997,2.08406,0.225076,0.011213,0.289014,0.160298,0.212763,3.5296,0.382959
84.821333333,0,0.00833714,0.252478,0.0110887,2.2877,0.348159,0.0136716,0.275034,0.021693,0.038551,3.48254,0.542946
84.864000000,0.0124995,0.00542572,0.215519,0.0160758,2.05949,0.705623,0.0755312,0.00683931,0.0410496,0,3.30652,0.545795
84.906666667,0,0.662175,0.210057,0.151593,1.44147,1.04155,0.799264,0.115535,0.0357535,0,3.37436,0.0676733
84.949333333,0.0276857,1.41607,0.0841894,0.367388,0.775752,0.688496,1.23438,0.256644,0.351643,0.0370922,2.81529,0.374746
84.992000000,0.116044,1.72491,0.0711019,0.366749,0.489765,0.498954,1.377,0.440578,0.290031,0.0100696,2.5152,0.518869
85.034666667,0.341279,1.28185,0.139467,0.291938,0.345925,0.638567,1.03669,0.28293,0.165691,0.0491727,2.02908,0.853726
85.077333333,0.105615,1.06387,0.124874,0.288766,0.0376937,0.439563,0.981947,0.0822059,1.35453,0.288312,1.35036,0.487326
85.120000000,0,1.36871,0.0128313,0.374453,0.482834,0.249866,1.23236,0.114207,1.88062,0,0.47311,0.225895
85.162666667,0.0238198,1.44815,0,0.387258,0.576079,0.267204,1.32048,0.137986,2.38784,0,0.218876,0.100394
85.205333333,0.0766939,1.68662,0,0.436195,0.513716,0.186785,1.30782,0.109288,2.64516,0,0.180391,0.105443
85.248000000,0.109328,2.11383,0,0.496301,0.404134,0.16229,1.22437,0.0968942,2.80092,0,0.148803,0.108591
85.290666667,0,2.28681,0.0202845,0.521047,0.0241812,0.0214972,1.31652,0.129533,2.67288,0.00257555,0.0671832,0.0788172
85.333333333,0.00110084,1.54678,0.270812,0.219722,0.112509,0.0905428,2.43494,0.469903,0.787375,0.0473758,0.174321,0.257226
85.376000000,0.000963662,1.22676,0.254906,0.202308,0.183302,0.105004,2.47792,0.563573,0.0366272,0.0563254,0.786604,0.289786
85.418666667,0.0773786,1.43239,0.23951,0.137243,0.152765,0.114767,2.50738,0.437841,0.00423556,0.105309,1.04718,0.284078
85.461333333,0.137989,1.69572,0.346952,0.00195935,0.168074,0.11321,2.49617,0.207866,0.00873124,0.190913,1.3585,0.307204
85.504000000,0.145592,1.80311,0.287202,0.00056995,0.180061,0.579398,2.43342,0.163392,0.0118168,0.536516,1.60355,0.296314
85.546666667,0.088345,1.40417,0.386382,0,0.200226,0.0953218,2.76674,0.413032,0.0086804,0.65504,1.82532,0.110603
85.589333333,0.0862408,1.51583,0.228727,0.0026911,0.143756,0.0159041,2.78938,0.391367,0.0820759,0.674181,1.41659,0.587753
85.632000000,0.0761118,1.78748,0.112374,0,0.123318,0.0362061,3.17991,0.125056,0.0519333,0.345034,1.02624,0.432455
85.674666667,0.0824196,2.17862,0.0712811,0,0.0826859,0.0319779,3.51355,0.0965663,0,0,0.788561,0.256849
85.717333333,0.0193508,2.27269,0.0480089,0.0202713,0.0588432,0.0239374,3.79571,0.114425,0,0,0.603891,0.304406
85.760000000,0,2.56238,0.221913,0,0.0227254,0.017368,3.89726,0.605775,0.00826037,0,0.411936,0.000398853
85.802666667,0.645263,2.03077,0.529419,0.162808,0.0346576,0.0502584,3.10242,0.433687,1.69469,0.0839221,0.0924373,0.0800367
85.845333333,1.15805,0.606677,0.647533,0.745839,0.0954162,0.0540498,0.973648,0.000211396,3.49882,0.0199778,0,0.0863924
85.888000000,1.36562,0.170147,0.201332,1.61091,0.118425,0.0321683,0.0477203,0.0367499,4.08743,0.0104674,0,0.00952418
85.930666667,1.36653,0.138538,0.291231,1.73398,0.0801413,0.00116971,0.027669,0.0415098,4.29637,0.0508983,0,0.0174625
85.973333333,1.35004,0.160434,0.515062,1.37019,0,0,0.286951,0.058875,4.11123,0.110288,0.00805567,0.0957363
86.016000000,1.39482,0.260767,0.628121,1.14442,0,0.00107725,0.939503,0.22563,3.17484,0.133529,0.0317754,0.157996
86.058666667,0.811049,0.286123,0.48554,1.31416,0,0.00768005,1.26281,0.467314,2.42525,0.11714,0.0535653,0.192398
86.101333333,0.271014,0.522358,0.346783,1.519,0.000375843,0.00618215,1.19857,0.521131,2.23963,0.135231,0.0173485,0.190133
86.144000000,0.302243,0.401945,0.140685,1.94316,0,0.0163413,0.724014,0.304296,2.91413,0.0813538,0.00636333,0.124544
86.186666667,0.578937,0.0445346,0.0951951,2.24745,0.0485321,0.00466965,0.0498481,0.0505936,3.58581,0.0947641,0.00534832,0.0680554
86.229333333,0.929243,0,0.113691,1.91625,0.154893,0.010827,0.0088061,0.0970418,3.72592,0.0906839,0,0.0153571
86.272000000,0.849808,0,0.28924,1.33412,0.224297,0.075854,0.526734,0.0879294,2.97184,0.0273506,0,0.0399362
86.314666667,0.596223,0.0436671,0.363797,1.51058,0.237153,0.0845892,0.738989,0.0681956,2.52809,0.0209412,0,0.0744942
86.357333333,0.487779,0.0774525,0.362109,1.659,0.208083,0.0989331,0.771484,0.0743469,2.44375,0.0611073,0.000461977,0.104112
86.400000000,0.296175,0.0598722,0.301733,1.70677,0.13107,0.0588178,0.72626,0.031031,2.70567,0.0903945,0.00640918,0.134729
86.442666667,0.426006,0,0.180959,1.86623,0,0,0.557872,0.0833766,3.34773,0.173733,0.0173817,0.0450895
86.485333333,0.574848,0,0.0284858,2.54378,0,0.00206026,0.264244,0.505279,3.52841,0.3605,0.0194909,0.603362
86.528000000,0.534506,0.00724036,0.0146479,2.93301,0,0.00651517,0.0742734,0.766956,3.53597,0.272626,0.0318667,1.10218
86.570666667,0.275853,0.0837754,0.025583,2.81395,0.0193402,0,0.0412444,0.155256,3.82987,0.156183,0.0074226,1.55914
86.613333333,0.123919,0.0859945,0.0664471,2.60789,0.0280244,0,0.0410548,0.171415,3.88057,0.110454,0.00274832,1.68097
86.656000000,0.139048,0.218747,0.0491319,2.53324,0.0175932,0,0.0412474,0.299298,3.8113,0.169299,0.00366907,1.70578
86.698666667,0,0.152566,0.159725,2.581,0.105867,0.00108021,0.0287991,0.079286,3.88235,0.0658388,0.00347139,1.74568
86.741333333,0.0146248,0.223462,0.195889,2.72745,0.137618,0.0150727,0.0107717,0.0537916,3.7246,0.0296871,0.0022367,1.61486
86.784000000,0.144915,0.289418,0.248585,2.96017,0.13923,0.00107542,0,0.06101,3.56174,0.0162761,0.0864918,1.40423
86.826666667,0.365709,0.28366,0.275613,3.1002,0.117794,0,0,0.0708408,3.40715,0.0270373,0.205111,1.34208
86.869333333,0.409702,0.183632,0.264394,3.04977,0.071506,0,0.0237464,0.0489889,3.71218,0.0592078,0.144518,1.45297
86.912000000,0.363559,0.0281943,0.121698,2.69555,0,0,0.04775,0.046026,4.11027,0.110705,0.256271,1.32419
86.954666667,0.477215,0,0,2.6403,0.020454,0.000825409,0.064993,0.0624291,4.15701,0.131531,0.311204,1.52569
86.997333333,0.59234,0,0,2.53423,0,8.18358e-06,0.0710701,0.0610591,4.23148,0.126092,0.130387,1.69574
87.040000000,0.78043,0,0,2.4421,0,0,0.0619307,0.05212,4.22191,0.136939,0.000961093,1.50185
87.082666667,0.933888,0.00350078,0.0105539,2.4725,0,0,0.0625592,0.0351469,4.09064,0.0922911,0,1.08841
87.125333333,0.897734,0.00290388,0.0880501,2.44056,0.0782162,0,0.0524801,0.0584674,3.93199,0.085949,0,1.07202
87.168000000,0.978794,0.109031,0.267599,2.12303,0.186792,0.0230644,0.0191169,0.247448,3.69776,0.0381767,0,1.03394
87.210666667,1.21976,0.765605,0.204948,1.73058,0.184575,0.163066,0.413042,0.878319,2.25205,0.399488,0.25431,0.434919
87.253333333,1.41349,0.795238,0.198604,1.6207,0.173121,0.304562,0.660746,0.765424,1.2479,0.377715,0.358456,0.300427
87.296000000,1.44844,0.750263,0.248109,1.74405,0.107939,0.439046,0.818749,0.70054,0.995994,0.244204,0.178184,0.26152
87.338666667,1.50501,0.67297,0.406366,1.74107,0.0582109,0.526631,0.859665,0.735134,1.25404,0.311828,0.0156645,0.162045
87.381333333,1.40341,0.178624,0.144378,1.79351,0,0.0399042,0.588399,0.206194,0.922084,1.33786,0.176316,0.113079
87.424000000,1.06777,0,0.120532,1.89417,0,0,0.371892,0.152949,1.32016,1.2047,0.0965062,0.00968883
87.466666667,0.790484,0.101345,0.166812,1.98263,0,0.0702738,0.172442,0.127934,1.9529,0.832969,0.0119346,0
87.509333333,0.572682,0.193514,0.182229,1.81318,0.0401559,0.119032,0.105955,0.0725808,2.617,0.467897,0.00527477,0
87.552000000,0.52351,0.0638701,0.1947,1.77581,0.0730525,0.0528011,0.0600304,0.0556234,3.59425,0.17743,0.00442151,0
87.594666667,0.382429,0.217647,0.187687,2.34083,0.00690286,0,0.0529261,0.0997075,4.01045,0.143746,0,0.0866859
87.637333333,0.0863518,1.33739,0.289783,1.37966,0.233631,0,0.0509412,0.975468,3.2561,0,0,0.661983
87.680000000,0.104773,1.88919,0.278317,0.732217,0.229202,0,0.0543663,1.90883,2.3118,0,0,0.831182
87.722666667,0.093959,2.12487,0.2087,0.743287,0.180697,0,0.0610107,2.41396,1.77539,0.118808,0,0.829301
87.765333333,0.0923894,2.37242,0.18953,0.633193,0.135658,0,0.0692656,2.42503,1.85938,0.174944,0,0.625991
87.808000000,0.106862,2.3295,0.210455,0.624408,0.0966401,0,0.0757607,1.44908,2.46777,0.0602437,0,0.398205
87.850666667,0.182471,2.39796,0.28029,0.722443,0,0.0144006,0.0850379,0.343016,2.71877,0.0379766,0,0.174199
87.893333333,0.258776,2.34942,0.305866,0.685613,0,0.0280082,0.0751197,0.143109,2.45598,0.008704,0,1.12641
87.936000000,0.153154,2.20767,0.162911,0.525046,0.0948217,0.928288,0.0295915,0.448659,2.00263,0,0,2.15243
87.978666667,0.0985247,2.13312,0.0704825,0.282332,0.147239,1.80208,0.0457959,0.741656,1.40421,0,0,2.47977
88.021333333,0.0421566,2.21201,0,0.149841,0.00277803,1.7478,0,0.928513,0.695932,0.0471697,0,2.56781
88.064000000,0.295552,1.74763,0.26646,0.303351,0.0793096,1.46599,0.222108,0.5963,0.888037,0,0.0174607,2.86016
88.106666667,0.331538,2.12992,0.238516,0.176555,0.161835,0.354244,0.379482,0.29901,0.837974,0.0451134,0.00058103,2.4197
88.149333333,0.689473,2.42184,0.255033,0.037994,0.101468,0.116963,0.624644,0.16623,1.07567,0.180535,0.000749884,1.51793
88.192000000,0.825928,2.89197,0.212503,0,0.0292984,0.117244,0.889154,0.302773,1.42494,0.263718,0.0305713,0.5709
88.234666667,0.257186,3.10394,0.199012,0,0,0.224008,0.882697,0.578319,1.61562,0.243798,0.000810893,0.375381
88.277333333,0.145922,2.99028,0.273986,0,0,0.120625,0.755201,0.598901,1.58262,0.183228,0.000655452,0.227731
88.320000000,0.24526,2.71132,0.661838,0,0,0.0754699,0.405992,0.696613,1.70338,0.196248,0.000735037,0.0836384
88.362666667,0.237585,2.36204,0.837757,0.0261047,0,0.0710368,0.141295,0.858845,2.08151,0.269108,0.000408744,0.241873
88.405333333,0,2.33352,0.567174,0.775881,0,0.0734692,0.00621227,0.950021,1.87253,0.310289,0,0.187153
88.448000000,0,2.21103,0,1.68881,0,0.107141,0.161461,1.01863,1.68765,0.31877,0,0.280525
88.490666667,0.00223782,2.11937,0,2.20526,0,0.0371142,0.599778,0.985483,1.30612,0.0813113,0.0276916,0.529474
88.533333333,0.175377,1.70528,0.181065,2.03215,0.245825,0.241295,0.579721,0.502858,1.22719,0.0216087,0.0332719,0.602461
88.576000000,0,1.55332,0.260469,1.56245,0.293559,0.198574,0.247999,0.567195,1.48946,0.0749285,0.15372,0.265802
88.618666667,0,1.40941,0.702442,1.06788,0.240531,0.0477772,0.27382,0.595446,1.3861,0,0.263251,0.000249677
88.661333333,0,1.43877,0.931787,0.570278,0.287986,0.0269144,0.542155,0.984836,0.724772,0,0.531954,0
88.704000000,0,1.56833,1.26996,0.187237,0.298216,0.00321064,0.798289,1.42797,0.57664,0,0.824215,0
88.746666667,0.00337103,1.39549,1.87479,0.041654,0.279943,0.0052402,1.33089,1.07163,0.738145,0,0.997458,0
88.789333333,0.0155759,1.29406,2.51507,0,0.0252521,0.379796,1.9865,0.760434,0.676003,0.0112075,1.05698,0
88.832000000,0,1.49342,2.46187,0,0,0.34739,2.4562,0.624145,0.439624,0.0415935,0.685314,0
88.874666667,0,2.15606,1.87892,0,0,0.352029,2.70675,0.517157,0.459398,0.00790218,0.294356,0.0740221
88.917333333,0,2.74286,0.867551,0,0,0.322946,2.86211,0.49589,0.538901,0,0.075082,0.279376
88.960000000,0,3.19713,0.0820534,0,0,0.12989,2.92281,0.714707,0.496151,0,0.0459319,0.162891
89.002666667,0,3.17168,0.229575,0.162013,0.211363,0,2.51885,0.594907,0.472696,0,0.0620108,0.0222503
89.045333333,0.0297306,3.24916,0.217397,0.195774,0.260897,0.00687635,1.09164,0.478799,0.495781,0.00251886,0.104182,1.11309
89.088000000,0.091863,2.14354,0.178179,0.153252,0.748039,0.0460844,0.819954,0.526687,0.406514,0.0715858,0.102914,1.6618
89.130666667,0.127906,1.23488,0.31533,0.103766,0.600792,0.428311,0.568715,0.393456,0.0780989,0.127494,0.0453475,2.11717
89.173333333,0.0855085,0.927295,0.350359,0.0332351,0.353203,0.601243,1.08631,0.236973,0.228605,0.103192,0.00376146,2.55206
89.216000000,0.00999282,0.905522,0.268755,0,0.19267,0.528556,1.42762,0.326502,0.259199,0,0.0154553,2.85271
89.258666667,0.0157749,0.975899,0.194847,0,0.159265,0.0903841,1.82684,0.618093,0.130134,0,0.0327443,2.82552
89.301333333,0.0878493,0.666949,0.416059,0,0.0788284,0.115594,2.27395,0.392294,0.0747821,0.000515386,0.0400797,2.75307
89.344000000,0.114011,0.482725,0.514788,0,0.0258416,0.0789378,2.82434,0.568969,0.0221221,0.00961239,0.0354789,2.44287
89.386666667,0.263854,1.19288,0.335516,0,0,0.047465,3.12264,0.722172,0,0.0977384,0.00698317,1.83898
89.429333333,0.337092,2.25467,0.0369569,0,0.00858487,0.0286197,3.35127,0.81749,0.0155776,0.0883617,0.10776,1.27362
89.472000000,0.488348,2.52082,0.192407,0.901944,0.0438194,0.0120163,2.98009,0.941334,0.273867,0.0184862,0.000963765,1.85651
89.514666667,0.280225,1.82892,0.519795,2.01079,0.380312,0.0211289,1.9906,0.179129,0.883393,0,0.0204058,2.45052
89.557333333,0,1.15741,0.507486,2.08825,0.87093,0.0284729,1.19944,0.0129345,1.68008,0,0.00948556,2.36716
89.600000000,0,0.995568,0.342203,1.77296,1.14567,0.0245015,0.467434,0,2.37305,0,0,2.54826
89.642666667,0.014163,0.79882,0.140111,1.60134,1.35504,0.0228408,0.337219,0,2.8737,0,0,2.76226
89.685333333,0,0.837985,0.0129836,1.38577,1.59406,0.160054,0.0191634,0,2.93592,0,0,2.76635
89.728000000,0,0.610825,0.0147419,1.37032,1.79727,0.239939,0.0510271,0.154249,2.37637,0.0607601,0.05999,2.40935
89.770666667,0,0.397411,0.00155038,1.66446,1.926,0.350503,0.0597,0.3634,1.55661,0.317727,0.0469607,2.10234
89.813333333,0,0.167091,0.0207012,1.788,1.95825,0.253682,0.0563419,0.359102,1.46641,0.316813,0.0645333,1.84289
89.856000000,0,0.00113227,0.0508553,1.74921,1.85917,0.097987,0.0286508,0.294803,1.61803,0.222938,0.130057,2.03742
89.898666667,0,0.0297141,0.108522,1.43149,1.76729,0.107527,0.45628,0.121448,2.24239,0.00131126,0.175595,2.52311
89.941333333,0,0.00677902,0.00174622,1.79283,1.68659,0.0844704,0.452077,0.457652,2.51059,0.104547,0,2.7585
89.984000000,0.0951251,0,0.01036,1.70278,1.17835,0.0325243,0.0908607,0.349478,2.40579,0.218849,0,2.61018
90.026666667,0.142586,0,0.0297483,1.46397,0.930008,0.0617809,0.476712,0.0706007,2.3297,0.264572,0,2.21304
90.069333333,0.156648,0,0.136727,1.25757,0.815559,0.0672831,0.564831,0,2.40604,0.312503,0,1.9037
90.112000000,0.0968281,0.0686854,0.419269,1.26889,0.683871,0.0401938,0.539468,0,2.69829,0.379143,0.00780109,1.75719
90.154666667,0.0407907,0.0456774,0.160242,1.77544,1.48704,0.0965346,0.345557,0.204203,3.00916,0.28014,0,1.94173
90.197333333,0,0.00245011,0.0272207,1.75875,1.98927,0.306923,0.262989,0.472138,3.23963,0.0222158,0.0381118,2.1417
90.240000000,0,0,0.212542,1.57767,2.27604,0.355888,0.321212,0.441901,2.90818,0,0.0424151,2.22239
90.282666667,0.234491,0,0.258142,1.67502,2.13091,0.250655,0.311659,0.386444,2.61808,0.091572,0.07116,2.1159
90.325333333,0.125702,0.00592815,0.00750591,2.07111,2.13821,0.135205,0.340568,0.342923,2.44336,0.130212,0.10897,2.10231
90.368000000,0.0718214,0,0.00386745,2.29633,2.17782,0.211803,0.394341,0.192208,2.57562,0.0334573,0.152084,2.15737
90.410666667,0.128004,0.00474715,0.0218811,2.0907,2.04524,0.0480339,0.540322,0.0104781,2.84572,0.0629024,0.044254,1.83257
90.453333333,0.200442,0.00432949,0.104099,1.80217,1.87665,0.0594738,0.562882,0.0010529,2.71866,0.251922,0,1.76636
90.496000000,0.0890436,0,0.209699,1.49807,1.39752,0.0609706,0.597112,0,2.6887,0.301515,0,2.32216
90.538666667,0,0,0.282558,1.42147,1.23555,0.0242861,0.591834,0,2.48389,0.195067,0.0307872,3.03728
90.581333333,0,0,0.202375,1.52297,1.15209,0.022155,0.582857,0,2.47333,0.100931,0,3.38865
90.624000000,0,0,0.00399768,1.56514,1.37652,0.0294135,0.596437,0,2.76463,0.0106669,0.00104537,3.32922
90.666666667,0,0,0.0852366,1.51848,1.77961,0.021365,0.540125,0,3.02259,0,0,3.26242
90.709333333,0,0,0.180582,1.65635,1.84363,0.0111141,0.387228,0.00646605,2.88408,0.143084,0,2.93924
90.752000000,0.0585005,0,0.19242,1.86238,1.81622,0.0255008,0.39623,0,2.81477,0.270537,0,2.44378
90.794666667,0.071451,0,0.0436363,1.93792,1.77478,0.0370243,0.565991,0,2.8616,0.0710865,0.120467,2.22505
90.837333333,0,0,0.0306551,1.75853,1.55143,0.237162,0.538843,0.195615,2.80229,0.0287953,0.0965681,2.1519
90.880000000,0.0528163,0.265727,0.0491803,1.1819,1.19907,0.28215,0.355384,0.41192,2.67773,0.291782,0.000382632,1.76671
90.922666667,0.188117,0.498528,0.0483035,1.1554,0.962315,0.234403,0.360938,0.0724052,2.35873,0.374962,0.00117082,1.47341
90.965333333,0.0565471,0.480599,0.0619731,1.36602,0.754763,0.316333,0.465002,0.00864028,2.5196,0.364681,0.00136399,1.60529
91.008000000,0.149662,0.213404,0.0654479,1.58614,0.676253,0.283651,0.405622,0.0132153,2.75786,0.415627,0.00101796,1.97851
91.050666667,0.418241,0.0678181,0.0513025,1.66891,0.628664,0.195475,0.0161317,0.00132532,3.22365,0.395037,0.0332078,2.14783
91.093333333,0.141382,0.0577589,0.319783,1.6123,1.11184,0.13394,0.0699244,0.00560382,3.59222,0.11122,0.0969336,2.09157
91.136000000,0.0240552,0.0909334,0.425439,1.04913,1.75785,0.0187855,0.220474,0.0782668,3.66362,0.0186805,0.125725,1.46802
91.178666667,0.0910607,0.0246879,0.461514,0.849488,1.75674,0.0657099,0.287098,0.160419,3.44986,0.210771,0.108315,1.08377
91.221333333,0.161842,0.0128525,0.365023,1.25456,1.68455,0.101277,0.302315,0.166624,3.04624,0.235556,0.0817111,0.965697
91.264000000,0.256582,0.0013318,0.0227183,1.65402,1.66635,0.120041,0.373688,0.0854432,2.50884,0.208711,0.138982,1.07883
91.306666667,0.249936,1.11892,0.0044618,1.40206,1.48866,0.240356,0.480702,0.00561861,2.66796,0.449384,0,1.13009
91.349333333,0.193811,1.88937,0.0513683,1.29179,0.683582,0.325617,0.296203,0.105728,3.36893,0.106123,0.144096,0.587609
91.392000000,0.230592,1.98009,0.0332889,1.53743,0.270907,0.232378,0.189313,0.0688055,3.4254,0.0548546,0.159729,0.012063
91.434666667,0.343898,1.8844,0.0512797,1.47207,0.185375,0.128895,0.187227,0.0321764,3.50593,0.0488983,0.416952,0
91.477333333,0.597459,1.79721,0.0254654,1.35664,0.132681,0.149322,0.574939,0.0286678,3.53448,0.0657702,0.867159,0
91.520000000,0.637118,1.81458,0.014386,1.22037,0.0416644,0.226431,0.959927,0.0364864,3.63879,0.1012,0.965397,0
91.562666667,0.405634,1.47604,0.071661,1.74294,0.0156287,0.253268,1.23342,0.0726876,3.56562,0.148907,1.01664,0
91.605333333,0.0774484,1.19557,0.0696206,2.32335,0,0.182674,1.56665,0.117868,2.82812,0.285534,1.58232,0
91.648000000,0,1.17516,0.0613591,2.32118,0.0490393,0.17997,1.97271,0.0807537,2.04386,0.221362,2.08332,0
91.690666667,0,1.46647,0.057828,1.58919,0.0924741,0.284863,2.31742,0.0429481,1.59634,0.100593,2.43679,0
91.733333333,0,1.79302,0.0774737,1.09897,0.0372907,0.424277,2.45122,0.0564776,1.15448,0.0837971,2.58045,0.000160453
91.776000000,0,1.69613,0.163929,0.907904,0.0846463,0.429426,2.5945,0.110399,0.900701,0.0554763,2.52822,0.103028
91.818666667,0.0729145,1.60892,0.224895,0.623318,0.139786,0.413094,2.23135,0.0557107,0.526026,0.159306,2.46882,0.167052
91.861333333,0.0200071,1.47358,0.219384,0.761353,0.196166,0.370313,2.16195,0.0119955,0.442395,0.0691142,2.47592,0.155075
91.904000000,0,1.60251,0.218081,1.23154,0.0874648,0.364432,2.47595,0.014139,0.522636,0.0786796,2.29219,0.104766
91.946666667,0,1.7651,0.166001,1.13672,0.00585444,0.400932,2.77588,0.0193159,0.579455,0.0987244,2.34928,0.0387698
91.989333333,0,1.58803,0.0615172,0.975867,0,0.564478,2.63835,0.0851585,0.884527,0.117771,1.87591,1.04275
92.032000000,0,0.356486,0.124859,1.51416,0,0.680494,2.02151,0.235106,1.81994,0.151066,0.463207,1.65971
92.074666667,0,0.24696,0.142339,1.63875,0,0.620095,1.61002,0.285104,2.1434,0.13789,0.199419,1.58248
92.117333333,0,0.272675,0.151685,1.60158,0,0.574909,1.69011,0.179271,2.08244,0.150961,0.149023,1.44323
92.160000000,0,0.338149,0.151001,1.38675,0.0091221,0.537554,1.8083,0.178563,1.86162,0.108197,0.277932,1.20011
92.202666667,0,0.93172,0.297404,1.10481,0.0392453,0.490413,1.96545,0.113507,1.76686,0.244882,0.645521,0.785284
92.245333333,0.00676831,2.17346,0.221406,0.922923,0.0256187,0.476173,2.28361,0.0977599,1.36102,0.329488,1.61297,0.0480629
92.288000000,0.0535546,2.32969,0.159768,1.20097,0.193876,0,2.62648,0.0819061,1.01089,0.067187,1.67212,0
92.330666667,0.187806,2.26467,0.164135,1.42758,0.262241,0,3.14961,0.0579381,0.822456,0.0462199,1.32517,0
92.373333333,0.426958,2.23511,0.146777,1.45614,0.25392,0,3.38116,0.0470883,0.755931,0.0511849,1.34812,0
92.416000000,0.556121,2.05883,0.0591747,1.2808,0.155188,0,3.68985,0.0530029,0.767835,0.0817263,1.56161,0
92.458666667,0.519426,1.9558,0.0213021,1.24298,0.0849058,0,3.77872,0.0722207,0.917032,0.126858,1.60924,0
92.501333333,0.37834,1.84256,0.161463,1.55439,0.0857121,0.0185656,3.54938,0.0991766,1.60245,0.153248,1.39601,0
92.544000000,0.1938,1.77346,0.216812,1.58767,0.113627,0.0155834,3.20891,0.0986893,2.02384,0.161744,1.19531,0
92.586666667,0.033968,1.90902,0.230952,1.30996,0.0795111,0,3.00508,0.0593445,2.13899,0.132073,1.13183,0
92.629333333,0,2.19935,0.254191,1.22812,0.0455239,0,2.96646,0.0382797,1.9084,0.0969964,1.12296,0.00402565
92.672000000,0,2.32624,0.314855,0.678436,0.112776,0.0376777,3.15601,0.274458,1.57678,0.0920865,1.32551,0.113949
92.714666667,0.0591303,1.50436,0.269679,0.555117,0.182119,0.100391,3.32289,0.641398,0.5996,0.0338435,0.958899,1.43354
92.757333333,0.0012952,0.797582,0.225002,0.365839,0.232864,0.0989255,3.37537,0.511073,0.358537,0.00705457,0.973821,1.56332
92.800000000,0.00825491,0.727234,0.19035,0.579703,0.193384,0.0916469,3.53494,0.361766,0.390383,0.212182,0.908736,1.35154
92.842666667,0,1.14732,0.142483,0.658918,0.092917,0.0696839,3.80028,0.351441,0.564662,0.45022,0.726271,0.895048
92.885333333,0.0654844,1.51808,0.049631,0.609231,0,0.0324473,3.93253,0.309648,0.875892,0.500146,0.645999,0.202465
92.928000000,0.0313079,1.67979,0.0147153,1.00211,0.0636159,0.021265,3.87761,0.217502,1.24077,0.14094,0.934575,0.000569144
92.970666667,0,1.83505,0.0817642,1.52009,0.0713018,0.0417225,3.07823,0.203285,1.89487,0.14437,0.935837,0.000342919
93.013333333,0,1.9519,0.178461,1.67196,0.0758041,0.0387847,2.30829,0.131142,2.55086,0.147856,0.894799,0.000241472
93.056000000,0.117944,2.23667,0.183006,1.28866,0.502672,0.0840776,1.78224,0.100102,2.77158,0.130268,1.0627,0.000114424
93.098666667,0.143667,2.34198,0.142205,1.13324,0.675197,0.0927015,1.46171,0.123736,2.66637,0.108254,0.977975,7.02056e-05
93.141333333,0.0306601,1.78602,0.119959,1.70081,0.814842,0.0112327,2.33316,0.118874,2.34871,0.126703,0.654123,0.164708
93.184000000,0.179327,0.515118,0.065559,1.58469,0.811111,0.128913,1.54144,0,2.91571,0.210563,0.000446173,2.14653
93.226666667,0.0109584,0.0301922,0.139813,1.51078,0.646828,0.0999976,0.651655,0.101467,2.97792,0.181231,6.8574e-05,2.70427
93.269333333,0,0.0321342,0.23583,1.72009,0.831911,0.0279217,0.219926,0.0203446,2.96331,0.106653,0.0609736,2.82134
93.312000000,0,0.00433024,0.2582,1.80867,1.08404,0.0256366,0.151044,0,3.16711,0.024785,0.0900729,2.80149
93.354666667,0,0,0.171099,1.62784,1.31698,0.02694,0.029312,0,3.49697,0.00604926,0.063698,2.71917
93.397333333,0,0,0.113051,1.26249,1.89264,0.0600541,0.046146,0,3.34467,0,0.0902237,2.54126
93.440000000,0,0,0.171676,1.27416,1.9763,0.255884,0.0553546,0,2.973,0.00337891,0.0955205,2.59737
93.482666667,0,0,0.148252,1.47106,1.83518,0.14407,0.0658563,0,2.61598,0.0985613,0.126907,2.27297
93.525333333,0,0,0.0789557,1.78014,1.54353,0.0636614,0.239236,0.00509208,2.31776,0.0975739,0.139861,1.76866
93.568000000,0,0,0.00978386,2.08927,1.35846,0.0622067,0.470455,0.0205811,2.38462,0.012891,0.199517,1.67836
93.610666667,0,0.00252508,0.0134376,2.11475,1.04694,0.183179,0.346112,0.338528,2.79844,0.0742125,0.134201,1.96584
93.653333333,0,0.00255441,0.0273977,1.90645,0.846299,0.110833,0.140723,0.450389,2.92326,0.0986821,0,1.80681
93.696000000,0,0,0.0317671,1.98363,0.518631,0.049218,0.436325,0.129096,2.99205,0.118337,0,1.64263
93.738666667,0,0,0.019709,1.84304,0.487764,0.0349385,0.580872,0,3.29718,0.151134,0.0146974,1.27708
93.781333333,0,0.11672,0.056328,1.84179,0.431081,0.027357,0.313909,0,3.55662,0.135697,0.0368165,0.913699
93.824000000,0.0500594,0.211071,0.0979742,1.78817,0.429885,0.025635,0.0688033,0.15576,3.7178,0.0447082,0.00282557,0.958351
93.866666667,0.19339,0.101273,0.000564656,1.80135,1.23064,0.0291594,0.242867,0.552514,3.72344,0.000837466,0,1.17846
93.909333333,0.23163,0,0.0022177,1.78026,1.75693,0.0134477,0.314977,0.61686,3.31337,0.112076,0.0446793,1.14652
93.952000000,0.309601,0,0.00269142,1.65212,1.91108,0.0549676,0.336998,0.378532,2.64746,0.199941,0.0900633,1.0477
93.994666667,0.24541,0,0.000353374,1.95501,1.82619,0.0913202,0.34946,0.198581,2.35861,0.154316,0.119213,1.28454
94.037333333,0.075162,0,0.000351777,2.07253,1.90352,0.130827,0.50283,0.23901,2.44015,0.0467677,0.0656915,1.85961
94.080000000,0,0.0531557,0.0053753,1.995,1.81327,0.293372,0.580093,0.0469364,2.54163,0.0688876,0,2.50445
94.122666667,0.16402,0.0499517,0.017539,1.63601,1.37422,0.185945,0.484675,0.00941576,2.62606,0.128651,0,2.62532
94.165333333,0,0.0917509,0.0552281,1.49903,0.956828,0.0713012,0.601272,0,2.48363,0,0,2.83103
94.208000000,0,0.138313,0.0752876,1.56331,0.953825,0.0279589,0.660288,0,2.48528,0.00346369,0,3.0071
94.250666667,0.0557603,0.148138,0.194085,1.75365,1.16553,0.0257819,0.649436,0,2.24906,0.00167449,0,3.17594
94.293333333,0.0519269,0.0778449,0.0619544,1.97246,1.50152,0.0314628,0.654609,0.00937097,1.71783,0.00777791,0,3.15047
94.336000000,0.00510409,0,0.0156704,2.14656,1.86542,0.171772,0.698018,0.0647362,1.41568,0.000231134,0,3.22239
94.378666667,0,0.0074776,0.0138093,2.04013,2.04499,0.327387,0.70929,0.00219306,1.62676,0,0.0686183,3.03291
94.421333333,0.0347911,0.00264096,0.0082389,1.86078,2.01772,0.155376,0.699964,0,2.1909,0,0.132316,2.52095
94.464000000,0.114411,0,0,1.78553,1.89979,0.0729755,0.669968,0,2.46716,0,0.151,2.12217
94.506666667,0.135056,0,0.000641026,1.70598,1.75865,0.20254,0.684773,0,2.61772,0,0.101622,1.98712
94.549333333,0,0.123548,0.14864,1.55948,1.56382,0.30119,0.678014,0.253533,2.46659,0.0162953,0,1.77075
94.592000000,0,0.714791,0.245814,1.64723,0.955095,0.220371,0.49545,0.374605,2.35943,0.067915,0.104034,1.21692
94.634666667,0.0305166,0.79689,0.222462,1.7607,0.343616,0.0769722,0.415864,0.178787,2.37374,0.192796,0.16766,1.04383
94.677333333,0.0789676,0.866483,0.157809,1.78146,0.00628795,0.146717,0.533179,0.0697487,2.16069,0.516246,0.032241,1.04864
94.720000000,0.109056,0.836791,0.125136,1.85473,0.00257379,0.127915,0.570617,0.0974784,2.23587,0.562159,0.00269444,1.38036
94.762666667,0.0806834,0.812857,0.0866413,1.57577,0.0176367,0.10479,0.746652,0.0834954,2.01434,0.795625,0.0920607,1.50645
94.805333333,0.0937304,1.01461,0.0523206,1.03198,0.030686,0.111711,1.12119,0.0714287,2.0247,1.07279,0.0751757,0.747079
94.848000000,0.214973,1.34776,0.0559046,1.31812,0.145515,0.0995768,1.45117,0.0594869,2.26266,0.44793,0.0539642,0.319205
94.890666667,0.178729,1.4176,0.0456536,1.4012,0.361483,0.088097,1.61295,0.0879645,2.37988,0.133874,0.121186,0.0878905
94.933333333,0.184186,1.39378,0.0480495,1.31048,0.260702,0.0725835,1.52897,0.0699176,2.51883,0,0.172709,0.190694
94.976000000,0.151473,1.54992,0.052173,1.64907,0.0464127,0.0775649,1.40138,0.323493,2.11075,0,0.0309586,0.0323732
95.018666667,0.0188469,1.94461,0.101791,1.50156,0.0911355,0.0747231,1.26607,0.129179,1.60545,0.306023,0,0.05357
95.061333333,0.513007,1.5566,0.121237,1.51407,0.0954442,0.0781637,1.15182,0.034557,1.96565,0.197988,0,0.0409549
95.104000000,0.64963,2.08997,0.167098,1.67801,0.0976828,0.0893988,0.879607,0.0460195,1.95325,0.0846408,0.0978709,0.00793202
95.146666667,0.659948,2.59208,0.168243,1.62878,0.0335168,0.0501001,1.23944,0.0414273,1.96483,0.206506,0.505259,4.09372e-05
95.189333333,0.678846,2.76116,0.0635947,1.32449,0,0.0497205,1.75774,0.0485494,1.93531,0.124234,0.698032,9.57625e-05
95.232000000,0.771571,2.54694,0.0164835,1.39043,0,0.0728169,2.30232,0.0746594,1.19915,0.152446,0.282531,0.359503
95.274666667,0.614643,2.13022,0.00423241,1.45288,0.102886,0.279749,2.01,0.244873,1.3964,0.16144,0.186395,0.86637
95.317333333,0.239333,1.64754,0,1.47857,0.126189,0.473061,1.57977,0.211685,1.50949,0.163655,0.212032,1.00207
95.360000000,0,1.58736,0.00101057,1.49489,0.103553,0.478632,1.86318,0.190349,1.41809,0.11476,0.292533,0.805927
95.402666667,0,1.59841,0,1.30762,0.093046,0.460228,2.25586,0.177715,1.21406,0.19204,1.20179,0.194879
95.445333333,0.131376,1.82873,0.147439,0.698274,0.206639,0.33889,2.47622,0.333652,1.00924,0.00728642,1.95852,0.183967
95.488000000,0.216376,1.60856,0.13081,0.306556,0.145693,0.162226,2.83313,0.751979,0.448589,0.0581654,2.18059,0.268822
95.530666667,0.0755502,1.1653,0.130402,0.389902,0.221892,0.144198,3.14052,0.520612,0.195857,0.158366,2.0418,0.187506
95.573333333,0.0570265,1.18639,0.129057,0.545018,0.221424,0.189727,3.28861,0.203666,0.192415,0.205053,1.96635,0.284613
95.616000000,0.432918,1.58045,0.120861,0.691871,0.1202,0.314507,3.38468,0.0596209,0.212187,0.430803,1.72787,0.295888
95.658666667,0.591857,2.03004,0.167851,0.754062,0.0280536,0.379115,2.96241,0.30179,0.350093,0.21774,1.87056,0.0430343
95.701333333,0.184627,1.58832,0.230075,1.03453,0,0.185314,1.60623,0.643311,0.417473,0.150028,1.57808,0.528946
95.744000000,0,0.675079,0.218209,1.72114,0,0.445543,0.563594,0.805193,0.603146,0.16554,1.23372,0.675237
95.786666667,0,0.351303,0.207521,1.77967,0.0045053,0.59606,0.553012,0.179532,1.22538,0.16106,1.20475,0.658012
95.829333333,0,0.259197,0.180331,1.83225,0.0197796,0.598111,0.926198,0.0599415,1.24566,0.159038,1.45871,0.433026
95.872000000,0,0.624366,0.127497,1.83465,0.0294556,0.496361,1.50308,0.183863,1.01323,0.174172,1.913,0.216
95.914666667,0,1.62981,0.181169,1.32123,0.255277,0.335225,1.96004,0.209753,0.800756,0.146261,2.42676,0.000498697
95.957333333,0.195957,2.09883,0.171427,1.01897,0.220286,0.377487,2.09408,0.000392269,0.681944,0.033483,2.42575,0.000568585
96.000000000,0.548565,1.97814,0.2057,1.08622,0.154722,0.478054,2.16776,0,0.495543,0.0276234,2.47645,0.000419447
96.042666667,0.655689,1.83309,0.18312,1.18056,0.11456,0.507434,2.2629,0.0152754,0.697862,0.0451049,2.43679,0.000191179
96.085333333,0.78224,1.57735,0.151107,1.11445,0.0481655,0.527262,2.35216,0.0339317,0.880374,0.0767332,2.52485,0
96.128000000,0.71876,1.34466,0.0437984,0.837152,0,0.523771,2.5285,0.069405,1.12419,0.119674,2.77833,0
96.170666667,0.27003,1.37777,0.0833316,1.2771,0,0.533507,2.4739,0.082903,1.53514,0.137925,2.71482,0
96.213333333,0,1.38507,0.173638,1.66183,0,0.54231,2.29272,0.109938,2.02105,0.164197,2.42734,0
96.256000000,0,1.59175,0.241874,1.74566,0,0.437424,2.04892,0.076101,2.10971,0.127711,2.23976,0
96.298666667,0,1.90598,0.269672,1.60916,0,0.426409,1.86084,0.0604494,2.1628,0.10136,1.99573,0
96.341333333,0,2.02889,0.307541,1.27996,0.0125375,0.508493,1.60439,0.0732636,2.08168,0.0967088,1.90993,0
96.384000000,0.0169225,1.93029,0.261508,0.553175,0.0252961,0.645971,1.51173,0.139351,1.72164,0.07285,1.66334,0.52282
96.426666667,0.1244,1.94014,0.189117,0.346009,0.238558,0.700247,1.3638,0.538281,0.62509,0.539716,1.02736,0.794236
96.469333333,0.0754825,2.03864,0.213328,0.333911,0.477717,0.557306,0.983431,0.920166,0.408395,0.877713,0.831248,0.600783
96.512000000,0.00759201,2.17083,0.193317,0.462726,0.6033,0.300029,0.743812,1.60537,0.488511,0.917093,0.90625,0.21527
96.554666667,0.00160184,2.24238,0.104654,0.815805,0.201981,0.770291,0.842322,1.99343,0.570885,0.410981,1.43523,0.0457165
96.597333333,0.0105693,1.80331,0,1.49075,0,1.09014,0.97007,2.01758,1.03195,0.13291,1.82673,0.000233009
96.640000000,0.418285,0.870447,0.0542059,2.22679,0,0.921663,2.04909,0.479663,1.51945,0.153891,1.96017,0.00015968
96.682666667,0.538391,0.715231,0.252429,2.25221,0,0.741382,1.98346,0.0831103,2.34801,0.155844,1.95369,0
96.725333333,0.568817,0.982272,0.249881,1.9155,0.0458889,0.814537,1.84777,0.047797,2.63254,0.145146,1.76409,0.0985396
96.768000000,0.712048,1.20167,0.272382,1.77678,0.367573,0.472729,1.69935,0.0321995,2.51725,0.118923,1.69915,0.101713
96.810666667,0.588734,1.46406,0.241954,1.78974,0.733522,0.158004,1.6133,0.166693,2.2547,0.0777066,1.71358,0.0125533
96.853333333,0.270571,1.18094,0.119855,2.13373,0.796043,0.0203592,0.533344,0.094092,3.36846,0.0269467,0.507912,0.654065
96.896000000,0.0432425,0.358546,0.0725202,2.37677,0.702287,0.0323698,0.243883,0,3.58874,0.0392114,0,1.36292
96.938666667,0,0.0141307,0.0203808,2.02156,0.829048,0.0406429,0.27899,0,3.41351,0.0314014,0,1.88758
96.981333333,0,0.0639646,0.287369,1.7889,1.09127,0.0349389,0.278346,0,3.28091,0.0132653,0.000321751,2.2805
97.024000000,0,0.0590462,0.404877,1.76769,1.05426,0.0299352,0.179354,0,3.40193,0.0191645,0.000535604,2.61373
97.066666667,0,0.0941135,0.0725313,1.77628,1.129,0.49788,0.264314,0,3.24678,0.0335055,0.0167012,2.47435
97.109333333,0.0332546,0.112638,0.000809843,1.51024,1.79843,0.727863,0.433828,0.0312592,2.48015,0.567484,0.0851435,1.64352
97.152000000,0.0259423,0.0342759,0,1.17194,1.98531,0.591782,0.512103,0.0521866,2.39152,0.53565,0.196722,0.741027
97.194666667,0.0303344,0.00678824,0,1.14194,1.91549,0.347655,0.438263,0.0567323,2.5742,0.343596,0.409483,0.671884
97.237333333,0.0286357,0.00506555,0,1.6163,1.8212,0.335809,0.437647,0,2.63002,0.165102,0.295311,1.02412
97.280000000,0.00376827,0,0.00514192,1.96749,1.82804,0.356292,0.467185,0.0448695,2.96037,0,0.184302,1.35047
97.322666667,0.122735,0.00155394,0.0111476,1.95107,1.54427,0.326736,0.31577,0.350096,2.79136,0.185248,0.0461272,1.06117
97.365333333,0.505002,0,0.0453142,1.7194,1.2311,0.308652,0.386472,0.0969068,2.2746,0.370077,0,0.611619
97.408000000,0.353694,0,0.0680128,1.50663,1.47898,0.260929,0.580669,0,2.45118,0.31773,0,0.548427
97.450666667,0.126579,0,0.0717288,1.32974,1.72241,0.0819323,0.550963,0.0534376,2.75443,0.237316,0,0.665007
97.493333333,0.0900315,0,0,0.99816,1.96611,0.0259633,0.251185,0.0600908,2.74243,0.272712,0.00114174,0.855842
97.536000000,0.0148301,0,0.000659663,0.816572,2.0983,0.0397262,0.0455598,0.533923,2.53744,0.143457,0.00172055,1.08279
97.578666667,0.0428634,0,0.0220813,0.81146,2.59427,0.272634,0.0571756,0.655895,2.27719,0,0.000769831,1.26583
97.621333333,0.0473789,0,0.0203056,0.927631,2.59816,0.265742,0.0571614,0.359085,2.27861,0,0.000217977,1.60136
97.664000000,0.0398786,0,0.00358247,1.12934,2.71214,0.136978,0.308728,0.199554,2.20472,0,0.000436665,1.58646
97.706666667,0.0378501,0,0.000105436,1.69325,2.73317,0.187994,0.432534,0.205272,2.13319,0.0142163,0.000696515,1.5675
97.749333333,0.0407502,0,0.0350483,1.97078,2.56438,0.164235,0.494508,0.193609,2.37262,0,0,1.61796
97.792000000,0.197875,0.00337375,0.00483863,1.64062,2.24232,0.0999402,0.660686,0,2.9272,0.190957,0,1.74939
97.834666667,0.153258,0,0.0151362,0.997285,2.47322,0.0883762,0.813813,0,2.94735,0.251426,0,1.88568
97.877333333,0,0,0.00256925,0.904127,2.30562,0.0584777,0.841209,0,2.78615,0.164546,0,2.45093
97.920000000,0.00203091,0,6.48124e-05,1.02678,2.11852,0.026968,0.748637,0,2.60419,0.0142174,0,3.02457
97.962666667,0.00720426,0,0.00026131,1.22351,1.72643,0.0272091,0.669799,0,2.22294,0.00127676,0,3.2907
98.005333333,0.0230875,0,0.00139813,1.69932,1.53739,0.0223158,0.610478,0,1.67598,0.237684,0,3.28029
98.048000000,0,0,0.00295875,1.92879,2.04131,0.0130774,0.632974,0.00791578,1.55442,0.392326,0.0106005,2.83741
98.090666667,0.0715142,0,0.000523134,1.77403,2.48323,0.0237902,0.749655,0,1.74835,0.402902,0.0711352,2.24739
98.133333333,0.0734663,0,0.000325397,1.38584,2.81913,0.0343743,0.680873,0,2.31526,0.19575,0.0511377,1.86192
98.176000000,0.11396,0,0,0.847009,2.91991,0.120508,0.459846,0,2.78994,0.0165227,0.0172328,1.78919
98.218666667,0.183719,0,0.0428993,0.526876,2.8163,0.315201,0.273444,0.326214,3.10196,0,0.00281438,1.60049
98.261333333,0.403344,0,0.0227517,0.565589,2.71331,0.166467,0.0894383,0.291276,3.19507,0.214724,0,0.753968
98.304000000,0.408879,0,0.00140507,0.749806,2.55451,0.0743929,0.360545,0.074367,3.12792,0.349049,0,0.66756
98.346666667,0.155649,0,0.000585285,1.17477,2.30257,0.0620394,0.430171,0.0211888,2.94367,0.26278,0,0.966705
98.389333333,0.144107,0,0.000623721,1.52311,1.87224,0.0486102,0.299261,0.0391875,2.76511,0.135089,0,1.42809
98.432000000,0.086716,0,0.000283842,1.55375,1.8017,0.0350592,0.0303635,0.205805,3.0458,0.0916878,0,1.54896
98.474666667,0.082752,0,0.000425842,1.34676,2.33783,0.0562604,0.051302,0.537357,3.12545,0.00136501,0.000206945,1.2703
98.517333333,0.138084,0,0.00131985,0.769483,2.95175,0.189481,0.111444,0.455107,2.93222,0.0912976,0.000399811,0.970763
98.560000000,0.325255,0.00649472,0,0.803759,3.03296,0.161938,0.145857,0.163437,2.44191,0.139555,0.000533066,1.29045
98.602666667,0.327854,0.00166005,0.0462672,1.11316,2.91904,0.248271,0.222533,0.0768687,2.38431,0.317636,0.000224061,1.53399
98.645333333,0.282058,0,0,1.51637,2.61633,0.445103,0.212709,0.130214,2.51492,0.400998,0.139103,1.96993
98.688000000,0.0811334,1.05747,0.210175,1.11594,1.56772,0.759498,0.0072414,0.0166382,1.67657,1.13949,0.0152053,0.956212
98.730666667,0.0801677,1.49295,0.236562,0.885688,1.38233,0.566722,0.00656267,0.0741246,2.24543,0.771322,0.0344476,0.0893868
98.773333333,0.37604,1.4755,0.192905,0.694073,1.46676,0.338081,0,0.0490279,2.50504,0.398999,0.103712,4.96176e-05
98.816000000,0.725331,1.43045,0.165075,0.670873,1.54313,0.165016,0.0442901,0.0352572,2.58234,0.172004,0.111281,0
98.858666667,0.885703,1.16774,0.0900364,0.598089,1.43694,0.122179,0.35081,0.0386143,2.48269,0.626042,0.113693,0
98.901333333,0.810028,0.925795,0,0.629374,0.950475,0.124971,0.894774,0.0544287,1.71273,1.78612,0.288737,0
98.944000000,0.489908,0.983076,0.030078,1.18037,0.378428,0.118118,1.58472,0.0866581,1.18017,2.05611,0.84587,0
98.986666667,0.0552117,1.28655,0.107828,1.37646,0.344376,0.249686,1.84833,0.120376,1.26562,1.23826,1.34156,0
99.029333333,0,1.45907,0.15036,0.930945,0.109927,0.467351,1.93503,0.0605802,1.29449,0.505774,2.0721,0
99.072000000,0,1.59458,0.268282,0.903204,0,0.549119,1.87459,0.0790854,1.16791,0.0967018,2.34203,0
99.114666667,0,1.63758,0.386386,0.713723,0.049058,0.509431,1.28743,0.22317,0.991868,0.0988228,2.62239,0
99.157333333,0,0.899456,0.294614,0.648275,0.108403,0.531024,1.53512,0.350265,0.942237,0.0421207,2.69579,0.170278
99.200000000,0.0285186,0.318716,0.287104,0.249627,0.155898,0.525221,1.98693,0.268756,0.600082,0.0248162,2.6644,0.348341
99.242666667,0,0.27705,0.289034,0.431777,0.169858,0.511,2.31557,0.0316307,0.621013,0.0940278,2.59088,0.119884
99.285333333,0,0.39727,0.262814,0.833668,0.118408,0.487752,2.50768,0.0362374,0.680454,0.10093,2.59376,0.0580522
99.328000000,0,1.25283,0.176417,0.943743,0.0184346,0.495353,2.70322,0.0558084,0.859024,0.158642,2.59223,0.0375284
99.370666667,0,1.85359,0.0551329,1.16735,0,0.578277,2.74601,0.0951971,1.02744,0.212904,2.14686,0.0597736
99.413333333,0.077204,1.24936,0.0196629,1.40668,0,0.590789,2.55238,0.159338,1.20256,0.264113,1.15524,0.915547
99.456000000,0.135528,0.560387,0,1.39129,0.0856064,0.415285,2.48512,0.122682,1.39976,0.204814,1.06456,0.837685
99.498666667,0.104306,0.247021,0,1.2475,0.322123,0.290259,2.46322,0.0678999,1.31595,0.20216,1.33342,0.682005
99.541333333,0,0.593365,0,1.25737,0.510285,0.169927,2.52759,0.0547062,1.04471,0.491158,1.42828,0.266924
99.584000000,0,1.1542,0.019573,1.12848,0.560001,0.0232923,2.59167,0.096127,0.968986,0.73407,1.49011,0.0980121
99.626666667,0.14596,1.80177,0.162481,0.763198,0.715156,0.00527889,2.51662,0.0989206,0.69597,0.712883,1.81768,0
99.669333333,0.674354,2.15844,0.179957,0.909007,0.659878,0.00937826,2.70433,0.00478545,0.550921,0.125093,1.78942,0
99.712000000,0.750432,2.20255,0.161113,1.03024,0.420037,0,3.16336,0.0162433,0.627611,0.0826845,1.58408,0
99.754666667,0.631413,2.08937,0.108487,1.02234,0.365085,0,3.54135,0.0352935,0.675773,0.0779568,1.62298,0
99.797333333,0.501093,2.06065,0,1.02911,0.239297,0,3.67295,0.0642886,0.70286,0.106511,1.7301,0
99.840000000,0.325581,2.24095,0.0507698,1.20989,0.160328,0,2.9283,0.0951166,1.06603,0.122996,1.67322,0
99.882666667,0.0860317,2.20422,0.157296,1.13154,0.121693,0.00143216,2.70519,0.105218,1.68233,0.0919596,1.56941,0
99.925333333,0,2.26504,0.248299,0.812431,0.106798,0,3.02324,0.125179,1.83127,0.129248,1.4359,0
99.968000000,0,2.42798,0.303015,0.760565,0.065402,0,3.38907,0.0769756,1.63251,0.0637431,1.23787,0
100.010666667,0,2.34292,0.204348,0.645086,0.108482,0,3.66894,0.0807734,1.40302,0.0925175,1.3287,0.00664976
100.053333333,0.320193,2.09874,0,0.560835,0.153362,0.0106254,3.64906,0.135606,0.961,0.101712,1.37577,0.397678
100.096000000,0.399008,1.49214,0.0637738,0.465872,0.142523,0.0216876,3.34546,0.260161,0.804266,0.0694125,1.1623,1.17454
100.138666667,0.161235,1.2,0.132524,0.72283,0.137544,0.0370682,3.24361,0.407976,0.686743,0.383635,0.874043,1.20376
100.181333333,0.00543708,1.34893,0.15692,0.97854,0.123938,0.03182,3.29612,0.483284,0.553459,0.704147,0.659547,0.986856
100.224000000,0,1.68484,0.156167,0.92826,0.076027,0.0250823,3.46708,0.659317,0.457978,0.951605,0.577584,0.362416
100.266666667,0.0282025,1.74175,0.0853272,0.537516,0,0.0434814,3.91368,0.715316,0.350747,0.836643,0.924337,0.000288836
100.309333333,0.0453006,1.81831,0.0274044,1.23445,0.0390278,0.0636407,3.83969,0.842765,0.595699,0.208302,1.10326,0.000175284
100.352000000,0,1.77423,0.133953,1.7769,0.0568609,0.0658668,3.26138,0.739503,1.24559,0.128428,1.18039,0
100.394666667,0,1.43125,0.220279,1.69584,0.076087,0.212301,2.93027,0.243481,2.11846,0.166013,1.02127,0
100.437333333,0.013875,1.76933,0.275897,1.31186,0.417932,0.0322647,2.65043,0.0408571,2.37192,0.138196,1.05742,0
100.480000000,0.0655815,2.20011,0.268364,1.20971,0.610394,0.0386592,2.49782,0.126564,2.21887,0.0880005,1.1418,0.00011579
100.522666667,0.0311772,2.31466,0.213819,1.79419,0.278271,0.00554255,2.09538,0.179211,2.22531,0.015086,1.22547,0.206014
100.565333333,0,1.21146,0.0750839,2.47084,0.322274,0.00999712,1.12427,0.0221132,2.72905,0.0151927,0.296191,1.34297
100.608000000,0,0.0671462,0.0568051,1.9714,0.592345,0.0280606,0.331019,0,3.02754,0.0286322,0.00801479,1.92887
100.650666667,0.0354256,0,0.219858,1.89321,0.795848,0.0279659,0.0428803,0,3.35629,0.0247892,0,2.01783
100.693333333,0.0737799,0,0.342237,1.80682,0.859205,0.0220308,0.0656389,0,3.63926,0.0339965,0,1.93743
100.736000000,0.0550554,0,0.21942,1.83962,1.08135,0.0240537,0.14042,0,3.59231,0.0321665,0.0255847,2.03862
100.778666667,0,0,0.0133815,1.82371,1.41554,0.0304614,0.262695,0.227161,2.61677,0,0.0321766,2.87004
100.821333333,0,0,0.0338124,1.4822,1.53553,0.0167548,0.514923,0.502837,1.72604,0,0.0300141,2.95528
100.864000000,0,0,0.0110802,1.46519,1.58394,0.0144148,0.613683,0.744263,1.23869,0,0.0619191,2.7838
100.906666667,0,0,0,1.80499,1.54831,0.052708,0.589491,0.904916,1.1088,0.0525999,0.130023,2.42706
100.949333333,0,0,0,1.70803,1.49384,0.306712,0.588308,0.811852,1.53596,0.0261783,0.200324,2.33793
100.992000000,0.102082,0,0.162323,1.37554,1.4607,0.213475,0.732973,0.531875,1.74229,0,0.109037,2.22779
101.034666667,0.281781,0.000111399,0.0412221,1.2535,0.9071,0.0651107,0.932188,0.17198,1.251,0.0308614,0,2.48148
101.077333333,0.153328,0,0.074202,1.28782,0.512007,0.0585935,1.08423,0,1.21208,0.094084,0,2.82521
101.120000000,0.0481857,0,0.270234,1.3184,0.482219,0.0568205,1.01346,0.0714249,1.24112,0.133556,0,2.81397
101.162666667,0.0442178,0,0.247511,1.2832,0.445866,0.0606247,0.653535,0.214548,1.24608,0.216485,0.125259,2.39009
101.205333333,0,0.0873624,0.1971,1.15356,0.596777,0.06086,0.411559,0.405025,1.50605,0.0817081,0.131775,1.87566
101.248000000,0,0,0.0641404,0.804709,1.59296,0.212554,0.494382,0.574486,1.96319,0.00138702,0.0462058,2.02665
101.290666667,0,0,0.0567694,0.698673,1.95338,0.286064,0.625713,0.337345,2.11624,0.000437959,0,2.47847
101.333333333,0,0,9.53823e-05,0.888006,1.98123,0.119354,0.651087,0.101423,2.02862,0.00105705,0.0111477,2.74126
101.376000000,0,0,0.00025918,1.27677,1.93086,0.129428,0.549559,0.0410537,1.7777,0.0155136,0.138605,2.84093
101.418666667,0,0.0382745,0.00236155,1.55017,1.6856,0.23879,0.535687,0.00658599,1.52957,0.000713189,0.162759,2.85844
101.461333333,0.0095038,0.0751986,0.0307905,1.67696,1.53113,0.114037,0.627754,0.0108338,1.10073,0.100673,0.118047,2.89459
101.504000000,0.0915465,0,0.0246617,1.03083,1.64546,0.0577522,0.592909,0,1.3976,0.173227,0,2.83358
101.546666667,0.0560959,0,0.0169352,0.51873,2.39692,0.068018,0.556417,0,1.44177,0.0549956,0,2.78701
101.589333333,0,0,0.0127715,0.263188,3.2654,0.0952883,0.478811,0.0432423,1.38569,0,0,2.69759
101.632000000,0,0,0.113765,0.292231,3.55624,0.12177,0.339273,0,1.48414,0.00299327,0.0133423,2.67583
101.674666667,0,0.00645481,0.178473,0.237754,3.71364,0.110108,0.127484,0,2.09205,0.00836862,0,2.70158
101.717333333,0,0.0173261,0.179037,0.220027,3.87204,0.080749,0.130568,0,2.18314,0.134936,0,2.73532
101.760000000,0,0.0178879,0.109994,0.268161,3.46287,0.0528553,0.259958,0.00554092,2.12451,0.115775,0,3.01682
101.802666667,0,0.00237455,0.0244682,0.363458,3.31328,0.0233208,0.227478,0,2.39793,0.0821505,0.0414468,3.13303
101.845333333,0,0,0.0163689,0.28509,3.63517,0.144579,0.227975,0,2.4524,0,0.0604779,2.95649
101.888000000,0,0.0900313,0.027492,0.104204,3.82493,0.396927,0.256293,0.138584,2.54318,0,0.015047,2.66152
101.930666667,0.0238942,0.0681758,0.0620707,0.0761953,3.82998,0.275979,0.205688,0.421646,2.47689,0.111455,0.000348679,2.16971
101.973333333,0.219331,0.00978276,0.0496369,0.0782472,3.75766,0.0763384,0.339651,0.148509,2.28208,0.118752,0.000628111,2.06662
102.016000000,0.0897593,0,0.0810047,0.0677441,3.60675,0.0674501,0.684445,0.0149814,2.25801,0.0947678,0.000550842,2.20183
102.058666667,0.104038,0.0321328,0.0690823,0.0466385,3.49472,0.0363108,0.661346,0.0422887,2.11918,0.219877,0.000496436,2.20318
102.101333333,0.13779,0.179766,0.0324907,0.00947541,3.52496,0.0298839,0.316305,0.11066,1.66471,0.250841,0.00123826,2.11053
102.144000000,0,0.13381,0.000397767,0.0110375,3.60153,0.0323133,0.30342,0.479355,1.65283,0.111647,0.00147263,2.08976
102.186666667,0,0,0.00156678,0.133291,3.81144,0.0237376,0.460119,0.600352,1.8368,0.000510599,0.152528,2.3073
102.229333333,0,0.00411656,0.00107262,0.108123,3.54775,0.0209981,0.580682,0.306018,2.01373,0.106497,0.27929,2.54258
102.272000000,0,0.0107803,0.000854549,0.176489,2.94314,0.0329783,0.659585,0.107408,1.96917,0.243776,0.333895,2.66301
102.314666667,0,0.0060172,0.000733282,0.392711,2.52594,0.0356484,0.711362,0.105678,1.44992,0.124581,0.336587,2.64157
102.357333333,0,0.14107,0.117292,0.175642,2.26027,0.235185,0.826653,0.136927,0.984136,0.110345,0.322822,2.83728
102.400000000,0,0.92499,0.274858,0.174317,1.74544,0.244314,0.0897545,0.611263,0.131871,0.272919,1.06066,1.93158
102.442666667,0,1.25339,0.309376,0.425286,0.485595,0.149783,0.0251998,1.849,0.0230574,0.264906,1.72148,0.478042
102.485333333,0,1.18087,0.313348,0.73102,0.0226193,0.0622942,0,2.65216,0.0280522,0.165247,2.31919,0.145489
102.528000000,0,1.05566,0.283589,0.99282,0.0189853,0.0672522,0,2.96993,0.0168152,0.082813,2.23092,0.232838
102.570666667,0.0298192,0.780641,0.303091,1.11794,0.26482,0.0541633,0,3.06137,0.0129602,0.0954232,2.22276,0.165974
102.613333333,0,0.361109,0.560519,2.64237,0.21725,0.0654823,0.0157671,2.79589,0.00971814,0.0298855,1.83061,0.0746669
102.656000000,0,0.164758,0.411776,3.61388,0.0171826,0.0368044,0.0307168,2.43542,0.00684576,0.00317028,1.45077,0.49053
102.698666667,0,0.301642,0.349011,3.69392,0.0419124,0.00461259,0,2.51667,0.0736246,0.00305724,1.19142,0.972942
102.741333333,0,0.449657,0.276474,3.65083,0.0752951,0.0214763,0,2.82659,0.0127497,0.00235207,1.01675,1.32503
102.784000000,0,0.407505,0.280095,3.69458,0.144557,0.0342979,0,2.78728,0.0425161,0.00225452,0.827801,1.57853
102.826666667,0.0956474,0.266012,0.387113,3.59068,0.290529,0.033751,0.010972,2.82243,0.0229159,0.00378211,0.799105,1.56939
102.869333333,0.106319,0.0876957,0.512906,2.37944,0.0427107,0.0496249,0.30815,2.72436,0.0823032,0.160298,0.831472,1.05816
102.912000000,0.117273,0.106183,0.439056,0.983491,0.0341665,0.455811,0.530602,2.61536,0.0589893,0.174662,0.911728,0.299884
102.954666667,0.163125,0.0694476,0.608979,0.675649,0.0222596,0.500347,0.684494,2.57032,0.0353857,0.116389,1.146,0.0121524
102.997333333,0.151557,0.0522955,0.616367,0.629506,0.0189966,0.263223,0.770757,2.45145,0.0251661,0.159567,1.27518,0.000144429
103.040000000,0.268671,0,0.40166,1.47397,0.0240258,0.0713608,0.670582,2.32773,0.479931,0.138526,1.21822,0.325207
103.082666667,0.267727,0.125482,0.107515,2.74673,0.0473998,0.0576622,0.273822,2.10016,0.555905,0.00829953,0.669109,1.47383
103.125333333,0.200643,0.239682,0.129768,3.1824,0.0489057,0.0453496,0.0211243,1.66445,0.483408,0.0413032,0.756034,1.96505
103.168000000,0.0385431,0.065846,0.157482,3.08765,0.273942,0.0027128,0.00654091,1.51951,0.491505,0.00545474,1.06169,2.07808
103.210666667,0.0238583,0,0.0916239,3.0335,0.129953,0.00170016,0.0899891,1.51252,0.0692804,0.0073718,0.87661,2.34351
103.253333333,0,0.0365981,0.145308,2.89339,0.149029,0.00592285,0.241264,1.41474,0.289076,8.17783e-05,0.570256,2.42049
103.296000000,0,0.0802097,0.54003,2.46628,0.0585306,0.0860284,0.119696,1.69455,0.497679,0.0189196,0.811887,2.22123
103.338666667,0,0.0210421,1.81505,1.84879,0.424767,0.300606,0.00810091,1.79043,0.509257,0.0129627,1.49996,0.939366
103.381333333,0,0.0709333,1.82066,1.92293,0.223924,0.156965,0,1.8311,0.206196,0.00614067,2.4101,6.09847e-05
103.424000000,0,0.0528877,1.69253,2.02397,0.0371477,0.0955311,0.00363687,1.74504,0.0257628,0.000377206,2.74417,0
103.466666667,0,0.0716631,1.50572,2.42043,0.0400605,0.0375729,0,1.57048,0.0316003,0.00715735,2.85885,0
103.509333333,1.01345,0.0202491,1.0667,3.25949,0.0188644,0.0740047,0,0.968586,0.0768395,0.0235211,2.492,0.146278
103.552000000,1.13333,0.0164774,1.02083,3.6064,0.281154,0.288413,0.0450581,0.420324,0.0533189,0.0323511,1.80399,1.01612
103.594666667,1.06204,0.056181,0.466242,3.58163,0.250358,0.241895,0,0.686514,0.0799928,0.0432503,1.38653,1.40087
103.637333333,0.898793,0.0591947,0.390923,3.77988,0.121219,0.217732,0,0.979323,0,0.0209288,1.23008,1.96341
103.680000000,0.601386,0.0648159,0.318709,3.99818,0.12534,0.181847,0,1.35569,0,0.0397239,1.17586,2.25363
103.722666667,0.176393,0.0522661,0.706054,3.59132,0.25836,0.144933,0,1.97281,0.021557,0.267358,0.915674,2.07004
103.765333333,0.0505801,0.147447,0.812615,2.64433,0.296499,0.0940133,0.00784157,1.46109,0.744489,0.0684091,0.611121,1.807
103.808000000,0,0.190267,0.950613,2.10644,0.147741,0.425576,0.0958842,0.715189,1.01577,0.0607856,0.376916,1.73686
103.850666667,0,0.185107,1.13585,2.03708,0.0296997,0.580049,0.458406,0.565385,0.701243,0.0998826,0.209446,1.28989
103.893333333,0.0432986,0.165952,1.17128,1.91684,0.0202612,0.414919,0.474985,0.724197,0.0496855,0.186137,0.627974,0.778631
103.936000000,0.10652,0.146686,0.899697,2.33277,0.0182392,0.0577032,0.416575,1.05953,0,0.275308,1.40191,0.187698
103.978666667,0.620561,0,0.0389261,3.02241,0.0288772,0.0404491,0.371109,1.00343,0,0.341672,2.02646,0.0627597
104.021333333,0.853295,0,0.194446,2.87953,0.110253,0.0318084,0.171372,1.08169,0,0.13655,2.16927,0.000381666
104.064000000,1.05704,0,0.296513,2.70277,0.338797,0,0.0118495,1.40539,0.00125809,0.122516,2.0121,0.0267911
104.106666667,0.794286,0,0.263193,2.59053,0.28172,0.258541,0.0313638,1.2959,0.159661,0.00041386,1.71012,0.505672
104.149333333,0.396842,0.00601088,0.149871,2.76139,0.249227,0.155967,0.0446717,1.32004,0.0715399,0,1.55202,0.866485
104.192000000,0.248981,0.0559129,0.138392,2.90544,0.384052,0.00921693,0.0173065,1.12588,0.0419012,0.534228,1.36811,0.60248
104.234666667,0.0579503,0.183841,0.0206555,2.50645,0.446743,0.0709478,0.00606861,0.927769,0.91515,0.722858,1.16553,0.000412642
104.277333333,0.0524605,0.297458,0.117259,2.24062,0.511434,0.0607237,0,0.428775,1.81859,0.494924,0.22759,1.56778
104.320000000,0.00218824,0.225604,0.194743,1.95321,0.160447,0.0477179,0.169767,0.0436189,2.57126,0.145954,0,2.2315
104.362666667,0.336993,0.0947884,0.1706,2.10323,0.0204854,0,0.301608,0.0277105,2.99681,0.0595785,0.0017145,2.46493
104.405333333,0.498459,0.0246275,0.113136,2.12203,0,0,0.364159,0.0371963,3.21499,0.0898732,0.00343111,2.64825
104.448000000,0.36076,0,0.000970065,1.98709,0,0.00268959,0.340205,0.0634479,3.34812,0.14056,0.00345608,2.69173
104.490666667,0.0741969,0.035247,0.133781,2.06032,0.0182335,0.0578766,0.371871,0.126657,3.25356,0.164993,0.0343405,2.63959
104.533333333,0.0671666,0.134716,0.318777,2.42209,0.0688118,0.0495048,0.417273,0.138113,3.33888,0.161852,0.0285442,2.01754
104.576000000,0.850388,0.148049,0.382824,2.44568,0.082096,0.0269123,0.573683,0.0789246,3.43337,0.127489,0.151223,0.430143
104.618666667,1.18783,0.148503,0.358419,2.32602,0.0651493,0.0008222,0.654998,0.051255,3.35087,0.0964825,0.144381,0.019005
104.661333333,0.841674,0.355262,0.383219,1.94618,0.0209661,0.0228951,0.326145,0.0608444,2.91714,0.100023,0.00353561,0.272498
104.704000000,0.387833,0.190183,0.448232,1.48065,0.0515908,0.0844894,0.687744,0.146773,2.7258,0.0693868,0.000353791,0.657392
104.746666667,0.0391357,0.159115,0.368997,1.82658,0.13932,0.0683273,0.658983,0.14075,2.6199,0.0496705,0.000728339,1.05328
104.789333333,0,0.133752,0.299916,2.01167,0.123674,0.0713299,0.592247,0.121589,2.52697,0.0604186,0.000727209,1.41249
104.832000000,0,0.106708,0.308419,2.01295,0.0701723,0.0529206,0.531627,0.0907227,2.63915,0.0875651,0.00060008,1.63382
104.874666667,0,0.0503627,0.221237,1.80242,0,0.0391141,0.452962,0.13658,2.91806,0.130756,0.0223683,1.83012
104.917333333,0,0,0.0641543,1.83738,0.000275814,0,0.328456,0.556216,3.14524,0.159053,0.0371571,1.95011
104.960000000,0,0,0.061882,2.29484,0.000723105,0,0.563272,0.54919,2.89017,0.163544,0.0440187,2.15629
105.002666667,0.195186,0.000691079,0.152702,2.39999,0,0.0668344,0.70166,0.348137,2.78918,0.175837,0.0255708,2.05887
105.045333333,0.907157,0.0188971,0.24144,2.31971,0,0.162519,0.613895,0.222826,2.88979,0.105337,0.190978,1.54141
105.088000000,1.38517,0.0954197,0.263359,2.3845,0.00786549,0,0.534283,0.0381033,3.18341,0.0874676,0.218224,0.946385
105.130666667,2.1064,0.0833533,0.162711,2.22184,0.117124,0.00979235,0.0705511,0.145116,3.132,0.0805587,0,0.0615675
105.173333333,1.54553,0.0996748,0.177055,2.08566,0.104725,0.0274948,0.091445,0.134039,2.98457,0.11053,0,0.365076
105.216000000,1.23912,0.114069,0.196975,1.95563,0.136687,0.0192748,0.0649457,0.149577,3.17732,0.0782076,0,0.743774
105.258666667,0.955241,0.114363,0.173613,2.05743,0.114327,0.0218167,0.0306525,0.113769,3.30389,0.059057,0.00381204,1.4002
105.301333333,0.881322,0.11937,0.117603,2.17056,0.0499838,0.0332807,0,0.0483952,3.19149,0.0822111,0.00483892,1.88915
105.344000000,0.766699,0.132551,0,2.2547,0,0.0633963,0,0.047296,3.12772,0.122835,0.00417855,2.14396
105.386666667,0.552956,0.100278,0,2.49593,0,0.0112389,0.145557,0.0623244,3.14519,0.14327,0.0254688,2.04744
105.429333333,0.319794,0.0278777,0.0215012,2.46781,0,0.00879868,0.23951,0.141844,3.19354,0.128556,0.147844,1.54999
105.472000000,0.466856,0.031925,0.11666,2.30283,0,0.0063605,0.142239,0.145497,3.19544,0.146485,0.382871,1.16428
105.514666667,0.686442,0.0582483,0.243127,2.5521,0.0737041,0,0.198454,0.105766,3.30243,0.106172,0.35653,1.19938
105.557333333,1.02091,0.161004,0.0640174,2.619,0.0238245,0.00725085,0.113377,0.198353,3.4955,0.131738,0.186328,0.677189
105.600000000,1.43688,0.398835,0.179728,1.99508,0.0594615,0.102394,0.344628,0.242867,3.1643,0.163118,0,0.16227
105.642666667,0.558591,0.322432,0.387529,0.916835,0.261516,0.288661,0.720398,1.00778,2.11315,0.158638,0.573723,0.1458
105.685333333,0.16132,0.43454,0.572943,0.677012,0.290739,0.240446,0.870659,1.05102,1.80941,0.139955,0.902596,0.298031
105.728000000,0,0.392859,0.590143,0.855155,0.269655,0.200428,0.86767,1.11044,1.85771,0.150217,0.920165,0.450724
105.770666667,0.0767766,0.313892,0.634735,1.04005,0.160036,0.289349,0.896544,1.10814,2.18645,0.163996,0.378904,0.891832
105.813333333,0.463406,0.302243,0.483949,1.25457,0.0457594,0.0802616,0.633108,0.778857,2.91314,0.26587,0.0459535,0.532501
105.856000000,0.565384,0.601065,0.274,1.54764,0.142195,0,0.526197,0.54268,3.16833,0.285637,0.209844,0.227543
105.898666667,0.528717,1.41675,0.483406,1.28984,0,0,0.540243,0.380062,2.88829,0.436601,0.360973,0.17822
105.941333333,0.416192,1.90639,0.567891,0.767327,0.00278167,0,0.627248,0.189508,2.73523,0.457712,0.345853,0.12625
105.984000000,0.322549,2.60904,0.522978,0.386717,0.0159546,0,0.543765,0.13852,2.90403,0.292494,0.26027,0.0507217
106.026666667,0.188989,3.0655,0.288571,0.320069,0.0963597,0,0.342773,0.287829,2.8745,0.157649,0.107807,0.0393883
106.069333333,0,3.07468,0.0191563,0.486907,0.389174,0.133893,0.666706,0.178592,2.53262,0.611329,0.0502091,0.478292
106.112000000,0.261525,2.9156,0.000600883,0.451485,0.854601,0.0168699,0.788922,0.164599,1.98636,0.175032,0.000135806,0.560135
106.154666667,0.043617,2.66508,0.00650467,0.488142,1.25701,0.0335823,0.529418,0.302449,1.81572,0.000159896,0.0341375,1.16115
106.197333333,0.0665761,2.27239,0.0111812,0.406307,2.0716,0.0330857,0.447195,0,1.92837,0.000167424,0.0381076,1.3951
106.240000000,0,2.68063,0,0.293657,2.57142,0.0328432,0.486857,0,1.83956,0.00236077,0.0295369,1.30689
106.282666667,0.0241345,2.81294,0.000365586,0.202824,2.56749,0.0227263,0.214677,0,1.8102,0.124845,0.0482405,1.35503
106.325333333,0.0079252,2.6563,0.00266918,0.260356,3.09997,0.0112258,0.326976,0.0114172,1.40632,0.00260919,0.00464839,1.17477
106.368000000,0,2.29666,0.00221245,0.313019,3.70646,0.010963,0.358371,0.00157127,1.55375,0.00116566,0.0312863,1.66087
106.410666667,0,1.46603,0,0.330679,3.9568,0.0277471,0.265005,0,1.9051,0.00109483,0.0633497,2.29928
106.453333333,0,0.179256,0,0.234402,4.0715,0.0377179,0.153244,0,2.18947,0.0252273,0.0957595,2.61741
106.496000000,0,0.0283359,0.130418,0.12778,4.0204,0.256851,0.0467664,0.189026,2.07847,0.00259892,0,2.59041
106.538666667,0.0951335,0.743438,0.461229,0.0123244,2.95727,0.267798,0.109827,0.463926,1.89533,0.183116,0.000473543,2.03145
106.581333333,0.19398,1.44057,0.283395,0.0149687,1.87298,0.418538,0.874888,0.14091,1.53958,0.374377,0.00067398,1.40525
106.624000000,0.119887,1.78496,0.255849,0.02938,1.18949,0.538011,1.23303,0.00284944,1.57761,0.375032,0.000656892,1.09038
106.666666667,0.111192,1.81609,0.150559,0.0105761,1.1954,0.361015,1.19634,0.00588262,1.91336,0.475964,0.000400085,1.51577
106.709333333,0.288625,1.64674,0.0132646,0.0626558,1.69164,0.100165,0.903499,0.0139265,2.39571,0.339387,0,1.93888
106.752000000,0.0132539,1.51922,0.00115859,0.126484,3.00476,0.0291687,0.057188,0.428937,2.4287,0.0949609,0,2.29324
106.794666667,0,1.71271,0.00225922,0.156303,3.58706,0.0151041,0.0825049,0.872664,2.06682,0,0,2.3621
106.837333333,0,2.22545,0.00215365,0.22737,3.26067,0.0173802,0.217663,0.663876,1.83321,0.236753,0,1.63811
106.880000000,0.0047187,2.42481,0.0009179,0.258576,2.83365,0.0290553,0.237635,0.399387,1.83693,0.274365,0.00818273,1.06753
106.922666667,0.0375308,2.5535,0.000793905,0.207635,2.5786,0.0564852,0.172289,0.207593,1.77588,0.0747141,0.0579433,0.777757
106.965333333,0,2.65633,0.00656043,0.193525,2.12489,0.34357,0.440017,0.000910648,1.63791,0.0425536,0,1.01041
107.008000000,0,2.7719,0.00604507,0.177941,1.62982,0.38107,1.64168,0.0311513,1.0778,0.0474303,0.531293,1.28767
107.050666667,0,3.09235,0.00322216,0.160388,1.16774,0.42114,2.27101,0.0793171,0.564445,0.0188812,1.25375,1.17545
107.093333333,0,3.13586,0,0.17708,0.885073,0.324707,2.83694,0.0748227,0.36188,0.0888824,1.5951,0.852235
107.136000000,0,3.12805,0,0.0863603,0.97494,0.231321,3.04968,0.0673082,0.349394,0,1.78292,0.649416
107.178666667,0,3.06528,0,0.0178832,0.999964,0.166076,2.88405,0.0732657,0.202353,0.00698569,2.00528,0.502005
107.221333333,0,2.6598,0.132611,0.035899,0.574158,0.348475,3.01416,0.094185,0.0825393,0.320029,1.87504,0.206603
107.264000000,0,2.40878,0.476754,0.0109225,0.451649,0.395859,3.15597,0.0637648,0.245191,0.386644,1.59459,0.0852118
107.306666667,0,2.27212,0.432188,0.00463123,0.583768,0.405576,2.56043,0.0817006,0.225394,0.416386,1.54749,0.050191
107.349333333,0,2.02413,0.156373,0,0.436756,0.637847,1.94261,0.0728181,0.0947782,0.457814,1.6959,0.340629
107.392000000,0,2.32363,0,0,0.28958,0.480763,2.13795,0.0803893,0.0670908,0.292318,1.73886,0.000180196
107.434666667,0,2.26837,0.0227693,0.138251,0.143518,0.435893,2.45324,0.140192,0.0486423,0.0523298,1.60248,0.00037156
107.477333333,0.00658049,1.89332,0.209312,0.118151,0.0363775,0.262551,2.68621,0.0767127,0.0584953,0.098235,1.28285,0.344828
107.520000000,0.0169727,2.03976,0.263622,0.0739325,0.0137894,0.300117,2.81361,0.0592962,0.0304501,0.227331,1.18235,0.519492
107.562666667,0.0395697,2.31572,0.287019,0.0365527,0.00115326,0.468679,2.9377,0.0592896,0,0.311607,1.32948,0.388795
107.605333333,0.0644007,2.54093,0.242171,0.0130978,0,0.450677,3.14796,0.114753,0,0.265659,1.67652,0.172204
107.648000000,0.0667069,2.81503,0.125843,0.00596029,0.0165886,0.242416,3.10006,0.189085,0.0108727,0.1358,2.14751,0.0815056
107.690666667,0,2.9468,0.018717,0.00307737,0.0284368,0.185752,3.13333,0.394172,0.206357,0.113198,1.96967,0
107.733333333,0.0334708,2.86737,0.0155155,0,0.0250273,0.361523,3.52729,0.225977,0.0640814,0.000358953,1.53531,0
107.776000000,0.043511,2.5981,0.000758062,0,0.00766926,0.309927,3.83643,0.146636,0.000972955,0,1.36015,0
107.818666667,0.0415435,2.55447,0,0,0,0.207149,3.93089,0.100389,0,0,1.28851,0.00310234
107.861333333,0.0162779,2.67995,0,0,0.00879692,0.120988,3.81534,0.226254,0.00503063,0,1.33082,0.000343382
107.904000000,0,2.3639,0.209733,0.16146,0.243121,0.0915891,3.72741,0.454688,0.137218,0.0362704,0.293438,0.0423566
107.946666667,0,1.2564,0.206075,0.413755,0.174765,0.250553,3.0406,0.130052,0.966717,0.162454,0,0.581144
107.989333333,0,0.585417,0.189527,1.02232,0.328615,0.596674,2.01649,0.0212731,1.70054,0.245033,0.000349316,0.869994
108.032000000,0,0.40226,0.163608,2.28065,0.368706,0.718306,0.76019,0.0255884,2.35607,0.153557,0.00121348,0.859336
108.074666667,0.0327123,0.150472,0.0505909,2.83776,0.115774,0.189073,0.262938,0.0441375,3.31645,0.101756,0.00168554,1.41337
108.117333333,0.0452638,0.132252,0.139072,2.83957,0,0,0.323446,0.0754639,3.76412,0.118165,0.0028445,2.06868
108.160000000,0.061961,0.107993,0.0797986,2.68062,0,0.00283617,0.35737,0.0828835,3.81616,0.0959983,0.0685477,2.30889
108.202666667,0.0881891,0.00391537,0.0145318,2.44,0,0.00237576,0.471939,0.0888481,3.85258,0.101063,0.209114,2.33746
108.245333333,0.0921613,0.0867542,0,2.62695,0,0,0.587462,0.0701623,3.53485,0.0846846,0.578177,1.99487
108.288000000,0.0756417,0.231888,0,2.84944,0,0,0.749656,0.0800699,3.32267,0.0792541,0.773184,1.32246
108.330666667,0.0152456,0.139479,0,2.82457,0.1942,0,0.607763,0.101823,3.40822,0.0846389,0.805007,1.28811
108.373333333,0.0644304,0.00289825,0.0945639,2.44518,0.21673,0.044824,0.501971,0.105553,3.44505,0.120106,0.0231381,2.20553
108.416000000,0.162604,0,0.135281,2.10323,0.199756,0.0808875,0.819076,0.197013,2.93363,0.0572535,8.37494e-05,2.34424
108.458666667,0.232619,0,0.133396,2.11711,0.181993,0.0747105,0.922176,0.0643137,2.37744,0.0617079,0.00013544,2.52444
108.501333333,0.40933,0,0.11205,2.10965,0.135777,0.0654211,0.844213,0.0282966,2.19118,0.0793696,0.000166624,2.68096
108.544000000,0.592143,0,0.0782011,2.03333,0.023569,2.51422e-05,0.791462,0.0363594,2.32907,0.112183,0.00453319,2.84731
108.586666667,0.580215,0,0,2.15597,0,0,0.677972,0.283479,2.5776,0.146199,0.015941,2.85176
108.629333333,0.430767,0,0,2.81817,0,0.00104081,0.380546,0.59953,2.6788,0.155903,0.038609,2.66943
108.672000000,0.0581935,0.00137493,0,2.97273,0,0,0.336075,0.433193,3.08255,0.173643,0.0420775,2.45069
108.714666667,0.196472,0.0544858,0,2.66897,0,0.00216338,0.331487,0.163792,3.62612,0.102926,0.0403099,2.41642
108.757333333,0.270104,0.18044,0,2.60577,0,0,0.376051,0.0799183,3.69352,0.0552375,0.0410682,2.56729
108.800000000,0.204472,0.186725,0,2.7243,0,0.00664474,0.164711,0.0845791,3.86722,0.0620596,0.00148219,2.66236
108.842666667,0.139412,0.158016,0.168714,2.47204,0.195004,0.0029271,0.0313195,0.0260002,3.46952,0.0405194,0,2.59275
108.885333333,0.186593,0.147432,0.178543,2.41085,0.162952,0.00205901,0.0170412,0.0260691,2.80394,0.0100543,0,2.81387
108.928000000,0.172775,0.171913,0.173253,2.40304,0.144866,0.0246361,0.0460518,0.0282456,2.62201,0.0130583,0,2.93178
108.970666667,0.190224,0.160855,0.151487,2.42012,0.0974235,0,0.164795,0.0236635,2.6281,0.0462173,0.00223038,2.95888
109.013333333,0.0345578,0.102174,0.063754,2.45942,0,0.00153306,0.258124,0.0410436,2.7565,0.100593,0.0101149,2.85082
109.056000000,0,0.0104738,0,2.51809,0,0.00217766,0.324874,0.075598,2.99054,0.138839,0.0412135,2.52932
109.098666667,0,0,0,2.71023,0,0.000248708,0.278818,0.0947824,3.12246,0.168506,0.0582101,2.47153
109.141333333,0,0,0,2.59241,0,0,0.193773,0.112417,3.20564,0.175959,0.0927574,2.53523
109.184000000,0,0,0.00516946,2.43699,0.00574458,0,0.146445,0.060905,3.15598,0.0885276,0.191425,2.58257
109.226666667,0,0,0.0623454,2.80717,0.00194258,0,0.142736,0.0483011,3.22734,0.0736565,0.156813,2.4268
109.269333333,0.324632,0.0428117,0.197656,2.13697,0.219589,0.100622,0,0.292214,3.32273,0.081895,0.000240606,1.80496
109.312000000,0.81505,1.88931,0.208265,1.2553,0.240813,0.12831,0.62577,0.497747,2.14696,0.0518272,0.000705461,1.15879
109.354666667,0.304382,2.45869,0.210175,0.346758,0.232562,0.559239,1.11746,0.772437,1.77858,0.0450924,0.000828154,0.419544
109.397333333,0,2.30518,0.913325,0.325408,0.133893,0.543552,1.03398,0.727556,1.73357,0.0643868,0.000807293,0.18309
109.440000000,0,1.38472,2.00533,0.47531,0.0471811,0.0630159,0.86719,0.463385,1.91577,0.0954588,0.000574148,0.000146812
109.482666667,0,0.348405,2.44232,0.690587,0,0,0.625514,0.111943,2.42643,0.130035,0.0213664,6.32162e-05
109.525333333,0.0286939,0.0289067,2.15171,0.805031,0.393074,0.000216972,0.281485,0.291118,2.19079,0.497752,0.0437037,0
109.568000000,0,0,1.5342,0.816089,0.453217,0.0157679,0.176646,0.454769,2.15295,0.617517,0.0978979,0
109.610666667,0.0187997,0,1.20369,1.4327,0.126932,0.0257961,0.258766,0.188839,2.06386,0.499167,0.291249,0.0620233
109.653333333,0,0,1.2312,1.54238,0.130312,0,0.831164,0.105091,2.01133,0.336048,0.314949,2.0071e-05
109.696000000,0,0.497046,1.43604,1.27722,0,0.0237885,0.812308,0.0409599,2.29506,0.331882,0.234104,0.0348824
109.738666667,0.0745263,2.51565,1.33,0.917717,0.00527182,0.037086,0.179248,0,1.9356,0.437828,0.118918,0.0777281
109.781333333,0.0984102,3.69592,0.526709,0.109608,0,0.392134,0,0.0133734,1.57715,0.662441,0,0.0882693
109.824000000,0.0810598,3.89794,0.206043,0.0402447,0,0.787539,0,0,1.21424,0.599719,0.0514745,0.144764
109.866666667,0.0639373,3.85753,0.162037,0,0,0.808928,0,0,1.53806,0.374587,0.0604079,0.153855
109.909333333,0.0626372,4.00156,0.151336,0,0,0.69237,0.033557,0,1.70172,0.115613,0.0589016,0.159945
109.952000000,0.0782663,4.21186,0.179039,0.00194276,0,1.04659,0,0,1.55303,0.0578575,0.136741,0.404638
109.994666667,0.198595,3.84463,0.326364,0.05408,0,0.814906,0,0,1.68774,0.0291281,0.582697,0.942352
110.037333333,0.207005,3.03112,0.304935,0.0275381,0,0.906263,0.0789002,0,1.55045,0.026178,0.596189,1.50461
110.080000000,0.141917,2.43565,0.114941,0.0985476,0,1.22167,0.106351,0,1.03242,0.0154189,0.320732,2.3018
110.122666667,0.115555,1.95293,0.0416794,0.170512,0,1.29639,0.514884,0,0.652485,0,0.137544,2.74995
110.165333333,0.389356,1.7825,0.213914,0.0679067,0,0.941442,0.71974,0.520204,0.381975,0,0,2.94264
110.208000000,0.820356,1.99401,0.27564,0.0822147,0.0529159,0.530967,0.304166,0.442756,0.582611,0.0400423,0.000249795,2.47399
110.250666667,0.95121,2.16868,0.162311,0.0169147,0.114908,0.604855,0.433473,0.164665,0.895094,0.198682,0.000492783,1.53255
110.293333333,0.408171,2.34074,0.190337,0,0.159583,0.979682,0.661733,0.0453714,1.0915,0.295742,0.027383,0.837506
110.336000000,0.164303,2.30765,0.316876,0,0.128475,1.00741,0.80842,0.0388457,1.35531,0.29891,0.0822905,0.16445
110.378666667,0.16145,2.13979,0.39782,0,0.0570427,1.03807,0.730404,0.105906,1.30471,0.237637,0.0446208,0.000220983
110.421333333,0.204335,2.03578,0.494774,0,0,0.82247,0.539827,0.142624,1.01355,0.253504,0.193013,0.000259893
110.464000000,0.254077,2.17289,0.896875,0,0,0.504723,0.180652,0.168248,1.26062,0.203949,0.1176,0.0656353
110.506666667,0.238246,2.44808,1.11522,0,0,0.377642,0.0225159,0.375577,1.45202,0.28337,0.152544,0.240692
110.549333333,0.196859,2.40276,1.18238,0.0286031,0,0.339274,0.0406525,0.835102,1.49725,0.118101,0.112266,0.409318
110.592000000,0.214128,2.39297,0.964209,0,0,0.263531,0.476419,0.960475,1.39242,0.0228882,0.0622102,0.171621
110.634666667,0.330313,2.91406,0.716457,0.0262075,0.221985,0.469548,0.647211,0.680338,1.13919,0.0571706,0.041744,0.107342
110.677333333,0.0484489,3.26108,0.272997,0.0898376,0.0587947,0.543993,0.552007,0.662375,1.05096,0.0690284,0.149007,0.140472
110.720000000,0.0444748,3.37521,0.0425215,0.0512175,0.318205,0.359508,1.00007,0.256275,0.691698,0.0812757,0.589584,0.094826
110.762666667,0,3.39376,0,0.0290848,0.440221,0.211817,1.40424,0.322919,0.146758,0.0875532,0.938735,0.107351
110.805333333,0,3.29489,0.0350139,0.015408,0.46607,0.0628011,1.74535,0.278477,0.0372339,0.0333984,1.41057,0.11799
110.848000000,0,3.07308,0.0611458,0,0.243662,0.0719575,2.22629,0.174272,0.0340614,0.0510339,1.49384,0.185934
110.890666667,0,2.63428,0.0328013,0,0.0195984,0.110633,2.93026,0.148972,0.0481919,0.0920501,1.61513,0.50644
110.933333333,0,1.84459,0.189684,0,0.287484,0.204518,2.92098,0.102507,0.0630936,0.118868,1.5488,1.05679
110.976000000,0,1.2595,0.264686,0,0.459325,0.238485,2.70016,0.137836,0.0218965,0.0968539,0.951456,1.68876
111.018666667,0.0230768,0.969454,0.177657,0,0.389262,0.144968,2.50958,0.134428,0.000807625,0.0261272,0.703102,2.16814
111.061333333,0.016026,0.934383,0.00557576,0,0.128616,0.340687,2.34904,0.113027,0,0.0291815,0.508049,2.56705
111.104000000,0,0.551732,0.00255056,0.270761,0.0191258,0.583022,2.22575,0.124851,0.00150407,0.224255,0.188894,2.58661
111.146666667,0,0.706221,0.160289,0.604052,0.130893,0.81182,1.96272,0.683996,0.096758,0.168698,0.284073,2.4666
111.189333333,0,0.608685,0.319062,0.572372,0.255447,0.738035,1.84626,0.623858,0.0906809,0.0937316,0.226853,2.66069
111.232000000,0.215324,0.578594,0.299331,0.439716,0.346082,0.729694,1.56289,0.198996,0.0161736,0.186949,0.197872,2.8219
111.274666667,0.159418,0.649307,0.259175,0.0343698,0.418182,0.878859,1.55682,0.0688679,0.0265199,0.138544,0.215674,2.89262
111.317333333,0.0636584,0.78504,0.148243,0,0.112321,1.03498,1.7612,0.113987,0.202581,0.00923521,0.262578,2.74661
111.360000000,0,0.99829,0.477634,0,0.0240956,0.768756,1.98321,0.475751,0.0921905,0,0.371537,2.20621
111.402666667,0,1.33716,0.802099,0,0.0350669,0.213984,2.12817,0.77277,0.0702029,0,0.742311,1.39977
111.445333333,0.125071,1.87955,0.6186,0.00218506,0.0870009,0.180952,2.76862,0.280359,0.0578977,0.0330534,1.37598,0.288443
111.488000000,0.214585,1.91982,0.185608,0.0125894,0.0584869,0.0957958,3.34995,0.0855688,0,0.100758,1.81263,0.335387
111.530666667,0.211631,2.0158,0.0381269,0.0135627,0.0906426,0.0818836,3.81939,0.0696735,0,0.0860655,1.96715,0.165317
111.573333333,0.172623,1.8127,0.137809,0.047652,0.00931694,0.052738,3.90049,0.338173,0,5.21781e-05,2.08171,0.000230917
111.616000000,0.245805,0.656492,0.248246,1.63237,0.188947,0.0414714,2.80599,0.011882,1.51528,0.201998,0.698021,0.650263
111.658666667,0.033002,0.336385,0.220476,2.06821,0.16142,0.0124081,0.473209,0.0306394,2.6124,0.298211,0.0460893,1.60432
111.701333333,0,0.321947,0.165892,2.06391,0.113358,0,0.0439078,0.0623067,3.10022,0.0603257,1.56918e-05,1.91695
111.744000000,0,0.248003,0.20032,1.89086,0.0289081,0,0.223855,0.053004,3.30631,0.0529166,0,2.0289
111.786666667,0,0.0895848,0.137123,1.55144,0.00106845,0,0.306073,0.0555294,3.29884,0.107098,0.0121329,2.37632
111.829333333,0,0.000909104,0.0802699,1.62945,0,0.00126445,0.223677,0.0761451,3.38552,0.156312,0.0262124,2.65237
111.872000000,0.00179572,0.00900899,0.160535,1.9502,0.00764562,0.00847093,0.213869,0.0927258,3.60542,0.147987,0.0217918,2.75964
111.914666667,0.0737953,0.0495943,0.232262,1.90249,0.0807167,0.0101969,0.18738,0.0798566,3.66491,0.138313,0.0116107,2.58427
111.957333333,0.359361,0.035236,0.304974,1.88814,0.101438,0.00932224,0.293191,0.043383,3.64847,0.0809043,0.146729,2.01497
112.000000000,1.05076,0.0262816,0.336443,2.10843,0.113564,0.0115978,0.569838,0.052207,3.44857,0.0785397,0.196841,0.640551
112.042666667,0.500177,0.0768713,0.351557,2.02655,0.119264,0.590022,0.289414,0.246142,2.4547,0.284716,0.0498153,0.599007
112.085333333,0.240844,0.0331158,0.272767,2.12815,0.136077,0.600905,0.408423,0.435812,2.04902,0.0949649,0,0.810872
112.128000000,0.31742,0.0172572,0.275665,1.53513,0.132441,0.307362,0.737031,0.302806,2.50518,0.0818917,0,1.31944
112.170666667,0.568809,0.0165199,0.319984,1.50484,0.110913,0.104337,0.790208,0.0231454,2.73717,0.0889035,0,1.83422
112.213333333,0.716259,0.0242874,0.223397,1.56262,0.0414446,0.0905122,0.737454,0.0580862,2.83188,0.115989,9.58269e-05,2.14618
112.256000000,0.789165,0.0314812,0.0626336,1.74674,0.0351605,0,0.579192,0.157633,2.99433,0.141387,0.00205356,2.43977
112.298666667,0.603292,0.071855,0,2.11354,0.0237557,0.00453045,0.237619,0.650601,3.02884,0.145818,0.0142655,2.59718
112.341333333,0.17378,0.117207,0.0008498,2.26066,0.00523101,0.00955605,0.0479624,0.656308,3.39986,0.138317,0.0305821,2.38536
112.384000000,0.650437,0.165787,0.107731,2.06008,0.00166211,0.0404574,0.0813634,0.348978,3.61672,0.102305,0.00904178,1.61437
112.426666667,1.35336,0.138183,0.286581,2.01819,0,0.102818,0.378549,0.0429957,3.5611,0.0517105,0.000160701,0.871696
112.469333333,1.50173,0.164398,0.261308,2.18174,0.0165788,0.00763969,0.339271,0.0774562,3.38404,0.0458684,0.053246,0.552987
112.512000000,0.760639,0.0735481,0.150291,2.35073,0.0126631,0.0116313,0.00643521,0.0694479,3.59524,0.129995,0,0.863882
112.554666667,0.12266,0.0352864,0.15758,2.15152,0.0303046,0.00879819,0.0226636,0.161924,3.42172,0.154117,0,1.57452
112.597333333,0.141082,0.00162905,0.164608,2.35153,0.0172392,0.00055453,0.0839744,0.0953197,3.01564,0.106705,0.002726,1.93144
112.640000000,0.0557179,0.0536752,0.149234,2.32427,0.0160404,0,0.0900942,0,2.68615,0.094164,0.00813839,2.66021
112.682666667,0.00665927,0,0.137722,2.20682,0.0292975,0,0.171897,0.000856804,2.60054,0.0981738,0.0141611,3.14764
112.725333333,0.0299441,0.0323102,0.0671085,2.20353,0,0,0.253559,0.0351235,2.41148,0.11826,0.0212908,3.24799
112.768000000,0,0.0812469,0,2.02023,0,0.00138424,0.265449,0.0974674,2.68978,0.125142,0.0206438,3.15657
112.810666667,0,0.0981012,0.0154517,2.11744,0,0.00122512,0.150591,0.095742,2.97985,0.1162,0.073041,3.05925
112.853333333,0,0.0736457,0.0104313,2.26569,0,0,0,0.0771351,3.1678,0.128065,0.349772,2.69615
112.896000000,0.00606667,0.100813,0.0265926,2.54352,0,0,0,0.12881,3.01451,0.0837368,0.461974,2.27815
112.938666667,0.114338,0.193695,0.0105197,2.60734,0,0,0,0.301961,2.85214,0.0881787,0.118517,2.07507
112.981333333,0.19733,0.157894,0.259839,1.98249,0.228188,0.0819667,0.253,0.262058,2.87323,0.231755,0,1.49917
113.024000000,0.713482,0.0893275,0.415107,1.49834,0.607378,0.161571,0.59626,0.23328,2.40103,0.220798,0.72665,0.750052
113.066666667,0.741813,0.109401,0.512216,1.69017,0.3855,0.180114,0.700272,0.357548,2.05033,0.241888,1.06981,0.62135
113.109333333,0.761402,0.0970916,0.511107,1.95265,0.196009,0.214479,0.686955,0.39445,2.20825,0.262591,0.749035,0.83931
113.152000000,0.898819,0.0899342,0.411483,2.08306,0.0230708,0.270253,0.636868,0.348435,2.42243,0.306772,0.104137,1.30495
113.194666667,0.912636,0.0254234,0.186261,1.84498,0,0.063995,0.693371,0.467378,2.87545,0.328741,0.0179194,1.59797
113.237333333,0.8777,1.41555,0.234675,1.92137,0,0,0.789174,0.672368,2.46335,0.282664,0.280395,0.439265
113.280000000,1.26972,1.38232,0.338272,1.53569,0,0,0.749115,0.306051,2.48623,0.272138,0.517623,0.0553059
113.322666667,1.27238,1.37944,0.421361,0.935759,0.016827,0.0555779,0.664702,0.0666517,2.64977,0.182377,0.596316,0.00011291
113.365333333,1.22623,1.52112,0.393374,0.571492,0.0575569,0.0182722,0.567429,0.027778,2.63504,0.088081,0.666797,0.000362034
113.408000000,0.935654,1.73565,0.256418,0.410512,0.256749,0.0997119,0.0455568,0.145264,3.20475,0.224302,0.512354,0.0656272
113.450666667,0.0195832,2.64743,0.00395708,0.434507,0.530774,0.333365,0.0309472,0.160442,3.08349,0.164737,0.0953677,0.372637
113.493333333,0.0430353,3.13115,0.012881,0.354853,1.39111,0.258098,0.0593453,0.0413756,2.31679,0.070696,0.0604746,1.06932
113.536000000,0.32788,2.81918,0.00117924,0.362612,1.86625,0.255913,0.169159,0.26088,1.7787,0.055258,0.0695526,0.563549
113.578666667,0.275275,2.91052,0,0.325235,2.11254,0.18724,0.166793,0.397256,1.47509,0.000823979,0.0555166,0.427028
113.621333333,0.333164,2.99189,0,0.17473,2.31981,0.0678194,0.168842,0.260986,1.37973,0.0201548,0.0615374,0.43986
113.664000000,0.295559,3.0729,0,0.122255,2.68548,0.0411337,0.232879,0.0268054,1.45831,0.0171387,0.023656,0.756224
113.706666667,0.106082,3.02316,0.0120597,0.150932,3.26993,0.0243165,0.397874,0,1.68981,0.0117374,0.0771509,1.25224
113.749333333,0,2.40767,0.0202538,0.127097,3.46491,0.0197319,0.485769,0,1.70029,0.0468526,0.22536,1.7929
113.792000000,0,0.858606,0.062742,0.117949,3.71546,0.0284222,0.305443,0,2.18971,0.102872,0.265787,2.49164
113.834666667,0,0.000915187,0.0244747,0.117319,4.05148,0.0335015,0.145248,0,2.37353,0.0905028,0.175656,2.68284
113.877333333,0.0580683,0.559873,0.0174788,0.136352,4.03784,0.177727,0.0447364,0.307925,2.25275,0.0616469,0.048427,2.19809
113.920000000,0.198315,1.7885,0.283236,0.0531015,3.1772,0.163396,0.0538127,0.418749,1.72427,0.145551,0.19003,1.19724
113.962666667,0.0996441,1.82447,0.361855,0.0538206,2.43619,0.146378,0.686887,0.169798,1.43938,0.297629,0.218065,0.570164
114.005333333,0,1.75478,0.35275,0.045966,2.01564,0.236339,0.940993,0.00938105,1.33777,0.476886,0.227287,0.810375
114.048000000,0,1.60527,0.278062,0.00941524,2.02031,0.12858,0.877637,0.030914,1.42072,0.4898,0.0916842,1.58473
114.090666667,0,1.39161,0.169692,0.00764257,2.33561,0.0280158,0.667306,0.122142,1.84275,0.262245,0.00207105,2.25183
114.133333333,0,0.968634,0.190611,0.0668507,3.19315,0.0474135,0.05328,0.574521,2.24414,0.014712,0.103649,2.06689
114.176000000,0,1.6928,0.396293,0.279377,3.34731,0.25288,0.172724,0.660047,2.00638,0,0.244039,1.49565
114.218666667,0,1.95351,0.294404,0.282262,3.17447,0.174593,0.285239,0.458155,1.86763,0,0.336956,1.3627
114.261333333,0,2.2848,0.0705331,0.164981,2.9388,0.0475525,0.240191,0.315098,1.52115,0,0.305897,1.42341
114.304000000,0.00739942,2.85461,0.000604083,0.133695,2.67361,0.0771232,0.344687,0.2576,1.30534,0.00103092,0.311192,1.15152
114.346666667,0.0178593,2.8497,0.012702,0.185424,2.19554,0.239309,0.667177,0.0406233,1.28416,0.074574,0.337464,0.913832
114.389333333,0.0515217,2.67491,0.0130982,0.153951,1.45901,0.252499,1.96129,0.0225125,1.15357,0.0423529,0.66584,0.982237
114.432000000,0.105303,2.81529,0.00366525,0.139116,0.832004,0.0554965,2.95414,0.070669,0.962718,0.00237958,1.00566,0.660162
114.474666667,0,3.01366,0.00312656,0.153988,0.541502,0.0363025,3.24045,0.0694266,0.66413,0.0628454,1.40389,0.438484
114.517333333,0,3.06117,0,0.106307,0.414276,0.0640473,3.2564,0.063862,0.536491,0.00204438,1.67169,0.18437
114.560000000,0,2.94181,0,0.0767203,0.231748,0.0946799,3.48526,0.069999,0.457879,0.120158,1.21745,0.0429055
114.602666667,0.003737,2.8679,0,0.0871273,0.027008,0.0762444,3.43484,0.0902854,0.384878,0.163052,1.24036,0.00303497
114.645333333,0.0494514,2.81127,0.0510367,0.0628383,0.0292876,0.0963011,3.35873,0.0564213,0.285896,0.172741,1.44036,0
114.688000000,0.397569,2.63323,0,0.0362728,0.233168,0.372324,3.19986,0.0828117,0.267551,0.172504,1.46694,0
114.730666667,0.412852,2.28641,0,0.026068,0.090919,0.779145,3.0513,0.0741731,0.193915,0.127006,1.46712,0.198654
114.773333333,0.271055,2.08801,0,0.0193481,0.0678525,0.713975,3.01486,0.0752039,0.125234,0.0756203,1.44908,0.000379062
114.816000000,0.163006,2.15781,0.136523,0.123517,0.104002,0.325697,3.10651,0.345802,0.181856,0.0332715,1.32448,0.000454819
114.858666667,0.00692295,1.82636,0.257316,0.170099,0.0672105,0.127107,3.11263,0.287108,0.170525,0.181077,1.28567,0.191889
114.901333333,0.0318057,1.96482,0.337607,0.155044,0.011263,0.102987,3.10259,0.0427468,0.166259,0.282525,1.25461,0.211663
114.944000000,0.0863856,2.20312,0.33929,0.0873831,0.078005,0.0865681,3.32818,0.0522343,0.112054,0.400905,1.40713,0.189365
114.986666667,0.15198,2.62897,0.255064,0.00837672,0.236566,0.0627727,3.5004,0.0671581,0.0699476,0.292647,1.82576,0.159986
115.029333333,0.0420499,2.4548,0.0161112,0.0133902,0.137641,0.0179889,3.50038,0.487669,0,0.0269625,2.34169,0.223584
115.072000000,0.100066,2.75298,0,0.00988504,0.0331069,0.1451,2.97402,0.749518,0.0662009,0.000378549,2.08513,0.359907
115.114666667,0.176766,2.5369,0.0336856,0.0145192,0.0295348,0.276276,3.21745,0.430862,0.0786089,0.00573171,1.64627,0.281027
115.157333333,0.254713,2.13395,0.00736189,0.102587,0.0212347,0.228004,3.43726,0.126508,0.0260184,0,1.48842,0
115.200000000,0.346871,1.90387,0,0.186667,0,0.0600511,3.49122,0.107778,0.000548604,0,1.31213,0
115.242666667,0.112958,2.13116,0.00621056,0.250378,0.00380334,0.0428736,3.16365,0.165439,0.00405897,0.014918,0.991115,0.198151
115.285333333,0.404066,1.78412,0.147569,0.334429,0.188598,0.151078,2.64535,0.391486,0.500823,0.0199909,0.141363,0.201769
115.328000000,0.701307,0.617821,0.167897,0.549285,0.807263,0.3499,1.87772,0.129313,1.91945,0.036064,0.589722,0.186717
115.370666667,0.48474,0.27825,0.135287,1.37037,1.092,0.459198,1.02903,0.0112476,2.59983,0.061468,1.1194,0.52932
115.413333333,0.358506,0,0.120533,2.00607,0.944447,0.159832,0.662761,0.0202594,3.03991,0.0727077,1.17198,0.877417
115.456000000,0.0346934,0,0.0978288,2.34849,0.636108,0,0.688732,0.164807,3.29429,0.0853346,1.03744,1.19169
115.498666667,0.00965299,0,0.0402299,2.78515,0.100416,0,0.728837,0.0598022,3.53084,0.105477,0.600147,1.62157
115.541333333,0.0383508,0,0.000243809,2.66144,0,0,0.759735,0.0883413,3.75683,0.110748,0.37098,1.75121
115.584000000,0.0559438,0,0.0228628,2.49714,0,0.00111287,0.616674,0.0659517,3.72763,0.0769466,0.713574,1.58264
115.626666667,0.0670496,0.482975,0.0586871,2.52924,0.0151557,0.000936821,0.273662,0.0606641,3.13108,0.105763,0.821118,1.44236
115.669333333,0.0638321,0.596085,0,2.84375,0.0224687,0.00117717,0.279764,0.0514419,2.94073,0.0584627,0.755642,1.5018
115.712000000,0.00481926,0.173203,0.00981117,2.70106,0.020464,0.000405409,0.290696,0.10949,3.66731,0.103722,0.37435,2.07856
115.754666667,0,0.0720408,0.0428362,2.48767,0.142417,0.0055374,0.907172,0.0798048,3.40131,0.0736554,0,2.75888
115.797333333,0,0.064331,0.116413,2.63474,0.211356,0,0.924148,0.0700685,2.9145,0.0480355,0,2.95674
115.840000000,0,0.0950472,0.11141,2.70509,0.175294,0,0.852169,0.041259,2.97527,0.0444137,0,2.70433
115.882666667,0,0.092142,0.0609122,2.71285,0.0771506,0,0.827692,0.0326926,2.9583,0.0727241,0,2.42939
115.925333333,0,0.0412246,0,2.64938,0,0,0.763371,0.0401657,2.89688,0.11235,0.00469235,2.25858
115.968000000,0.021753,0,0,2.5014,0.00872465,0,0.549712,0.444155,2.92605,0.1412,0.0186474,2.39632
116.010666667,0,0,0,2.44876,0.0913715,0,0.258568,0.94659,3.05147,0.119892,0.037525,2.42936
116.053333333,0.0187048,0,0.00994834,2.78028,0,0.00175149,0.200081,0.735584,3.20128,0.131855,0.0282548,2.6691
116.096000000,0.0858738,0.0017521,0.155583,2.68024,0.00131618,0,0.250286,0.319057,3.20582,0.0990666,0.141304,2.91779
116.138666667,0.194653,0.119463,0.0598825,2.66934,0.0145854,0,0.427918,0.102536,3.04277,0.0974404,0.076992,2.95359
116.181333333,0.194927,0.122646,0.000840921,2.48673,0.031391,0,0.243424,0.0511704,3.24785,0.174731,0,2.6952
116.224000000,0.0918366,0.140453,0.576036,2.26967,0.137377,0.00664537,0.0332313,0.0326312,3.06392,0.249298,0,2.71389
116.266666667,0.292872,0.159077,1.07001,1.9348,0.158108,0.000272298,0.0675701,0.0397842,3.03064,0.0498598,0.000954815,2.11716
116.309333333,0.38204,0.670474,1.02625,1.57537,0.140762,0,0.0778347,0.0365729,3.03284,0.0127098,0.00335501,1.81165
116.352000000,0.32792,0.924427,0.783776,1.57008,0.0669045,0.00139158,0,0.0401927,3.09349,0.0707,0.0131852,1.83178
116.394666667,0.577543,0.898608,0.329102,1.82083,0,0.00760245,0,0.0622682,3.14381,0.132718,0.0630112,1.72985
116.437333333,0.85036,0.628897,0.00895605,2.00926,0,0.0077028,0.0214452,0.0668186,3.14944,0.158415,0.0527066,1.71125
116.480000000,0.852859,0.13666,0,2.15373,0,0.0136069,0.0343323,0.0767309,3.20107,0.162166,0.0421984,1.91011
116.522666667,0.516616,0.125151,0.11557,2.32974,0,0.0154198,0.0329611,0.0421418,3.08395,0.143575,0.0372798,2.18766
116.565333333,0.152981,0.0695897,0.229352,2.45173,0.0316261,0.0158061,0,0.0179143,3.22702,0.0207023,0.0429082,2.14405
116.608000000,0.591149,0.125015,0.151306,2.57355,0.0336343,0.0165386,0.066232,0.0996194,3.37502,0.095043,0.25178,1.70737
116.650666667,0.718072,0.219862,0.0562368,2.45983,0.13109,0.0530277,0.0189567,0.250348,3.56104,0.0828986,0.102299,1.9935
116.693333333,0.694015,0.198171,0.151523,1.94421,0.154189,0.648012,0.399719,0.38716,2.95029,0.0846769,0.000907925,2.15046
116.736000000,0.63452,0.2059,0.185515,1.42737,0.144325,1.00303,0.721699,0.64346,2.35101,0.0671623,0.0267463,2.18737
116.778666667,0.434902,0.13033,0.254199,1.23464,0.106969,0.692518,0.827803,0.607965,2.38177,0.0825871,0.0959176,2.21652
116.821333333,0.205511,0.0853598,0.277508,1.48858,0.0249691,0.074638,0.914038,0.373814,2.68483,0.119841,0.00203046,2.34422
116.864000000,0.610805,0.1542,0.262942,1.96192,0,0.0509724,0.848411,0.0417344,2.77629,0.148377,0.00198191,2.08244
116.906666667,0.826527,0.0643071,0.106377,2.09302,0,0,0.655684,0.128329,3.43369,0.206767,0.151456,1.37607
116.949333333,0.881042,0,0.130605,1.98691,0,0.00436819,0.153897,0.243103,3.49385,0.140753,0.0621473,0.671308
116.992000000,0.478653,0.022081,0.119992,1.92534,0.00180482,0.0946974,0.288248,0.132319,3.55462,0.153224,0.0346109,0.917953
117.034666667,0.176752,0.0219672,0.0726117,1.89927,0.00348242,0.0905148,0.275938,0.188633,3.46485,0.0976488,0.00409325,1.55733
117.077333333,0.0203908,0.134798,0.27705,1.97062,0,0,0.422112,0.199224,3.13929,0.0683542,0,2.06194
117.120000000,0.110143,1.51331,0.363045,1.52045,0,0,0.439455,0.876368,2.0892,0,0,2.43764
117.162666667,0.117061,1.6949,0.282103,0.349794,0,0.33684,0.268558,1.49854,0.970854,0.0659392,0.499099,2.37001
117.205333333,0.0799063,1.53124,0.211262,0.0614097,0,0.394623,0.0492167,1.6067,0.489425,0.123874,1.54857,1.15309
117.248000000,0.0614905,1.53941,0.321882,0.0364667,0,0.350344,0.118475,1.62582,0.540744,0.0644534,1.89391,0.27585
117.290666667,0.0601512,1.62369,0.393597,0.20938,0,0.374434,0.0661618,1.93085,0.443349,0.0517954,1.70055,0.256908
117.333333333,0.0931851,1.76531,0.363887,0.286732,0,0.415428,0.155648,2.48544,0.384816,0.0292901,0.942226,0.71649
117.376000000,0.365813,2.14142,0.49436,0.00247239,0.0966729,0.336924,0.259895,2.12546,1.43988,0,0.312455,0.915607
117.418666667,0.386928,2.09257,0.469395,0.241327,0.166858,0.365706,0.312693,0.901097,2.67798,0,0,0.989225
117.461333333,0.27308,2.07972,0.14433,0.378675,0.0119154,0.219057,0.421095,0.194376,2.87596,0.00145862,0,1.17354
117.504000000,0.212659,1.93282,0.11977,0.324703,0,0.14933,0.486395,0.0413321,2.97759,0.00146365,0,1.47522
117.546666667,0.358228,1.76063,0.26264,0.499866,0,0.125817,0.607002,0.601574,2.61418,0.00137473,0,1.49956
117.589333333,0.433622,1.6409,0.34136,0.861678,0.0278185,0.521794,0.387524,0.406762,2.388,0.0427589,0.039601,1.7538
117.632000000,0.394676,0.911744,0.143872,1.49049,0.179286,0.870451,0.591304,0.274487,2.30143,0.191354,0.0839615,2.0447
117.674666667,0.357657,0.832908,0.011163,1.61399,0.18219,1.14522,0.787481,0.0374289,1.81265,0.433484,0.0911887,2.18602
117.717333333,0.220581,0.756394,0.00277095,1.71662,0.0961223,1.33866,0.86357,0,1.48418,0.644263,0.0286197,2.485
117.760000000,0.20142,0.967622,0.00429701,1.7011,0.0305677,1.48779,0.601786,0.133992,1.81045,0.205533,0.00282681,2.49781
117.802666667,0.242493,2.02903,0.0799759,1.59377,0,0.540016,0.265966,0.404402,2.22426,0.0462319,0.00157683,2.19377
117.845333333,0.235664,2.23297,0.307774,1.4722,0,0.129531,0.00226109,0.438629,2.55664,0,0.000741165,2.66934
117.888000000,0.228017,2.11639,0.286048,1.47938,0,0,0.275348,0.334453,2.30906,0,0.000408521,2.8444
117.930666667,0.121968,2.01297,0.110414,1.45528,0,0.054736,0.375805,0.449819,2.22113,0,0.000609118,2.86617
117.973333333,0.149467,1.58526,0.109762,1.46598,0.038252,0.000274119,0.810072,0.58159,2.22151,0,0.000102506,2.84701
118.016000000,0.247505,1.39798,0.174492,1.43515,0.279483,0.141956,0.913907,0.34545,2.04487,0,0,2.71261
118.058666667,0.109806,1.03094,0.189562,1.11177,0.0250959,0.194797,0.775973,0.714297,1.92713,0.0109179,0.423913,2.41845
118.101333333,0.0289707,0.871701,0.286157,0.586969,0.0214,0.386317,0.963088,1.72286,0.216365,0.0781747,1.55672,1.56835
118.144000000,0.00947429,0.697686,0.337078,0.262336,0.024745,0.337767,1.07874,1.85696,0.0324284,0.0754032,2.499,0.752109
118.186666667,0.0118812,0.774589,0.271847,0.209103,0.0255447,0.300806,1.02835,1.88522,0.036307,0.0777572,2.93312,0.111364
118.229333333,0.020818,0.577322,0.233039,0.110783,0.0216903,0.497204,0.960475,1.94192,0.0313161,0,2.74831,0.237853
118.272000000,0.0243925,0.622368,0.245039,0.0148879,0.0145282,0.622704,0.387811,2.1357,0.418704,0,1.38663,1.27748
118.314666667,0.22002,0.838939,0.159747,0.24435,0.029208,0.459237,0.811238,1.84098,0.857896,0.000910069,0.248733,2.13724
118.357333333,0.361532,0.868171,0.0329596,0.416525,0.123524,0.0976135,1.01843,0.474762,1.75861,0,0.000279359,2.49645
118.400000000,0.12745,0.869766,0,0.451131,0.267333,0.0760962,0.863827,0.582217,2.18372,0,0.000404476,2.66942
118.442666667,0,0.760735,0.00185867,0.46403,0.23165,0.085684,1.14533,0.570837,2.14255,0,0.00092422,2.69069
118.485333333,0,0.904855,0.11513,0.387878,0.176259,0.398088,1.04078,0.440481,1.80468,0,0.0658398,2.5322
118.528000000,0,0.839825,0.174489,0.450672,0.0315208,0.48187,0.828592,0.467924,1.50802,0,0.17021,2.63255
118.570666667,0,0.680649,0.302003,0.615168,0.0254765,0.31884,0.217257,0.988893,1.2447,0.00102404,0.177399,2.48256
118.613333333,0.166602,0.551796,0.539471,0.364566,0.0062526,0.0600036,0.118945,1.53913,1.04876,0.017805,0.585819,2.17846
118.656000000,0.118787,0.744196,0.726337,0.135008,0.00225649,0.274144,0.389664,1.66982,0.896188,0.248147,0.871167,1.61845
118.698666667,0.212543,1.2166,0.720687,0.130204,0.30124,0.78081,0.970914,1.52101,0.55844,0.276161,0.65692,0.896059
118.741333333,0.0941166,1.35031,0.241863,0.328573,1.17236,0.871742,1.4038,1.0993,0.217764,0.178,0.421813,0.261358
118.784000000,0,1.47199,0.288135,0.474651,1.39201,0.12354,2.17516,0.522278,0.777742,0.0515717,0.327188,0.359769
118.826666667,0,1.50047,0.281293,0.614191,1.20936,0.103161,2.24672,0.121769,1.00362,0.00205245,0.381586,0.730369
118.869333333,0,1.30419,0.147427,0.950232,1.17976,0.132495,2.17338,0.0847579,0.914807,0,0.430267,1.28796
118.912000000,0.00333467,0.969159,0.121601,1.64648,0.397907,0.183892,2.27931,0.0742286,1.20138,0,0.292013,1.70712
118.954666667,0.0445469,1.20007,0.207525,2.00719,0.354452,0.01396,2.03366,0.0463527,1.37717,0,0.0211562,1.76863
118.997333333,0.11512,1.14618,0.304582,1.78362,0.378915,0.0124782,1.42187,9.01685e-05,1.51366,0.198326,0.185978,1.85076
119.040000000,0.183216,0.932653,0.278094,1.7935,0.464577,0.00709675,0.830533,0.00422155,1.25479,0.976729,0.179052,1.66037
119.082666667,0.225427,0.648739,0.272891,1.85472,0.505039,0.00279127,0.599097,0.0700427,0.957465,1.4469,0.267499,0.96532
119.125333333,0.198225,0.59968,0.303111,1.68544,0.398556,0,0.86964,0.00374236,1.05421,1.74061,0.194965,0.547084
119.168000000,0.825048,0.154319,0.53535,1.4846,0.17838,0.258504,0.210262,2.30258e-05,0.55851,1.19925,0.188175,0.873456
119.210666667,0.969672,0.263518,0.695895,1.87128,0.137531,0.350754,0.0735712,0.0153266,0.181762,0.221691,0.932314,0.545461
119.253333333,1.17046,0.211283,0.808671,1.96664,0.113315,0.0731102,0.0769978,0.0161948,0.0135112,0.14419,0.688707,0.406206
119.296000000,1.14645,0.270542,0.832071,1.92696,0.114536,0.0652491,0.111625,0.0152604,0.00507545,0.127678,0.693064,0.383002
119.338666667,0.818969,0.209527,0.502023,1.7946,0.0462872,0.051935,0.239267,0.722963,0.284999,0.399795,0.796988,0.303374
119.381333333,0.466736,0.0248222,0.212709,1.38233,0.171535,0.388253,0.429881,0.844481,0.60425,0.99302,0.335078,0.44661
119.424000000,0.228393,0.100492,0.363636,0.858796,0.199957,0.551434,0.575963,0.526245,0.514206,1.67952,0.294088,0.757582
119.466666667,0.255468,0.142618,0.403732,0.681336,0.194712,0.501834,0.731189,0.250697,0.4033,1.84822,0.221536,0.917017
119.509333333,0.253114,0.320369,0.454867,0.403687,0.170982,0.483683,0.845224,0.053594,0.251932,1.88365,0.16891,1.04203
119.552000000,0.250677,0.457953,0.380206,0.411822,0.159833,0.432739,0.869299,0.0719542,0.0739798,1.92163,0.10552,1.16736
119.594666667,0.248903,0.776361,0.266497,0.413192,0.142756,0.508845,0.799741,0.290358,0.0268515,1.61933,0.193833,1.37986
119.637333333,0.263007,1.24214,0.386338,0.369316,0.0445404,0.782608,0.884418,0.364473,0.220228,0.935179,0.33301,1.61115
119.680000000,0.215723,0.76243,0.201891,0.843865,0.361304,0.179229,0.882253,1.1811,0.842379,0.480418,0.786719,1.12072
119.722666667,0.524361,0,0.452441,1.17718,0.258094,0.100742,0.446347,1.34788,0.748305,0.503006,0.464831,1.00505
119.765333333,0.525294,0,0.646073,1.24957,0.00520214,0.131759,0.387251,1.45446,0.469113,0.604372,0.406309,0.932193
119.808000000,0.411931,0.178687,0.95307,1.33127,0.0321864,0,0.505752,1.52721,0.556593,0.414816,0.315898,0.927767
119.850666667,0.0503293,0.208758,1.18152,1.13727,0.327262,0.257801,0.564086,1.47517,0.897918,0.559782,0.653303,1.01961
119.893333333,0.50266,0.626887,0.668386,0.909934,0.329975,0.132575,0.392164,1.64106,0.957549,0.667686,0.595792,1.11526
119.936000000,1.07298,1.40179,0.145233,0.558728,0.242313,0.102622,0.313129,1.57824,0.441464,0.753541,0.668937,0.884628
119.978666667,1.04351,1.85239,0.166326,0.692095,0.379087,0.604166,0.246851,0.828307,0.0151087,1.11391,0.585081,0.636032
120.021333333,0.838821,1.97151,0.18765,1.04652,0.32694,0.613894,0.192795,0.896935,0.0170001,1.36797,0.162226,0.517975
120.064000000,0.855318,1.17155,0.174287,1.47473,0.145373,0.183157,0.261156,1.42996,0.24584,1.28972,0.12929,0.371113
120.106666667,0.189166,0.0904994,1.71167,0.732542,0.167003,0.152609,0.152785,1.4878,0.256678,0.965442,0.167824,0.194786
120.149333333,0.133391,0.401301,1.54756,0.600778,0.0692503,0.148851,0.073121,1.40019,0.225443,0.929058,0.148118,0.1042
120.192000000,0.152347,0.0544063,1.94186,0.705821,0,0.137542,0.164602,0.908742,0.157391,0.718997,0.00207624,0.106467
120.234666667,0,0.208974,2.01212,0.670787,0,0.0902727,0.210741,0.847479,0.0875249,0.646484,0.00802673,0.0840167
120.277333333,0.0483544,0.248618,1.27467,0.461064,0.0377391,0.25713,0.317875,1.17824,0.79778,0.889065,0.132802,0.51049
120.320000000,1.12829,0.305106,0.152409,1.16383,0.228061,0.365361,1.15252,1.25319,0.422766,0.638415,0.35827,0.80455
120.362666667,1.23334,0.294225,0.202931,1.0232,0.214739,0.346694,1.24043,0.721898,0.430091,0.671206,0.430217,0.958107
120.405333333,1.23676,0.236578,0.262756,0.973572,0.183477,0.556828,1.27407,0.0512177,0.433839,0.67587,0.298307,0.935754
120.448000000,1.26094,0.22401,0.309811,0.84001,0.153872,0.722971,1.18481,0,0.429513,0.656569,0.1978,0.929169
120.490666667,1.2412,0.191369,0.362682,0.681065,0.115343,0.86696,1.06343,0,0.400353,0.593624,0.11051,0.873025
120.533333333,0.58235,0.18447,0.443012,0.447806,0.0856689,0.92056,0.883664,0.426921,0.208421,0.837273,0.192109,1.15751
120.576000000,0.218071,0.42503,0.260664,0.214189,0.250107,0.38831,0.556779,0.868489,0.366385,1.24895,0.400782,0.987523
120.618666667,0.0825447,0,0.508996,0.03744,0.518019,0.0774033,0.569138,1.74339,0.768394,0.851625,0.437716,0.321627
120.661333333,0.137673,0.0053343,0.7852,0,0.433679,0.127768,0.27747,1.75745,0.675776,0.731948,0.527019,0.398315
120.704000000,0.0222565,0,1.2537,0,0.352904,0.174272,0.274627,1.96964,0.433881,0.51554,0.50222,0.421974
120.746666667,0,0,1.55798,0.320535,0.137936,0.307497,0.526961,1.82518,0.392886,0.770614,0.303968,0.481913
120.789333333,0.0625558,0.151993,1.26666,0.499101,0.248835,0.104256,0.665142,1.53964,0.303176,0.864628,0.379905,0.607247
120.832000000,0.149871,0.21283,0.940892,0.703633,0.262847,0.0192293,0.845736,1.41671,0.275391,1.12109,0.256112,0.651861
120.874666667,0.153243,0.563044,0.691989,0.626564,0.270667,0.000801404,0.77887,0.970947,0.471572,1.63406,0.297642,0.795996
120.917333333,0.166375,0.89494,0.442224,0.590105,0.318439,2.57089e-05,0.400259,0.556132,0.233285,1.97179,0.330617,0.811098
120.960000000,0.205893,0.950865,0.216079,0.548339,0.295546,0,0.208056,1.04987,0.0371118,1.91993,0.26884,0.620464
121.002666667,1.00476,0.132814,0.414689,1.08914,0.228178,0,0.114663,0.902089,0.290824,1.52559,0.156783,0.621457
121.045333333,1.05043,0.241606,0.976724,1.86632,0.131019,0.0126767,0.319909,0.400151,0.0241244,0.280538,0.873263,0.495244
121.088000000,0.895218,0.312817,0.361421,1.98763,0,0.0164341,0.273512,0.963475,0.0404328,0.488546,0.718058,0.314224
121.130666667,0.894511,0.202626,0.679599,1.98337,0,0.0531816,0.229408,0,0.0677846,0.473079,0.716482,0.399264
121.173333333,1.04676,0.196444,0.639054,1.96844,0,0.0631893,0.245791,0,0.0792238,0.443525,0.717789,0.384749
121.216000000,0.543976,0.0912868,0.116584,1.4404,0.203899,0.395085,0.502206,0.893354,0.750411,0.849866,0.910569,0.460457
121.258666667,0.306048,0.120236,0.254623,1.0662,0.230053,0.254249,0.46889,0.782825,0.849105,1.63777,0.780876,0.867189
121.301333333,0.259807,0.179808,0.259777,0.752058,0.211401,0.445962,0.556175,0.353332,0.812077,1.77188,0.780893,1.19844
121.344000000,0.211241,0.196465,0.273778,0.450413,0.171195,0.673251,0.706636,0.0433821,0.757299,1.76687,0.800108,1.33641
121.386666667,0.198102,0.220843,0.29391,0.342728,0.142804,0.707886,0.796927,0,0.670462,1.7477,0.720724,1.43481
121.429333333,0.202361,0.476745,0.362757,0.328793,0.102167,0.509788,0.797605,0.0341407,0.473298,1.57394,0.560398,1.56323
121.472000000,0.180494,0.722989,0.483718,0.279459,0.00124807,0.367927,1.01439,0.736029,0.777196,0.779964,0.861625,1.51304
121.514666667,0.768575,0.50176,0.473736,0.526061,0.157869,0.585616,1.07976,1.0853,1.3633,0.23764,0.522958,0.921304
121.557333333,0.446702,0.091745,0.26164,0.548855,0.143307,0.323736,0.423214,1.7708,1.34261,0.27648,0.701418,0.830439
121.600000000,0.495455,0.00879638,0.349193,0.577172,0.0202083,0.385173,0.306232,1.65733,1.00196,0.233127,0.701952,0.956675
121.642666667,0.483162,0,0.672211,0.640279,0.00557921,0.391459,0.617065,1.53592,0.53913,0.231589,0.660833,1.02517
121.685333333,0.356271,0.112999,0.855933,0.524875,0.280381,0.229527,0.800969,1.22262,0.571471,0.171067,0.623623,0.756136
121.728000000,0.327262,0.338984,0.7787,0.603459,0.311558,0.10373,0.672648,1.39105,0.613469,0.499687,0.629994,0.532077
121.770666667,0.458121,0.461036,0.194677,0.508749,0.272566,0.0578673,0.329006,1.69932,0.518187,0.588592,0.868754,0.339345
121.813333333,0.325121,0.672627,0.173632,0.455213,0.250859,0.0121235,0.365231,1.40254,0.148431,0.662906,0.851568,0.466786
121.856000000,0.392828,0.897156,0.157494,0.494755,0.200716,0,0.407133,1.49759,0.264164,0.932941,0.688238,0.487684
121.898666667,0.555935,0.814885,0.151794,0.667113,0.161454,0.0356621,0.448221,1.35882,0.926893,1.30665,0.133465,0.422071
121.941333333,0.194188,0.124047,1.77331,0.329004,0.137984,0.0509253,0.298412,1.44073,0.536862,0.687381,0.168611,0.220084
121.984000000,0.0915729,0.051276,1.87303,0.429417,0.0488996,0.162072,0.292994,1.47086,0.314242,0.764839,0.117762,0.152939
122.026666667,0,0.142724,2.09279,0.753857,0,0,0.134261,0.87974,0.216451,0.531077,0.000828197,0.623721
122.069333333,0,0.38517,2.13648,0.913595,0,0,0.323796,0.777315,0.133025,0.488477,0.000948248,0.0502177
122.112000000,0.590105,0.186597,1.5496,0.629661,0,0.00964731,0.191036,1.15046,0.750411,0.803379,0.427331,0.317081
122.154666667,0.589905,0.462517,0.118421,1.42249,0.527513,0.248897,0.715626,1.39407,0.0863397,0.598224,0.177967,0.586962
122.197333333,0.99613,0.415439,0.28748,1.21765,0.486213,0.216748,0.746075,1.07232,0.141084,0.44911,0.657568,0.914077
122.240000000,1.05653,0.294065,0.350909,1.03498,0.368974,0.250282,0.763434,0.1549,0.15635,0.546743,0.754256,0.867638
122.282666667,1.09957,0.2524,0.373145,0.98507,0.250561,0.393677,0.726406,0,0.136235,0.57707,0.713567,0.881811
122.325333333,0.982515,0.228405,0.387348,0.853098,0.188414,0.587161,0.695756,0.000791417,0.127828,0.567626,0.657893,0.845876
122.368000000,0.396477,0.458278,0.486531,0.441593,0.22887,0.618699,0.624171,0.449933,0.150127,0.500708,1.12026,1.02934
122.410666667,0.262639,0.858094,0.383824,0.260094,0.216421,0.579105,0.468523,0.871217,0.251936,1.22593,0.336662,1.05585
122.453333333,0.064418,0.427401,0.209383,0,0.696258,0.40303,0.67256,1.6878,0.90927,1.09526,0.234087,0.341686
122.496000000,0,0.126688,0.986602,0.231898,0.517901,0.580395,0.2353,1.61907,1.01496,0.659217,0.237036,0.373214
122.538666667,0,0.037894,1.19285,0.385411,0.534715,0.62447,0.303763,1.68418,0.781932,0.547099,0.239413,0.303913
122.581333333,0.0505044,0.01438,1.00691,0.234235,0.648349,0.334731,0.304876,1.85407,0.584059,0.499759,0.30121,0.82914
122.624000000,0.354923,0.0701915,0.15652,0.927931,0.260492,1.02319,0.423749,1.57928,0.0507875,1.10786,0.26485,1.06127
122.666666667,0.892411,0.15593,0.237896,0.701586,0.235256,1.63786,0.275999,0.912327,0.0483435,1.20474,0.316437,0.199494
122.709333333,1.02831,0.197256,0.237981,0.429747,0.231833,1.24636,0.968348,0.589654,0.0502035,1.22007,0.303115,0.114171
122.752000000,1.01497,0.295408,0.223498,0.420548,0.232286,0.80873,1.66857,0.534418,0.0245599,1.02577,0.223869,0.123851
122.794666667,0.994617,0.451127,0.210898,0.393399,0.210394,0.474565,2.16064,0.530516,0.00356461,0.802646,0.172099,0.146044
122.837333333,0.511794,0.5785,0.175161,0.36079,0.148125,0.312487,2.53885,0.528932,0,0.46635,0.165291,0.152713
122.880000000,0.239849,0.382452,0.252571,0.663724,0.127327,0.787024,2.36583,0.599515,0.0365786,0.0634162,0.460424,0.132377
122.922666667,0.0720544,0,0.619577,1.24487,0.0118626,1.90968,0.791727,0,0,0.297598,0.751231,0.000456308
122.965333333,0.0828965,0.148635,0.584264,1.17211,0,1.34675,1.31359,0,0,0.272374,0.750267,0.000430887
123.008000000,0.0816756,0.22942,0.379408,0.959398,0.00387445,0.936583,1.89378,0,0,0.23657,0.477357,0.00034114
123.050666667,0.775962,0.410275,0,0.209838,0.00072855,0.517905,2.15484,0.818057,0.539309,0.346971,0.452607,0.166265
123.093333333,0.887368,0.504837,0.0541244,0.476482,0.0925059,0.666006,2.07285,0.527387,0,0.85602,0.366543,0.000277115
123.136000000,0.199495,0.633716,0.39495,0.421935,0.176386,0.424422,2.08439,0.301869,0.0120247,1.09699,0.425769,0.716317
123.178666667,0.197705,0.65351,0.37439,0.343203,0.205582,0.306408,2.06758,0.00163422,0.117423,1.36818,0.56973,1.14884
123.221333333,0.242356,0.591522,0.253015,0.275458,0.258701,0.566743,1.77503,0,0.117796,1.64567,0.597901,1.3088
123.264000000,0.65938,0.406757,0.222357,0.299067,0.29959,1.20879,1.20879,0.0178999,0.0299579,1.54766,0.545315,1.16799
123.306666667,0.865091,0.895692,0.238148,0.212324,0.269385,0.960096,1.37708,0.0692985,0.0734662,0.521971,0.492327,1.03645
123.349333333,1.05287,0.848883,0.322537,0.666033,0.150372,0.687592,1.66965,0.38751,0.752236,0.132833,0.283323,0.793001
123.392000000,1.35881,0.561089,0,1.0988,0,0.649985,1.8237,1.06396,1.1386,0.106365,0.0880083,0.122319
123.434666667,1.20397,0.599243,0,1.30938,0,0.565252,1.60614,1.11824,1.21226,0.0926971,0.143783,0.16873
123.477333333,0.867852,0.460131,0,1.33343,0.000315143,0.400058,1.83188,1.08213,1.37484,0.0423007,0.295737,0.3484
123.520000000,0.0928766,0.398164,0,1.48551,0.0296526,0.863946,1.50373,1.06385,1.49745,0.247454,0.239601,1.1938
123.562666667,0.0867461,0.304978,0.147995,1.86669,0.183304,1.26126,0.833633,0.772213,1.42385,0.197694,0.480734,1.33696
123.605333333,0.153432,0.152957,0.223536,2.10953,0.210349,1.46722,0.243844,0.532121,1.47324,0.423509,0.347813,1.37236
123.648000000,0.249044,0.14362,0.400289,1.76218,0.194315,0.872994,1.12114,0.464605,1.39981,0.36201,0.145039,0.959368
123.690666667,0.242959,0.235075,0.294532,1.55664,0.168606,0.687638,1.69753,0.623083,1.21238,0.281564,0.165835,0.632852
123.733333333,0.21462,0.394588,0.17571,1.6522,0.146999,0.645058,1.88834,0.70769,0.993718,0.220085,0.259642,0.57772
123.776000000,0.230228,0.179237,0.145155,2.00641,0.159428,0.799341,1.54668,0.665945,0.890248,0.235891,0.384359,0.903387
123.818666667,0,0.0397974,1.35391,2.02261,0.522146,0.646711,0.484243,1.21374,0.650597,0.0973513,0.231284,0.97904
123.861333333,0,0.00151724,2.63294,1.10769,0.184754,0.1502,0,0.972571,0.676259,0.000243554,0.167356,1.31371
123.904000000,0,0,2.86157,0.863883,0,0,0,1.01232,0.637011,0.00340155,0.148827,1.42232
123.946666667,0,0,2.7128,0.936116,0,0,0,0.931603,0.600506,0.00414224,0.153962,1.48581
123.989333333,0.0858278,0.159096,1.88487,1.17081,0.219588,0.190303,0.120036,1.30456,0.564258,0.311458,0.466821,1.68783
124.032000000,0.293867,0.15278,1.24668,1.22129,0.2589,0.204173,0.371556,0.880007,0.475297,0.301101,0.319711,1.47466
124.074666667,1.03919,0.231198,0.549325,0.716119,0.698388,0.903817,0.478347,0.309916,0.26678,0.459801,0.659658,1.18094
124.117333333,0.983343,0.251663,0.260277,0.338423,0.360352,1.9402,0.55385,0.0112943,0.196629,0.512425,1.0906,0.990649
124.160000000,0.904864,0.254803,0.325901,0.284726,0.13661,2.43375,0.564607,0,0.128675,0.484041,1.0827,0.863608
124.202666667,0.685789,0.218434,0.323148,0.27296,0.118296,2.77707,0.506217,0.00338183,0.116606,0.455299,0.883913,1.26179
124.245333333,0.328401,0.192648,0.333725,0.408222,0.20395,2.40379,0.313747,0.00711443,0.606792,0.723535,0.496021,1.54982
124.288000000,0,0.222785,0.484847,0.390568,1.5075,1.10515,0.615774,0.97197,0.936641,0.590024,0.356588,0.315374
124.330666667,0,1.10632,1.04156,0.485928,2.00736,0.16384,0.283246,1.26246,0.79022,0.441407,0.298584,0.351054
124.373333333,0,1.38933,1.03236,0.491032,1.50813,0.214936,0.356301,1.30836,0.630641,0.566435,0.180366,0.373575
124.416000000,0.0813291,1.59818,0.664811,0.800798,0.187576,0.226067,0.754138,1.35526,0.426472,0.606267,0.114509,0.360153
124.458666667,0.942093,1.55426,0.0556024,0.710231,0.150209,1.01847,0.960596,0.949929,0.0557957,1.08743,0.140792,0.683996
124.501333333,1.09733,1.36003,0.170907,0.621794,0.28365,1.64909,0.963962,0.407561,0.018694,1.02011,0.325874,0.1894
124.544000000,0.914474,0.98346,0.201495,0.429215,0.538528,1.1767,1.09555,0.0966157,0.221712,0.794153,0.33297,0.306139
124.586666667,0.572767,0.472332,0.214654,0.375899,0.670165,0.773057,1.52341,0,0.54242,0.547442,0.287304,0.388277
124.629333333,0.439199,0.416814,0.211801,0.3498,0.656626,0.56159,1.76491,0.0829742,0.614623,0.40481,0.224951,0.467039
124.672000000,0.228344,0.304949,0.168687,0.686878,0.664714,0.722303,1.76898,0.575089,0.60327,0.346518,0.128778,0.460767
124.714666667,0.220454,0.113964,1.13247,1.13209,0.788067,0.835092,0.977831,0.656995,0.299901,0.216547,0.157488,0.544569
124.757333333,0,0.014349,2.81486,0.781968,0.383017,0.500953,0.0109761,0,0.149692,0.479879,0,0.126892
124.800000000,0,0,3.34663,0.292235,0.004324,0.0471515,0.011983,0.227972,0.0884626,0.698651,0.0704935,0.0420805
124.842666667,0.0133982,0,3.67639,0.115,0.0351307,0.00111359,0.0638475,0.233189,0.100715,0.897087,0.0412334,0.0351815
124.885333333,0,0,3.23989,0.0395264,0.0433906,0,0.104831,0.867507,0.962107,1.39324,0.221695,0.26599
124.928000000,0.0184053,0.123755,2.403,0.527641,0.301375,0.102334,0.307845,0.991016,1.21569,1.37751,0.26923,0.436094
124.970666667,0.145993,0.292442,0.976025,0.682627,1.54424,0.0614958,0.466471,0.575669,1.47936,1.45206,0.316075,0.531437
125.013333333,0.166127,0.304209,0.215154,0.214486,1.67368,1.01371,0.579986,0.0534756,1.46094,1.4117,0.401599,0.84602
125.056000000,0.164775,0.227487,0.221836,0.19613,1.03914,1.86172,0.589374,0,1.59054,1.20172,0.332771,1.3333
125.098666667,0.145206,0.220078,0.24643,0.233319,0.824291,2.13864,0.551582,0,1.68799,0.883552,0.210595,1.90057
125.141333333,0.157107,0.239273,0.296515,0.271342,0.847679,2.00621,0.401315,0.00580495,1.73198,0.488942,0.127795,2.42292
125.184000000,0.198652,0.181233,0.283908,0.45708,1.15787,1.46927,0.250304,0.266007,1.87838,0.202094,0.098987,1.93768
125.226666667,0.0158717,0.0719225,0.662696,0.653207,1.54599,0.566204,0.38857,1.34289,1.91412,0.0179457,0.00426879,0.856383
125.269333333,0.0670203,1.31633,1.25054,0.550707,1.07364,0.0467386,0.342736,1.41938,1.11503,0.0403621,0.40832,0.28003
125.312000000,0.00506959,1.86149,0.80016,0.281162,0.435596,0.0472437,0.529223,1.59179,0.672369,0.123,0.489626,0.204629
125.354666667,0.347944,1.66622,0.0532329,0.394907,0.655682,0.0108393,0.947528,1.35323,0.470223,0.463445,0.523801,0.339101
125.397333333,0.328091,1.96399,0.182379,0.41104,0.521551,0.0606386,1.07233,1.28469,0.117,0.262571,1.22668,0.0209845
125.440000000,0.156341,2.45784,0.157382,0.413774,0.256484,0.0292224,1.6264,1.39609,0.0241085,0.360716,1.27025,0.0452932
125.482666667,0.165451,3.02873,0.158619,0.331583,0.223239,0.0153038,1.83644,1.11062,0.0198045,0.363803,1.23743,0.0832224
125.525333333,0.178175,3.31331,0.185086,0.249805,0.206731,0.0190453,1.94852,0.945648,0.00765228,0.343386,1.3418,0.109147
125.568000000,0.189052,3.45527,0.202525,0.228025,0.18858,0.0218504,2.08251,0.978097,0,0.277555,1.40545,0.13204
125.610666667,0.200624,3.51314,0.165729,0.237346,0.116442,0.0540852,2.3394,1.29446,0,0.131348,1.32698,0.155213
125.653333333,0.106867,3.293,0.236094,0.109771,0,0.299534,2.53006,1.37378,0.0284432,0.0950635,0.908797,0.151077
125.696000000,0.0285419,3.02824,0,0,0,0.0778165,2.37278,1.0522,0,0.0545437,1.05363,0
125.738666667,0.228916,2.56651,0,0,0,0.0518708,2.40559,0.948469,0,0.00900133,1.6076,0
125.781333333,0.30844,2.52102,0,0,0,0.0463209,2.3467,0.855414,0,0,1.78841,6.28252e-05
125.824000000,0.157867,2.62066,0,0.276236,0.101248,0.188904,2.06853,1.1107,0.466825,0.240497,2.02899,0.417946
125.866666667,0.103382,2.43293,0.1482,0.259577,0.193286,0.163813,2.22747,0.653142,0.495131,0.17726,1.94401,0.0438183
125.909333333,0.151798,2.09246,0.219196,0.780154,0.196408,0.187324,2.5119,0.284291,0.00766177,0.555883,1.4876,0.347525
125.952000000,0.166613,1.76296,0.300723,0.96115,0.17549,0.0427527,2.77032,0.0836199,0.00946603,0.71283,1.0661,0.768878
125.994666667,0.162567,1.61091,0.323575,0.906456,0.14325,0.0230332,2.79109,0,0.00844385,0.576871,1.08179,0.951579
126.037333333,0.199901,1.80698,0.323792,0.602588,0.114201,0.0128282,2.72211,0.0494433,0.00398668,0.340408,1.43689,0.821933
126.080000000,0.225329,2.14055,0.468202,0.311921,0.123264,0.0379418,2.49365,0.579355,0.0337804,0.297886,1.62867,0.402929
126.122666667,0.661785,2.10995,0.358131,0.237554,0,0.064649,2.33099,1.01558,0.420947,0.247853,1.43893,0.245608
126.165333333,0,2.04468,0.0628725,0.445214,0,0.0685873,1.743,1.50357,0.525772,0.609266,1.35164,0.369376
126.208000000,0,1.92232,0.366624,0.287302,0,0.18651,1.31876,1.3894,0.520274,0.601663,1.1878,0.588874
126.250666667,0,1.77569,0.550428,0.216555,0,0.226554,1.98083,1.35608,0.100564,0.5175,0.903086,0.66583
126.293333333,0.328815,0.78008,0.0657525,0.505268,0.171357,0.939387,1.92544,1.13589,0.251973,1.15408,1.01707,0.1018
126.336000000,0.610612,0.760881,0.0607068,0.622882,0.155537,1.39725,1.33926,0.347041,0.43548,1.16477,1.1499,7.5259e-05
126.378666667,0.523969,0.592174,0.349534,0.996617,0.200766,1.01817,1.28092,0.0680845,0.748746,0.906079,1.10113,0.000102927
126.421333333,0.456587,0.532551,0.31717,1.15956,0.175547,0.566724,1.7483,0.0589468,0.862161,0.685511,0.966082,0.000132332
126.464000000,0.461901,0.732987,0.308315,1.18636,0.137558,0.355576,2.08401,0.0414988,0.946748,0.542543,0.753242,0.000149471
126.506666667,0.57856,0.987287,0.230099,1.1629,0.0120486,0.717736,2.13984,0.0411694,1.08698,0.291664,0.357957,6.5643e-05
126.549333333,0.370877,0.971067,0.153292,1.26124,0.00745854,1.50113,1.20855,0.0614038,1.42157,0.128336,0.031005,0
126.592000000,0.324668,0.416643,0.245252,1.71177,0,1.42876,0.486804,0.0959121,1.88727,0.451099,0.0414642,0
126.634666667,0.383855,0.242594,0.199286,1.64106,0,0.858584,1.19895,0.19475,2.01473,0.409235,0.079202,0
126.677333333,0.763214,0.393438,0.108828,1.36291,0,0.46941,1.67846,0.150258,2.02556,0.258453,0.0797252,0
126.720000000,1.06806,0.484443,0.0413143,1.17942,0,0.248389,2.00962,0.11233,1.94399,0.142247,0.0713179,7.38613e-05
126.762666667,1.36333,0.425908,0.0283172,0.961303,0.0268884,0.59436,1.74939,0.0471154,1.78747,0.177196,0.0418434,0.000507048
126.805333333,1.47022,0.251098,0.243528,0.826017,0.0612964,1.64957,0.649396,0.305541,1.22512,0.747846,0.000792337,0.0637292
126.848000000,1.59422,0.393458,0.228636,0.841866,0.110261,1.47661,1.07615,0.178302,0.694049,0.797717,0.0029329,0.0569138
126.890666667,1.60014,0.587178,0.297163,0.80611,0.0956904,0.936357,1.62428,0.0196855,0.613762,0.760219,0.0276319,0.0405208
126.933333333,1.56436,0.525598,0.279421,0.752184,0.0822574,0.396448,2.24806,0.0192143,0.521141,0.686527,0.169296,0.0181497
126.976000000,1.53614,0.429272,0.231724,0.777757,0.0419908,0.311815,2.58462,0.0303564,0.397368,0.474268,0.286308,0.000377568
127.018666667,1.22877,0.217551,0,0.803434,0.0355494,1.07172,1.75735,0.565726,1.07943,0.244706,0.0171238,0.499316
127.061333333,0.854478,0.245201,0.00441243,1.46216,0.0138736,0.956206,0.324997,0.848826,1.5446,0.440763,0.0480251,0.683845
127.104000000,0.737187,0.3556,0,1.57974,0,0.677626,0.988078,0.605283,1.61464,0.346071,0.0794756,0.645455
127.146666667,0.642022,0.392363,0,1.52129,0,0.438685,1.67619,0.103096,2.04876,0.327662,0.016668,0.357776
127.189333333,0.699472,0.548512,0,1.56042,0,0.263255,2.1387,0.0476738,2.06239,0.180377,0,0.000191832
127.232000000,1.17503,0.269195,0.130354,1.41215,0.0187165,0.739806,1.8307,0.19405,1.95046,0.161403,0.000398992,6.11922e-05
127.274666667,1.76346,0.117126,0.2364,0.648724,0.29703,1.33035,0.70272,0.0893436,1.41145,0.301248,0.153178,7.32163e-05
127.317333333,1.94639,0.289271,0.246745,0.760502,0.207793,0.862166,1.22151,0,0.667219,0.280778,0.076739,0.000101485
127.360000000,1.85369,0.360259,0.2302,0.784671,0.131138,0.511036,1.75877,0.0187112,0.869659,0.23476,0.322246,0.000115605
127.402666667,1.79928,0.397311,0.255753,0.766262,0.0786348,0.44212,2.0055,0.0250129,1.00267,0.173499,0.511548,9.64008e-05
127.445333333,1.64517,0.231112,0.153476,0.967492,0.203044,0.672742,1.78564,0.0445349,1.11935,0.145108,0.45136,0
127.488000000,1.16598,0.225885,1.38041,1.19676,0.172526,0.663766,0.452123,0.0741699,1.89999,0.731258,0.116993,0
127.530666667,0.45108,0,2.66511,1.14127,0,0.09822,0.204449,0.0777555,2.1426,0.796644,0.228811,0
127.573333333,0.356669,0.104135,3.14719,0.818333,0,0.0100973,0.285297,0.172269,2.31107,0.744293,0.274491,0
127.616000000,0.523281,0.319661,3.34651,0.463815,0,0.00432257,0.436592,0.212698,2.31533,0.6264,0.25334,0.00516355
127.658666667,0.651117,0.222806,3.10073,0.671542,0.0182289,0.00551903,0.31609,0.168125,2.42152,0.608217,0.290262,0
127.701333333,0.710047,0.217204,1.77245,1.03787,0.0139893,0.242304,0.0237237,0.193987,2.35553,1.11799,0,0.20081
127.744000000,0.69951,0.688445,0.477395,1.31897,0.461675,1.16895,0.599916,0.516036,1.21374,0.522557,0.449153,0.154734
127.786666667,0.552076,0.667774,0.484129,0.629372,0.445765,2.15101,0.786967,0.342073,0.655515,0.323605,0.659611,0.142213
127.829333333,0.368356,0.605566,0.564884,0.40628,0.122704,2.54105,0.849717,0.233605,0.507364,0.168185,0.939895,0.180345
127.872000000,0.265305,0.188823,0.73064,0.444246,0.0602157,2.76891,0.739758,0.106059,0.515696,0.182726,1.00805,0.588892
127.914666667,0.476089,0.0473018,0.6217,0.549637,0,2.43378,0.656088,0.0777014,0.741695,0.496149,0.605229,0.758332
127.957333333,0.530386,0,0.348521,1.49682,0.579492,1.02116,0.465758,0.68694,1.46086,0.882574,0.334869,0.1582
128.000000000,0.614778,0.248958,0.539799,1.8608,0.545316,0.125736,0.175081,0.696255,1.8917,0.802542,0.426813,0.215852
128.042666667,0.529111,0.655747,0.562078,1.96375,0.0171698,0.00342794,0.339547,0.513055,2.32478,0.884714,0.379876,0.210433
128.085333333,0.649057,0.927934,0.560317,1.96517,0.00585142,0,0.443425,0.242662,2.37444,0.817451,0.335865,0.131987
128.128000000,0.956112,0.760832,0.305843,1.71996,0.0284723,0.421929,0.288037,0.199029,2.1421,0.949136,0.298153,0.0704281
128.170666667,1.0055,0.189375,0.071476,1.6896,0.191531,1.01603,0.1536,0.150763,1.77413,1.02609,0.00103477,0.0199167
128.213333333,0.461815,0.112392,0.711229,1.03558,0.673121,1.17925,0.65588,0.0153811,1.0669,1.0139,0.00125229,0.572936
128.256000000,0.219016,0.193825,0.572311,0.510178,0.735929,0.935253,0.976754,0.0100069,0.682215,1.00192,0.0454857,1.2252
128.298666667,0.197605,0.321813,0.384339,0.502824,0.793508,0.65645,1.15086,0.000934971,0.300839,0.781951,0.220082,1.45947
128.341333333,0.211478,0.49871,0.172087,0.597046,0.781993,0.562002,1.37294,0,0.167742,0.590132,0.179872,1.46111
128.384000000,0.272055,0.443399,0.162742,0.817069,1.07136,1.04457,1.21982,0,0.0250411,0.204998,0.20795,1.1925
128.426666667,0.246814,0.0617769,0.538595,0.646946,1.63918,1.32353,0.35988,0.00865373,0.235434,0.267021,0.630286,1.04751
128.469333333,0.322184,0.155417,0.772453,0.344728,1.67419,0.919976,0.538519,0.00793156,0.0521603,0.158551,0.377331,1.2899
128.512000000,0.384541,0.244027,0.622046,0.401562,1.62281,0.722718,1.19047,0.000342352,0,0.0989512,0.116744,1.2301
128.554666667,0.330311,0.24913,0.350596,0.292157,1.42971,0.657286,1.73089,0,0,0.0855226,0.203737,1.33127
128.597333333,0.19843,0.288567,0.295704,0.181595,1.29497,1.03148,1.75143,0.0135247,0,0.109119,0.0386887,1.41638
128.640000000,0.0493654,0.363255,0.0646553,0.32668,1.10966,0.773277,1.971,0.442597,0.201639,0.555185,0.0968138,1.03068
128.682666667,0.239836,0.405802,0.0229752,0.884937,0.892613,0.420424,2.10075,0.271376,0.477188,0.748123,0.00145944,1.1464
128.725333333,0.129954,0.361984,0.180274,0.858035,0.630656,0.862162,1.61625,0,0.659888,0.923987,0.00216979,1.50533
128.768000000,0.0634502,0.132725,0.0820084,0.484506,0.615014,1.40145,0.998212,0,0.745954,1.1769,0.0842967,1.78135
128.810666667,0.218098,0.143081,0.0398338,0.189574,0.434013,1.2537,0.816023,0,0.311975,1.27827,0.179653,1.62628
128.853333333,0.178056,0.566197,0,0.198447,0.40916,1.05149,1.24254,0.288126,0.119132,0.746478,0.261387,1.35558
128.896000000,0.0568186,0.604635,4.22079e-05,0.301306,0.939201,1.13617,1.24621,0.69546,0.506016,0.403603,0.513745,0.958501
128.938666667,0.101809,0.517499,0.182344,0.422179,1.15912,1.23187,1.03288,0.59203,0.723786,0.192196,0.491153,1.03724
128.981333333,0.130852,0.509999,0.157734,0.402688,1.16137,0.954309,1.08076,0.447682,0.649977,0.133253,0.285467,1.26086
129.024000000,0.220376,0.422142,0.0100088,0.339324,1.20089,0.807517,1.2869,0.395777,0.255824,0.0675186,0.0680821,1.65085
129.066666667,0.198121,0.267464,0.0972976,0.123143,1.56399,1.24554,1.17576,0.300678,0.195162,0,0.100855,1.62457
129.109333333,0.22182,0.945861,0.147035,0.721333,1.30985,1.8431,0.330261,0.143997,0.0411873,0.16399,0.0337028,0.855405
129.152000000,0.263678,1.38667,0.274587,0.691509,0.286699,1.29997,1.61882,0.044089,0.0386456,0.278481,0.044693,0.251125
129.194666667,0.338192,1.57576,0.251123,0.37541,0.0553886,0.78508,2.52159,0.0598555,0.0100371,0.207084,0.0479414,0.0116527
129.237333333,0.321481,1.60776,0.238824,0.303257,0.0192606,0.642697,2.82993,0.0595851,0.00682176,0.0824666,0.0599559,0.00535435
129.280000000,0.328297,1.24631,0.218185,0.194953,0.0555886,0.72978,2.72708,0.0667304,0.00602566,0,0.283885,0.0348975
129.322666667,0.132963,0.924706,1.05182,0.558708,0.446502,0.834752,1.69824,0.0877584,0.00209321,0.39563,0.480041,0.0604547
129.365333333,0.16674,0.63383,2.39986,0.361789,0.0252586,0.33806,1.09495,1.13512,0.0504706,0.539896,0.594716,0
129.408000000,0.25628,0.661915,3.00072,0.192326,0.0251084,0.126308,1.46376,0.973286,0.0711746,0.605121,0.406093,0
129.450666667,0.371918,0.0781549,3.21879,0.0189484,0.0427806,0.0493152,1.41902,0.739531,0.0316767,0.55259,0.432549,0.454082
129.493333333,0.392901,0.0596477,3.09418,0.0423979,0.0237715,0.0276983,1.43189,0.611245,0.349297,0.52371,0.410396,0.404828
129.536000000,0.191143,0.252496,2.58097,0.805538,0.129303,0.123761,1.50308,0.541254,0.15479,0.897476,0.444449,0.310665
129.578666667,0.690965,0.369101,1.00611,1.46389,0.686234,0.371928,1.04673,0.142227,0.123574,0.271209,0.81193,0.479857
129.621333333,0.820511,0.493822,0.334659,0.753413,0.545518,1.88745,0.846743,0.0826249,0.0939669,0.260084,0.970953,0.414554
129.664000000,1.002,0.674203,0.398706,0.166476,0.210559,2.55684,0.767908,0.0728759,0.111368,0.159356,0.97894,0.420218
129.706666667,0.931277,0.661519,0.4334,0.106621,0.225919,2.77319,0.698454,0.0738056,0.103515,0.0854882,0.874488,0.496294
129.749333333,0.72456,0.657802,0.308222,0.0764239,0.199899,2.51775,0.653927,0.0908464,0.0805576,0.209211,0.48327,0.599632
129.792000000,0.351315,0.654112,0.315514,0.00921207,0.438053,1.55947,0.594783,0.479772,0.332144,0.64385,0.411431,0.54573
129.834666667,0.120716,1.61846,0.943309,0.271336,0.655566,0.197866,1.22394,1.07162,0.246692,0.437806,0.302391,0.22507
129.877333333,0.377516,1.47272,1.31648,0.159069,0.231612,0.0272373,1.75322,0.879018,0.242357,0.247511,0.349273,0.229602
129.920000000,0.266563,1.26496,1.2759,0.0162329,0.103258,0.0798546,1.98763,0.654215,0.623652,0.148515,0.371222,0.557903
129.962666667,0.301923,1.24181,0.780618,0.0510836,0.0408847,0.363297,2.11781,0.283156,0.773065,0.0362413,0.636499,0.489421
130.005333333,0.824815,0.864219,0.298823,0.171007,0.130413,0.988664,2.02445,0.698273,0.0487122,1.30121,0.273306,0.280613
130.048000000,1.45051,0.575804,0.262149,0.658546,0.129973,1.01328,1.37769,0.278099,0.69802,1.27966,0.0158259,0.143029
130.090666667,1.73875,0.467904,0.250083,0.961763,0.13315,0.631029,1.48428,0.00218208,0.909919,1.11371,0.171178,0.0621304
130.133333333,1.72234,0.449638,0.208579,1.07724,0.09621,0.375645,1.83828,0.0237521,0.996289,0.922723,0.197896,0.000317611
130.176000000,1.70903,0.353664,0.191096,1.10935,0.036591,0.422524,2.03613,0.0343032,1.07337,0.475,0.262772,0.000171678
130.218666667,1.49934,0.290676,0.24625,1.16164,0.219602,0.686361,1.52508,0.0591411,1.17691,0.148146,0.106815,0
130.261333333,0.809553,0.173737,1.79837,1.31991,0.137289,0.602934,0.154153,0.0956116,1.91233,0.717872,0.0749345,0.0148838
130.304000000,0.223817,0.013944,2.75756,1.21308,0,0.0125696,0.0352892,0.193932,2.16314,0.875337,0.120748,0
130.346666667,0.259403,0.288472,3.29963,0.81008,0.0170981,0.00820373,0.210055,0.167623,2.07055,0.806326,0.0725576,0
130.389333333,0.390756,0.377514,3.40558,0.589479,0.0287001,0.00358807,0.331029,0.161638,2.11877,0.679534,0.0165953,0
130.432000000,0.442898,0.14498,3.00381,0.608784,0.0336897,0.0144203,0.0950659,0.0606064,2.40646,0.584489,0,9.09596e-05
130.474666667,0.0078761,0.418536,1.7763,0.74297,0.0264193,0.275977,0.2738,0.0815343,2.47328,0.43894,0.173952,0.0996507
130.517333333,0.0642042,0.355332,0.946434,1.31832,0.232536,1.35405,0.629393,0.101348,1.26847,0.630358,0.476504,0.37321
130.560000000,0.022929,0.34811,0.367126,0.569438,0.169623,2.3489,0.787649,0.1552,0.868235,0.69211,0.726618,0.785388
130.602666667,0,0.327549,0.361858,0.352271,0.127489,2.62637,0.840744,0.169946,0.604542,0.636505,0.76676,0.960646
130.645333333,0,0.208923,0.338777,0.32676,0.08081,2.77226,0.781595,0.195649,0.476395,0.55815,0.600142,1.16606
130.688000000,0.188499,0.015011,0.309149,0.87287,0.0222153,2.60746,0.59093,0.216319,1.14228,0.142681,0.20668,1.03898
130.730666667,0,0.105217,0.246749,1.8469,0.273936,0.8636,0.405022,0.841047,2.48241,0.126501,0.406324,0.747234
130.773333333,0,0.514265,0.381577,2.5784,0.0856776,0,0.225878,0.744236,2.59197,0.162357,0.262526,0.548127
130.816000000,0,1.38374,0.429009,2.51711,0.0292144,0,0.19378,0.574716,2.34745,0.13112,0.184644,0.593673
130.858666667,0,1.80031,0.173387,2.15512,0,0,0.0900517,0.345927,2.68136,0.149728,0.162289,0.776232
130.901333333,0,1.80403,0,2.23889,0.014028,0.0603207,0.204828,0.189069,2.76618,0.115271,0.184316,0.812353
130.944000000,0.43769,1.40705,0.225121,2.00382,0.127275,0.744139,0.167891,0.0971229,2.88317,0.0577595,0.169185,0.537144
130.986666667,0.858325,0.393654,0.265174,1.83145,0.131946,0.921059,0.608826,0.00415068,2.48961,0.0183217,0.334797,0.299591
131.029333333,0.765885,0.383228,0.273335,1.60931,0.122239,0.721615,1.07187,0.00662033,2.38453,0.0157001,0.328392,0.280849
131.072000000,0.723138,0.367641,0.244576,1.62871,0.0996404,0.537075,1.45547,0.0308731,2.35116,0.0373561,0.151242,0.292505
131.114666667,0.592903,0.185478,0.190253,1.90578,0.0192289,0.719071,1.43749,0.0564233,2.44084,0.0939274,0.0242953,0.380775
131.157333333,0.0854791,0.000780055,0.401136,2.19123,0.450857,0.926073,0.678762,0.0691905,2.36854,0.108948,0.0831208,0.450468
131.200000000,0,0,2.06612,1.59992,0.203996,0.322828,0.0795105,0.689795,2.45242,0.282284,0.0331903,0.633258
131.242666667,0,0,2.65662,1.33491,0,0.000535137,0.0612791,0.787691,2.25883,0.581247,0.00074427,0.682082
131.285333333,0,0.0467742,2.79328,1.25245,0.00401838,0,0.0511742,0.654954,2.30872,0.535666,0.0300924,0.739504
131.328000000,0,0.0286612,2.53853,1.47071,0,0,0.032689,0.451472,2.53269,0.551125,0.10126,0.918333
131.370666667,0.00745939,0,1.72397,2.13647,0.168223,0,0.0115578,0.0239533,2.67056,0.696472,0.0826306,1.1738
131.413333333,0.0549429,0.119623,0.415085,2.48345,0.266603,0.765723,0.256737,0.0552298,2.46587,0.331742,0,0.964716
131.456000000,0.256101,0.249679,0.477755,1.71489,0.472716,1.59936,0.67336,0.0345298,1.4261,0.275314,0.439466,0.170685
131.498666667,0.190021,0.26656,0.535785,1.20189,0.280797,2.17838,0.706998,0.0365657,1.0605,0.223162,0.630609,0.328481
131.541333333,0.0982009,0.2288,0.53881,1.29614,0.129756,2.51626,0.654423,0.0387125,0.868091,0.194806,0.808134,0.530349
131.584000000,0,0.11272,0.476622,1.25096,0.170294,2.56576,0.603776,0.0546617,0.821841,0.143243,0.762777,0.922136
131.626666667,0.451817,0.0212517,0.172511,1.40444,0.0451837,1.87163,0.569801,0.0820414,1.75252,0.496043,0.270069,0.618265
131.669333333,0.862385,0,0.177119,1.66431,0.663575,0.302158,0.424313,0.271928,2.58116,0.657054,0.033885,0.21779
131.712000000,0.961132,1.01192,0.613352,1.4299,0.633497,0.0693084,0.533865,0.189699,2.58566,0.66781,0.00222885,0.266691
131.754666667,0.944291,1.65059,0.514616,1.15902,0.0227255,0.121891,0.588465,0.29709,2.32889,0.670247,0.0109911,0.298689
131.797333333,0.988623,1.68447,0.245548,1.15892,0.0114126,0.077256,0.616599,0.269803,2.30007,0.743438,0.0291037,0.302453
131.840000000,0.94432,2.11094,0.291463,0.82263,0.00952553,0.447264,0.168287,0.336084,2.02264,0.5588,0,0.331901
131.882666667,0.228545,2.53093,0.329222,0.381853,0.0284407,0.89654,0.0643023,0.107876,1.60115,0.691903,0.281187,0.345329
131.925333333,0.123882,1.96493,0.297722,0.540709,0,0.768008,0.796266,0.00916336,1.27536,0.630485,0.313366,0.551245
131.968000000,0.113952,1.85574,0.233306,0.492601,0,0.581179,1.49441,0,1.01269,0.608694,0.192045,0.644486
132.010666667,0.144055,1.84154,0.214557,0.401644,0,0.519186,1.89797,0,0.747907,0.367868,0.140879,0.650025
132.053333333,0.170019,1.9049,0.248259,0.306465,0.0161876,0.664246,1.9554,0,0.640209,0.0723014,0.0187416,0.251014
132.096000000,0.183964,2.24945,0.709849,0.370069,0.0384897,0.792747,0.750389,0,1.43432,0.261137,0.282177,0
132.138666667,0.235766,2.81529,1.63736,0.22708,0.014988,0.733613,0.0940535,0.102548,1.46322,0.844308,0.293777,0.137517
132.181333333,0.180554,2.83971,1.66336,0.0233788,0.0564551,0.596038,0.234442,0.782399,1.29363,0.994345,0.107794,0.114635
132.224000000,0.153402,2.80629,1.80077,0.0073889,0.0600424,0.887074,0.393129,0.687794,1.35157,0.981191,0,0.0974169
132.266666667,0.226279,2.70271,1.87894,0.0316124,0.0162247,0.899592,0.399301,0.647769,1.46639,0.952529,0,0.104811
132.309333333,0.237079,2.24858,1.84126,0.357187,0.0510581,0.89462,0.615354,0.619517,1.2568,0.883427,0.247217,0.367986
132.352000000,0.180147,1.50277,0.923272,0.921425,0.0153875,0.627713,0.865687,0.403259,0.760149,1.04053,0.547699,0.439653
132.394666667,0.166948,1.28188,0.283528,0.708461,0.209061,1.66684,0.742992,0.0778088,0.283072,1.17695,0.723283,0.452547
132.437333333,0.13698,1.25028,0.288821,0.353894,0.00451402,2.34079,0.726229,0.0499229,0.0553641,1.12111,0.857582,0.554999
132.480000000,0.136367,1.26518,0.299932,0.400605,0,2.61891,0.746729,0.0953602,0.0109066,1.01219,0.780576,0.817936
132.522666667,0.178794,1.39905,0.342501,0.336307,0,2.79305,0.823023,0.195461,0.0312786,0.527697,0.617495,1.02553
132.565333333,0.258807,3.00605,0.413561,0.0511082,0.394363,2.01838,0.533837,0.280985,1.1495,0.0528455,0.211075,0.801278
132.608000000,0.280104,3.44583,0.36431,0.22875,0.634455,0.904729,0.213673,0.516637,1.82135,0.00649608,0.0658016,0.561231
132.650666667,0.15526,3.81017,0.126028,0.10245,0.382448,0.640013,0.0859888,0.753766,1.85359,0.0166305,0.169378,0.443985
132.693333333,0.201955,3.97949,0.0577919,0.0664906,0,0.594379,0.100702,1.09588,1.81756,0.0675805,0.147718,0.430184
132.736000000,0.22329,3.77055,0.209047,0.109246,0,0.809933,0.570236,0.990426,1.82826,0.0498281,0.00446135,0.428845
132.778666667,0.119501,2.96214,0.163161,0.229797,0.0859616,1.06521,0.962141,0.717734,1.66451,0.0201963,0,0.671542
132.821333333,0.0145066,2.09713,0.205088,0.408334,0.208745,0.707421,1.20203,0.849894,0.960309,0.105709,1.17601,0.691539
132.864000000,0.177485,1.77496,0.172634,0.446546,0.250788,0.579915,1.46296,0.708352,0.284498,0.061708,1.60748,0.782433
132.906666667,0.4356,1.87007,0.156161,0.332352,0.126912,0.607816,1.67583,0.596732,0.318252,0.00327818,1.58474,0.896235
132.949333333,0.295308,2.15673,0.217227,0.206373,0.153301,0.706291,1.71452,0.416413,0.255322,0.00237547,1.34327,0.895822
132.992000000,0.312822,2.65976,0.0986465,0.0469553,0.039377,0.75176,1.49513,0.91165,0.149632,0.00457953,1.18765,0.664434
133.034666667,0.43591,2.68685,0,0.00109714,0.268038,0.562691,2.08801,1.21648,0.0999396,0.147374,1.23928,0.166054
133.077333333,0.377147,2.17249,0,0.00610668,0.299882,0.38775,2.96576,0.995302,0.403509,0.19735,1.11988,0
133.120000000,0.437073,1.56931,0.00435238,0.0169621,0.364376,0.418559,3.26243,0.629784,0.587584,0.240411,0.987457,0
133.162666667,0.554014,1.17614,0.160012,0.0150908,0.437174,0.309326,3.19044,0.197639,0.519154,0.230852,0.852191,0.138133
133.205333333,0.687292,0.91233,0.122404,0.15115,0.562803,0.0274622,2.91696,0.124828,0.401834,0.259115,0.860692,0.0416629
133.248000000,0.384158,0.430716,0.155891,1.07123,0.0705778,0.0616602,2.55844,0.246702,0.0764831,0.566974,0.85425,0.44306
133.290666667,0.304345,0.482982,0.227554,1.67634,0.113901,0.0734767,1.45817,0.625452,0.0637113,0.470021,1.53269,0.736227
133.333333333,0.300463,0.676786,0.323305,1.57788,0.123328,0.0781478,1.17985,0.536309,0.0732348,0.418726,1.73461,0.788006
133.376000000,0.253603,1.14723,0.485309,1.22922,0.123206,0.169331,1.12116,0.253575,0.125513,0.380552,1.8373,0.714454
133.418666667,0.153182,1.4875,0.472174,0.129564,0.220005,0.705666,1.18973,0.121737,0.308022,0.471363,2.01295,0.678065
133.461333333,0.0885978,1.57122,0.0498656,0.0348229,0.126707,0.902118,1.39687,1.17472,0.243797,1.45232,1.41099,0.292391
133.504000000,0.0506501,2.26002,0.0248816,0.0835951,0.681578,0.124362,1.56074,1.4983,0.0757971,1.28461,0.749386,0.208495
133.546666667,0.14299,2.20081,0.0629077,0.0856681,0.854436,0.0715603,2.39713,1.05802,0.135537,0.946016,0.376228,0.241957
133.589333333,0.221232,2.13532,0.0865799,0.0540084,0.959219,0.0299135,2.71436,0.537263,0.062233,0.754727,0.43735,0.308833
133.632000000,0.270586,2.15627,0.00154758,0.0590317,1.10857,0.028324,2.91369,0.240648,0.144592,0.60191,0.688167,0.147412
133.674666667,0.345111,1.92816,0.227576,0.168616,1.13787,0.0192548,2.95019,0.457453,0.131419,0.240869,1.02077,0.0173087
133.717333333,0.330491,1.5176,0.463811,0.44863,0.380168,0.0143424,2.35092,0.358649,0.0979401,0.936312,0.682456,0.297979
133.760000000,0.892603,0.32979,0.612019,1.05427,0.203967,0.014022,1.67075,0.00889598,1.22672,0.981231,0.308689,0.391335
133.802666667,1.16584,0.375192,0.609268,1.19481,0.205898,0.00625314,0.835114,0.126559,1.78271,0.896195,0.357524,0.407337
133.845333333,1.13934,0.579187,0.704603,1.16057,0.252098,0.00336126,0.191138,0.479142,1.82777,0.846506,0.40636,0.393386
133.888000000,1.03299,0.675335,0.79878,1.29434,0.134862,0.0284727,0.10768,0.662918,2.04344,0.836631,0.241522,0.309183
133.930666667,1.14389,0.174809,0.731734,1.89875,0,0.012899,1.03944,0.117614,2.55098,0.710687,0.660776,0.0839663
133.973333333,1.34853,0.000459308,0.527042,2.41474,0,0.00601006,0.993778,0.105385,2.88707,0.357933,0.597262,0.029627
134.016000000,1.50684,0.0398792,0.318682,2.40383,0,0,0.883139,0.105792,3.02433,0.334553,0.601692,0.0171184
134.058666667,1.64116,0.0983515,0.335374,2.41249,0,0,0.826606,0.0587995,3.01296,0.180481,0.615365,0.0160214
134.101333333,1.69389,0.0583926,0.372293,2.34066,0,0,0.708717,0.0678148,3.05386,0.176562,0.555606,0.0592863
134.144000000,1.87334,0.0381709,0.36498,2.13207,0.182308,0.0296588,0.274496,0.132707,2.72912,0.229171,0.2914,0.457111
134.186666667,1.12538,0.2465,0.278518,1.16173,0.238062,0.0930125,0.565566,0.836509,1.5494,0.969756,0.56389,0.546828
134.229333333,1.09554,0.182174,0.309822,0.793343,0.182598,0.172702,0.935514,0.664459,1.42826,1.14931,0.61617,0.637887
134.272000000,1.20097,0.14688,0.423796,1.11784,0.146884,0.207641,1.03895,0.301422,1.48772,1.08732,0.542334,0.659267
134.314666667,1.31393,0.139402,0.514057,1.24384,0.108718,0.168176,1.06809,0.216494,1.62876,0.923004,0.588271,0.736532
134.357333333,1.13319,0.231323,0.515741,1.02506,0.0212322,0.0404929,1.14267,0.50133,1.79826,0.714141,0.704566,0.884185
134.400000000,1.03567,0.0757558,0.730555,1.48292,0.00802348,0,1.05275,0.561882,2.69365,0.388721,0.447509,0.537338
134.442666667,0.56701,0.101874,0.608772,1.87716,0.0648911,0.000529937,0.514066,0.262879,3.13949,0.233938,0.399284,0.289121
134.485333333,0.516859,0.137102,0.68795,2.03363,0.135487,0.000383457,0.302045,0.102329,3.17064,0.214179,0.746303,0.0848
134.528000000,0.425464,0.251832,0.649635,2.00748,0.160138,0,0.272457,0.170131,2.9875,0.0888082,0.766016,0.170162
134.570666667,0.788365,0.167826,0.404202,2.14893,0.159038,0.00470333,0.344014,0.281632,2.72384,0.128554,0.758212,0.0674939
134.613333333,1.15358,0.135168,0.121602,2.12308,0.145786,0.0178182,0.596791,0.402593,2.7106,0,0.543354,0.0844974
134.656000000,1.61847,0.614785,0.30257,1.69063,0.249376,0.150944,0.563677,0.30199,2.33973,0.00173413,0.157223,0.204556
134.698666667,1.58709,0.900771,0.626926,1.77562,0.245229,0.070298,0.395028,0.590103,2.30678,0.0194584,0.0291353,0.172007
134.741333333,1.48727,1.01414,0.751765,1.81213,0.270822,0.00417621,0.327954,0.801481,2.1644,0.0911871,9.56674e-05,0.099217
134.784000000,1.39771,1.16991,0.818775,1.82722,0.223656,0.000114058,0.285365,0.930209,2.07659,0.169946,0.0590806,0.000460087
134.826666667,1.49978,0.991787,0.8217,1.82027,0.0437905,0,0.222769,1.12949,2.28644,0.219307,0.296052,1.97755e-06
134.869333333,1.62327,0.405554,0.496511,2.03084,0.057321,0,0.392864,0.767361,2.80222,0.253285,0.573353,6.2299e-05
134.912000000,1.45074,0.0192183,0.536429,2.26094,0.0257671,0,0.838994,0.133127,3.31176,0.293458,0.506812,0.000177507
134.954666667,1.4988,0,0.519258,2.25744,0.0347575,0,0.861718,0.120884,3.34367,0.334237,0.377152,0.000200855
134.997333333,1.54757,0.138497,0.45666,2.22358,0.0371744,0,0.902995,0.131899,3.16454,0.244672,0.302812,0.000320396
135.040000000,1.44133,0.113584,0.370707,2.15028,0.026503,0.0171162,0.702949,0.127451,3.17179,0.377036,0.0344063,0.0709595
135.082666667,1.25463,0.143056,0.509531,1.33405,0.0225755,1.04791,0.429217,0.873052,2.23243,0.605156,0.255146,0.250481
135.125333333,0.609891,0.547543,0.448901,0.632842,0.177473,1.16609,0.671655,1.05138,1.46523,0.544206,0.837665,0.248251
135.168000000,0.377425,0.510062,0.531461,0.812788,0.165638,0.883516,0.854553,0.940105,1.06322,0.443955,1.06986,0.253476
135.210666667,0.271255,0.413511,0.669979,1.02167,0.138013,0.463753,0.961306,0.893529,1.09332,0.342898,1.18208,0.233797
135.253333333,0.225884,0.154463,0.843435,1.20521,0.135615,0.136438,1.0405,0.843007,1.45381,0.329792,1.11341,0.26772
135.296000000,0.354765,0.031521,0.887975,1.12016,0.0454027,0.103592,0.887555,0.416627,2.07352,0.89124,0.32352,0.50617
135.338666667,0.880588,0.00572301,0.173084,2.21096,0,0,0.464939,0.637875,2.78876,1.15007,0.044311,0.274566
135.381333333,0.840678,0,0.204908,2.51667,0,0.00148551,0.269958,0.528296,2.80752,0.99937,0.00679035,0.361763
135.424000000,0.960083,0,0.304168,2.22806,0,0.0888986,0.340681,0.272433,3.19151,0.909743,0.00166481,0.358712
135.466666667,1.20092,0.260697,0.464059,2.11381,0.016315,0.00561393,0.519249,0.256023,3.36007,0.597914,0.00266312,0.253096
135.509333333,1.42458,0.193564,0.439561,2.01128,0.0281288,0.0139022,0.624639,0.236401,3.49488,0.391945,0.00437423,0.313459
135.552000000,1.45473,0.0881269,0.194489,2.3133,0.166066,0.20642,0.314821,0.0808883,2.4771,0.648563,0,0.451019
135.594666667,0.365448,0.148144,0.139661,1.85285,0.430625,0.679507,0.259682,0.0599076,1.83347,0.975644,0.313649,1.33281
135.637333333,0.141685,0.0106564,0.319787,1.25987,0.793986,0.689159,0.362312,0.000481176,1.0486,1.08782,0.70427,1.63386
135.680000000,0.0176869,0.0379774,0.362747,1.18081,1.26195,0.640121,0.0736516,0,0.59009,1.17645,0.926411,1.66024
135.722666667,0.0191644,0,0.40875,1.178,1.5026,0.475456,0.0851751,0,0.711088,1.41687,1.04041,1.52739
135.765333333,0,0,0.481773,1.09206,1.72675,0.165136,0.117058,0.018476,1.37721,1.02859,0.70016,1.54655
135.808000000,0.0934782,0.0230824,0.961133,0.0875556,2.53455,0.0472714,0.116304,0.012678,1.55926,0.289184,0.587973,1.55649
135.850666667,0.114835,0,0.926283,0.135606,2.83851,0.0539105,0.21584,0.00984204,1.41721,0.223414,0.716216,1.70191
135.893333333,0.128707,0,0.705816,0.143622,2.62007,0.0713843,0.350392,0.00472431,1.33432,0.328059,0.899871,1.67194
135.936000000,0.124433,0,0.415752,0.113964,2.46285,0.116929,0.245687,0,1.40375,0.173111,0.943721,1.84191
135.978666667,0.016736,0,0.41709,0.21699,2.06425,0.31964,0.0747416,0.120499,1.83227,0.323728,0.729653,2.05946
136.021333333,0.138249,0,0.18836,0.666117,1.84978,0.513246,0.063477,0.432293,1.56207,0.663458,0.603252,1.12073
136.064000000,0.20397,0,0.182587,1.07296,0.946954,0.514587,0.578879,0.277542,0.869921,1.01544,0.568425,1.28111
136.106666667,0.085866,0,0.364604,0.729015,0.904343,0.552797,1.0209,0.00325681,0.795485,0.951511,0.680181,1.33071
136.149333333,0.0351416,0,0.484786,0.575717,0.994254,0.567169,1.08614,0.100369,0.851477,0.829186,0.77166,1.36502
136.192000000,0.0290199,0.00185191,0.52619,0.600464,0.869753,0.593218,1.01951,0.129249,0.905954,0.880659,0.765831,1.38549
136.234666667,0.0515214,0.13121,0.190218,0.725712,1.33198,0.519634,0.380625,0.377054,1.42401,0.344258,0.380047,1.66799
136.277333333,0.0530003,0.0894731,0.237277,0.199995,2.41924,0.287355,0.0576665,1.05631,1.702,0.135482,0.684802,1.47143
136.320000000,0.0598263,0.124134,0.233888,0.244814,2.75276,0.231674,0.04743,0.988725,1.70945,0.129539,0.661349,1.49682
136.362666667,0.0922889,0.0894312,0.278472,0.199471,2.81604,0.123656,0.0240241,0.725707,1.57799,0.063378,0.704401,1.63492
136.405333333,0.101032,0.0560815,0.289702,0.112905,2.90267,0.19898,0.0259028,0.65023,1.53587,0.03853,0.776154,1.65921
136.448000000,0.0880685,0.0759996,0.282139,0.0750892,2.94196,0.256833,0.174883,0.716904,1.70569,0,0.627652,1.58156
136.490666667,0.218605,0.782082,0.125359,0.143512,2.38614,0.558036,0.352892,1.3276,1.12243,0.124585,0.487718,1.32353
136.533333333,0.743523,1.24026,0.148952,0.188873,1.05991,0.254657,1.21856,1.00953,1.15878,0.214149,1.00999,0.280239
136.576000000,0.821358,1.43595,0.103216,0.33625,0.755748,0.274277,1.52673,0.646272,0.986687,0.10017,1.26422,0.366645
136.618666667,0.838234,1.62188,0.0382404,0.285604,0.533966,0.588153,1.60801,0.444209,0.847002,0,1.35517,0.561364
136.661333333,0.671068,1.71996,0.0540853,0.0256458,0.427588,1.12447,1.84493,0.163872,0.625146,0,1.42984,0.681043
136.704000000,0.403566,1.92877,0.041302,0,0.444566,0.62261,3.06225,0.0963364,0.665521,0.00263068,1.77185,0.286365
136.746666667,0.350066,2.14687,0.0606012,0,0.309418,0.0512818,3.85649,0.0829835,0.468693,0.0487033,1.67359,0.000861035
136.789333333,0.439106,1.97519,0.110276,0.0414541,0.384556,0.0810166,3.93762,0.087297,0.361445,0.0795652,1.54151,0
136.832000000,0.294202,2.02257,0.0450908,0.0122417,0.562787,0.150315,3.72075,0.074744,0.233347,0.151549,1.51641,0.295545
136.874666667,0.372008,2.01178,0.0277489,0.0297323,0.748323,0.0696679,3.5856,0.165332,0.287648,0.116402,1.43594,0.232092
136.917333333,0.359961,1.61467,0.149918,0.307311,0.702903,0.0539296,2.85917,0.382131,0.334542,0.05636,1.2655,0.0208072
136.960000000,0.838885,0.249229,0.435786,0.329316,0.61936,0.37935,1.4974,0.605481,0.52173,0.0574464,1.0743,0.231662
137.002666667,0.751463,0.492839,0.399075,0.309073,0.547638,0.765286,1.17966,0.415997,0.457564,0.0435976,1.0623,0.167928
137.045333333,0.635852,0.665163,0.470433,0.284642,0.348371,0.880724,1.23064,0.244133,0.367128,0.124549,0.98792,0.266181
137.088000000,0.269958,0.961893,0.578198,0.309754,0.00166651,1.47317,0.952958,0.163734,0.260708,0.285609,0.918989,0.522706
137.130666667,0.169137,1.36022,0.526726,0.353611,0.00958385,1.4601,0.795679,0.220256,0.121922,0.454279,0.805612,0.887434
137.173333333,0.000337535,1.68141,0.134911,0.338318,0.0304935,0.870988,1.49008,1.10785,0.0726109,0.730993,0.813605,0.788643
137.216000000,0.0517738,2.02187,0.12947,0.0822551,0.185439,0.237689,2.12924,1.16606,0.0860467,0.550046,0.806204,0.568359
137.258666667,0.0803136,1.95769,0.261722,0.0240912,0.355461,0.21168,2.66237,0.844437,0.128375,0.42762,0.8207,0.30554
137.301333333,0.150147,1.96054,0.209861,0.0133306,0.459334,0.0982983,2.82018,0.629298,0.210973,0.359933,1.15483,0.237469
137.344000000,0.258309,1.88974,0.0866374,0.0355703,0.608925,0.0197792,3.0813,0.416983,0.37561,0.186583,1.42657,0.189305
137.386666667,0.158963,1.83279,0.25598,0.366136,0.356395,0.0169929,2.76655,0.614117,0.386509,0.340165,1.2902,0.353456
137.429333333,0.0985418,1.17068,0.608709,1.53992,0.168621,0.0170546,1.77082,0.323374,0.732152,0.716781,0.445821,0.460495
137.472000000,0.176305,0.455463,0.826514,1.67338,0.153921,0.00757132,1.09889,0.291048,1.92618,0.713257,0.149828,0.467784
137.514666667,0.174581,0.721016,0.936743,1.59921,0.131393,0.00461497,0.433749,0.514352,2.20199,0.750637,0.196394,0.460064
137.557333333,0.364003,0.903991,0.927446,1.40324,0.117448,0,0.279875,1.05464,2.25398,0.688338,0.245297,0.395649
137.600000000,1.0347,0.683882,0.841387,1.96292,0.0720142,0,0.14053,0.985005,2.38911,0.236412,0.471263,0.0589007
137.642666667,1.31403,0.285084,0.493389,2.57709,0.00602531,0,0.546025,0.102034,3.07237,0.295145,0.505694,0.000304256
137.685333333,1.10553,0.143675,0.21796,2.61893,0.0237497,0,0.838447,0.110949,3.3203,0.292074,0.425731,0.000422145
137.728000000,1.07784,0.152723,0.252956,2.34882,0.0287179,0,0.855419,0.080472,3.32042,0.256782,0.389308,0.000478138
137.770666667,1.17838,0.120264,0.344344,2.15508,0.0138097,0,0.818449,0.0495633,3.40205,0.215408,0.361955,0.034422
137.813333333,1.43769,0.0375542,0.416308,2.0376,0.0175478,0.0434912,0.619559,0.0608466,3.45569,0.320798,0,0.129618
137.856000000,1.3414,0.151896,0.314468,1.11345,0.149221,0.588925,0.161251,0.162252,2.78524,0.597433,0.0210053,0.255206
137.898666667,1.4631,0.144759,0.335479,0.635294,0.159282,0.480573,0.604423,0.170857,1.91683,0.618994,0.728924,0.333429
137.941333333,1.52341,0.136172,0.387956,0.85242,0.131352,0.440229,0.933726,0.0240053,1.3928,0.613004,0.87863,0.298669
137.984000000,1.52606,0.062294,0.419578,0.990303,0.0905188,0.424199,1.02768,0.0218638,1.26434,0.591325,0.915242,0.309047
138.026666667,1.55264,0.13385,0.499019,1.12109,0.0162146,0.397706,1.00961,0.0257555,1.30569,0.53723,0.871832,0.33323
138.069333333,1.59037,0,0.234022,2.07892,0,0.131078,0.964582,0.13224,2.68256,0.214142,0.222607,0.446098
138.112000000,1.02122,0.0518242,0.0355092,2.71997,0,0.00409099,0.801649,0.553558,3.41562,0.185743,0.000820923,0.817139
138.154666667,0.32062,0.0865403,0.0177958,2.82529,0.000766976,0,0.305831,0.496532,3.88061,0.165143,0.0233275,1.16731
138.197333333,0.124358,0.0460088,0.0777747,2.68162,0,0,0,0.152481,4.03827,0.146278,0.00925586,1.31783
138.240000000,0.00267519,0.101213,0.0334298,2.59984,0,0,0,0.18081,3.99313,0.112123,0.00554455,1.28722
138.282666667,0,0.122079,0,2.7581,0.103831,0,0,0.346924,3.81446,0.100881,0.0105176,1.39689
138.325333333,0.35567,0.17843,0.169273,2.67006,0.251792,0.0178042,0.00867931,0.349946,3.34383,0.0766151,0.159986,1.51916
138.368000000,0.976646,0.259233,0.234302,2.82243,0.195504,0.00373421,0.0599973,0.00766827,3.03065,0.0339194,0.487022,1.48553
138.410666667,1.17019,0.270541,0.242337,2.87849,0.155355,0.00631639,0.266613,0.00619197,3.06359,0.0318857,0.420882,1.3473
138.453333333,1.15227,0.206076,0.249005,2.83822,0.126876,0.011319,0.436815,0.016172,3.19482,0.0507371,0.370871,1.26338
138.496000000,1.10021,0.0716595,0.236002,2.89922,0.0542698,0,0.499175,0.0290091,3.27765,0.0852478,0.345423,1.26866
138.538666667,0.949345,0,0.0388125,3.1726,0,0,0.445677,0.109369,3.24722,0.136563,0.321073,1.26996
138.581333333,0.577381,0,0,3.21227,0,0.00230891,0.243595,0.530302,3.43857,0.135557,0.193156,1.27697
138.624000000,0.499175,0,0,3.03478,0,0,0.0911978,0.578956,3.71318,0.157177,0.0121003,1.29681
138.666666667,0.541506,0.0110772,0.0235217,2.81896,0,0,0.0227616,0.563483,3.76059,0.119034,0,1.2658
138.709333333,0.54883,0,0.0393218,2.73151,0.0156912,0,0.00326796,0.461891,3.92199,0.0942238,0,1.2343
138.752000000,0.773342,0.00606641,0.243315,2.52393,0.202773,0,0.0417718,0.0568755,3.83417,0.0459662,0,1.38433
138.794666667,1.16954,0.115467,0.268424,2.41105,0.2222,0.111683,0.434991,0.493873,2.60817,0.0195613,0.0702682,0.938793
138.837333333,1.37031,0.22176,0.257674,2.07957,0.141844,0.162742,0.793725,0.466091,1.43454,0.0544126,0.476607,0.591586
138.880000000,1.40333,0.233106,0.249224,1.76017,0.141563,0.259557,0.953282,0.312916,1.1543,0.0934042,0.74972,0.549229
138.922666667,1.47106,0.19691,0.344998,1.68451,0.127497,0.29567,1.01521,0.14608,1.50572,0.109419,1.01766,0.436891
138.965333333,1.29573,0.0420798,0.342917,2.19445,0,0.15306,0.896744,0.0456375,2.58763,0.211941,0.873665,0.31044
139.008000000,0.842316,0,0.166034,2.32926,0,0.00269117,0.683466,0.287272,3.46087,0.377869,0.0454256,0.611727
139.050666667,0.240865,0,0.292307,2.3327,0,0.00275265,0.53526,0.503484,3.60577,0.524225,0.0398488,0.692634
139.093333333,0.546244,0.0589707,0.306618,2.18517,0,0.00107804,0.310352,0.628834,3.52277,0.519323,0.0271872,0.538532
139.136000000,1.02856,0.163157,0.365611,2.12454,0,0,0.310229,0.828886,3.28741,0.371868,0,0.450749
139.178666667,1.38207,0.139317,0.237444,2.27139,0,0,0.380863,0.742252,3.28655,0.196971,0,0.4224
139.221333333,1.21455,0.898373,0.369472,2.07335,0.0605878,0.00137708,0.0590194,0.414202,2.71233,0.105408,0,1.52861
139.264000000,0.0871594,1.60473,0.302885,0.75953,0.783261,0.754291,0.00575391,0.0535019,2.49688,0.105127,0.000305878,2.30544
139.306666667,0.091736,1.67326,0.232575,0.165255,1.06881,0.888942,0.0163181,0.0106786,2.70115,0.115563,0.00031766,2.26431
139.349333333,0.0919564,1.87568,0.191164,0.162917,1.25328,0.88847,0.0257948,0.0518593,2.6096,0.147874,9.25767e-05,2.17656
139.392000000,0.102422,2.11196,0.187065,0.176552,1.42944,0.845424,0.0281816,0.146264,2.54073,0.07406,0,2.04569
139.434666667,0.130679,2.57772,0.217768,0.19988,1.44698,0.632475,0.0318509,0.220308,2.32981,0.0184772,0,1.76243
139.477333333,0.18171,3.18919,0.305454,0.195706,0.828896,1.16098,0.0374759,0.057222,2.16954,0.0209349,0.00144327,1.70503
139.520000000,0.172651,3.72891,0.318557,0.092799,0.296372,1.76389,0.0227236,0.209277,2.15759,0.0316669,0,1.47716
139.562666667,0.0764053,3.74031,0.116452,0.0482555,0.0981038,2.0464,0.00700014,0.271968,1.91377,0,0.0150765,1.29731
139.605333333,0.033103,3.60778,0,0.0375295,0.00756347,2.13871,0.021172,0.324293,1.83537,0.078192,0.0471043,1.23974
139.648000000,0.238165,3.36861,0.133321,0.142213,0.0567104,1.8929,0.223019,0.421655,2.11314,0.0985987,0,1.28812
139.690666667,0.310974,2.74548,0.25043,0.229407,0.594118,1.51636,0.460718,0.457975,1.8042,0.148919,0.359664,1.05343
139.733333333,0.236851,1.73942,0.414414,0.13087,1.31484,0.887118,0.554233,0.468599,1.75155,0.428571,0.449946,1.27209
139.776000000,0.182798,1.47238,0.301858,0,1.30954,0.927645,0.653321,0.273679,1.49989,0.87096,0.470212,1.5017
139.818666667,0.154018,1.70867,0.172163,0,1.34267,0.92795,0.773856,0.114136,1.49092,0.923086,0.328433,1.64565
139.861333333,0.151937,1.84999,0.155948,0,1.63519,0.826188,0.905477,0.0718754,1.57402,0.555147,0.103328,1.7878
139.904000000,0.188264,2.16017,0.179416,0,1.93956,0.225375,0.800834,0.489779,1.34161,0.227326,0.0011006,1.92263
139.946666667,0.242363,2.9792,0.31655,0.175341,1.44835,0.794611,0.488013,1.32753,1.17655,0.0169681,0.00103577,1.40547
139.989333333,0.24642,3.69778,0.352882,0.210489,0.672737,1.40334,0.0868594,1.37647,1.26241,0,0.00555489,0.914431
140.032000000,0.167684,3.80443,0.079397,0.198084,0.156893,1.74539,0.248279,1.31204,1.15563,0,0.0124601,0.565562
140.074666667,0.16083,3.68164,0.00593259,0.0681291,0.041685,1.90179,0.677754,1.07361,1.2078,0.0336872,0.0123445,0.539433
140.117333333,0.211808,3.56664,0.0130827,0.125053,0.00431064,2.09763,1.09607,0.624341,1.37454,0.101289,0.00779509,0.693645
140.160000000,0.114136,3.20204,0.0699265,0.055234,0.14677,1.7346,1.37021,0.485603,1.50901,0,0.684652,0.920148
140.202666667,0.0889499,2.31223,0.121226,0.19326,0.381893,0.679912,1.38755,0.270498,0.978977,0.0673647,1.12286,0.813351
140.245333333,0.0772626,2.66706,0.177566,0.132691,0.51057,0.506991,1.69078,0.196353,0.431275,0.132591,1.40879,0.742129
140.288000000,0.0602854,2.79464,0.138454,0.0262827,0.585943,0.453262,2.09021,0.131009,0.270353,0.0371879,1.72756,0.365666
140.330666667,0.0168641,2.83214,0.181119,0,0.635794,0.326019,2.2635,0.120275,0.00512168,0.0243899,2.16961,0.0717574
140.373333333,0.00557057,2.72308,0.0333395,0.0303805,0.775859,0.00986924,2.06203,0.924949,0,0,2.04285,0.118001
140.416000000,0.180743,2.71379,0,0.0417524,0.791542,0.0761228,2.51939,0.945807,0.249391,0,1.32503,0.0475119
140.458666667,0.021604,2.85671,0,0.00436301,0.790239,0.182562,2.94935,0.92134,0.322792,0.00201387,1.11742,0.00566045
140.501333333,0.0293234,2.64743,0,0.0228269,0.728357,0.155427,3.22886,0.688397,0.237546,0.00565971,1.12915,0.0591056
140.544000000,0.0282935,2.74445,0,0,0.652197,0.0979275,3.56198,0.399651,0.21385,0,1.18515,0.0504384
140.586666667,0.461419,2.42997,0.0888944,0.0208138,0.430536,0.0128358,3.45824,0.265403,0.0763127,0,1.21323,9.36298e-05
140.629333333,0.883071,1.42265,0.26417,0.191369,0.17573,0.43808,2.73214,0.398177,0.116082,0.0246925,0.779746,0.0599194
140.672000000,0.820575,1.6583,0.232293,0.214665,0.147065,0.51296,1.91331,0.426092,0.386279,0.0461923,0.763168,0.224551
140.714666667,0.762115,1.65154,0.336127,0.226648,0.0356564,0.599091,1.80561,0.35665,0.308476,0.0396186,0.731512,0.201999
140.757333333,0.814839,1.87141,0.431887,0.112465,0.000357269,0.609654,1.70788,0.24231,0.27823,0.0168452,0.858748,0.127239
140.800000000,0.22076,2.13309,0.46154,0.0140841,0.00102053,0.772724,1.14207,0.208559,0.503791,0.0208895,0.844835,0.455913
140.842666667,0.0351675,2.18261,0.0889467,0.261317,0.204852,0.535987,1.39593,0.946713,0.171167,0.752087,0.377053,0.540713
140.885333333,0.000754025,2.58099,0.0727699,0.0291285,0.537758,0.290979,2.03947,1.18561,0.0477378,1.01924,0.311982,0.122727
140.928000000,0.00440005,2.50194,0.115566,0.00409887,0.491568,0.3174,2.73509,0.883355,0.0423151,0.972259,0.271725,0
140.970666667,0.0265254,2.51093,0.0896285,0,0.485558,0.213666,2.95213,0.872336,0.000203391,0.655426,0.27909,0.120188
141.013333333,0,2.4697,0.0123297,0,0.295129,0.113765,3.20852,0.779487,0,0.415315,0.754922,0
141.056000000,0,2.57566,0.139276,1.48582,0.0135376,0.0447062,2.50193,0.938735,0.38573,0.00869831,0.667079,0.540125
141.098666667,0.0362001,1.93227,0.169662,1.95961,0.01879,0.0465238,1.63414,0.89652,0.78822,0.187376,0.963752,0.95668
141.141333333,0.184143,0.988996,0.210128,2.36243,0.00503123,0.0249796,1.1307,0.0320341,1.94158,0.1425,0.817194,1.25637
141.184000000,0.285529,0.64275,0.178571,2.31905,0.0503012,0.00729062,0.659854,0.124864,2.48484,0.0938856,0.613221,1.48991
141.226666667,0.412062,0.381733,0.412676,2.41446,0.0580328,0,0.270228,0.292995,2.94367,0.0648133,0.331099,1.54821
141.269333333,0.593758,0.427523,0.218666,2.56458,0,0,0.1757,0.307712,3.31558,0.0888518,0.00577787,1.2548
141.312000000,0.439359,0.709538,0.268685,2.25215,0,1.26647,0.254094,0.0511467,2.15893,0.750163,0.039267,0.564102
141.354666667,0.819139,0.788898,0.238059,2.02055,0.00767168,1.03019,0.869482,0.304153,2.05922,0.684071,0.0349466,0.200786
141.397333333,0.853112,0.677295,0.142224,1.65622,0.0717022,0.629788,1.27879,0.570412,2.08408,0.456949,0.0175863,0.0132985
141.440000000,0.803958,0.646309,0.220839,1.31112,0.0891774,0.205574,1.1841,1.2401,1.68501,0.396694,0.00970947,2.17844e-05
141.482666667,0.776817,0.905208,0.119225,1.33605,0.11152,0.0916363,0.792216,1.67145,1.21792,0.393898,0.00488381,0.00045705
141.525333333,0.5118,0.988943,0.187418,1.29504,0.190622,0.0988028,0.586946,1.88118,1.50121,0.213474,0.000185193,0.262616
141.568000000,0.445252,0.578284,0.345289,1.83759,0.148229,0.112039,0.562924,0.877975,2.32892,0.308619,0,0.110616
141.610666667,0.380569,0.123134,0.250588,1.93274,0.177842,0.25535,0.655124,0.0922756,3.02617,0.195786,0,0.0830326
141.653333333,0.46099,0.092579,0.258529,2.05471,0.145409,0.191157,0.634129,0.0242194,3.23246,0.1701,0,0.0530681
141.696000000,0.662139,0.0743797,0.240341,1.95645,0.087143,0.0524922,0.607524,0.0301005,3.40003,0.185244,0,0.0217491
141.738666667,0.711718,0.0346857,0.139883,1.99114,0,0.0387559,0.547868,0.0457883,3.76067,0.171029,0.0125742,0.0366493
141.781333333,0.625261,0,0,2.24062,0,0,0.369791,0.540408,3.52029,0.141783,0.0155778,0.0542001
141.824000000,0.440672,0,0.0017833,2.64666,0,9.18574e-05,0.0448207,0.501008,3.07974,0.129115,0.0429201,0.355087
141.866666667,0.530041,0,0.154355,2.5764,0,0,0.0564817,0.159977,3.29403,0.152475,0.0228816,0.392545
141.909333333,0.772756,0,0.258655,2.32637,0,0.0665452,0.195459,0.0312787,3.6243,0.11058,0.00544415,0.306664
141.952000000,1.16536,0.080685,0.0613523,2.27092,0.0113541,0.0298463,0.342306,0.0425267,3.71015,0.124032,0,0.113748
141.994666667,1.20856,0.222361,0.104373,1.91822,0.0287121,0.0952062,1.1908,0.0748206,2.65509,0.320028,0.0302391,0.146886
142.037333333,0.208957,0.551418,0.292547,0.942107,0.185273,0.0183964,1.30617,0.447608,1.25452,0.233088,0.056732,0.000500776
142.080000000,0,0.542223,0.586785,0.825985,0.290276,0.00211968,0.99893,0.902588,1.017,0.14019,0.102626,0.0197157
142.122666667,0.288609,0.426931,0.742354,0.884603,0.292704,0.00235651,0.770248,1.10569,0.927392,0.0953841,0.116447,0.105235
142.165333333,0.468105,0.296109,0.705472,1.03239,0.262851,0.0038656,0.463671,1.29093,0.98465,0.077229,0.0857721,0.276846
142.208000000,0.618374,0.204674,0.578072,1.22909,0.0917545,0.0254855,0.0253713,0.806895,1.3788,0.122532,0.0941076,0.348245
142.250666667,0.869668,0.0918382,0.352679,1.55687,0.00651193,0.0498326,0.0144938,0.0684117,2.27972,0.175097,0.190938,0.0461544
142.293333333,1.05834,0,0.179737,2.36358,0,0.0178432,0.0121898,0.126533,3.06234,0.186346,0.153407,2.92386e-05
142.336000000,1.16014,0.0436656,0.171979,2.5281,0,0.00271365,0.0108749,0.0898713,3.82459,0.141901,0.0630659,0.00275924
142.378666667,1.12713,0.0975565,0.16602,2.50033,0,0,0.00680096,0.0683158,4.24736,0.0979782,0.00207242,0.0273407
142.421333333,0.914599,0.113797,0.18661,2.26707,0.046787,0,0.00448686,0.0968881,4.01164,0.0938616,0.000757644,0.035906
142.464000000,0.642259,0.150669,0.385315,1.45195,0.114495,0.0281894,0.50476,0.275019,3.47132,0.0649352,0,0.0400872
142.506666667,0.670403,0.570899,0.56748,0.52216,0.146202,0.06201,1.33896,0.300562,2.16796,0.0448653,0,0.144443
142.549333333,0.881483,0.587158,0.890105,0.3831,0.105078,0.0541798,1.55867,0.382836,0.612485,0.122309,0.000965978,0.193006
142.592000000,0.944017,0.492992,0.966096,0.429959,0.0815735,0.0524502,1.34099,0.973955,0.491853,0.0879918,0.00113388,0.148395
142.634666667,0.951084,0.301023,0.885053,0.455505,0.0313884,0.0388634,0.922872,1.44316,0.598584,0.127944,0.000622956,0.0448094
142.677333333,0.853176,0.146498,0.736018,0.720609,0,0,0.602578,1.7488,1.02483,0.155487,0.0318664,0.0607827
142.720000000,1.20994,0.192191,0.478268,1.82788,0,0.00104689,0.377019,1.46183,1.58421,0.143333,0.0187709,0.289199
142.762666667,1.62738,0.19168,0.286875,2.382,0.026731,0.0330199,0.0222513,0.749393,2.86535,0.144098,0.134718,0.291945
142.805333333,1.52713,0.16211,0.260631,2.26566,0.0518573,0.33045,0.0830558,0.0895306,3.7259,0.103078,0.247354,0.171573
142.848000000,1.42426,0.148364,0.307184,2.18383,0.0526032,0.24813,0.12344,0.0529679,3.89256,0.0668046,0.200718,0.0698438
142.890666667,1.29594,0.222666,0.436653,2.09499,0.13068,0.00236224,0.190142,0.176656,3.61784,0.0634202,0.0469633,0.000518076
142.933333333,0.593098,0.373149,0.375062,1.15641,0.38595,0.0433465,0.468504,2.53774,1.25195,0.138332,0.000301922,0.19686
142.976000000,0.137556,0.282301,0.418679,0.0938694,0.586008,0.0543376,0.390091,2.99872,0.734678,0.0431625,0.118314,0.845664
143.018666667,0,0.213136,0.392007,0.0640923,0.647007,0.0426968,0.266639,3.13457,0.313667,0,0.196356,1.15308
143.061333333,0,0.118106,0.499051,0.095106,0.694437,0.0325897,0.144889,3.07298,0.204881,0,0.238184,1.19892
143.104000000,0,0.0129557,0.674286,0.177837,0.716256,0.032818,0.0614004,2.76368,0.671602,0.0448091,0.20689,1.16495
143.146666667,0,0.0371467,0.832278,0.177699,0.957916,0.0398384,0.107591,2.10726,1.60705,0.0564292,0.183954,0.921562
143.189333333,0,0.002792,1.09018,0.390368,1.87915,0.227833,0.107342,0.797667,2.89749,0,0,1.04384
143.232000000,0,0.0156098,0.835761,0.594172,2.25409,0.225777,0.0997479,0.0372622,3.00854,0,0,1.22351
143.274666667,0.0225593,0,0.614796,0.474039,2.30892,0.0501205,0.0624683,0,3.10362,0,0,1.17427
143.317333333,0.153632,0,0.496828,0.36849,2.29859,0.0615071,0.0181124,0,3.1605,0.00434877,0.0433609,1.12413
143.360000000,0.145213,0.0255636,0.592011,0.278016,1.75656,0.183406,0.014863,0.296275,3.28665,0.00583493,0.0364928,0.880204
143.402666667,0.23396,0.0177421,0.677818,0.465504,1.0139,0.159465,1.03777,0.796201,3.20185,0.175816,0,0.142486
143.445333333,0.198336,0.415887,0.728282,0.285354,0.519256,0.219616,2.49747,0.622677,2.23395,0.24274,0,0.394945
143.488000000,0.0859633,0.765102,0.61061,0.113161,0.430632,0.257814,2.94678,0.251547,0.661237,0.303634,0.0754307,1.11093
143.530666667,0,0.865163,0.345822,0.0928121,0.364371,0.185064,3.17766,0.0111048,0,0.309989,0.345738,1.51586
143.573333333,0,0.84657,0.123086,0.102795,0.30225,0.051886,3.37398,0.0142744,0.00574454,0.232816,0.501369,1.37724
143.616000000,0,0.787265,0.000873844,0.0128846,0.382301,0.0324774,3.32133,0.325481,0.366612,0.101603,0.496193,1.15921
143.658666667,0,0.813022,0.0768185,0.0893253,1.1819,0.223152,3.14706,0.634921,0.568737,0.00174629,0.405237,1.00897
143.701333333,0,0.909699,0.329275,0.137748,1.64343,0.231439,2.68413,0.414127,0.741154,0,0.373165,1.29665
143.744000000,0.0143359,0.864287,0.502514,0.178647,1.61212,0.278949,2.08073,0.156146,0.673064,0,0.248167,1.65892
143.786666667,0.226196,1.06654,0.420841,0.144109,1.64547,0.546454,0.942183,0.124019,0.71013,0.0715533,0.329461,1.76253
143.829333333,0.45103,1.51564,0.371578,0.0518755,1.91349,0.828256,0.0889037,0.0698284,1.15381,0.0492818,0.35849,1.34861
143.872000000,0.579783,1.90005,0.252821,0.111937,1.97755,0.412348,0.6259,0.0341884,1.29231,0.104844,0.115386,1.13453
143.914666667,0.363017,1.8143,0.272513,0.135814,0.88784,0.305695,1.71432,0.428838,0.781391,0,0.401236,1.09696
143.957333333,0.534852,1.69671,0.211903,0.315774,0.613663,0.386874,2.09392,0.479557,0.466932,0,0.981134,0.632553
144.000000000,0.722682,1.7213,0.118884,0.290978,0.424239,0.60688,2.3955,0.405556,0.354063,0,1.17042,0.461712
144.042666667,0.714393,1.80976,0.0444993,0.132099,0.252304,0.602552,2.64889,1.01799,0.302707,0,1.06719,0.488383
144.085333333,0.336778,1.9018,0,0.00733525,0.38009,0.0557238,2.77565,1.4776,0.178729,0,0.725878,0.417059
144.128000000,0.251829,2.07002,0,0.0200713,0.203948,0.1855,3.65454,1.24402,0.0943507,0.0127365,0.634626,0.000629107
144.170666667,0.0658518,2.1198,0,0.0253598,0.0956922,0.218802,4.15975,0.683883,0.0785625,0.0420473,0.469594,0.000578906
144.213333333,0.15239,1.91955,0,0.0198145,0.076341,0.143874,4.28465,0.12048,0,0.0980731,0.581708,0.000503252
144.256000000,0.10797,1.86885,0.0024357,0.0177774,0.067757,0.0123629,4.14903,0.218521,0.00481849,0.0671499,0.661685,0.084207
144.298666667,0,1.5033,0.292823,0.0647768,0.063332,0.0137538,3.9622,0.17262,0.0712435,0.00112781,0.838259,0.000800234
144.341333333,0.00974229,0.785363,0.262384,0.271622,0.163715,0.0488046,3.68744,0.298741,0.0799631,0.00053373,0.841574,0.000747046
144.384000000,0.0453077,0.684593,0.191895,1.26202,0.3215,0.0578804,3.02923,0.195765,0.0370093,0.00974991,1.39517,0.0676242
144.426666667,0.140458,0.594956,0.257542,2.75342,0.00473844,0.0547739,1.71203,0.0815445,0.0787077,0.193689,1.36709,0.17823
144.469333333,0.0700802,0.423306,0.295383,3.19659,0.00734209,0.0379198,1.32067,0.172948,0.466084,0.290498,1.34038,0.0951717
144.512000000,0.0731175,0.810446,0.187383,2.82451,0.0183812,0.0204519,1.01474,0.6536,0.348571,0.253898,1.26306,0.0154524
144.554666667,0,2.14681,0.0968821,1.38409,0.0290348,0.149913,0.915372,2.4413,0.0707819,0.193154,0.842354,0.221956
144.597333333,0,2.61363,0.44103,0.469873,0.0260255,0.287022,1.6886,2.72343,0.0623499,0,0.406305,0.227574
144.640000000,0,3.08934,0,0.00196654,0.00424006,0.256203,2.11286,2.54487,0,0,0.290821,0.180825
144.682666667,0.0193468,3.06358,0,0,0,0.150282,2.48839,2.11427,0,0.00146172,0.356002,0.0953459
144.725333333,0.0835294,2.93927,0,0,0.0176906,0.0188494,3.053,1.54357,0,0.00168238,0.287851,0.000627722
144.768000000,0,2.46891,0.16484,0.0704386,0.180364,0.0135008,3.41264,0.519142,0.0715715,0.135507,0.237758,0.00060673
144.810666667,0.348512,1.5573,0.275578,0.297162,0.152542,0.0224988,3.17739,0.00543141,0.42277,0.0539891,0.2647,0.000596912
144.853333333,0.529154,1.27935,0.309492,0.551723,0.126966,0.00450777,3.33328,0.0298697,0.702832,0.0123111,0.390675,0.000582614
144.896000000,0.3979,1.25373,0.305043,0.61583,0.0946989,0,3.66642,0.0425199,0.756128,0.0185103,0.39764,0.000559044
144.938666667,0.286219,1.11898,0.275302,0.575242,0.0280686,0,3.70525,0.0390727,0.748476,0.0615554,0.252594,0.000323943
144.981333333,0.331516,0.933067,0.232818,0.496988,0.00297732,0,3.66405,0.0388836,0.696729,0.123815,0.153603,0
145.024000000,0.40441,0.794692,0.176654,0.864748,0.00680878,0,3.59645,0.0619194,0.954412,0.176366,0.108079,0
145.066666667,0.433184,0.89306,0.0277429,1.21468,0.00171041,0.00341045,3.38352,0.16967,1.79417,0.206546,0.112226,0
145.109333333,0.465101,0.998461,0.170747,1.25825,0.0623384,0.00325187,2.69059,0.334429,2.99714,0.18077,0.178621,0.0155946
145.152000000,0.743143,0.978338,0.27192,1.44018,0.123808,0.00192707,1.20991,0.386179,3.39239,0.0946767,0.0405087,0.0164781
145.194666667,0.238036,1.46486,0.0932373,1.35519,0.164977,0.00582669,0.28823,0.410114,3.50734,0.0178859,0.00168286,0.0212002
145.237333333,0.46486,1.173,0.127426,0.691732,0.182439,0.0587681,0.5522,0.477904,2.89033,0.310399,0.00113381,0.0805743
145.280000000,0.685345,0.937922,0.411232,0.571536,0.200821,0.213308,0.852253,0.234062,2.55787,0.150299,0.00143149,0.0898931
145.322666667,0.78708,0.815298,0.390074,0.821474,0.169546,0.383868,1.00137,0.744741,2.06961,0.178439,0.00104964,0.0810381
145.365333333,0.768136,0.878218,0.437017,1.07768,0.108286,0.452156,0.897672,1.63631,1.70614,0.383466,0.000448648,0.0481612
145.408000000,0.908514,0.75822,0.484535,1.1154,0.0113816,0.331471,0.78722,1.66436,1.7913,0.757474,0.131752,0.0421244
145.450666667,1.09742,0.513232,0.303828,1.74139,0,0.106102,0.570865,1.1546,2.13751,0.450291,0.415342,0.68884
145.493333333,0.568166,0.00174527,0.00873103,2.56911,0.0877253,0.0198541,0.693685,0.960586,2.40588,0.22334,0.335047,0.969241
145.536000000,0.359012,0,0.0609516,2.76841,0.125619,0.043633,0.488741,0.550934,2.87084,0.165753,0.321455,1.1397
145.578666667,0.144029,0.0024288,0.16555,2.64687,0.106635,0.123997,0.302625,0.0917474,3.56722,0.112192,0.35208,1.33843
145.621333333,0.271122,0.117952,0.016167,2.79361,0.0609714,0.0421314,0.374925,0.0554313,3.6326,0.213585,0.317138,1.36399
145.664000000,0.269064,0.175293,0.0110535,3.12108,0.107273,0,0.493867,0.0700683,3.24658,0.110895,0.225311,1.27356
145.706666667,0.317278,0.191197,0.164041,3.34939,0.0279088,0.013735,0.506207,0.0641904,2.88421,0.0724875,0.173383,1.28138
145.749333333,0.453164,0.202282,0.193921,3.15135,0.127849,0.000836953,0.338289,0.0550161,3.01391,0.0337042,0.249514,1.44687
145.792000000,0.307351,0.279475,0.248574,2.85775,0.135204,0,0.00590562,0.0581493,3.43397,0.0146105,0.197977,1.66904
145.834666667,0.104818,0.131791,0.289545,2.66388,0.100192,0,0.0241611,0.0696245,3.63779,0.0440501,0.133572,1.74664
145.877333333,0.22553,0.0583283,0.232962,2.49596,0.0281778,0,0.0280435,0.081004,3.87272,0.0977473,0.0737454,1.76864
145.920000000,0.612445,0.0640525,0.151612,2.10865,0,0.00326967,0.0462537,0.0628264,3.83266,0.09288,0.0679101,1.74509
145.962666667,0.826563,0.0068811,0.049114,1.87086,0.044407,0.00159111,0.0368781,0.0896579,3.85308,0.147395,0.0333507,1.60909
146.005333333,1.05138,0.00367286,0,1.62252,0.0892012,0,0.0189235,0.0666687,3.69798,0.186141,4.00578e-06,1.16106
146.048000000,1.03547,0.0140941,0,1.48122,0.0978861,0,0.295403,0.0382484,3.00233,0.198882,0.000147836,0.728407
146.090666667,1.07066,0.10411,0.0122878,1.27758,0.0849646,0.0480314,0.660269,0.0316512,2.09813,0.168931,0,0.628228
146.133333333,1.33345,0.0265978,0.267635,0.79486,0.154301,0.146074,1.07484,0.512134,1.30002,0.0883263,0.0804095,0.565813
146.176000000,1.30197,0.0996819,0.789385,0.264465,0.202619,0.247467,1.39017,0.404032,0.687158,0.0936861,0.000991178,0.208678
146.218666667,1.37426,0.115827,1.0761,0.240503,0.18875,0.100909,1.56512,0.528268,0.452976,0.030246,0.0159854,0.155458
146.261333333,1.37139,0.101012,0.98314,0.287745,0.148576,0.0569723,1.51816,1.64953,0.416226,0.0571402,0.0314522,0.0712224
146.304000000,1.23474,0.0650586,0.747627,0.349869,0.0849149,0.0288741,0.766756,2.49195,0.644734,0.0938242,0.0519003,0.00287175
146.346666667,1.0518,0.0361168,0.62877,0.511863,0,0.0139449,0.575764,2.1222,1.07331,0.129825,0.0670897,0.0154839
146.389333333,0.908223,0.0334886,0.402328,0.996407,0.00282175,0,0.510367,1.52235,1.44178,0.151205,0.0650298,0.0516786
146.432000000,0.886325,0.0324673,0.659967,1.10646,0,0.000596454,1.32792,0.800882,1.69541,0.188303,0.038146,0.0610353
146.474666667,0.818277,0.107132,0.79869,0.829376,0,0.194805,2.13086,0.48142,1.49234,0.17285,0.00301114,0.125416
146.517333333,0.648285,0.0634326,0.786853,0.4578,0,0.321347,2.28867,0.237646,1.62791,0.11428,0.0262004,0.177673
146.560000000,0.667471,0.452185,0.236046,0.273563,0,0.404915,2.17604,0.0706329,1.5812,0.182931,0.197838,0.087233
146.602666667,0.666507,1.28077,0.308637,0.192799,0.0167947,0.366131,2.33389,0.0575134,0.615496,0,0.326142,0.177879
146.645333333,0.138192,1.7602,0.335284,0.0439755,0.0841556,0,3.4522,0.0100866,0.509905,0,0.298587,0.519104
146.688000000,0.0880327,2.17441,0.240713,0,0.10071,0,3.54366,0.0264953,0.508005,0.0606586,0.294947,0.685985
146.730666667,0.0803798,2.21249,0.194061,0,0.0962749,0,3.53392,0.152157,0.498444,0.0839206,0.333622,0.515057
146.773333333,0.0849545,2.22398,0.194678,0,0.0794067,0,3.54839,0.207447,0.463453,0.0662582,0.357545,0.360609
146.816000000,0.11352,2.67739,0.257371,0,0.0551251,0.136987,3.58435,0.0645386,0.400849,0.0476507,0.288496,0.0156099
146.858666667,0.199501,3.19007,0.354815,0.245818,0.0415002,0.393409,3.0331,0,1.50704,0,0.109418,0.0427456
146.901333333,0.260165,3.15758,0.328534,0.436322,0.0404021,0.29677,2.02726,0,2.69107,0.000576897,0.00430358,0.0993388
146.944000000,0.200365,3.20596,0.0781162,0.583233,0.0172711,0.209961,0.740313,0.00173808,2.82504,0.000352305,0.00402924,0.0957687
146.986666667,0.214298,3.07125,0.0676393,0.525664,0,0.137403,0.284202,0.0244399,2.91774,0,0.00356007,0.0859465
147.029333333,0.356519,2.95496,0.244886,0.366527,0.05965,0.0107206,0.281659,0.370126,2.90555,0.000181331,0.00114302,0.0937702
147.072000000,0.260117,2.30046,0.283876,0.381423,0.0453762,0.0375618,0.654245,0.320882,2.54525,0.256662,0,0.107598
147.114666667,0.196973,1.70522,0.296625,0.469553,0.00368821,0.0674939,0.801168,0.500153,1.26175,0.440642,0.0379532,0.181675
147.157333333,0.155949,1.90301,0.21976,0.637113,0.0136061,0.0647081,0.931396,0.605105,0.449912,0.457581,0.0863986,0.20549
147.200000000,0.150773,1.96992,0.187266,0.677511,0.0258898,0.0522048,0.926571,0.666746,0.214432,0.418042,0.055676,0.265318
147.242666667,0.201552,1.62043,0.191512,0.686013,0.0231393,0.0424433,0.841869,0.707359,0.406087,0.341759,0,0.526926
147.285333333,0.498055,2.41858,0.274967,0.522659,0.0169925,0.197526,0.850751,0.31824,1.20209,0.0620389,0.194616,0.409022
147.328000000,0.452235,3.38835,0.284031,0.509398,0.0301302,0.65348,0.824362,0.299358,2.05174,0.0043702,0.105419,0.222709
147.370666667,0.521731,3.58203,0.206513,0.42311,0.0240266,1.15644,0.553786,0.423552,2.12093,0.0236592,0.101726,0.209863
147.413333333,0.382336,3.5237,0.0711607,0.399498,0.0220707,1.40693,0.860904,0.488162,2.13596,0.0184714,0.0495609,0.144179
147.456000000,0.174384,3.22477,0.0213048,0.306967,0.0335207,1.30766,1.46254,0.604302,2.11794,0.0391744,0,0.116652
147.498666667,0.219246,2.85523,0.23027,0.196371,0.189866,1.19403,1.5313,0.331208,2.13567,0.023423,0,0.188883
147.541333333,0.0822328,2.25107,0.131471,0.308369,0.0785853,0.526375,1.35099,0.219981,2.16286,0.0133716,0.615152,0.456707
147.584000000,0.0126576,1.93853,0.115873,0.447424,0.582205,0.054341,1.1762,0.532581,1.78519,0.0201228,1.24393,0.431377
147.626666667,0.314028,1.474,0.112506,0.420482,0.787498,0.0191048,1.31529,0.429434,1.74526,0.0730505,1.5966,0.460016
147.669333333,0.46975,1.4633,0.0776147,0.313853,0.755826,0.353065,1.564,0.235232,1.50604,0.0672269,1.72524,0.468976
147.712000000,0.485469,1.32587,0.0238122,0.232754,0.672652,0.615755,1.67993,0.144971,1.57323,0.0447044,1.67964,0.515355
147.754666667,0.24827,1.64869,0,0.188925,0.308299,0.429219,1.97768,0.326969,1.13439,0,1.90805,0.56548
147.797333333,0.539463,2.17924,0.0498715,0.000910004,0.385203,0.0163584,2.53575,0.446585,0.779222,0.00353412,1.91651,0.193042
147.840000000,0.541065,2.18298,0.0552497,0.000789835,0.51857,0.022809,2.92765,0.381657,0.794031,0.00454912,1.6244,0.0287489
147.882666667,0.556735,2.23657,0,0.0304555,0.540142,0.0347094,2.95843,0.272655,0.841277,0.00442432,1.44113,0.0408613
147.925333333,0.650271,2.09547,0.0194146,0.0764626,0.552099,0.0857837,2.87578,0.230785,0.927798,0.00350996,1.32801,0.0425718
147.968000000,0.183129,2.06746,0.259804,0.104832,0.744549,0.056009,2.28972,0.34631,0.830994,0.262436,1.18249,0.000551392
148.010666667,0.210491,1.15877,0.364694,0.257306,0.574896,0.297647,1.80256,0.418141,1.07103,0.262745,0.908873,0.384695
148.053333333,0.307215,1.12156,0.32268,0.186681,0.42874,0.78747,1.49131,0.400342,0.866034,0.219705,0.869046,0.578638
148.096000000,0.340641,1.43092,0.413066,0.158594,0.302362,1.07595,1.3216,0.323109,0.465576,0.162819,0.852109,0.547325
148.138666667,0.348246,1.39455,0.489284,0.0985163,0.295793,1.31077,1.07834,0.469037,0.211638,0.128611,0.666119,0.535804
148.181333333,0.619399,1.37044,0.437212,0.0205929,0.355241,1.34886,0.653983,0.636879,0.0679095,0.180073,0.506411,0.679537
148.224000000,0.46888,1.51615,0.1517,0,0.940498,0.949155,1.45485,0.721932,0.28879,0.317153,0.39903,0.469424
148.266666667,0.523605,2.11984,0.128373,0,1.15868,0.20542,1.94882,0.510551,0.367305,0.247309,0.577523,0.0764195
148.309333333,0.456163,2.18209,0.0971125,0,1.10824,0.227454,2.56429,0.370908,0.321595,0.0842004,1.19293,0.18029
148.352000000,0.50338,2.14397,0.0729572,0.00128697,1.04238,0.116265,2.81467,0.291301,0.431899,0.00104945,1.61743,0.329965
148.394666667,0.42699,2.20518,0.0378497,0.017047,0.915796,0.0537638,3.05725,0.239895,0.467801,0,1.91333,0.19548
148.437333333,0.37206,2.32339,0.160926,0.0986934,0.536242,0.0231001,2.84479,0.373886,0.11995,0.157592,2.15321,0.0280356
148.480000000,1.41563,1.15381,0.219583,0.813332,0.129175,0.0316912,1.85326,0.745639,0.368347,0.40648,1.66039,0.247039
148.522666667,1.85971,0.610847,0.813997,1.31436,0.0457896,0.0127823,1.00511,0.417263,1.2203,0.352419,1.0844,0.226545
148.565333333,1.98511,0.482245,0.96429,1.70063,0.118479,0.0199157,0.479691,0.46471,1.51948,0.24654,0.772774,0.145877
148.608000000,1.28829,0.483234,0.883704,1.99495,0.121366,0.0131946,0.277222,0.748387,1.24631,0.194231,0.856557,0.134662
148.650666667,0.714699,0.112141,0.0495242,1.81958,0.118885,0.00184066,0.433699,0.750094,1.07668,0.109329,0.470421,2.18804
148.693333333,0.256648,0.090741,0.00780731,1.75116,0.0528182,0.00369784,0.938887,0.0851345,0.858208,0.134914,0.0474315,3.00292
148.736000000,0,0,0.0179512,1.64541,0.0691854,0.00248885,0.894301,0.111141,1.14396,0.168713,0.00585967,3.17451
148.778666667,0,0.0806135,0.0263015,1.49193,0.0693371,0,0.782761,0.140689,1.14164,0.128929,0,3.23186
148.821333333,0,0.0324002,0.0722791,1.45013,0.069092,0,0.645767,0.114651,1.36994,0.0896793,0,3.27957
148.864000000,0,0.0779627,0.0380392,1.34863,0.127267,0,0.47338,0.057069,1.49831,0.109153,0,3.24048
148.906666667,0.346797,0.0475471,0.0707058,0.773938,0.208254,0.0344528,0.411926,0.217182,1.4259,0.0691314,0.000609452,3.16046
148.949333333,0.560508,0.118494,0.0266996,0.579701,0.197609,0.0930668,0.971386,0.33078,0.818008,0.0226897,0.00108362,3.33969
148.992000000,0.337331,0.150645,0,0.833664,0.226066,0.127005,1.09222,0.27713,0.479091,0.0281113,0.00122805,3.39328
149.034666667,0.202738,0.162498,0,1.01946,0.226685,0.131353,1.0535,0.141222,0.360622,0.0664912,0.00863593,3.4162
149.077333333,0.161065,0.0926044,0.00627827,1.1486,0.178877,0.167505,0.899683,0.035286,0.459612,0.141361,0.0022503,3.40711
149.120000000,0.10072,0,0.0572253,1.07092,0.00567362,0.243057,0.679326,0.131718,0.680013,0.269583,0.0222489,3.37072
149.162666667,0.199238,0,0.095965,1.1918,0,0.0833901,0.702636,0.538417,1.16883,0.20823,0.0332004,3.07758
149.205333333,0.328168,0,0.0559707,1.39448,0,0.00730249,0.571484,0.480926,1.1528,0.142707,0.00454943,2.84135
149.248000000,0.14462,0,0.0527918,1.46638,0,0,0.63624,0.245672,1.13656,0.106756,0,2.73152
149.290666667,0,0.0665615,0.053872,1.44255,0,0,0.627532,0.186378,1.40754,0.173322,0,2.53714
149.333333333,0,0.0592977,0.0516251,1.53423,0,0,0.639127,0.0702043,1.44672,0.120061,0,2.40228
149.376000000,0.144212,0.12933,0.165548,1.12543,0.0789954,0.0290885,0.415529,0.08243,1.30746,0.0919814,0.000213129,2.06509
149.418666667,0.383016,0.191197,0.187809,0.986203,0.176908,0.128492,0.318797,0.0723549,1.02362,0.0982542,0.000349952,1.9472
149.461333333,0.475587,0.199405,0.288269,1.04749,0.185018,0.365928,0.187653,0.0451905,0.912834,0,0.124402,1.80892
149.504000000,0.496146,0.218449,0.374439,1.3806,0.140862,0.616749,0.198962,0.0345835,0.808837,0.0125653,0.690538,1.36849
149.546666667,0.480633,0.201628,0.343898,1.44514,0.0174019,0.678098,0.082882,0.0400531,0.845646,0.078449,1.4755,0.690815
149.589333333,0.316701,0.122389,0.228078,1.36727,0,0.652992,0.01606,0.062394,1.40217,0.132147,2.29615,0.0880715
149.632000000,0,0.0417873,0.220794,1.69871,0,0.60363,0.0218307,0.0801167,2.17146,0.206073,2.14423,0.12393
149.674666667,0.157373,0.010853,0.136498,2.44122,0,0.393131,0.0524375,0.0968686,2.88882,0.300473,0.853087,0.20345
149.717333333,0.253232,0.0531788,0.0388522,2.71072,0.0146532,0.06395,0.115775,0.0928495,3.09316,0.253846,0,0.130962
149.760000000,0.30667,0.090799,0,2.64029,0.031101,0,0.179769,0.113267,3.40193,0.118426,0,0.0604198
149.802666667,0.253558,0.0619855,0.142369,2.29942,0.0203046,0,0.163836,0.181827,3.80773,0.0932669,0,0.01086
149.845333333,0.324894,0.0818893,0.216111,1.71081,0.086891,0.0862677,0.287755,0.190829,3.56614,0.145153,0,0.0471563
149.888000000,0.434731,0.118556,0.195548,1.71464,0.138479,0.111585,0.613501,0.080107,3.39167,0.16402,1.90889e-05,0.0705824
149.930666667,0.43505,0.129339,0.180648,1.85578,0.127832,0.0550985,0.692524,0.0167728,3.55193,0.154171,0.000830134,0.075539
149.973333333,0.271501,0.111526,0.164725,1.95911,0.0970366,0.0374912,0.661691,0.0261264,3.67708,0.137557,0.00132326,0.0389691
150.016000000,0.276956,0.103019,0.128908,2.01574,0.0176599,0.0136401,0.581321,0.0427648,3.69318,0.17795,0.0106869,0.0857443
150.058666667,0.0980036,0.0856869,0,2.11253,0,0,0.452892,0.304004,3.29154,0.148914,0.248268,0.66474
150.101333333,0.149342,0.00760301,0,2.57107,0,0.0421492,0.245872,0.48355,1.13447,0.137691,2.03435,0.469137
150.144000000,0.0393888,0.00457724,0.14269,1.92572,0,0.390515,0.424689,0.340886,0.831495,0.165825,2.49364,0.245589
150.186666667,0.0106677,0.0162814,0.149408,1.69989,0.00598242,0.348495,0.408381,0.252074,1.07633,0.109278,2.79603,0.109828
150.229333333,0.0362341,0.13792,0.0911992,1.73359,0.017496,0.298893,0.378736,0.0528896,1.29326,0.139793,2.86832,0
150.272000000,0,0.260703,0.00278185,2.01942,0.149715,0.314079,0.337299,0.0524772,1.1886,0.243328,2.65735,0.000106865
150.314666667,0.0763145,0.394977,0.0919493,2.07597,0.270897,0.551952,0.388279,0.00316514,0.886086,0.682695,1.52732,0.151872
150.357333333,0.0684773,0.536307,0.159306,1.33985,0.3729,0.441563,0.156436,0.00682414,0.728268,0.841305,0.984416,0.64276
150.400000000,0,0.365184,0.120265,0.839814,0.678236,0.345779,0.0500368,0.00674199,0.619472,0.650037,1.20252,0.788442
150.442666667,0.00802212,0.125999,0.0673928,0.714722,0.914553,0.335179,0.0769908,0.00861204,0.356577,0.455881,1.37828,0.849275
150.485333333,0.0415471,0.0119045,0,0.464035,1.04112,0.320742,0.019789,0.0107661,0.198723,0.259283,1.81144,0.862152
150.528000000,0.0200613,0.0220674,0,0.191174,1.55846,0.206855,0.371832,0.00562106,0.280633,0.163217,1.96584,1.32202
150.570666667,0,0.0232829,0.00729478,0.156236,1.98957,0.134582,0.598504,0,0.241508,0.0288481,1.18542,2.37612
150.613333333,0,0,0.0338572,0.241268,2.04666,0.105932,0.766846,0,0.0883541,0.0807561,0.153073,2.8082
150.656000000,0,0,0.0319993,0.319456,2.16405,0.042121,0.747973,0,0.0572251,0.135693,0.081657,2.93218
150.698666667,0,0,0.00197035,0.33209,2.32094,0.168879,0.70114,0,0.0281376,0.0445811,0.0563835,3.11224
150.741333333,0.0559137,0.08948,0.0789322,0.194607,2.00327,0.222323,0.536976,0.291586,0.186213,0.124893,0,2.98852
150.784000000,0.243204,0.0686054,0.0742437,0.0231529,0.94425,0.171517,0.0655416,0.577367,1.27254,0.320601,0.215661,2.35536
150.826666667,0.183324,0.0110201,0.345808,0.426009,0.814787,0.193326,0.460761,0.233829,1.39562,0.601911,0.0372305,1.08016
150.869333333,0.233458,0.0278859,0.209196,0.647444,0.907088,0.0874835,0.668531,0.100317,1.19937,0.600732,0.000856263,0.65172
150.912000000,0.207975,0.0717354,0.318237,0.772704,0.913308,0.0294369,0.695657,0.0814899,0.812365,0.72129,0.000699922,0.616647
150.954666667,0.171795,0.161556,0.00358916,0.916061,0.971624,0.0295635,0.390378,0,0.478226,1.27693,0.00030714,0.344024
150.997333333,0.130526,0,0.18733,0.210424,1.48316,0.161411,0.0730382,0.433862,0.642473,1.3358,0.50334,0.619867
151.040000000,0,0.00701713,0.154247,0.169188,1.85455,0.325133,0.0635114,0.61205,0.639603,0.786386,1.40511,0.843505
151.082666667,0,0.0122644,0.284482,0.161343,1.98896,0.595775,0.0645085,0.293215,0.517104,0.127016,2.37122,0.776579
151.125333333,0,0.00574748,0.302372,0.120484,1.94209,0.732915,0.0366978,0.0671586,0.234371,0.0742993,2.68763,0.83847
151.168000000,0,0,0.240434,0.0255514,2.05256,0.760028,0.0176875,0.0695659,0.0132958,0,3.1941,0.808717
151.210666667,0,0,0.17667,0.0541358,1.83945,0.792855,0.0506529,0.0291208,0.0357942,0,3.37848,0.513523
151.253333333,0,0.461581,0.101563,0.339471,1.15357,0.930586,0.521273,0.0416328,0.0507275,0,3.51953,0.0108984
151.296000000,0,0.720638,0.0881515,0.478369,0.381819,0.6301,0.806364,0.163818,0.184572,0.00779758,3.17542,0.284861
151.338666667,0.0189417,1.25271,0.0977384,0.425437,0.446459,0.423688,1.19687,0.194857,0.328245,0.0477019,2.79924,0.439403
151.381333333,0.029366,1.61379,0.125474,0.214333,0.652622,0.614862,1.37289,0.233564,0.0552295,0.0183707,2.91089,0.511262
151.424000000,0.0188623,1.54528,0.156787,0.088288,0.631692,0.735229,1.75319,0.15592,0.00968468,0.439324,3.09224,0.364907
151.466666667,0.183362,1.92374,0.12005,0.0065154,0.162282,0.241413,2.52159,0.181407,0.116267,1.35732,1.01056,0.109488
151.509333333,0.236332,2.18902,0.0954795,0,0.105498,0.33916,2.31224,0.182248,0.652029,1.21,0.505723,0.0604103
151.552000000,0.206331,2.06275,0.0821687,0.0091858,0.10353,0.260132,1.85788,0.13169,1.35964,0.917965,0.347213,0.0831727
151.594666667,0.113806,1.94209,0.0567072,0.0603435,0.0876484,0.192326,1.4292,0.164419,2.11189,0.567619,0.0705318,0.0808422
151.637333333,0.0662998,1.96175,0.0356249,0.112964,0.135166,0.0211833,1.13218,0.395718,2.57124,0.121203,0,0.179285
151.680000000,0.00970979,2.33115,0.0984495,0.0877464,0.06434,0.116866,1.11668,0.554136,2.34265,0.0640686,0.0931055,0.296003
151.722666667,0,1.5275,0.237555,0.261345,0.0290564,0.127781,2.02527,0.970695,1.30519,0.082079,0.164658,0.314393
151.765333333,0.0668843,1.51979,0.267484,0.207833,0.0109217,0.208808,2.18938,0.763866,0.0111488,0.0770259,0.17377,0.865296
151.808000000,0.041538,1.58588,0.247031,0.117245,0.00251463,0.339281,2.05817,0.429308,0.000854052,0.164318,0.585436,1.10728
151.850666667,0.149631,1.75706,0.211989,0.0606801,0.000484225,0.328561,1.81051,0.0721413,0,0.449492,0.885484,1.14223
151.893333333,0.0636085,1.97926,0.025707,0.0116339,0.058246,0.075458,1.57485,0.563866,0,0.604752,1.23592,0.931696
151.936000000,0.0786653,2.2366,0.0778449,0.0163644,0.357985,0.115211,2.60146,0.777069,0.000129121,0.183814,1.255,0.661135
151.978666667,0.25838,2.03926,0.124927,0.00183962,0.0939963,0.0958737,3.34626,0.167353,0.0498683,0,0.648302,0.354392
152.021333333,0.223397,1.92557,0.0765318,0.00176365,0.100718,0.0373854,3.59086,0.119674,0.0329975,0,0.525004,0.0417629
152.064000000,0.129541,2.05277,0.0521025,0,0.0839522,0.0367752,3.54873,0.100076,0.0108277,0,0.571044,0.0605498
152.106666667,0,2.18613,0.0676996,0,0.0789745,0.0209325,3.5604,0.310168,0.0133715,0,0.464083,0.000362545
152.149333333,0,2.13797,0.222137,0.0727547,0.0820421,0.009724,3.35221,0.513814,0.0821189,0.0756428,0.232069,0.0061315
152.192000000,0.0333396,1.62601,0.319291,0.649709,0.0802744,0.0181691,2.80646,0.181282,1.91189,0.102253,0,0.130796
152.234666667,0.334367,0.655766,0.374925,1.17735,0.148452,0,1.63275,0.0215745,3.23289,0.0314312,0,0.0882506
152.277333333,0.3858,0.291563,0.399858,1.67502,0.143241,0.00363067,0.297547,0.0370708,3.70418,0.032859,0.00077787,0.000254445
152.320000000,0.359954,0.182131,0.32887,1.54595,0.0308211,0.00869797,0.167458,0.058402,3.88114,0.0921112,0.00908683,0.0115418
152.362666667,0.40956,0.183618,0.299643,1.64964,0,0.00592672,1.55341,0.413499,2.9826,0.134809,0.0347092,0.0277575
152.405333333,0.487188,0.316268,0.293248,1.93057,0.0217391,0,2.45177,0.433494,1.92945,0.156392,0.0449825,0.075326
152.448000000,0.536725,0.532271,0.27705,1.55107,0.0248026,0,2.72196,0.278246,1.86442,0.176867,0.129247,0.00735313
152.490666667,0.402055,0.966729,0.150386,1.10523,0.0372789,0.0198752,2.42362,0.0898067,1.67168,0.103544,0.627139,0.000907508
152.533333333,0.256018,0.66235,0.12963,1.926,0.0570996,0.219366,1.69998,0.061313,1.73428,0.0765426,0.990204,0.000961247
152.576000000,0.00723652,0.13023,0.244118,2.57725,0.117221,0.293659,0.551603,0.229585,1.90688,0.0788516,1.02709,0.0100311
152.618666667,0.126564,0.146178,0.240697,3.21131,0.1147,0.18855,0.589072,0.0952938,1.63221,0.138863,1.32019,0.0196911
152.661333333,0.164454,0.220183,0.210033,3.05917,0.131712,0.0699716,0.831812,0.0271424,1.31242,0.112078,1.53354,0.114217
152.704000000,0.212387,0.249232,0.219899,2.61868,0.111068,0.0909493,0.95766,0.0282328,0.542519,0.0900938,1.42286,0.134287
152.746666667,0.194723,0.16409,0.182222,2.62674,0.0631815,0.0738906,0.906491,0.170464,0.610693,0.0844922,1.10066,0.164483
152.789333333,0.228417,0.10003,0.12454,2.89058,0,0.0563286,0.760057,0.344318,0.958488,0.115295,0.808106,0.0771178
152.832000000,0.137453,0.046267,0.0456312,3.0231,0,0,0.506921,0.693539,2.22506,0.135112,0.550774,0.268834
152.874666667,0.108057,0,0,2.99175,0.159878,0,0.109365,0.86465,2.88274,0.138193,0.576771,0.56619
152.917333333,0,0,0.00173004,2.54428,0.0425825,0,0.109693,0.354571,3.53823,0.181253,0.101461,1.55899
152.960000000,0,0.035001,0,2.3059,0.0864054,0.0109714,0.070095,0.101595,3.8573,0.179836,0.100387,1.71111
153.002666667,0,0.162093,0,2.43121,0.219634,0,0.112189,0.0675469,3.64162,0.201687,0.179988,1.73171
153.045333333,0.162288,0.112314,0.113474,2.53773,0.252572,0.000299648,0.0207681,0.0282761,3.58396,0.0677948,0.235226,1.70016
153.088000000,1.04647,0.13553,0.198115,2.52753,0.191371,0.0217664,0.0884192,0,3.35209,0.062487,0.307042,1.62981
153.130666667,1.34468,0.138576,0.247295,2.65948,0.16271,0.0326279,0.0803909,0,2.81781,0.0453438,0.495223,1.60579
153.173333333,1.49288,0.145994,0.243115,2.81628,0.109428,0.00440986,0.166324,0.019345,2.41023,0.0517629,0.411009,1.66787
153.216000000,1.56342,0.125018,0.219377,2.92486,0.0617431,0,0.320862,0.033527,2.42034,0.0686173,0.313064,1.70222
153.258666667,1.59206,0.103745,0.0909571,2.86102,0,0.00140476,0.284374,0.0597177,2.85088,0.109258,0.1497,1.6676
153.301333333,1.42534,0.0737281,0,2.80472,0,0,0.350506,0.0986795,3.60813,0.150188,0.127286,1.6088
153.344000000,1.07792,0,0.00954652,2.95776,0,0.000416708,0.577391,0.129205,3.53561,0.154816,0.126875,1.55209
153.386666667,0.850133,0.0630885,0.00916445,2.99874,0,0,0.534683,0.169445,3.39705,0.170683,0.0075364,1.43043
153.429333333,0.612669,0.205568,0,2.88127,0,0,0.498703,0.178716,3.14652,0.104556,0.00349962,1.33656
153.472000000,0.440949,0.00307224,0.0378546,2.79751,0.128506,0,0.301702,0.0431338,3.30091,0.105824,0.00416299,1.32149
153.514666667,0.420087,0,0.209957,2.35068,0.246256,0.00919818,0.107445,1.05906,3.14908,0.23112,0,1.00551
153.557333333,0.471914,0.108166,0.650076,1.7137,0.193463,0.0740994,0.429613,1.34766,2.09256,0.0975866,0,0.348777
153.600000000,0.438238,0.101293,0.726304,1.47929,0.154876,0.0600333,0.642537,1.35146,1.81714,0.0546837,0.000902623,0.0723456
153.642666667,0.189104,0.0543246,0.760494,1.37778,0.118347,0.050236,0.685333,1.59115,1.3444,0.0739955,0.269428,0.0582711
153.685333333,0.144962,0.0174466,0.716372,1.31925,0.0472143,0.0289806,0.638814,1.82859,0.819493,0.114291,0.355019,0.261213
153.728000000,0.246851,0.0104698,0.56295,1.32052,0,0.00343504,0.559224,1.94307,0.919332,0.142654,0.201655,0.498887
153.770666667,0.183409,0,0.376408,1.49685,0,0.00305576,0.47288,2.09303,1.60965,0.147335,0.0415059,0.493135
153.813333333,0.222957,0,0.439963,1.79125,0.0109006,0.0169238,0.79005,1.70502,1.89564,0.168272,0.260787,0.190875
153.856000000,0.117488,0.0741837,0.664717,1.72248,0.0100778,0.0154413,1.2128,1.30273,1.87578,0.116175,1.05041,0.0406511
153.898666667,0.0546234,0.127161,0.688189,1.63425,0.00710889,0,1.57654,0.868221,1.84921,0.13959,1.71254,0.00414076
153.941333333,0,0.686507,0.461461,1.57759,0.0521133,0,2.39338,0.194997,1.59681,0.145647,1.94395,0.146212
153.984000000,0.0934201,1.79274,0.31839,0.755067,0.0519727,0,3.00669,0.0478079,0.784887,0,1.3493,0.83041
154.026666667,0.111107,1.92261,0.289839,0.354499,0.174967,0,3.30656,0,0.663865,0,1.41563,0.73035
154.069333333,0.0942009,2.01344,0.20911,0.213632,0.151464,0,3.52419,0,0.660218,0.0595626,1.61425,0.578931
154.112000000,0.0946537,2.02788,0.181045,0.203538,0.037641,0,3.65552,0,0.615446,0.0710799,1.76655,0.440837
154.154666667,0.10828,2.07479,0.188313,0.217052,0,0,3.66888,0,0.545429,0.0520539,1.95928,0.278867
154.197333333,0.158946,2.50339,0.254192,0.20077,0,0.016662,3.58133,0,0.565166,0.0607199,2.15594,0.0184045
154.240000000,0.190075,2.82876,0.269826,0.159232,0,0.0347162,3.34065,0.0180471,1.07705,0.00160663,1.96883,0.131492
154.282666667,0.201886,3.25046,0.169333,0.209437,0,0.0748416,2.57985,0.115293,0.786617,0.00250323,1.01396,0.474836
154.325333333,0.140856,3.06444,0.0268229,0.387242,0,0.212763,2.04066,0.32372,1.00167,0.0316167,0.0209459,0.583567
154.368000000,0.147573,2.7261,0.0717496,0.386624,0,0.0915629,1.22015,0.511845,1.6454,0.0291766,0,1.03836
154.410666667,0.24741,2.62918,0.242977,0.541828,0.0775448,0.0524518,0.319286,0.386963,2.20727,0.00762605,0.00572112,1.59592
154.453333333,0.262818,1.6563,0.3279,0.620442,0.101729,0.0374159,0.558869,0.101239,2.56983,0.191563,0,1.87279
154.496000000,0.184323,1.34274,0.473498,0.582188,0.113261,0.0339612,0.558113,0.0350618,2.38144,0.267963,0,1.88379
154.538666667,0.134951,1.45106,0.807522,0.0353429,0.0869132,0.153827,0.672629,0.275355,1.96477,0.27316,0.0424314,1.93643
154.581333333,0.129712,1.46988,0.693468,0.0827756,0.160269,0.561755,0.66815,0.799411,1.40419,0.287859,0.0624014,1.99862
154.624000000,0.154855,1.43928,0.709711,0.121923,0.139038,0.90359,0.611926,1.24158,0.905935,0.172487,0.0594301,1.90804
154.666666667,0.220289,2.19082,0.873924,0.180537,0.255976,1.22842,0.609096,0.116111,1.07113,0.0573809,0.0842809,1.76183
154.709333333,0.225234,3.12221,0.350494,0.206539,0,1.6811,0.377244,0.413693,1.38331,0.000971919,0.490929,0.759089
154.752000000,0.149612,3.2721,0.180141,0.34035,0,2.021,0.216951,0.569242,1.67016,0,0.404156,0.32331
154.794666667,0.112192,3.18547,0.0656666,0.323901,0,2.15393,0.246987,0.584646,1.97374,0,0.0926437,0.527065
154.837333333,0.166725,2.70518,0.257623,0.233295,0,1.93677,0.655305,0.642627,1.90453,0.0134179,0.0260851,0.890207
154.880000000,0.236435,2.75213,0.456594,0.165984,0.250252,1.72546,0.616681,0.767147,1.46833,0,0.0690917,1.14985
154.922666667,0.113531,2.54319,0.098942,0.264549,0.0174263,0.724936,2.05291,0.457754,1.32963,0,0.556008,0.809194
154.965333333,0.0623655,2.33125,0.104936,0.452108,0.0329709,0.0822525,2.69511,0.0647311,0.965274,0.0117673,1.79716,0.295607
155.008000000,0.0278592,2.71955,0.153831,0.196542,0.0436818,0.0754809,2.68398,0.06052,0.677758,0,2.35342,0.000101613
155.050666667,0.000287803,2.94359,0.165071,0.109612,0.0154009,0.0764146,2.90214,0.0616371,0.489383,0,2.64356,0
155.093333333,0,3.00256,0.157508,0,0.00369861,0.0934705,3.40932,0.0728218,0.389438,0,2.62457,0.0525033
155.136000000,0,2.75127,0.0127551,0,0.0219101,0.206488,4.02107,0.110488,0.409391,0,2.45187,0.0432452
155.178666667,0,2.75968,0,0,0.0211944,0.380048,4.04796,0.106966,0.560353,0,2.30213,0
155.221333333,0,2.77739,0,0,0.210443,0.39033,3.86948,0.123088,0.407547,0,2.2015,0
155.264000000,0.0111978,2.77342,0,0,0.325599,0.233124,3.62794,0.100202,0.092277,0,2.18346,0.00168071
155.306666667,0,2.7774,0,0,0.360357,0.198842,3.52615,0.0881486,0.0357436,0,2.01153,0.059016
155.349333333,0.029608,2.5552,0.0946266,0.00732109,0.34518,0.306153,3.52439,0.089794,0.0008387,0,1.77539,0.000128481
155.392000000,0.0431265,1.95544,0.190235,0.160694,0.52626,0.558111,2.86612,0.150889,0.00491166,0,1.51904,0.330506
155.434666667,0.10324,2.38128,0.292387,0.15122,0.492314,0.562211,2.08318,0.143222,0.284902,0.00984313,1.53333,0.386966
155.477333333,0.184423,2.24336,0.344678,0.122013,0.215906,0.702206,2.26399,0.0713332,0.453485,0.0722595,1.65789,0.290007
155.520000000,0.188074,2.15722,0.331552,0.0502082,0.138066,0.586103,2.398,0.0627559,0.443121,0.0957026,1.61394,0.191009
155.562666667,0.156588,2.07721,0.197825,0,0.0255885,0.268643,2.44427,0.208506,0.246758,0.031967,1.74458,0.300389
155.605333333,0.135078,2.04261,0.0110164,0.0277398,0.0299712,0.191528,3.1569,0.57966,0.143625,0.0103529,1.64938,0.244715
155.648000000,0.0524854,2.4063,0,0.000438949,0.327871,0.330797,3.53252,0.368535,0.114449,0,1.78888,0.0736867
155.690666667,0.11744,2.2654,0.0287833,0.00368749,0.530362,0.310147,3.82858,0.0848341,0.128473,0,1.8219,3.87427e-05
155.733333333,0.305894,1.91943,0.044401,0.00407379,0.469932,0.171636,3.83233,0.0783421,0.0618593,0.0687948,1.99289,0.14077
155.776000000,0.255736,1.72525,0.00126188,0.00920604,0.411366,0.0585627,3.88807,0.196769,0.185692,0.0652552,2.19936,0.073551
155.818666667,0.146948,1.57645,0.195753,0.417867,0.253542,0,3.66168,0.509053,0.122775,0.017286,2.11534,0.000602907
155.861333333,1.52555,0.731936,0.32666,1.88943,0.0257938,0,2.70758,0.394533,0.717865,0.243279,1.30846,0.0531725
155.904000000,1.91013,0.284196,0.425732,1.8376,0.115479,0,1.80837,0.224088,1.54221,0.306198,1.09227,0.0465344
155.946666667,1.89143,0.524154,0.449662,1.78173,0.136041,0,1.45191,0.258373,1.70548,0.281033,1.21367,0.0200766
155.989333333,1.78552,1.05591,0.378524,1.70114,0.108977,0.0315394,1.26492,0.251051,1.77767,0.214045,1.38863,0.00098405
156.032000000,1.81744,1.00582,0.128167,0.97185,0.718394,0.836856,0.249717,0.0708575,2.17562,0.111939,1.24706,0
156.074666667,1.76547,0.214675,0.179271,0.480222,1.01057,1.12822,0.318907,0.481965,2.18725,0.137067,0.569751,0.0102338
156.117333333,1.44993,0.114924,0.325572,0.498637,0.853502,0.973752,0.573028,1.25831,2.14122,0.101464,0.208746,0.0056429
156.160000000,1.19285,0.138675,0.292408,0.495269,0.480761,0.492512,0.741988,1.6162,1.9681,0.132976,0.138414,0.0198802
156.202666667,1.09892,0.205891,0.332481,0.842159,0.0770854,0.095092,0.903798,1.64181,1.76888,0.0726008,0.00964009,0.0472121
156.245333333,0.808179,0.243374,0.195704,1.06753,0.0099363,0.0174903,0.611726,1.09789,2.43541,0.0796832,0,0.0822451
156.288000000,0.743579,0.168158,0.265622,1.02339,0.0178112,0.0236218,0.452722,0.0965227,3.37491,0.0541321,0,0.0673255
156.330666667,0.436032,0.0895603,0.337361,1.27294,0.206492,0.0744946,0.697202,0.0885027,3.73895,0.052646,0,0.0452422
156.373333333,0.239443,0.109425,0.350508,1.71999,0.195387,0.0845174,0.74755,0.0611284,3.76906,0.0485927,0.000243648,0.0524048
156.416000000,0.271594,0.0962595,0.3349,2.01632,0.138112,0.00570926,0.701739,0.0373195,3.79849,0.0619798,0.00057945,0.0355339
156.458666667,0.292354,0.157973,0.310304,2.02107,0.0633328,0.0046789,0.64752,0.034219,3.88975,0.0885782,0.00071502,0.0166338
156.501333333,0.346707,0.10471,0.198675,1.71844,0,0.00648568,0.525688,0.207793,4.03933,0.130634,0.0087166,0.00786528
156.544000000,0.583395,0.0364507,0.0174717,2.31427,0,0.00552793,0.214923,0.691613,4.04758,0.143406,0.0161513,0.0206914
156.586666667,0.904963,0,0.0174297,2.72256,0.0184313,0.000617591,0.160227,0.517091,3.84103,0.142424,0.0298196,0.0753772
156.629333333,1.01848,0.0102234,0.0765992,2.53239,0.0415584,0.0139661,0.240729,0.22233,3.96109,0.154259,0.0097076,0.00364336
156.672000000,1.08501,0.06445,0.144668,2.30795,0.0388501,0,0.390737,0.0474074,4.03193,0.116516,0.00245832,2.38182e-07
156.714666667,1.26929,0.159929,0.346865,1.97299,0.0835729,0.0110361,0.846491,0.19603,3.78699,0.090984,0.00535326,8.59539e-05
156.757333333,1.80954,0.440256,0.531805,0.983953,0.32798,0.346496,1.34577,0.513043,1.26059,0.0985089,0.0243209,0.0281207
156.800000000,1.90066,0.435372,0.666014,0.605891,0.372534,0.118449,1.0537,1.01936,0.55666,0.129253,0.055926,2.08645e-05
156.842666667,1.83923,0.297123,1.10021,0.539573,0.211987,0.00375263,0.962374,1.29229,0.760002,0.0369757,0.0187002,0.123703
156.885333333,1.79016,0.138682,1.15079,0.515136,0.138686,0.00188712,0.717808,1.63987,0.9056,0.0673663,0.00608092,0.211528
156.928000000,1.70051,0.144521,0.83965,0.494452,0.0377326,0.000180355,0.00597183,2.32528,1.4639,0.0981745,0.00676641,0.293875
156.970666667,1.61046,0.157216,0.766785,0.969223,0.00236149,0.00334758,0,1.77768,1.97828,0.156906,0.0105531,0.315064
157.013333333,1.22275,0.0478678,0.637254,1.75062,0,0.0061389,0.0138464,0.810864,3.26678,0.205715,0.00929117,0.21297
157.056000000,0.776007,0,0.624131,2.32119,0,0.0110633,0.0509026,0.084895,3.8506,0.147743,0.0498126,0.00192791
157.098666667,0.781877,0,0.42153,2.36715,0,0.00148182,0.0517849,0.05713,3.95074,0.0910413,0.0822605,0.067917
157.141333333,0.784164,0.0752045,0.368999,2.14356,0,0.0036781,0.0437561,0.0636774,4.14003,0.0751747,0.0669719,0.0598117
157.184000000,0.724232,0.287336,0.0902799,2.02131,0.0557517,0.0257366,0.00634015,0.140311,4.17366,0.13751,0.0646601,0.00356392
157.226666667,0.569322,0.18794,0.117552,1.39275,0.111963,0.0927871,0.402233,0.231274,3.84238,0.052656,0,0.163459
157.269333333,0.252331,0.142177,0.16493,1.64548,0.12819,0.110316,0.685982,1.13294,2.56776,0.103664,0,0.292366
157.312000000,0.340697,0.10495,0.211053,1.9914,0.102778,0.20132,0.742812,1.75002,1.33219,0.130444,0.000745718,0.258169
157.354666667,0.625982,0.192783,0.286921,1.97498,0.0788802,0.365744,0.678469,2.00294,0.875778,0.134487,0.00196122,0.22536
157.397333333,0.882909,0.0313052,0.175088,2.14748,0.0141071,0.354579,0.590631,2.1072,0.913183,0.296529,0.0353952,0.255678
157.440000000,1.0397,0,0.154281,2.0653,0,0.00101803,0.430117,1.10886,2.43527,0.33519,0.0447225,0.0613105
157.482666667,1.19124,0,0.233742,2.22399,0.00390586,0.00331063,0.176385,0.279848,2.77951,0.206688,0.0190696,0.0921956
157.525333333,1.06506,0.0155309,0.209128,2.17825,0,0.161641,0.0779226,0.111105,2.97296,0.154679,0.0110115,0.0573828
157.568000000,0.874856,0.0427837,0.244361,2.01485,0,0.195164,0.0434892,0.0389411,3.12333,0.105238,0.00421523,0.0730067
157.610666667,0.876361,0.152672,0.209937,1.95025,0.0108195,0.124128,0.011733,0.0809307,3.04506,0.116324,0.00147803,0.0390154
157.653333333,0.712319,0.0493677,0.316458,1.96202,0.362029,0.127323,0.0172895,0.351478,2.96327,0.0568129,0.000186321,0.0292194
157.696000000,0.196143,0.160619,0.680134,1.49654,0.794103,0.0945429,0.229695,1.27025,1.72169,0.0845702,0.215332,0.533859
157.738666667,0,0.205673,0.695783,0.481578,0.921489,0.0330151,0.101723,2.50779,0.646144,0.0732072,0.199488,1.44449
157.781333333,0.048828,0.147265,0.911743,0.407608,0.887511,0.0254954,0.0703202,2.67554,0.402628,0.0817068,0.12604,1.59911
157.824000000,0.0775408,0.0721007,0.977853,0.323645,0.845843,0.0225207,0.0466425,2.63655,0.540688,0.0535843,0.0602865,1.55435
157.866666667,0.0924646,0.0119104,0.843508,0.274729,0.79924,0.0264889,0.0160808,2.16286,0.92686,0.0254393,0.0145993,1.29552
157.909333333,0,0,0.824483,0.154387,1.19521,0.0509986,0.0731576,1.15413,1.95635,0.0218096,0.0077142,0.972764
157.952000000,0.0621001,0,0.917671,0.13539,1.88438,0.0269432,0.0761045,0.157261,2.72276,0.171936,0.1479,0.983544
157.994666667,0.151866,0,0.687882,0.199629,2.16319,0.0240832,0.0896286,0.00542504,2.95963,0.294086,0.128067,0.828014
158.037333333,0.230794,0,0.584588,0.22043,2.3508,0.0357512,0.0707148,0,3.05527,0.108035,0.192476,1.03433
158.080000000,0.224493,0,0.737933,0.240881,2.51477,0.0824461,0.0434049,0.165368,2.89611,0.00419891,0.122422,1.45978
158.122666667,0,0.298121,0.572234,0.250888,2.06012,0.345672,0.182554,0.44933,1.80767,0.0767386,0.0424939,1.32629
158.165333333,0.322056,0.495327,0.0451024,0.156325,1.11646,0.235887,1.24862,0.429092,0.0462339,0.310773,0.141907,0.769661
158.208000000,0.245717,0.427533,0.232788,0.301445,0.589376,0.193371,1.15127,0.254784,0.0487639,0.22031,0.140534,1.04581
158.250666667,0.187606,0.3358,0.410965,0.305661,0.54063,0.0801989,1.24367,0.39391,0.0128347,0.104282,0.126975,1.11397
158.293333333,0.137744,0.208118,0.482993,0.242403,0.353507,0.0690636,1.22383,0.577717,0.0110653,0.155702,0.129273,1.16505
158.336000000,0.0466749,0.1465,0.428198,0.282217,0.17864,0.0496618,0.927314,1.12933,0.00821656,0.126853,0.0865991,1.04746
158.378666667,0.0113353,0.0282817,0.521675,0.0240611,0.447716,0.0181606,0.512564,1.94071,0.712223,0.0697273,0.133063,0.897915
158.421333333,0,0.101079,0.315072,0.276155,1.42953,0.0119017,0.126965,1.73682,1.48023,0.0264771,0.221613,0.86575
158.464000000,0,0.13998,0.306302,0.347701,1.61488,0.027839,0.0431057,1.03485,1.88349,0.246796,0.265931,0.842867
158.506666667,0,0.108008,0.516709,0.214528,1.89726,0.0353797,0.00603915,0.351366,1.95915,0.123811,0.296175,1.00824
158.549333333,0,0.0258503,0.521788,0.166543,1.78183,0.272839,0.0524681,0.397397,1.61957,0.03428,0.273093,1.32293
158.592000000,0.0118574,0.991705,0.116301,0.472463,1.2814,0.427853,0.106571,0.596577,0.852513,0.0457157,0.0452604,1.30286
158.634666667,0.0238484,1.4994,0.187331,0.469272,0.799568,0.262292,0.830383,1.01091,0.411152,0.119132,0,1.01912
158.677333333,0.037971,1.52129,0.511389,0.423691,0.114223,0.0446071,2.90961,0.90898,0.273006,0.02718,0.028885,0.901978
158.720000000,0.0500542,1.67802,0.556157,0.338013,0.00226578,0.0453605,4.11856,0.369062,0.0176261,0,0,0.584792
158.762666667,0.169983,1.72677,0.367176,0.158321,0.013745,0.0293904,4.39467,0.0715264,0.0222498,0,0.237674,0.318214
158.805333333,0.267762,1.66781,0.0713631,0.0993775,0.0270245,0.0280981,4.26038,0.0875035,0.0198793,8.34843e-05,0.461608,0.155404
158.848000000,0.188906,1.90056,0.0650809,0.161466,0.115003,0.218855,4.16341,0.117282,0.0347673,0.00168877,0.542722,0.0442965
158.890666667,0.151039,2.06542,0.0501123,0,0.236762,0.289349,3.52707,0.14896,0.0611066,0.00238542,0.640232,5.88639e-06
158.933333333,0.205305,2.1591,0.0320068,0,0.230423,0.275684,2.91419,0.289342,0.0207715,0.00190059,0.808875,0
158.976000000,0.129571,2.18351,0.0282913,0,0.174338,0.15369,3.10564,0.148356,0.00695498,0,0.798099,0.00362688
159.018666667,0.0507669,2.30243,0.106808,0.000136597,0.409057,0.0082412,3.51033,0.18096,0.0113373,7.49556e-05,0.431722,0.000541548
159.061333333,0.33429,1.36749,0.160606,0.206847,0.904243,0.0571569,2.75083,0.124621,0.0407031,0.23361,0.164863,0.20565
159.104000000,0.0805849,0.757323,0.218921,0.41147,1.00314,0.145986,1.85107,0.459218,0.0204176,0.332836,0.528365,0.203015
159.146666667,0.109016,0.69904,0.262682,0.521673,0.994515,0.320378,1.21868,0.216269,0.113999,0.348693,1.12134,0.193381
159.189333333,0.0940689,0.636069,0.306884,0.899904,0.735093,0.47022,0.885252,0.0703706,0.37433,0.32026,1.20391,0.35134
159.232000000,0.141899,0.543499,0.264294,1.41721,0.514273,0.530823,0.806064,0.0810037,0.522215,0.258572,0.875516,0.490645
159.274666667,0.119774,0.602269,0.139501,1.49742,0.0195439,0.178396,1.88266,1.2984,0.359432,0.00598727,0.613724,0.401511
159.317333333,0.082069,0.480425,0.00270783,0.226157,0.0285995,0.00193926,2.82731,1.65507,0.227508,0.00232687,0.903233,0.0778955
159.360000000,0.0897112,0.841145,0,0,0.022122,0.00159989,2.88617,1.47349,0.0644972,0.0476085,0.94844,0.00731826
159.402666667,0.0333641,1.10937,0,0,0.00328766,0.00598308,3.14886,1.28685,0.011353,0.0289279,0.820405,1.95405e-05
159.445333333,0.0252573,1.38479,0,0,0,0.0717281,3.638,0.759305,0.00535108,0.00178078,0.729433,0.00012987
159.488000000,0.000894233,1.54933,0.252062,0.122392,0,0.0217748,3.82871,0.451145,0.0441688,0.0476288,0.544672,0.000714731
159.530666667,0.6312,1.3029,0.22043,0.298349,0,0.01895,3.84581,0.0712633,0.231641,0.253825,0.359296,0.000721555
159.573333333,0.65811,1.03648,0.20914,0.626895,0.019576,0.0115561,3.34667,0.0198033,0.728845,0.162788,0.318082,0.000709822
159.616000000,0.53274,1.06753,0.236058,0.747106,0.0769553,0.00671279,3.37586,0.0461333,0.793759,0.00847721,0.325247,0.000697966
159.658666667,0.367343,1.04389,0.306768,0.625308,0.0842567,0.000330078,3.546,0.0452734,0.858342,0.0123062,0.325373,0.000537342
159.701333333,0.313349,0.989497,0.26707,0.529314,0.00468592,0,3.72356,0.0569179,0.915665,0.0947422,0.430295,0
159.744000000,0.226992,0.897803,0.0999755,0.91695,0.0380093,0.00197981,3.71979,0.0758986,1.01495,0.139939,0.421689,2.66713e-05
159.786666667,0.111123,0.692985,0.148975,1.45668,0.0270036,0.00140358,3.28148,0.172521,1.28064,0.153728,0.403023,6.20872e-05
159.829333333,0.44524,0.140209,0.136693,1.85244,0,0.000998194,2.50958,0.526698,1.76106,0.175912,0.341972,5.03364e-05
159.872000000,0.543051,0,0.0355295,2.04474,0,0,1.21883,0.598205,2.64541,0.120294,0.236055,0.00977586
159.914666667,0.474355,0.00349877,0.00458181,2.10057,0,0,0.170079,0.0407816,2.99662,0.175605,0.0146861,0.0614635
159.957333333,0.394057,0.0148218,0.229721,1.59324,0.187696,0.0164128,0.0611799,0.0584807,2.72258,0.1158,0.0148417,0.133694
160.000000000,0.713006,0.0991032,0.436876,1.07008,0.200384,0.0876108,0.508617,0.0474002,1.94399,0.0791382,0.000238857,0.231859
160.042666667,0.722878,0.119626,0.474144,1.25803,0.193277,0.0882042,0.684681,0.0424417,1.35342,0.0534077,0.000883636,0.331974
160.085333333,0.671899,0.141678,0.468221,1.50828,0.156749,0.0783312,0.672105,0.0478541,1.18843,0.0610365,0.00150507,0.702398
160.128000000,0.564351,0.15163,0.367881,1.66606,0.0934042,0.293431,0.628749,0.429624,0.93346,0.0958897,0.102954,0.900371
160.170666667,0.664147,0.333829,0.287824,1.45858,0,0.588665,0.608652,0.960084,0.82421,0.191517,0.249324,1.25519
160.213333333,0.667365,0.809685,0.328784,1.37656,0.0130698,0.0148363,0.591373,0.989966,2.15969,0.130247,0.0597761,0.692831
160.256000000,0.268164,0.78955,0.449179,1.95881,0.0584012,0,0.33258,0.803772,2.76128,0.142077,0.118142,0.688665
160.298666667,0.153579,0.491974,0.6686,1.94636,0.0316511,0.102588,0.0802631,0.422936,3.05291,0.144977,0.209843,1.06218
160.341333333,0.190853,0.402094,0.584577,1.62497,0.0491863,0.0888048,0.17606,0.198438,3.39264,0.113464,0.286405,1.16808
160.384000000,0.473982,0.727327,0.20983,1.71005,0.123044,0,0.376998,0.319741,3.12141,0.167141,0.275988,1.11654
160.426666667,0.790578,0.526737,0.311933,2.23297,0.263145,0.0146971,0.5281,0.384659,3.16465,0.0296255,0.162788,0.889748
160.469333333,1.08492,0.13386,0.225968,2.66288,0.361206,0.00779572,0.732486,0.112963,3.2867,0.0165468,0.127196,0.769685
160.512000000,1.237,0.0886895,0.219649,2.83561,0.247844,0.0134097,0.571735,0.0175646,3.22457,0.0234026,0.259204,0.802705
160.554666667,1.27292,0.0622354,0.193987,2.82446,0.161973,0.014611,0.290886,0.0505397,3.16438,0.054849,0.253106,1.06368
160.597333333,1.30001,0.0334559,0.118958,2.63151,0.102212,0.0146033,0,0.0686679,3.16828,0.0851224,0.152123,1.27927
160.640000000,1.30701,0.0280482,0.0266383,2.46721,0.0392758,0,0,0.0904556,3.42506,0.114164,0.0585762,1.45443
160.682666667,1.25826,0.0284464,0.124876,2.15474,0,0.00135742,0.171628,0.0755945,3.72101,0.124052,0.0573376,1.62797
160.725333333,0.996049,0.00111013,0.0688406,2.19049,0,0.00101376,0.474737,0.101565,3.81637,0.149418,0.0421309,1.46102
160.768000000,0.666976,0.138648,0.0105157,2.16095,0,0,0.594475,0.104742,3.5844,0.104359,0.00209373,1.2378
160.810666667,0.60131,0.111566,0.0414635,2.2445,0,0,0.602804,0.160856,3.45318,0.108438,0.000712959,1.06862
160.853333333,0.487115,0.136419,0.000743976,2.2161,0.0247038,0.00130478,0.550959,0.204356,3.27288,0.128404,0.000613421,0.967074
160.896000000,0.520511,0.191256,0.144702,2.05992,0.103711,0.260224,0.886824,0.232701,2.72239,0.0566554,0,0.79035
160.938666667,0.607993,0.184311,0.837356,1.37065,0.209779,0.340274,0.953379,0.448693,1.69116,0.22729,0.00083015,0.611924
160.981333333,0.283908,0.175989,1.02467,1.24257,0.270246,0.118397,0.786906,1.31925,1.05173,0.225918,0.00160403,0.510457
161.024000000,0.0901742,0.132513,0.923567,1.44099,0.22811,0.07192,0.72777,1.4993,0.819954,0.294879,0.00160372,0.404227
161.066666667,0.154591,0.10552,0.820095,1.38862,0.121457,0.059587,0.751191,1.62887,0.704835,0.321809,0.0138324,0.350937
161.109333333,0.535537,0.0281365,0.547776,1.33474,0,0.0250018,0.780687,1.79657,0.878674,0.216986,0.282826,0.208355
161.152000000,1.10762,0.0396969,0.341351,1.83542,0,0,0.385933,1.64881,1.14503,0.140006,0.359815,0.0782684
161.194666667,1.5871,0.0331816,0.437192,2.2411,0,0.0749559,0.204769,1.26083,2.07798,0.161388,0.208715,0.206476
161.237333333,1.79811,0.085451,0.391457,2.14025,0.00129891,0.121084,0.355239,0.478988,3.18348,0.141211,0.0579045,0.247635
161.280000000,1.60896,0.0700309,0.311508,1.97736,0,0.115288,0.556147,0.109986,3.63793,0.151727,0.136766,0.40025
161.322666667,1.21615,0.144693,0.550678,2.03063,0.0516382,0.126461,2.19303,0.0544159,2.26498,0.0979675,0.0197759,0.518843
161.365333333,0.142845,1.44563,0.348422,0.696658,0.121428,0.0012644,2.91495,0.0551199,0.671784,0.0471358,0.0727707,1.01147
161.408000000,0.102577,1.89248,0.246771,0.0916118,0.120527,0,2.9388,0.0464532,0.487637,0.10966,0.193719,0.855185
161.450666667,0.0828975,2.05399,0.181051,0.0159833,0.15907,0,2.88252,0.129305,0.465478,0.165183,0.254655,0.63586
161.493333333,0.0814349,2.08847,0.162093,0,0.165313,0,2.90666,0.219622,0.447866,0.109242,0.333947,0.413721
161.536000000,0.0904336,2.19573,0.225259,0.0202959,0.157068,0,2.9888,0.282243,0.407852,0.0508174,0.407406,0.173187
161.578666667,0.180948,2.8744,0.332116,0,0.143257,0.0284038,2.96404,0.173959,0.554274,0.0570819,0.405439,0.0534009
161.621333333,0.273554,3.29878,0.345935,0.0256687,0.128602,0.323423,2.5911,0,1.42726,0,0.302509,0.16658
161.664000000,0.236782,3.51779,0.205672,0.328247,0.0504809,0.309932,2.05735,0,2.2977,0.0147107,0.108807,0.148116
161.706666667,0.222433,3.598,0.0856223,0.681102,0,0.189206,0.846919,0,2.59799,0.0229568,0.00404132,0.100657
161.749333333,0.298053,3.30193,0.141608,0.744083,0,0.119797,0.358086,0.236003,2.74057,0.0168931,0.00437672,0.0669691
161.792000000,0.39958,2.81719,0.322719,0.670896,0.0569625,0.0637149,0.586388,0.34823,2.54081,0.0644097,0.0177498,0.164782
161.834666667,0.250114,2.29454,0.389221,0.582321,0.00612808,0.0971213,0.815546,0.446637,2.00065,0.430042,0,0.197233
161.877333333,0.173013,1.85563,0.556988,0.181263,0,0.0787828,0.794617,1.49617,1.17712,0.515598,0.000919366,0.147754
161.920000000,0.139667,1.49733,0.496654,0.0910571,0.0182027,0.0451035,0.778383,2.40832,0.456095,0.455224,0.00978142,0.277858
161.962666667,0.146728,1.60884,0.35351,0.0681308,0.00686248,0.0108533,0.929914,2.90828,0.104095,0.460228,0.0294759,0.345947
162.005333333,0.162278,1.96634,0.186409,0.0926616,0.00952809,0.00181513,1.0991,2.86658,0.165521,0.3562,0.0582576,0.213166
162.048000000,0.489684,2.34808,0.290669,0.151452,0.0297999,0.246132,1.17789,1.37369,1.43139,0.0972876,0.0660564,0.300173
162.090666667,0.441842,2.89033,0.306248,0.0329826,0.0847128,0.980571,0.867602,0.802112,2.03428,0.0781088,0.169109,0.416226
162.133333333,0.276324,2.99038,0.0957827,0.0899801,0.0748451,1.62198,0.465438,0.705059,2.00019,0.00247897,0.132931,0.456099
162.176000000,0.135935,2.92855,0.0570677,0.29912,0.14118,1.71955,0.40767,0.952812,1.86325,0,0.00241062,0.722965
162.218666667,0.227811,2.49247,0.1613,0.423082,0.0317011,1.24201,1.03065,1.16213,1.62002,0.036125,0.0368358,0.731612
162.261333333,0.228584,2.52488,0.202309,0.471658,0.322188,0.798108,1.04709,0.672978,1.7158,0.217208,0.0211608,0.340212
162.304000000,0.142796,1.93963,0.258072,0.844121,0.385129,0.141694,1.51584,0.191007,1.47937,0.222305,0.372091,0.25198
162.346666667,0.123418,1.12786,0.397561,0.700962,0.538421,0.0136843,1.57923,0.214732,1.65334,0.227883,0.768596,0.58364
162.389333333,0.168826,1.08377,0.534481,0.346332,0.348966,0.0134682,1.64223,0.404612,1.55764,0.184133,1.00214,0.857215
162.432000000,0.36752,1.18058,0.555737,0.260912,0.0316523,0.32603,1.6339,0.620715,1.23752,0.0665413,1.12005,0.960258
162.474666667,0.594449,1.22932,0.438213,0.134916,0.0246302,0.185556,1.83929,0.945979,1.21614,0.00679134,1.09766,0.760392
162.517333333,0.346677,2.08149,0.0844093,0.258282,0.69542,0.150871,2.33104,0.905427,0.88669,0.037532,1.0639,0.271546
162.560000000,0.325328,2.4953,0,0.0797318,0.969894,0.242058,2.64083,0.691727,0.635798,0.000693203,1.19891,0.000126563
162.602666667,0.288473,2.35667,0.0486889,0.0286587,0.923102,0.22183,2.55306,0.556649,0.432225,0,1.13944,0.0426206
162.645333333,0.28748,2.20358,0.0325003,0.0273863,0.852583,0.155457,2.52289,0.517852,0.446446,0.0759362,1.22938,0.0510676
162.688000000,0.306331,2.18408,0.125811,0.116347,0.60529,0.0181449,2.4146,0.551721,1.20482,0.0553759,1.25539,0.0787667
162.730666667,0.0237668,1.99364,0.478026,0.280134,0.387061,0.0475415,1.62541,0.426521,2.06322,0.00490966,1.11947,0.611919
162.773333333,0,1.31304,0.353883,0.420957,0.324135,0.165516,0.801642,0.674998,2.19877,0.00586283,1.14476,0.976621
162.816000000,0,1.57749,0.320173,0.182538,0.206356,0.298526,0.655271,0.697071,1.96624,0.120746,1.12943,0.998844
162.858666667,0.0510501,1.88769,0.40496,0.117325,0.0444468,0.547195,0.553543,0.549406,1.70217,0.286457,1.15333,0.947372
162.901333333,0.117507,2.03664,0.497955,0.0415233,0.221828,0.885211,0.412339,0.599752,1.37545,0.319406,1.19454,0.753795
162.944000000,0.342533,2.0967,0.311187,0,0.365253,0.823838,0.999471,0.679322,0.664539,0.196141,1.24919,0.56328
162.986666667,0.411533,2.35094,0.0345096,0,0.682608,0.103894,1.93324,0.504179,0.844531,0.0738986,1.36459,0.145481
163.029333333,0.359491,2.49848,0.00402973,0.0139705,0.67728,0.291074,2.54056,0.458999,0.665565,0.00101834,1.29676,0.00598484
163.072000000,0.409425,2.42587,0.0312671,0.0258294,0.692178,0.25421,2.97473,0.236504,0.480606,0,1.50627,0
163.114666667,0.483631,2.32046,0.0555569,0.0180047,0.697932,0.117752,2.90862,0.141209,0.389348,0.00275293,1.66024,0
163.157333333,0.533285,2.22664,0,0.0695297,0.756113,0.0183944,2.76815,0.340717,0.347068,0.0375204,1.81579,0.0245048
163.200000000,0.455477,2.01764,0.133679,0.772109,0.593497,0.0166971,2.85919,0.386223,0.0788061,0.099974,1.7238,0.0125873
163.242666667,0.871096,1.22027,0.269718,1.89018,0.279375,0.0146913,2.2797,0.281024,0.913396,0.136056,1.25149,0.0973753
163.285333333,1.19515,0.925651,0.43753,1.9907,0.213037,0.00311353,1.28321,0.424195,1.61347,0.0997962,0.86853,0.046351
163.328000000,1.28949,0.976308,0.442539,1.90347,0.0734471,0.00218456,0.859658,1.63237,1.26987,0.503311,0.0834009,0.000469222
163.370666667,1.63229,0.417865,0.0758939,1.13167,0,0.00177063,0.81168,1.77772,1.25833,0.438096,0.000131035,0.607979
163.413333333,1.421,0.585789,0,0.940463,0,0,1.24367,1.1067,1.32869,0.211912,0.028493,0.59168
163.456000000,1.02577,1.36005,0,1.18444,0,3.67476e-05,1.49436,0.357314,1.28456,0.126749,0.00304306,0.525245
163.498666667,0.707982,2.00782,0.0565048,1.20422,0,0,1.13668,0.185546,2.1097,0.150405,0.0014189,0.429256
163.541333333,0.124787,2.44228,0.113117,1.11907,0,0,0.709118,0.231907,2.52161,0.203417,0,0.145373
163.584000000,0.0303642,2.29037,0.138728,1.06361,0,0,0.311356,0.166697,2.67626,0.227648,0,0.000513781
163.626666667,0,2.19767,0.256261,0.46907,0.148665,0,0.0823237,0.199659,2.50263,0.104523,0,0.000841754
163.669333333,0.015058,2.26199,0.266708,0.418168,0.158855,0.0137494,0.661061,0.374996,1.77127,0.0626002,0.000224831,0.000565281
163.712000000,0.0151331,2.57523,0.21392,0.394676,0.117509,0.0414457,0.883805,0.56653,0.926438,0.0893302,0.00166486,0.0039552
163.754666667,0,2.72144,0.194921,0.66004,0.0866342,0.0530521,0.976176,0.592426,0.915256,0.032657,0.00241829,0.0172907
163.797333333,0,2.82576,0.168482,0.739207,0.0489972,0.0522706,0.880618,0.791812,0.969633,0.0688574,0.00274802,0.000267629
163.840000000,0.0423575,2.98521,0.15523,0.770404,0,0.0652407,0.676594,0.998947,1.10329,0.116575,0.00695862,0.000154238
163.882666667,0,2.92462,0.207043,0.98046,0,0.0899693,0.528143,0.397732,2.14743,0.144541,0.0453821,0
163.925333333,0,2.33234,0.687263,1.14184,0,0.0991856,0.345494,0.767559,2.56756,0.30543,0.0291808,0
163.968000000,0,1.82065,1.38434,1.09825,0,0.0655043,0.206,0.455835,2.62778,0.451573,0.0130029,0
164.010666667,0,1.1553,2.20706,0.874866,0,0.167309,0.18037,0.164575,2.48135,0.442387,0.0129162,0
164.053333333,0,0.802895,2.41513,0.758743,0.0247419,0.244478,0.18412,0.271435,2.4197,0.425464,0.0145373,0
164.096000000,0,0.920924,2.79827,0.374658,0.498791,0.0700503,0.0593559,0.072139,2.1863,0.594368,0.0232519,0.000105988
164.138666667,0.0115437,0.76139,2.06319,0.617457,0.287671,0.0184351,0.0654022,0.0669598,1.74014,0.490137,0.14166,0.000365115
164.181333333,0.0754948,0.372045,1.68168,0.97213,0.161818,0.0607501,0.0418897,0.0812333,1.19994,0.376099,0.184353,0.000365597
164.224000000,0.110746,0.47675,1.55571,1.1136,0.122381,0.0499529,0.0886873,0.128296,0.859043,0.326563,0.204136,0.000335128
164.266666667,0.108752,1.56276,1.14103,1.04842,0.097092,0.0374242,0.0393875,0.258002,0.9993,0.363108,0.21318,0.000232174
164.309333333,0,2.28798,0.30495,0.997697,0.00860619,0.0309311,0.078273,0.455408,1.42289,0.321702,0.168798,8.55862e-05
164.352000000,0.018793,2.3045,0,1.36092,0.000980945,0.00947235,0.0904658,0.435717,1.94448,0.204534,2.64665e-05,0
164.394666667,0.0339105,1.77694,0.0299839,1.47576,0,0,0.635951,0.0847344,2.07891,0.296477,0.019166,0
164.437333333,0.0407529,1.32426,0.0757322,1.4787,0.0328178,0,0.8079,0.106851,1.96945,0.171413,0.00849744,1.23118
164.480000000,0.043899,0.661671,0.15195,1.28499,0.0474536,0,0.805153,0.042634,1.66094,0.0995158,0,2.53226
164.522666667,0.0168623,0.127538,0.0715451,1.44309,0.127186,0,0.784877,0.0665691,1.47192,0.119803,0,2.92193
164.565333333,0.257773,0.14781,0.13349,0.843018,0.171685,0.00206527,0.885316,0.0751421,1.85107,0.100897,0.000639391,2.7111
164.608000000,0.428044,0.424002,0.320823,0.475579,0.138257,0.0733037,0.660191,0.0939142,3.33802,0.147183,0.00112366,1.84814
164.650666667,0.320737,1.04515,0.514172,0.540936,0.117717,0.0978561,0.826794,0.0583229,3.46648,0.108087,0.00109813,0.261634
164.693333333,0.313421,0.907905,0.613123,0.863409,0.105369,0.0923327,0.791325,0.0441663,3.53138,0.06097,0.00133067,0.0274186
164.736000000,0.285667,0.81139,0.628056,1.06326,0.0640966,0.0881484,0.680003,0.0431116,3.53658,0.0952827,0.00162019,0.0347192
164.778666667,0.213949,0.701828,0.492308,0.99973,0.00819132,0.0856644,0.59923,0.0768181,3.56728,0.154313,0.0216147,0.000484312
164.821333333,0,0.173377,0.160833,1.20048,0.0109396,0,0.407739,0.110769,2.03224,0.138941,2.23098,0.011321
164.864000000,0.0635027,0,0.0800172,1.58333,0.0223975,0.067227,0.344245,0.141568,1.38839,0.210748,2.38851,0.0616833
164.906666667,0,0,0.0819399,1.76246,0.0155984,0.208277,0.368976,0.125857,1.4106,0.149064,2.45575,0.0208997
164.949333333,0,0,0.110421,1.59769,0,0.357641,0.279529,0.0644739,1.40038,0.138827,2.69408,0.0024242
164.992000000,0,0.100817,0.174773,1.37974,0,0.413191,0.0821153,0.19516,1.22046,0.111114,2.91189,0.000272966
165.034666667,0.164621,0.37816,0.117895,1.00809,0.171282,0.40587,0.0116882,0.294302,0.900178,0.00163028,3.04704,0.000578465
165.077333333,0.390163,0.199591,0.153199,0.901343,0.422762,0.546998,0.0460378,0.109746,0.642557,0.110109,2.92228,0.0240905
165.120000000,0.189814,0.0193389,0.569679,0.125275,0.38351,0.385534,0.101955,0.00289455,0.101785,0.0208151,3.15855,0.697821
165.162666667,0,0.00439791,0.41381,0.0674837,0.609011,0.424513,0.0589747,0.00183081,0.0208303,0.0399459,3.37061,0.819572
165.205333333,0,0.0412626,0.174588,0.0666808,1.23808,0.573548,0.032598,0.00278069,0.0158973,0.0286507,3.44007,0.887685
165.248000000,0.0362327,0.115461,0.108216,0.0356937,1.43292,0.687493,0.0791147,0.0181138,0.0345113,0.0186145,2.60895,1.53648
165.290666667,0.160401,0.0891853,0.0116675,0.148202,1.86107,0.32175,0.403676,0.218989,0.204737,0,1.15277,2.10719
165.333333333,0.214972,0,0.00109949,0.228723,2.24388,0.104426,0.668732,0.118391,0.190027,0,0.166595,2.22067
165.376000000,0.14273,0,0.000212228,0.257012,2.47315,0.0326219,0.836488,0.0233515,0.192896,0.000468447,0,2.50727
165.418666667,0,0,0.000187391,0.335691,2.56916,0.0574223,0.754035,0.0165972,0,0.000965407,0.257439,3.01789
165.461333333,0,0,0.00131335,0.259277,2.22119,0.193649,0.760246,0.04759,0.00852412,0.00903817,0.780339,2.86595
165.504000000,0.0932619,0,0.0675865,0.262735,0.891904,0.219261,0.748817,0.680025,0.036327,0.000678888,1.04672,2.10864
165.546666667,0.395761,0,0.0606694,0.406154,0.619122,0.362005,0.525932,0.706439,0.478298,0.410037,1.17737,1.57874
165.589333333,0.14364,0,0.192731,0.850195,0.370775,0.625769,0.507061,0.293476,0.62889,1.28998,0.0591478,0.882358
165.632000000,0.0499179,0,0.281323,1.08151,0.418327,0.772678,0.557846,0,0.497067,1.37384,0,0.725339
165.674666667,0.0378413,0.0699021,0.148788,1.06792,0.491653,0.659712,0.641246,0,0.209588,1.80496,0,0.682921
165.717333333,0.058446,0.041733,0.0235356,0.845019,0.807115,0.566261,0.47276,0.101004,0.308812,2.33213,0.179487,0.515743
165.760000000,0,0.202637,0.00263446,0.144539,1.83848,0.737237,0.276521,0.41878,0.599566,2.2159,1.24531,0.726348
165.802666667,0,0.227563,0.00173409,0.133873,2.43809,0.525719,0.264541,0.326455,0.593804,1.47618,2.33749,0.84934
165.845333333,0.00527344,0.199821,0,0.249188,2.71033,0.221976,0.3323,0.148917,0.49944,0.224692,3.18108,0.631043
165.888000000,0.0435402,0.0972702,0.02535,0.371266,2.65395,0.213439,0.338648,0.102732,0.048471,0.0182877,3.37945,0.680899
165.930666667,0.0260386,0.0101911,0.030011,0.290184,2.42487,0.313405,0.28714,0.0944441,0.00216059,0,3.47534,0.815745
165.973333333,0.0192726,0.0584637,0.193613,0.20109,1.90423,0.529887,0.287829,0.00950095,0.026464,0.000514945,3.29159,0.814335
166.016000000,0,0.916186,0.186899,0.354764,0.689042,0.43995,1.12696,0.194993,0.0807508,0.0213706,3.01601,0.323259
166.058666667,0.0286418,1.27357,0.128384,0.387657,0.252279,0.512917,1.47817,0.347762,0.168718,0.596802,2.52556,0.444713
166.101333333,0.124242,1.24606,0.0296955,0.324158,0.0688958,0.668625,1.53264,0.338662,0.223326,0.535228,2.3167,1.3361
166.144000000,0.264361,0.629768,0,0.17782,0.434714,0.713379,1.07563,0.0795359,0.0212663,0.907125,1.80571,1.31415
166.186666667,0.486508,0.736035,0,0.397298,0.480922,0.0175718,1.16116,0.0896394,0.045406,0.975384,1.58207,0.552381
166.229333333,0.58482,0.701642,0,0.461686,0.450494,0.0158314,1.59553,0.0747613,0.471292,1.06842,0.918895,0.293626
166.272000000,0.647639,0.697893,0,0.492197,0.268922,0.0293637,1.58379,0.0925677,2.11641,0.769599,0.269273,0.106198
166.314666667,0.582572,1.14641,0,0.557979,0.181458,0.0442169,1.45857,0.0821833,2.92807,0.315712,0.0447728,1.52406e-05
166.357333333,0.266495,1.4526,0,0.641932,0.173718,0.0381809,1.30444,0.0967557,3.18064,0.059357,0.00183319,0.000108355
166.400000000,0.216552,1.34784,0.0513287,0.703252,0.143969,0.0374629,1.14999,0.406503,3.25684,0.00125941,0,0.000408041
166.442666667,0.157665,0.366912,0.172363,0.661387,0.0230727,0.364317,0.674042,0.311486,3.47282,0.000892285,0.0532983,0.00161708
166.485333333,0.0100312,0.645496,0.267754,0.626542,0.0357442,0.397935,1.66105,0.316125,1.91906,0.0342607,0,0.410803
166.528000000,0.101835,0.98999,0.353982,0.864309,0.0259829,0.272456,2.81318,0.165557,0.100594,0.0694576,0,0.29675
166.570666667,0.214452,1.29027,0.416169,0.819749,0.0556374,0.265068,3.10155,0.0657878,0.0147213,0.126997,0,0.33915
166.613333333,0.310178,1.24859,0.347104,0.709749,0.0950568,0.352195,2.9908,0.0833134,0.208488,0.18866,0,0.607323
166.656000000,0.169647,2.12622,0.0496019,0.427697,0.132343,0.0639805,2.90293,0.611388,0.0168891,0.0661223,0.163001,0.569518
166.698666667,0,2.84108,0.0165534,0.0305137,0.131962,0.231852,3.0351,0.756068,0.0233543,0.00232253,0.52073,0.158567
166.741333333,0,2.77691,0,0.000101652,0.0878134,0.269317,3.68064,0.51083,0.0196324,5.72955e-05,0.815821,0.0676737
166.784000000,0.0580504,2.59596,0,0,0.0523785,0.118913,3.92261,0.298916,0,0,1.01373,0.151652
166.826666667,0,2.61055,0.105094,0,0.0352551,0.0339144,4.0113,0.178031,0.00285338,0,1.06276,0.105232
166.869333333,0,2.85696,0.443839,0.0326748,0.0497502,0.00471821,3.61814,0.750767,0.242229,0,0.474631,0.0275463
166.912000000,0.814637,2.23312,0.408842,0.635214,0.0292539,0.00202271,1.96247,0.896743,1.59644,0.0515059,0.0502124,0.0998745
166.954666667,1.45681,0.706282,0.488768,1.51719,0.0376917,0,0.830148,0.066144,3.26172,0.0561606,0.0138891,0.115512
166.997333333,1.59976,0.0784656,0.296056,1.85817,0.138307,0.0175545,0.148069,0.0116121,3.83843,0.0671427,0.0118015,0.0471707
167.040000000,1.60027,0.104296,0.158042,1.9501,0.126147,0.0241111,0.0100534,0.028538,3.6336,0.0814016,0.00510026,0.0301145
167.082666667,1.56869,0.161932,0.0798227,1.70263,0,0.0546886,0.0092564,0.0538946,3.31297,0.114295,0.0115997,0.0286757
167.125333333,1.38246,0.202409,0.0117537,1.83363,0.00725055,0.0888306,0.0100621,0.247198,2.7219,0.141432,0.0145012,0.0172712
167.168000000,0.596636,0.151616,0.293467,1.6546,0.0544067,0.079763,0.0553956,1.17765,2.11152,0.107053,0.140662,0.000207101
167.210666667,0.459688,0.161892,0.515734,1.29926,0.0674032,0.033491,0.113456,1.7804,1.66319,0.123877,0.0951587,0.0773527
167.253333333,0.537246,0.100196,0.461746,1.34537,0.0528787,0,0.0657799,2.06079,1.5519,0.0782824,0.0125325,0.143311
167.296000000,0.442694,0.146462,0.451053,1.26655,0.0798525,0,0,1.54982,1.89775,0.0734401,0.000835221,0.164359
167.338666667,0.840602,0.100284,0.614141,1.11737,0.148456,0.0456075,0.00988723,0.302906,2.78814,0.0731438,0.000662015,0.107874
167.381333333,1.06834,0.0399168,0.218205,0.904468,0.135841,0.103614,0.403748,0.24144,3.21963,0.073842,0.00070262,0.0257937
167.424000000,1.22687,0.0394596,0.189884,1.04968,0.100407,0.100307,0.66457,0.0575143,3.31257,0.0927676,0.00146169,0.0199849
167.466666667,1.34102,0.0342649,0.173145,1.15131,0.0929913,0.0837067,0.735312,0.0284102,3.0839,0.0870363,0.00822655,0.0285977
167.509333333,1.37717,0.00750025,0.24678,0.903902,0.0419834,0.0555729,0.692382,0.0325879,2.75867,0.109805,0.0152266,0.133816
167.552000000,1.44353,0,0.204372,0.589452,0,0.0374673,0.56677,0.410067,2.42035,0.147121,0.0267208,0.309721
167.594666667,1.00052,0,0.257373,1.52537,0,0.00180054,0.252472,1.16958,2.25761,0.17545,0.0261558,0.452654
167.637333333,0.566411,0.0103707,0.442359,2.15074,0,0.0421614,0.0713535,1.21868,2.21651,0.285062,0.0306491,0.57464
167.680000000,0.383893,0.0948639,0.634983,2.08628,0,0.0832419,0.117047,1.00053,2.54845,0.159499,0.0107009,0.643311
167.722666667,0.393018,0.212015,0.401779,1.76213,0.0205744,0.0459004,0.605908,0.584039,3.49072,0.0911194,0.00614713,0.576656
167.765333333,0.178027,0.318424,0.160859,1.90688,0.508645,0.0426929,0.655689,0.252772,3.6883,0.0889559,0.00637279,0.45383
167.808000000,0.0785631,0.455032,0.210137,1.63477,1.08176,0.847633,0.123869,0.345291,3.11505,0.0386755,0.168592,0.387834
167.850666667,0.486758,0.57092,0.24894,2.12332,0.812586,0.844614,0.0713667,0.00554155,2.49146,0.0283016,0.435647,0.40483
167.893333333,0.590129,0.42301,0.257691,2.45598,0.160853,0.73105,0.131793,0.0227723,2.61902,0.107854,0.442575,1.26501
167.936000000,0.572616,0.230315,0.348537,2.91558,0.112217,0.333882,0.240401,0.0233599,2.74853,0.190204,0.347659,1.49978
167.978666667,0.60352,0.09704,0.185906,2.98586,0.0408119,0.0160658,0.163162,0.0396061,3.23057,0.135524,0.257647,1.47518
168.021333333,0.822273,0.0808114,0.133217,2.60967,0,0.0265417,0.0423841,0.0667417,3.98074,0.121416,0.133641,1.1953
168.064000000,1.2356,0.0425346,0.0216139,2.61935,0,0.00155052,0.050601,0.0921484,4.08708,0.133252,0.27625,1.00957
168.106666667,1.16967,0.00686285,0.00295433,2.69519,0,0,0.0555784,0.118526,4.22068,0.125384,0.356148,1.15085
168.149333333,0.711843,0.0424517,0.0186581,2.66809,0,0,0,0.11555,4.08502,0.122019,0.262547,1.24031
168.192000000,0.307008,0.0696012,0.0355245,2.6777,0,0,0,0.106103,4.01579,0.0911449,0.106203,1.3271
168.234666667,0.056025,0,0.0905337,2.34866,0,0.00617321,0,0.248301,4.11812,0.221444,0.00222346,1.41678
168.277333333,0.34903,0.016311,0.163185,2.23793,0.0995814,0.11329,0.462175,0.314612,3.60532,0.0091395,0,1.47105
168.320000000,0.553202,0.018325,0.351386,1.59565,0.195637,0.377504,0.788633,0.181324,2.39784,0,0.000108413,1.69396
168.362666667,0.549963,0.023449,0.424827,1.81133,0.230147,0.562894,0.951771,0.314369,1.57951,0.00700229,2.83237e-05,1.2937
168.405333333,0.280655,0.0378819,0.299262,1.80307,0.175059,0.662964,0.940155,0.577508,1.55275,0.117928,0,1.67188
168.448000000,0,0.0371877,0.347377,1.85638,0.164158,0.628961,0.872024,0.768051,2.14849,0.134604,0.0151229,1.75177
168.490666667,0.011957,0.00817761,0.128889,1.80293,0.0517722,0.0529427,0.703995,0.331689,1.43001,0.888731,0.0329206,0.801466
168.533333333,0.397253,0.0402727,0.117337,1.41594,0.162125,0.00282339,0.433867,0.282173,1.66702,0.904682,0.0306219,0.147758
168.576000000,0.520436,0.184181,0.217332,2.07288,0.0336904,0,0.045441,0.172374,2.12633,0.695783,0.0274115,0.016311
168.618666667,0.498871,0.288654,0.269578,1.94229,0.0461259,0.0573417,0.0446883,0.099694,2.71433,0.364775,0.0263925,0
168.661333333,0.421621,0.231528,0.299089,1.97457,0.0713643,0.0459072,0.0590133,0.134947,3.48959,0.123641,0,3.82805e-05
168.704000000,0.193968,0.2856,0.394443,2.36423,0,0,0.0571136,0.127501,3.92131,0.130746,0,0.410888
168.746666667,0.0127683,1.31933,0.310639,1.72495,0.0592017,0,0.0110845,0.971793,2.95885,0,0,1.12142
168.789333333,0.0927762,1.79151,0.258198,0.736359,0.345234,0.00284981,0,1.90968,2.11911,0,0,1.25543
168.832000000,0.0952608,1.98799,0.214113,0.698991,0.409074,0.00259546,0,2.44227,1.56693,0.104659,0,1.30123
168.874666667,0.0957405,2.21459,0.198582,0.631397,0.404866,0,0.00357825,2.49267,1.68998,0.157315,0,1.2373
168.917333333,0.110249,2.20209,0.219205,0.618763,0.357917,0,0.0202413,1.56565,2.42519,0.0520959,0,0.897373
168.960000000,0.195067,2.39159,0.286406,0.700998,0.237162,0.0221218,0.0551119,0.359082,2.85323,0.0383603,0,0.440372
169.002666667,0.259456,2.45703,0.311906,0.682525,0.0910823,0.00044032,0.0705615,0.055274,2.72365,0.090581,0,1.03415
169.045333333,0.125038,2.25657,0.17055,0.533745,0.176534,0.79073,0.074772,0.135772,2.12872,0.0147582,0,2.07949
169.088000000,0.0723542,2.17035,0.0772084,0.329115,0.20254,1.44311,0.0893692,0.567575,1.6349,0,0,2.69578
169.130666667,0.0284671,2.19426,0,0.187188,0.00489321,1.37348,0.0142272,0.975553,1.21437,0.0485101,0,2.73698
169.173333333,0.281531,1.79241,0.275374,0.426419,0.143228,0.923392,0.235552,0.833565,1.15267,0,0.0187698,2.73129
169.216000000,0.301551,2.04065,0.235848,0.296567,0.290799,0.142866,0.43179,0.494333,0.889962,0.156616,0.00057175,2.3821
169.258666667,0.66349,2.36059,0.246783,0.136099,0.171246,0.138801,0.656508,0.572602,0.779612,0.233591,0.0663506,1.49659
169.301333333,0.73801,2.7901,0.166059,0.105137,0.0451229,0.303919,0.921179,0.992164,0.844872,0.289629,0.0997282,0.473369
169.344000000,0.179762,3.00019,0.138805,0.0675336,0,0.438894,0.957894,1.19064,1.11617,0.226177,0.085727,0.296787
169.386666667,0.129834,2.9631,0.239893,0,0,0.317077,0.819634,0.913747,1.38648,0.142254,0.000567543,0.150535
169.429333333,0.224652,2.64291,0.744469,0,0,0.00956995,0.501733,0.70149,1.58383,0.149376,0.000270015,0.15308
169.472000000,0.22559,2.33694,0.899869,0.0303377,0,0.0542603,0.109271,0.818713,2.03293,0.225453,0,0.288748
169.514666667,0,2.49713,0.447776,0.525016,0,0.0860072,0.00823195,0.958543,2.08318,0.279762,0,0.295384
169.557333333,0,2.56267,0,1.43091,0,0.107888,0.0211389,1.00302,1.89106,0.319563,0,0.414964
169.600000000,0,2.48506,0,2.04778,0,0.0342939,0.548278,1.03483,1.43269,0.0923785,0.0229032,0.754395
169.642666667,0.182075,1.87625,0.229246,1.89795,0.137983,0.290221,0.593233,0.632182,1.14694,0.0240264,0.0142728,0.884722
169.685333333,0.108785,1.14464,0.459541,1.46776,0,0.171353,0.71938,0.331726,1.11877,0.0401554,0.0672154,0.711162
169.728000000,0.038911,1.06986,1.10838,0.99734,0.0072687,0.0164752,1.09972,0.285144,0.857812,0,0.343952,0.0187474
169.770666667,0.0100352,1.14187,1.35179,0.377307,0.0385123,0.0144456,1.20637,0.56382,0.807979,0.00927984,0.588704,0
169.813333333,0,1.14636,1.5525,0.130224,0.0658123,0.0138763,1.27857,0.884224,0.721367,0,0.676814,0
169.856000000,0,0.99898,1.62198,0.0443003,0.00437944,0.0133508,1.4343,1.03498,0.84345,0,0.928,0.260136
169.898666667,0,1.04434,2.31609,0,0.0212971,0.122444,2.17097,0.92156,0.688376,0,0.820994,0.231633
169.941333333,0.0221392,1.33492,2.49204,0,0,0.34799,2.44018,0.770674,0.5259,0.0303133,0.303453,0.142261
169.984000000,0,2.11559,1.89108,0,0,0.404073,2.64905,0.804547,0.530061,0.0133328,0.109637,0.341111
170.026666667,0,2.75093,0.917487,0,0,0.336987,2.70662,0.657224,0.636646,0,0.131153,0.343493
170.069333333,0,3.21845,0.0857482,0.00297299,0,0.134639,2.7298,0.749503,0.565721,0.00354945,0.141549,0.181643
170.112000000,0.00189116,3.20715,0.154661,0.182147,0.222738,0,2.33737,0.646451,0.616337,0,0.16436,0.0293898
170.154666667,0.00696394,3.15819,0.184885,0.315097,0.280649,0.00821372,1.33036,0.398803,0.464947,0.0717786,0.157023,1.02444
170.197333333,0.0272959,2.14373,0.184045,0.323499,0.603375,0.0839482,1.02863,0.494441,0.344102,0.163575,0.177992,1.62097
170.240000000,0.12667,1.05132,0.488739,0.133769,0.472894,0.284348,0.952052,0.346498,0.0449663,0.213525,0.136633,1.99795
170.282666667,0.105086,0.84075,0.444448,0.0295668,0.192708,0.428719,1.27667,0.155951,0.204799,0.161412,0.056917,2.48328
170.325333333,0.0235159,0.878333,0.223439,0,0.126005,0.428283,1.51521,0.285554,0.223092,0,0.00539914,2.87682
170.368000000,0.0118345,0.985065,0.0976115,0.00234798,0.11363,0.0518805,1.89661,0.657367,0.0644067,0,0.00811087,2.87775
170.410666667,0.0676353,0.77054,0.172598,0,0.0861568,0.141258,2.18032,0.570831,0.0675622,0,0.00853418,2.75428
170.453333333,0.092952,0.698884,0.138767,0,0.0227819,0.0864011,2.49487,0.773112,0.0281927,0,0.0503744,2.4664
170.496000000,0.200864,1.11357,0.088669,0,0,0.0686052,2.61752,0.828241,0,0,0.213464,2.01202
170.538666667,0.429388,1.97925,0.0565946,0,0.004383,0.0250785,3.05303,0.872534,0,0.0283958,0.516123,1.48836
170.581333333,0.54888,2.55638,0.27323,1.07514,0.0472667,0.00903346,2.661,0.917757,0.268698,0.0239178,0.0310001,1.40682
170.624000000,0.258837,1.87378,0.60021,1.3916,0.300177,0.0196494,1.65734,0.0978258,1.69532,0,0,1.78889
170.666666667,0,1.36129,0.613707,1.2353,0.73105,0.0287597,0.845799,0,2.27195,0,0,1.88668
170.709333333,0,1.04158,0.360553,1.5347,1.13585,0.0247755,0.231624,0,2.49094,0,0.000155063,2.1046
170.752000000,0.0118542,0.730628,0.316697,1.56109,1.35717,0.0676103,0.143731,0,3.01912,0,0.09597,2.11544
170.794666667,0,0.619197,0.126605,1.29287,1.53319,0.235391,0.0423622,0,3.05019,0,0.236305,1.88616
170.837333333,0.00897363,0.431473,0.0654093,0.997538,1.82705,0.262092,0.0709625,0,2.70499,0,0.328143,1.76824
170.880000000,0.0010735,0.235111,0.0915478,1.05028,2.08919,0.397168,0.0666324,0.0738655,2.49336,0,0.361053,1.77974
170.922666667,0,0.0622094,0.105159,1.13935,2.21573,0.260812,0.057965,0.179423,2.36895,0.0168624,0.312334,1.78279
170.965333333,0,0.001575,0.111468,1.39652,2.00607,0.0968684,0.0296069,0.25768,2.35176,0.0237141,0.242053,2.12014
171.008000000,0,0,0.0950474,1.87422,1.71139,0.0636239,0.412284,0.150393,2.57162,0.0460096,0.174221,2.5792
171.050666667,0,0.00627768,0.0103018,2.06344,1.66001,0.0976889,0.322322,0.322822,2.97584,0.100338,0.000748638,2.7261
171.093333333,0.0327608,0,0.0194785,1.91628,1.0139,0.0817472,0.164871,0.220724,2.83444,0.147553,0.000782533,2.55777
171.136000000,0.0712239,0,0.0260546,1.94433,0.731996,0.105406,0.58151,0,2.60052,0.213035,0.000626483,1.71634
171.178666667,0.141344,0,0.070159,1.83327,0.601845,0.106535,0.741822,0,2.53038,0.344151,0.104939,1.30354
171.221333333,0.137708,0.0321022,0.106342,1.66785,0.585905,0.100753,0.540771,0.0173703,2.52724,0.454573,0.0125499,1.80613
171.264000000,0.0925354,0.112316,0.0339883,1.86776,1.15162,0.0659387,0.435309,0.27106,2.60467,0.18304,0.0109101,2.22724
171.306666667,0.0661222,0.0135831,0.0434453,1.59937,1.7912,0.112134,0.560646,0.532524,2.94782,0.0850702,0.182716,2.36447
171.349333333,0.0470716,0.0207273,0.0414037,1.45372,2.05151,0.120877,0.535607,0.510153,2.8525,0.222957,0.283395,2.23819
171.392000000,0,0.018692,0.0270624,1.79985,2.08651,0.105908,0.401466,0.210455,2.81065,0.380721,0.288669,1.99778
171.434666667,0,0.00517946,0.0295488,1.88982,2.1709,0.0589555,0.345381,0.254184,2.67295,0.216216,0.40944,2.00101
171.477333333,0,0.0596738,0.0882726,2.04885,2.13774,0.189053,0.474008,0.0959527,2.46076,0.0473627,0.251438,2.31382
171.520000000,0.164661,0.00975099,0.00645739,2.11182,1.97329,0.170448,0.706009,0.218465,1.84573,0.158006,0.247562,2.45311
171.562666667,0.219416,0.00839859,0.0128924,2.08933,1.71407,0.0553307,0.708113,0.229685,1.18077,0.267585,0.0243457,2.47326
171.605333333,0.0211355,0.0535898,0.0381061,1.68109,1.30717,0.0562461,0.66923,0.0859772,1.40016,0.156843,0,2.81563
171.648000000,0,0.0821351,0.0517246,1.49445,1.063,0.0263683,0.62302,0.0611479,1.93448,0.118113,0.000818604,3.29258
171.690666667,0,0.0123091,0.169159,1.77874,1.06955,0.0244578,0.617705,0,2.11737,0.0200929,0,3.43027
171.733333333,0,0,0.0589034,2.00237,0.971699,0.0313214,0.676215,0,2.07174,0.017281,0.0352991,3.36081
171.776000000,0,0,0.292532,2.04813,1.60144,0.0337251,0.703417,0,2.06757,0,0.101661,3.1854
171.818666667,0,0,0.354167,1.95514,1.8328,0.0283355,0.640331,0.00131904,2.25064,0,0.0792445,3.05217
171.861333333,0,0,0.26453,1.83674,1.90877,0.0378166,0.576054,0,2.49304,0,0.0779975,2.80393
171.904000000,0,0,0.0408815,1.95745,1.71683,0.0434338,0.565427,0,2.75723,0.0013031,0.103077,2.62405
171.946666667,0,0,0.00302821,1.83474,1.42897,0.203867,0.451373,0.100399,3.03048,0.0174787,0.0141292,2.69027
171.989333333,0,0,0.0393785,1.57178,1.0365,0.254118,0.249324,0.335239,2.90886,0.18102,0,2.42605
172.032000000,0.176173,0.0276284,0.373968,1.5514,0.734553,0.158456,0.311806,0.100111,2.82672,0.301336,0,2.04955
172.074666667,0.118289,0.0189574,0.449144,1.54752,0.566137,0.317087,0.524127,0.075758,2.78844,0.372048,0,2.06079
172.117333333,0.029175,0.017606,0.257538,1.40237,0.693447,0.391498,0.534367,0,2.79541,0.413934,0,2.08238
172.160000000,0.193288,0.0742028,0.207603,1.12319,0.991103,0.528411,0.0344981,0,2.87503,0.432557,0,2.39591
172.202666667,0.0727947,0.0676005,0.0753444,1.28246,1.39877,0.283997,0.41922,0.0534097,3.38409,0.207745,0.0218069,2.18673
172.245333333,0.105963,0.0328245,0.19156,1.24946,1.73337,0.0116547,0.404684,0.112495,3.4763,0.0761563,0.146692,1.15703
172.288000000,0.104792,0.00366252,0.287523,1.12241,1.6791,0.0135737,0.283473,0.191593,3.28353,0.283336,0.195218,0.838669
172.330666667,0.135136,0.00697457,0.375855,1.23007,1.68863,0.0323858,0.234764,0.164826,2.98399,0.285989,0.214166,0.840088
172.373333333,0.17763,0.015279,0.3652,1.29398,1.92071,0.0442194,0.290618,0.112954,2.60142,0.168753,0.220449,1.07539
172.416000000,0.0253984,0.131988,0.230906,1.0766,1.70795,0.248394,0.297989,0.0195066,2.80441,0.42938,0.17,1.47216
172.458666667,0.136997,0.959902,0.105743,1.67636,0.952522,0.286067,0.163446,0.0898185,3.15133,0.13672,0.347908,0.756365
172.501333333,0.652777,1.15619,0.074305,2.08642,0.227654,0.157495,0.319385,0.060931,3.35164,0.0255606,0.434796,0.000345967
172.544000000,0.897673,1.24488,0.0653194,2.07531,0.185198,0.203892,0.348882,0.0350685,3.55088,0.0292184,0.422427,0.0072
172.586666667,0.860183,1.38799,0.0457802,2.08261,0.135707,0.265635,0.322451,0.0301583,3.69997,0.0570255,0.426805,0
172.629333333,0.749473,1.11034,0.0875131,2.05025,0.0715974,0.209315,0.32569,0.0307352,3.78413,0.0983177,0.83887,0
172.672000000,0.674583,1.13888,0.132213,1.74037,0.0588341,0.1069,0.355627,0.0520623,3.56864,0.160308,1.41468,0
172.714666667,0.395957,1.36476,0.182754,1.92729,0.00207959,0.0753249,0.72645,0.0687613,2.89002,0.278149,1.90673,0
172.757333333,0.00721489,1.50996,0.200232,1.93259,0.00650309,0.0240665,1.38303,0.0641486,2.12414,0.2404,2.22731,0
172.800000000,0,1.52866,0.201145,1.71681,0.00585084,0.260921,1.92828,0.03884,1.67907,0.131879,2.28038,0
172.842666667,0,1.60354,0.214927,1.51177,0.0302064,0.36862,2.37925,0.0931736,1.31212,0.0732452,2.16881,0
172.885333333,0.100181,1.24521,0.267346,1.34936,0.118654,0.239621,2.8401,0.23237,0.972366,0.0364711,1.91873,0.137977
172.928000000,0.223291,0.932111,0.231217,0.801729,0.134585,0.302505,2.83434,0.453333,0.444075,0.166202,1.83886,0.226273
172.970666667,0.177874,0.817708,0.247798,0.680522,0.122853,0.38765,2.80066,0.310133,0.304906,0.292163,1.95929,0.271415
173.013333333,0.168353,1.31911,0.252893,0.481597,0.110985,0.383352,2.80868,0.125478,0.327948,0.255247,2.11898,0.291563
173.056000000,0.0636048,1.80012,0.160403,0.476633,0.0473477,0.4308,2.97273,0.0381839,0.360093,0.25166,2.16759,0.245963
173.098666667,0,1.93412,0,0.497455,0,0.538339,2.78391,0.107968,0.796718,0.121389,1.36977,1.16695
173.141333333,0,1.07699,0.0371486,1.32381,0,0.458956,1.49952,0.134994,1.7655,0.127307,0.737735,1.51331
173.184000000,0,0.841099,0.0978722,1.42203,0,0.36745,0.757134,0.146335,1.94017,0.0890597,0.797856,1.43275
173.226666667,0,0.784253,0.124094,1.17005,0,0.395256,0.772924,0.101036,1.97335,0.119627,0.937492,1.23487
173.269333333,0,0.830881,0.148084,0.995159,0,0.425579,1.08247,0.138982,1.59129,0.101654,1.09275,1.03085
173.312000000,0,1.18167,0.182706,0.868693,0.0134687,0.443304,1.71368,0.108427,1.44254,0.272081,1.24019,0.59599
173.354666667,0,1.91541,0.258726,0.75996,0.0498532,0.462332,2.14495,0.102208,1.00164,0.324499,1.56762,0.176887
173.397333333,0.14283,1.81471,0.162569,0.955671,0.395998,0.00185984,2.9205,0.105213,0.854963,0.101931,1.63769,0
173.440000000,0.080359,1.68596,0.156398,1.09685,0.436547,0,3.43063,0.0622601,0.740945,0.0637412,1.74218,0
173.482666667,0.0120437,1.94601,0.123252,1.03558,0.408895,0,3.5386,0.0462908,0.821603,0.0662153,1.7775,0
173.525333333,0.0067228,1.9979,0.0296061,0.923142,0.303768,0,3.82987,0.0471155,0.813247,0.0904512,1.70424,0
173.568000000,0.0501483,1.91498,0,1.12947,0.147077,0,3.96779,0.055413,0.763661,0.128704,1.57343,0
173.610666667,0.0627912,1.94138,0.0881519,1.49078,0.0835157,0.00175453,3.89972,0.074576,0.935942,0.14884,1.46796,0
173.653333333,0.00459373,2.02008,0.0947598,1.53429,0.084192,0,3.68889,0.0687822,1.30887,0.155272,1.51382,0
173.696000000,0,2.11275,0.0769906,1.14963,0.0560877,0,3.60692,0.0511614,1.39514,0.141354,1.54339,0
173.738666667,0,2.14745,0.0745025,1.13946,0.0393246,0,3.72483,0.0531029,1.20766,0.0881138,1.38991,0
173.781333333,0,2.01078,0.155713,1.05209,0.0705478,0,3.94928,0.174696,0.825589,0.0580605,1.62714,0.00408016
173.824000000,0.0132993,1.64861,0.215794,0.608045,0.096649,0.0115436,3.97805,0.0830466,0.654388,0.0326773,1.71133,0.530681
173.866666667,0,1.35587,0.196148,0.437966,0.0832657,0.012885,3.81776,0.0136696,0.913104,0.0446753,1.67917,0.7773
173.909333333,0,1.28689,0.175664,0.535824,0.0841498,0,3.76653,0.0222952,0.836696,0.295708,1.64108,0.625714
173.952000000,0.0314406,1.31462,0.175671,0.577828,0.0554202,0,3.86365,0.0251141,0.616093,0.47571,1.48804,0.250207
173.994666667,0.0924909,1.19052,0.148177,0.635727,0,0,4.02864,0.0376174,0.574739,0.386398,1.03205,0.0390501
174.037333333,0.162684,1.29648,0.0725834,0.866116,0.0244793,0,4.23225,0.102983,0.724763,0.131409,0.841347,0.0055028
174.080000000,0.0740772,1.7522,0.141587,0.984413,0.0271205,0.0120164,3.93284,0.140086,1.48567,0.152043,0.825671,0.000280577
174.122666667,0.225734,2.06951,0.213088,1.01465,0.0631529,0.0401727,3.24299,0.125348,2.19294,0.166403,0.749915,0.000272214
174.165333333,0.276274,2.25749,0.244206,0.922115,0.556781,0.0574471,2.58587,0.0614679,2.45403,0.182304,0.644343,0.000291115
174.208000000,0.19032,2.45356,0.185332,0.904432,0.653108,0.037685,2.42685,0.0472591,2.30768,0.135805,0.583471,0.0055431
174.250666667,0.0878988,2.22541,0.0578107,1.0324,0.7051,0.0111024,2.25334,0.0293331,2.21943,0.0805603,0.797355,0.0318157
174.293333333,0.0455863,1.44769,0.023684,1.86103,0.72445,0.0398497,0.768259,0.0128765,2.7136,0.111364,0.39913,1.46123
174.336000000,0,0.697769,0.0441601,1.74298,0.687098,0.0345519,0.167111,0,3.1209,0.115508,0.110458,2.2278
174.378666667,0,0.297693,0.0906326,1.80407,0.854608,0.0277914,0.118288,0,3.22876,0.0814638,0.000291261,2.35277
174.421333333,0,0.159094,0.125954,1.83836,1.06294,0.0258008,0.166657,0,3.17334,0.0705743,0.00057239,2.33647
174.464000000,0,0.0896801,0.0438456,1.82237,1.53676,0.0270054,0.230413,0,3.04835,0.0442446,0,2.18654
174.506666667,0,0,0.0132426,1.66388,1.94091,0.0500069,0.172532,0,2.72623,0.0351189,0,2.08968
174.549333333,0,0,0.152605,1.69333,2.10172,0.28567,0.209221,0.00302996,2.58969,0.0307492,0,2.24776
174.592000000,0,0,0.11873,1.75101,2.05071,0.171919,0.333426,0,2.48632,0.0195909,0.0920826,2.03387
174.634666667,0,0,0.0280018,1.87045,1.89548,0.0529518,0.413646,0.0210336,2.58783,0,0.127913,1.95662
174.677333333,0,0,0.000362318,2.00332,1.74427,0.0815521,0.496981,0.101543,2.58588,0.016813,0.143835,2.065
174.720000000,0,0.018075,0.0248623,1.99129,1.62408,0.205695,0.590423,0.400625,2.60493,0.0367018,0.171946,1.99186
174.762666667,0.258615,0.0344414,0.0373137,2.08711,1.01892,0.209094,0.283586,0.393434,2.85662,0.133947,0.0587055,1.44169
174.805333333,0.210777,0.00615695,0.0207491,2.02238,0.409231,0.0390955,0.475781,0.142889,3.046,0.268832,0,1.33177
174.848000000,0.0796804,0,0.0347973,1.93519,0.628522,0.0308,0.671296,0,3.29696,0.124025,0,1.04168
174.890666667,0.0574496,0.0370049,0.000652224,1.92194,0.851231,0.0235208,0.369133,0,3.39442,0.078382,0,1.01487
174.933333333,0.0342729,0.174651,0.000404254,1.98783,0.925054,0.027372,0.0135676,0.0602842,3.45606,0,0.00127183,1.25811
174.976000000,0.1733,0.0453144,0.00020565,1.9177,1.32121,0.0385808,0.0495074,0.436241,3.50338,0,0.0709899,1.56379
175.018666667,0.242939,0,0.0012811,1.84242,1.86755,0.0781137,0.223204,0.510457,3.00333,0,0.06281,1.59201
175.061333333,0.248486,0,0.00701636,1.86196,1.93975,0.0638151,0.284602,0.287337,2.69062,0.0418183,0.0749011,1.34945
175.104000000,0.21784,0,0,2.1088,1.85489,0.049277,0.267593,0.151464,2.42828,0.0277476,0.119885,1.27095
175.146666667,0.0995732,0,8.87895e-05,2.11755,1.71141,0.164368,0.313587,0.117732,2.58193,0.0522072,0.143998,1.75989
175.189333333,0,0,0.0190748,1.80271,1.45439,0.268163,0.431603,0,2.82457,0.129031,0,2.35603
175.232000000,0.0505946,0.100137,0.378876,1.41837,1.14073,0.0714317,0.376836,0,2.96641,0.184743,0,2.2365
175.274666667,0.0343637,0.161197,0.460963,1.41857,0.854423,0.0368847,0.481833,0,2.87182,0.152113,0,2.43444
175.317333333,0,0.19466,0.424675,1.39095,0.803619,0.0811151,0.575976,0,2.76242,0.10583,0.00655368,2.83456
175.360000000,0.0394487,0.152662,0.41724,1.45826,0.683113,0.0251787,0.551128,0,2.65078,0.107606,0,3.16434
175.402666667,0.0512137,0.0281543,0.29818,1.56276,0.962696,0.0295732,0.621779,0,2.75919,0.0618994,0,2.77382
175.445333333,0,0,0.026186,1.67246,1.4888,0.0345645,0.712955,0.00089039,2.70871,0.0292563,0,2.75936
175.488000000,0,0,0.251316,1.69281,1.73132,0.0337499,0.679134,0.00233926,2.494,0.153608,0.00917687,2.77879
175.530666667,0.0527563,0,0.249778,1.71243,1.70569,0.0279751,0.692535,0,2.40464,0.297693,0.0542504,2.37025
175.573333333,0.163945,0,0.111028,1.78638,1.79101,0.0369384,0.660095,0,2.51742,0.124928,0.0846267,1.69534
175.616000000,0.159641,0,0.0199363,1.78398,1.81667,0.191788,0.634035,0.0796792,2.62496,0.0152937,0.10179,1.44716
175.658666667,0.0311011,0.0489799,0.0579022,1.731,1.51974,0.35353,0.621438,0.311226,2.64164,0,0.107242,1.36828
175.701333333,0,0.690537,0.215834,1.69195,0.366113,0.210545,0.671387,0.085009,2.66677,0.0104642,0,1.52684
175.744000000,0,0.943626,0.238724,1.75744,0.00974571,0.0453024,0.65121,0.0782108,2.41171,0.0443478,0,1.36806
175.786666667,0.0259018,0.957318,0.159548,1.81536,0.0424585,0.11814,0.600644,0.0705679,2.06218,0.39436,0,1.07333
175.829333333,0.00166493,0.839409,0.0641374,1.89323,0.262676,0.0986667,0.544852,0.0768807,2.03818,0.658039,0,1.347
175.872000000,0,1.2293,0.0487416,1.82671,0.0132542,0.0707265,0.533977,0.465542,1.74284,0.621676,0,1.18593
175.914666667,0.114613,2.02169,0.0230615,1.60216,0.0284246,0.216978,1.24461,0.620965,1.33101,0.738945,0.218787,0.363046
175.957333333,0.213728,2.0828,0.0174661,1.59055,0.0305866,0.224646,1.98295,0.0917069,1.68599,0.299487,0.120844,0.0337639
176.000000000,0.247834,1.96501,0,1.70756,0.0175148,0.115004,1.94742,0.0972333,1.9716,0.0616638,0.00151466,0.22589
176.042666667,0.234673,1.80126,0,1.44982,0.00243382,0.0583545,1.62834,0.0780969,2.2902,0,0.00420544,0.20092
176.085333333,0.197578,1.6852,0,1.57777,0.011708,0.0780634,1.19385,0.185765,2.20236,0.0249801,0.00314233,0.224268
176.128000000,0.0553071,2.07691,0.0849018,1.3791,0.0714588,0.125132,1.04027,0.323561,1.6286,0.16676,0.00139532,0.202427
176.170666667,0,2.27102,0.124571,1.01872,0.0574237,0.0836513,1.02484,0.0348876,1.41683,0.235454,0.000328268,0.107147
176.213333333,0,2.20432,0.169455,1.20358,0.135579,0.0699489,1.21055,0.00538681,1.55187,0.371892,0,8.74423e-05
176.256000000,0,2.148,0.145884,1.1959,0.0238276,0.0549027,1.85185,0.0216308,1.98638,0.671341,0.258976,5.2061e-05
176.298666667,0.0498137,2.38135,0.0636538,1.04863,0,0.0662078,2.42228,0.0379298,2.06937,0.578911,0.668545,7.07811e-05
176.341333333,0.0719041,2.28371,0,1.12402,0,0.243411,2.59824,0.0706763,1.60079,0.131628,0.738981,0.415584
176.384000000,0,1.61725,0.00207121,1.47708,0.0730779,0.38237,2.55918,0.126444,1.82063,0.114327,0.206759,0.803697
176.426666667,0,1.44012,0.0150851,1.29038,0.0946213,0.475339,2.19721,0.143752,1.92812,0.104836,0.387184,0.857168
176.469333333,0,1.85273,0.107724,1.1903,0.0981459,0.488274,1.71736,0.183328,1.4827,0.0706474,0.931981,0.736971
176.512000000,0.0218345,1.94928,0.167933,1.05279,0.060018,0.41151,1.95143,0.158067,1.1585,0.065884,1.71158,0.25504
176.554666667,0,1.94702,0.125749,0.96957,0.0744322,0.363106,2.14827,0.144307,0.982922,0.0964532,2.37775,0.000128689
176.597333333,0.130253,1.45909,0.134543,0.571522,0.117195,0.359263,2.39987,0.184845,0.432059,0.152592,2.50181,0.0146031
176.640000000,0.038738,0.974959,0.214602,0.927141,0.116764,0.413214,2.36214,0.0502501,0.422851,0.162058,2.04259,0.0405104
176.682666667,0.000130364,0.695002,0.322518,1.35242,0.084133,0.471768,2.57356,0.02178,0.675281,0.0798912,1.82629,0.0454391
176.725333333,0,0.608456,0.391916,1.39936,0.0359809,0.505419,2.68588,0.00870382,0.950715,0.0807011,1.81524,0.0387365
176.768000000,0.00981784,1.11378,0.376798,1.1049,0.00101787,0.471111,2.61197,0.0259454,1.09176,0.0959078,2.17446,0.0105791
176.810666667,0.00450227,0.548486,0.292819,0.975075,0,0.414219,2.02255,0.600068,1.15938,0.114246,1.69401,0.432093
176.853333333,0,0.379611,0.176433,1.34478,0,0.551874,1.36331,0.810093,1.22613,0.12826,1.38464,0.492695
176.896000000,0,0.478265,0.137667,1.4011,0,0.661147,1.11649,0.448461,1.22366,0.115696,1.41728,0.540094
176.938666667,0,0.467836,0.125311,1.26156,0.00475641,0.64562,1.36183,0.060499,1.40229,0.149305,1.52829,0.50354
176.981333333,0,0.751743,0.113673,1.28782,0.0266833,0.559295,1.59603,0.0707352,1.13908,0.121098,2.02318,0.246273
177.024000000,0.290704,1.46476,0.239044,1.14545,0.136456,0.442516,1.64983,0.154164,0.827335,0.0996234,2.5689,0.00051765
177.066666667,0.761725,1.67413,0.187481,0.778588,0.23726,0.288603,2.11793,0.0169056,0.511639,0.0107873,2.66386,0.000658808
177.109333333,0.931963,1.14416,0.22116,0.829962,0.170031,0.464844,2.42935,0,0.591423,0.0162817,2.54769,0.000598867
177.152000000,1.03252,1.03696,0.202176,0.881983,0.127203,0.517291,2.27464,0.00919357,0.775675,0.0452942,2.53804,0.000316576
177.194666667,0.959319,1.49455,0.22792,0.549514,0.0615718,0.514957,2.01028,0.0260049,0.870097,0.0779957,2.8301,0
177.237333333,0.789062,1.6635,0.143401,0.739355,0.0498971,0.514716,2.03035,0.060187,0.951307,0.121,2.97205,0
177.280000000,0.504479,1.79933,0.187198,1.30304,0,0.520257,1.92845,0.0797285,1.17113,0.145727,2.79104,0
177.322666667,0.153484,1.6699,0.231599,1.44074,0,0.515014,1.89727,0.0998745,1.6716,0.155096,2.58247,0
177.365333333,0.0512615,1.77336,0.226799,1.33242,0,0.448277,1.93573,0.0839129,1.85646,0.130101,2.4337,0
177.408000000,0.00100947,1.72918,0.172779,1.37029,0,0.493752,2.05339,0.0720082,1.83611,0.0828837,2.38939,0
177.450666667,0,1.51487,0.0802477,1.06209,0.077292,0.483346,2.39226,0.0710451,1.7426,0.107583,2.63306,0.000192485
177.493333333,0.0612748,1.06079,0.122058,0.648415,0.136614,0.574163,2.6697,0.286676,1.04429,0.0980257,2.305,0.31028
177.536000000,0.102608,1.08548,0.121461,0.912484,0.260742,0.531595,2.26566,0.678854,0.63303,0.0944793,1.46319,0.741055
177.578666667,0.068486,1.26822,0.158903,1.41287,0.369583,0.351587,1.85751,0.92584,0.398341,0.0869894,1.34802,0.475655
177.621333333,0.084438,1.51608,0.158996,1.45916,0.338482,0.302344,1.59641,1.07062,0.402513,0.0788803,1.4769,0.14477
177.664000000,0.151755,1.64958,0.0989032,1.25618,0.159537,0.641503,1.78028,1.21809,0.548357,0.0822496,1.67178,0.0700052
177.706666667,0,1.74722,0.0157239,1.01391,0.0205876,1.10574,2.2217,0.899055,0.60633,0.116858,2.09751,0.0356709
177.749333333,0.070293,1.75781,0.149513,1.15057,0.00992548,1.16361,2.13926,0.41616,0.638061,0.141247,2.14363,0.426546
177.792000000,0.390905,1.77664,0.216113,1.36114,0.00936881,0.886811,1.53487,0.159361,1.75891,0.177363,2.03807,0.510045
177.834666667,0.606721,1.78258,0.248302,1.70811,0.226428,0.129883,1.5859,0.101041,2.47418,0.225639,1.72849,0.253048
177.877333333,1.00677,1.40969,0.256873,1.84193,0.533018,0.00347752,2.10867,0.0691952,2.42922,0.150531,1.62864,0
177.920000000,1.21317,0.93474,0.174947,2.01582,0.574754,0.084838,2.28202,0.162277,2.26156,0.077835,1.31921,0.000225376
177.962666667,0.024398,0.674938,0.0898464,2.27445,0.679111,0.189063,1.32744,0.129277,2.49681,0.199971,0,1.5298
178.005333333,0,0.336944,0.10849,2.02067,0.824489,0.145612,0.613243,0.0158559,2.8583,0.154456,0,2.15163
178.048000000,0,0.271191,0.446147,1.61326,1.20578,0.132208,0.0831414,0,2.92776,0.0882677,0,2.35681
178.090666667,0,0.169502,0.598557,1.61971,1.24076,0.0883086,0.0480897,0,3.10783,0.047732,0.00386754,2.50368
178.133333333,0,0.10169,0.634885,1.76402,1.22666,0.0296979,0.115894,0,3.37249,0.0370834,0.00656631,2.57148
178.176000000,0,0.0229145,0.052629,1.81034,1.69226,0.0305014,0.279139,0,3.38238,0.00753256,0.121882,2.26121
178.218666667,0,0.0222445,0.00146812,1.77127,2.13617,0.09822,0.379154,0.0322737,2.70564,0.3363,0.176911,1.49521
178.261333333,0,0.0268887,0.000119074,1.60727,2.3681,0.0913861,0.297367,0.0554566,2.4668,0.498323,0.222117,0.828995
178.304000000,0,0.0222104,0,1.4539,2.56478,0.0267194,0.309092,0.0822749,2.44807,0.389855,0.356622,0.903512
178.346666667,0.0375302,0.00546238,0,1.22245,2.64619,0.192552,0.444478,0.00561053,2.53844,0.286353,0.187554,1.55665
178.389333333,0,0.000104201,0.00566814,1.86868,2.33443,0.371317,0.507716,0.0753829,2.76026,0.044509,0.149687,2.02374
178.432000000,0,0,0.0519484,1.90361,1.58251,0.403551,0.273743,0.339606,2.65703,0.243677,0.0507127,1.92349
178.474666667,0,0,0.033677,1.87507,0.99487,0.0798676,0.340199,0.159954,2.47942,0.451791,0.00701447,1.42568
178.517333333,0,0,0.0149075,1.60835,1.28608,0.0889092,0.552308,0,2.63931,0.455537,0.117601,0.938669
178.560000000,0.0161287,0,0.0119018,1.4878,1.43711,0.0829995,0.629541,0,2.74514,0.384603,0.219814,0.569745
178.602666667,0.0763798,0,0.00455296,1.36104,1.60589,0.0568028,0.36807,0,2.60304,0.344558,0,0.938567
178.645333333,0.0401736,0,0.000765759,1.13324,1.92429,0.0429173,0.20561,0.496221,2.20014,0.190193,0.0154989,1.14224
178.688000000,0.0253604,0,0.0136854,0.847866,2.60929,0.194124,0.210757,0.870472,2.12437,0.013258,0.00391134,1.14526
178.730666667,0.0334926,0,0.0118845,0.911585,2.64081,0.20344,0.265182,0.632226,2.1586,0,0.00269546,1.50236
178.773333333,0.0298285,0,0,1.10905,2.65179,0.118664,0.320869,0.453718,2.15884,0,0.00134196,1.71288
178.816000000,0.0236527,0,0.000260244,1.50417,2.67886,0.163592,0.327778,0.361137,2.04274,0,0.0119104,1.83008
178.858666667,0.0670899,0,0.093577,1.87535,2.57295,0.239703,0.485143,0.0351155,2.21917,0,0.0202031,1.87508
178.901333333,0.174226,0,0.109862,1.62445,2.29849,0.265863,0.633116,0,2.90564,0.0705557,0,1.78467
178.944000000,0.1756,0.0136382,0.0126293,1.10132,2.41144,0.0455295,0.619306,0,3.14147,0.156896,0,2.00357
178.986666667,0.0269344,0.0222661,0.0258752,0.777495,2.60881,0.0309532,0.679648,0,3.07855,0.0293118,0,2.56258
179.029333333,0.0538127,0,0.0169785,1.0441,2.30719,0.0245206,0.679918,0,2.93519,0.000378205,0,2.97346
179.072000000,0.0118705,0,3.55151e-05,1.39736,1.81259,0.0270505,0.653044,0,2.6613,0.000432033,0,3.22859
179.114666667,0,0,0.000851903,1.70386,1.80255,0.0356519,0.556108,0,2.38023,0,0,3.14699
179.157333333,0,0,0.00251882,1.98567,2.39152,0.162161,0.577419,0,1.93799,0.267965,0.0483747,2.4362
179.200000000,0,0,0.000119994,1.52351,2.80939,0.108598,0.636818,0,1.93546,0.27993,0.148075,1.79428
179.242666667,0.118777,0,0,1.14704,2.95002,0.0409386,0.507834,2.84629e-05,2.52654,0.0729335,0.159193,1.41308
179.285333333,0.0666765,0,0.000426889,0.78401,2.93521,0.122995,0.329657,0.00908343,2.98915,0.0179632,0.0714946,1.46021
179.328000000,0.150044,0,0.0524164,0.495882,2.65754,0.260507,0.230292,0.365211,3.2882,0.0599826,0,1.31483
179.370666667,0.358163,0,0.0451161,0.678426,2.44663,0.142265,0.0707003,0.356458,3.34368,0.255904,0,0.744519
179.413333333,0.311039,0,0.00214495,1.18287,2.25676,0.0568506,0.370822,0.0532667,3.34147,0.382317,0.00028208,0.835037
179.456000000,0.196142,0,0.00104291,1.4317,2.15228,0.0454974,0.510126,0,3.26142,0.335301,0.0017332,1.04966
179.498666667,0.162056,0,0.000510457,1.50054,1.94441,0.0307085,0.518031,0.0145645,3.04334,0.180434,0.00237957,1.28944
179.541333333,0.10616,0.00373691,0.000198627,1.53678,1.68895,0.0314334,0.197154,0.146335,2.94116,0.060366,0.000633649,1.34305
179.584000000,0.0998505,0,0.000577844,1.23548,1.87793,0.0314208,0.169376,0.536463,3.06876,0.0681382,0,1.34686
179.626666667,0.199782,0,0.00137208,0.850363,2.47673,0.11749,0.171427,0.588172,3.09021,0.146768,0,1.34817
179.669333333,0.309024,0,0.219944,0.625639,2.32904,0.528767,0.0940986,0.384807,3.089,0.000678463,0,1.64891
179.712000000,0.284538,0.000973953,0.203012,1.10531,2.09744,0.618744,0.136647,0.359353,2.97249,0.0704302,0.0417054,1.8841
179.754666667,0.344235,0,0,1.73015,1.71687,0.37857,0.198264,0.367577,2.8858,0.234974,0.048591,2.15866
179.797333333,0.0807528,1.5609,0.160979,1.20743,1.28561,0.531467,0.00348908,0.0137016,1.80208,0.884007,0.053626,0.927572
179.840000000,0.376942,2.04616,0.189734,0.725729,1.56999,0.51182,1.16633e-05,0.0680491,1.96522,0.620481,0.107556,9.15576e-05
179.882666667,0.754829,2.13265,0.139128,0.680273,1.58387,0.266018,0,0.0456472,2.13865,0.312455,0.142186,3.04558e-05
179.925333333,0.772531,2.06725,0.105386,0.581084,1.68812,0.21721,0,0.0379342,2.28633,0.208522,0.158788,0
179.968000000,0.813989,1.89668,0.031208,0.486951,1.58725,0.190879,0.0221447,0.0450796,2.26679,0.546762,0.148398,0
180.010666667,0.801062,1.74284,0.00797258,0.503745,1.1983,0.311249,0.163086,0.0601016,1.70487,1.64953,0.121455,0
180.053333333,0.669434,1.4522,0.045083,1.21182,0.484884,0.283559,0.821549,0.0794539,1.0046,2.12005,0.583702,0
180.096000000,0.338276,1.2638,0.135452,1.42826,0.330582,0.276994,1.32815,0.0835146,1.29697,1.33092,1.28298,0
180.138666667,0,1.27195,0.231146,1.19426,0.103958,0.400515,1.94768,0.0529804,1.35477,0.52759,1.98871,0
180.181333333,0,1.05826,0.330453,0.978655,0,0.503111,2.41897,0.0523539,1.29309,0.0872464,2.2892,0
180.224000000,0,0.837957,0.0906688,0.462089,0.143694,0.467959,2.59571,0.160085,1.19331,0.106235,2.40533,0
180.266666667,0,0.556272,0.103117,0.296154,0.223939,0.406327,2.72859,0.238335,0.776421,0.0454588,2.774,0.000241324
180.309333333,0.0624338,0.578783,0.172493,0.363668,0.227892,0.709749,2.54617,0.163889,0.587429,0.00319954,2.84724,0.0740285
180.352000000,0.016067,0.684604,0.219997,0.810505,0.181292,0.80456,2.19693,0.021921,0.673158,0.00673599,2.79623,0.051161
180.394666667,0,0.897412,0.23385,1.04521,0.105923,0.623759,1.95578,0.0244673,0.765118,0.0501398,2.7646,0.011747
180.437333333,0.22184,1.13186,0.220311,1.18376,0.00902461,0.470086,1.87368,0.0398542,0.956843,0.106279,2.65379,0.000513605
180.480000000,0.195966,1.52214,0.217609,1.20965,0.0249276,0.654255,1.73435,0.0837966,1.23794,0.173812,2.28196,0.000338117
180.522666667,0.0607295,0.60811,0.284765,1.46674,0,0.547309,1.53964,0.248957,1.33639,0.227029,1.35137,1.06349
180.565333333,0.047108,0.511428,0.204087,1.48313,0.0605757,0.457797,1.87656,0.109103,1.30586,0.207918,1.20266,0.874316
180.608000000,0.0179204,0.828161,0.199495,0.944561,0.298233,0.282266,2.01126,0.0689433,1.23756,0.167817,1.46664,0.656132
180.650666667,0,1.33246,0.154442,0.72185,0.503606,0.112041,1.99592,0.0506346,1.04132,0.444968,1.65331,0.336621
180.693333333,0.0251725,1.69274,0.191536,0.553608,0.584469,0.0658115,1.80585,0.0743248,0.95023,0.644498,1.73464,0.106167
180.736000000,0.0496252,1.66204,0.178844,0.728661,0.672085,0.00671011,2.01436,0.0685928,0.907955,0.593446,1.84354,0
180.778666667,0.0369192,1.96315,0.18713,0.991589,0.800943,0,2.31779,0.0670296,0.84227,0.308135,1.67508,0
180.821333333,0.131849,1.93229,0.189873,1.09102,0.580655,0,3.0479,0.0431917,0.772487,0.0868296,1.76346,0
180.864000000,0.249136,1.71727,0.138386,0.985788,0.403966,0,3.6358,0.041509,0.728038,0.0590695,1.81242,0
180.906666667,0.387656,1.85314,0,0.797678,0.218788,0,3.92805,0.0630651,0.680555,0.106323,1.80183,0
180.949333333,0.42412,1.95106,0.047561,1.00255,0.12954,0,3.98317,0.0924735,0.724969,0.122261,1.56345,0
180.992000000,0.133122,2.06678,0.253802,0.870579,0.157611,0.000625016,3.78064,0.120385,1.04553,0.102973,1.35907,0
181.034666667,0.0501818,2.23804,0.314296,0.548377,0.164153,0,3.69771,0.117559,1.22018,0.113893,1.48386,0
181.077333333,0.0491746,2.31491,0.362681,0.621785,0.140591,0,3.68364,0.0649141,1.20486,0.0700039,1.58763,0
181.120000000,0,2.08833,0.37128,0.544832,0.120211,0,3.78095,0.0709738,1.10141,0.103483,1.76328,0
181.162666667,0.157206,1.88546,0.17866,0.345544,0.201756,0,3.73151,0.253734,0.841131,0.106057,2.01538,0.0622961
181.205333333,0.327649,1.61284,0.185438,0.296293,0.159439,0.0361913,3.54855,0.573916,0.491919,0.0510323,2.02065,0.315808
181.248000000,0.109736,1.50964,0.172675,0.502195,0.16252,0.0631817,3.33601,0.664599,0.328631,0.259781,1.58838,0.247031
181.290666667,0.0670116,1.63062,0.159242,0.790256,0.109868,0.0483299,3.1507,0.833593,0.317068,0.494606,1.25473,0.0636849
181.333333333,0,1.67143,0.14382,0.731839,0.042917,0.0308593,3.36206,1.05579,0.35605,0.582525,1.13645,0.0411708
181.376000000,0,1.98079,0.100004,0.594691,0.0297065,0.0342619,3.64302,0.804179,0.548732,0.508748,1.31225,0.0067264
181.418666667,0.0119474,2.00776,0.0402494,0.661658,0.0437206,0.146027,3.68084,0.211799,0.864499,0.14468,1.25277,0.00397529
181.461333333,0,2.16944,0.105358,0.696978,0.0476028,0.436208,3.34173,0.137378,1.3604,0.145797,1.02968,0.000212819
181.504000000,0,2.39827,0.154528,0.707066,0.0732437,0.529662,3.07605,0.0628693,1.98757,0.175335,1.06793,0.000131516
181.546666667,0,2.25679,0.20918,0.852134,0.379133,0.21364,2.79404,0.0262563,2.32471,0.144625,1.24065,0
181.589333333,0,2.17802,0.279571,1.05057,0.604482,0.0291167,2.58383,0.148437,2.11237,0.0999871,1.34955,6.62841e-05
181.632000000,0.115457,1.75531,0.109233,1.84516,0.337464,0.0237824,2.54275,0.224849,2.13711,0.103966,0.955059,0.062999
181.674666667,0.13758,1.14794,0.386013,1.54657,0.415269,0.0275063,1.01345,0.00237453,3.05145,0.0784461,0.243897,1.77922
181.717333333,0,0.565943,0.575406,1.70935,0.805323,0.0309215,0.423312,0,3.19638,0.0212615,0.0895609,2.20921
181.760000000,0.0299804,0.193042,0.554245,1.76842,0.957087,0.0258864,0.318893,0,3.25994,0,0.00170614,2.63912
181.802666667,0.0890366,0.0632475,0.518719,1.7398,1.00296,0.0230408,0.50334,0,3.38545,0.00317175,0.00228965,2.85972
181.845333333,0.0620829,0,0.397396,1.82522,1.09748,0.0268791,0.423566,0,3.15652,0,0.0646551,2.84944
181.888000000,0,0,0.0065304,1.91867,1.48494,0.0280588,0.286783,0.46695,2.40564,0,0.0196937,2.6347
181.930666667,0,0,0.0210127,1.76837,1.69111,0.0131067,0.580362,0.708834,1.67177,0,0,2.86747
181.973333333,0,0,0.00111116,1.72354,1.64785,0.0197342,0.709285,0.848732,1.13109,0.0920089,0,2.82124
182.016000000,0,0,0,1.8112,1.52452,0.0891562,0.686799,0.716911,1.37272,0.268903,0.0613189,2.50447
182.058666667,0,0,0,1.72193,1.53522,0.317203,0.574596,0.499404,2.08226,0.061969,0.184571,2.38625
182.101333333,0.190522,0.0211462,0.152089,1.44933,1.45272,0.405782,0.726418,0.594157,2.17413,0.101826,0.0925461,2.11038
182.144000000,0.272003,0.00722336,0.0514479,1.47627,1.03303,0.168543,0.801986,0.274832,1.78702,0.172585,0,2.19642
182.186666667,0.0782037,0,0.0561045,1.65964,0.836093,0.0777346,0.959989,0.101001,1.49563,0.0975211,0.0117106,2.69955
182.229333333,0.148486,0,0.178881,1.68012,0.839494,0.0725803,1.01003,0.00611223,1.16082,0.0989388,0.00635949,2.77215
182.272000000,0.105844,0,0.1764,1.5521,0.994785,0.061823,0.739497,0.138553,0.941994,0.0386206,0.127296,2.36285
182.314666667,0.0388774,0.101842,0.0974498,1.24826,0.97492,0.0509453,0.4378,0.338372,1.0269,0.000323408,0.142782,1.9585
182.357333333,0,0,0.0107014,1.02486,1.22861,0.18136,0.463256,0.559911,1.603,0.00167383,0.105989,2.09129
182.400000000,0,0,0.00118899,1.04214,1.81053,0.255774,0.476526,0.37992,1.85379,0.00159727,0.0698781,2.4513
182.442666667,0,0,0.00400136,1.27945,2.01895,0.0596843,0.517686,0.124779,1.94914,0.000684591,0.0458216,2.65948
182.485333333,0,0.00352535,0.000115965,1.47492,2.06622,0.0752181,0.499898,0.0184163,2.08199,0.00023834,0.164928,2.56971
182.528000000,0,0.0583335,0.000550787,1.74746,1.7224,0.194501,0.481562,0,1.99596,0.0270148,0.189805,2.67944
182.570666667,0,0.127799,0.0258417,1.81266,1.36991,0.17083,0.631844,0,1.51337,0.295212,0.0488757,2.84857
182.613333333,0,0.0261112,0.0245226,1.085,1.53865,0.0789387,0.592499,0,1.49369,0.291772,0,2.74282
182.656000000,0,0,0.0120906,0.82619,2.48273,0.0354552,0.5598,0.0146386,1.37661,0.0752359,0,2.60736
182.698666667,0,0,0.140059,0.465939,3.30796,0.0397994,0.513783,0.0899022,1.25473,0,0,2.58996
182.741333333,0,0,0.268851,0.280681,3.72494,0.0486956,0.399807,0.0580901,1.45961,0,0.0327107,2.55235
182.784000000,0,0.00026642,0.223078,0.184406,4.01545,0.0751243,0.202293,0,1.88905,0,0.0277981,2.61833
182.826666667,0,0.0141386,0.0779701,0.232587,4.08817,0.147745,0.182599,0,1.93795,0.142506,0.0856522,2.77291
182.869333333,0,0.00927552,0.0277081,0.294628,3.99224,0.290145,0.339547,0.000355877,1.93431,0.0427459,0.128494,2.89234
182.912000000,0,0,0.011466,0.398295,3.70899,0.162677,0.408246,0,2.24269,0,0.140315,2.9705
182.954666667,0,0,0.015985,0.528247,3.71382,0.289622,0.351302,0,2.36652,0,0.12052,2.90557
182.997333333,0,0.00741554,0.139734,0.2103,3.65799,0.382281,0.306981,0.399382,2.63821,0.149023,0.0570441,2.73505
183.040000000,0.0802216,0,0.246081,0.134109,3.53199,0.354017,0.113353,0.734542,2.67839,0.192304,0.000174311,1.98855
183.082666667,0.26627,0.0209104,0.0758898,0.42034,3.26655,0.21267,0.211765,0.326522,2.38788,0.137988,0.00049968,1.93811
183.125333333,0.118657,0.00155213,0.10847,0.350243,3.16431,0.138715,0.677834,0.0589782,2.18271,0.215246,0.00059069,2.05593
183.168000000,0.0860259,0,0.15352,0.164691,3.18634,0.09481,0.911029,0.0374502,1.87005,0.368767,0.180585,2.0047
183.210666667,0.02295,0.149227,0.13798,0.0872333,3.25581,0.0375503,0.566259,0.0803488,1.49039,0.283484,0.262028,2.05088
183.253333333,0,0.105346,0.0401977,0.0702083,3.31733,0.0366577,0.424127,0.512313,1.61779,0.117668,0.149109,2.11556
183.296000000,0,0,0.00148784,0.221768,3.49552,0.0643729,0.490296,0.667592,1.86168,0.000623255,0.259778,2.26636
183.338666667,0,0,0.000297812,0.240056,3.43363,0.0479568,0.565456,0.316796,1.97653,0.0038189,0.393646,2.51953
183.381333333,0,0,0.000365365,0.205171,3.08845,0.0399063,0.653329,0.00268699,2.0305,0.0303114,0.390535,2.66796
183.424000000,0,0.00530675,0,0.214101,2.89911,0.116434,0.696323,0.0349669,1.72489,0.0687554,0.428681,2.66877
183.466666667,0,0.164427,0.0549329,0.162829,2.27853,0.303881,0.699908,0.115104,1.29015,0.167034,0.617929,2.74971
183.509333333,0,1.37186,0.216242,0.0799907,1.60134,0.229532,0.23667,1.00593,0.149995,0.402112,0.936512,2.17947
183.552000000,0,1.68124,0.337067,0.411668,0.527129,0.296588,0.0144385,1.92528,0.0137009,0.434675,1.45495,0.94416
183.594666667,0,1.4828,0.337487,0.700626,0.0229004,0.311576,0,2.67822,0.0331379,0.31037,1.92309,0.0350307
183.637333333,0,1.20931,0.289278,1.01385,0.019381,0.30044,0,3.15922,0.0119892,0.151132,1.84328,0.0832193
183.680000000,0,0.839755,0.306013,1.39924,0.0183014,0.148442,0,3.39085,0.0196314,0.096661,1.68375,0.166762
183.722666667,0,0.614304,0.377466,2.58647,0.0237355,0.054607,0.0127546,3.47458,0.0202728,0.0395248,1.23934,0.274821
183.765333333,0,0.299161,0.330012,3.40551,0.0197948,0.065049,0.0176191,3.26672,0.0158621,0,1.11464,0.712678
183.808000000,0,0.322268,0.361996,3.45606,0.0355916,0.0521981,0,3.15283,0.010241,0.000497013,1.12691,1.0189
183.850666667,0,0.226634,0.299391,3.41256,0.0426813,0.0604562,0,3.18045,0.0420255,0,1.05487,1.32133
183.893333333,0,0.0745669,0.287484,3.57205,0.122132,0.0531349,0,3.01754,0.0674592,0,0.860936,1.62014
183.936000000,0.386499,0.0524518,0.349031,3.61591,0.335038,0.0237204,4.53728e-05,2.83978,0.0148353,0,0.729579,1.76958
183.978666667,0.482583,0.0887459,0.294902,2.653,0.0557931,0.0328528,0.363871,2.70642,0.0222471,0.068891,0.963826,1.13918
184.021333333,0.217752,0.0585101,0.369056,1.25973,0.0337533,0.0297149,0.623456,2.5332,0.00878742,0.0964325,1.42655,0.157476
184.064000000,0.154807,0.0336084,0.608255,0.764042,0.0203672,0.101491,0.743599,2.32379,0.000352509,0.0708645,1.89947,0.000604103
184.106666667,0.130894,0.00882719,0.696391,0.63064,0.0248408,0.0217287,0.827363,2.101,0,0.0686219,1.97833,0.0601178
184.149333333,0.179153,0,0.540987,1.4144,0.0132378,0.0204526,0.726021,1.95513,0.460524,0.104244,1.38719,0.287352
184.192000000,0.0707925,0.000526642,0.0937377,2.6652,0.0171138,0.039406,0.480203,2.03377,0.710289,0.115384,0.659742,1.44756
184.234666667,0,0.00318754,0.11547,3.18268,0.167661,0.0507142,0,1.72702,0.557974,0.0807,0.840733,1.85082
184.277333333,0,0.0142034,0.258545,3.09139,0.254248,0.0427668,0,1.35574,0.253419,0.0786808,0.99532,1.98312
184.320000000,0,0,0.198865,3.0325,0.173027,0.0344574,0,0.950132,0.121708,0.137794,0.840958,2.17519
184.362666667,0.0445944,0,0.227956,2.89162,0.210286,0.0186719,0.0621878,0.642767,0.0531845,0.121823,0.796995,2.28156
184.405333333,0.000611403,0.0172659,0.84776,2.58215,0.0660632,0.0189464,0.0937437,0.63128,0,0.0604761,1.14227,2.11489
184.448000000,0,0.059647,1.97863,1.94534,0.319988,0.110199,0.00427602,1.1495,0,0.028477,2.31502,0.209966
184.490666667,0,0.0606058,1.84025,1.95068,0.31573,0.030856,0,1.61319,0.0297132,0.0167549,2.58535,0.00948148
184.533333333,0,0.0491366,1.63288,2.0135,0.108838,0.00325272,0,1.9213,0.0234664,0,2.83691,0.00417523
184.576000000,0,0.0262121,1.2905,2.54155,0.107693,0.00158504,0,1.98667,0,0,2.86357,0
184.618666667,0.583727,0.0531478,0.461117,3.45986,0.081315,0.00457508,0,1.77529,0,0.0194666,2.56155,0.146997
184.661333333,0.960641,0.061151,0.296821,3.71324,0.110244,0.113833,0,1.81855,0.00543846,0.0578668,1.698,1.13651
184.704000000,0.86623,0.0421281,0.317728,3.88951,0.375687,0.212082,0,1.70127,0.00961674,0,1.39834,1.5792
184.746666667,0.764583,0.0696793,0.251291,3.85936,0.284575,0.171264,0.00482258,1.55727,0.0106088,0.0721268,1.23075,1.92875
184.789333333,0.500773,0.132651,0.137575,3.89314,0.164484,0.112261,0.0229527,1.72222,0.0158736,0.175576,1.58818,1.96955
184.832000000,0.0868103,0.109877,0.221224,3.21448,0.21421,0.114533,0,2.14282,0.0240953,0.115026,1.9257,1.75228
184.874666667,0.334501,0.115828,0.568238,2.13305,0.479014,0.103583,0.166376,1.63362,0.0638856,0.21266,1.38737,1.60829
184.917333333,0.904082,0.133223,0.700771,1.89735,0.180064,0.124085,0.371131,0.970785,0.0943461,0.305615,0.620911,1.58944
184.960000000,1.00481,0.112475,0.845486,2.01514,0.0355361,0.167273,0.646909,0.267386,0.0777344,0.280463,0.373942,1.27032
185.002666667,0.760133,0.0987276,0.964495,1.76444,0.0277775,0.121172,0.613688,0.303676,0.042335,0.298734,1.06094,0.964774
185.045333333,0.165502,0.0561684,0.755041,2.46809,0.0208344,0.107765,0.395039,0.528404,0.0149896,0.344074,1.69938,0.544924
185.088000000,0,0.00610778,0.262988,3.3903,0.0243466,0.0165786,0.0398578,0.617163,0.0110884,0.414588,2.28945,0.228132
185.130666667,0,0,0.371463,3.38662,0.105935,0.0243895,0.0532826,0.981308,0.00334457,0.235067,2.40069,8.65225e-06
185.173333333,0.0898541,0.000440125,0.408156,3.02292,0.298624,0,0.0263305,0.992646,0.065198,0.0202941,2.15141,0.0254553
185.216000000,0.122566,0.00433019,0.299053,2.79931,0.179155,0.00581962,0.116929,1.08547,0.137548,0.00829589,1.87401,0
185.258666667,0,0.0137257,0.209072,2.85236,0.155923,0.0530174,0.505887,1.00963,0.145757,0.0081448,1.52028,0.0432309
185.301333333,0,0.0506652,0.14126,2.89948,0.267037,0.0577011,0.820655,0.865207,0.161581,0.121429,1.2208,0.000270186
185.344000000,0.185414,0.110525,0.0809374,2.54111,0.30424,0.124573,0.784671,0.575279,0.946877,0.321771,0.314294,0.411933
185.386666667,0.306309,0.165467,0.127707,2.35263,0.280045,0.219099,0.652989,0.257193,1.64753,0.502843,0.0190241,1.67786
185.429333333,0.321319,0.18194,0.21148,2.35033,0.153156,0.180476,0.123348,0.113769,2.34082,0.289074,0.0449716,2.27248
185.472000000,0.517851,0.12051,0.200061,2.15418,0.0455777,0,0.353717,0.0296856,2.80549,0.113224,0.000669929,2.3956
185.514666667,0.378879,0.0199484,0.145048,1.91968,0,0,0.399944,0.0321528,3.09366,0.0911885,0.00302964,2.55048
185.557333333,0.0230937,0.179318,0.0486772,1.80022,0,0,0.409231,0.105482,2.97488,0.132366,0.00422431,2.55872
185.600000000,0.0326189,0.229017,0.132936,1.9792,0.00247241,7.61038e-05,0.602295,0.099016,2.90153,0.151365,0.030931,2.40175
185.642666667,0.38499,0.0960969,0.268681,2.23444,0.0243954,0.00869238,0.728808,0.100378,2.8858,0.152526,0.151639,1.47032
185.685333333,0.606151,0.0813543,0.440776,2.19408,0.0449761,0,0.714762,0.0762907,2.96736,0.125513,0.536814,0.0475014
185.728000000,0.32504,0.367381,0.555911,2.0216,0.0310596,0,0.57625,0.0332252,2.8683,0.110174,0.457401,0.175044
185.770666667,0.146236,0.871543,0.202293,1.93328,0.0232573,0.0340185,0.174077,0.136259,3.05932,0.155738,0.000174115,0.80004
185.813333333,0.113795,0.185606,0.393653,1.89423,0.127085,0.11037,0.555436,0.0545172,3.24225,0.0896904,0,0.964893
185.856000000,0.0258283,0.168896,0.385486,1.86273,0.151455,0.0712975,0.69128,0.113677,2.88911,0.0521353,0,1.24684
185.898666667,0,0.162612,0.329214,1.93701,0.133127,0.0760745,0.655697,0.131822,2.62026,0.0527067,0.00051711,1.49452
185.941333333,0,0.13496,0.309672,1.90184,0.0767358,0.0640264,0.572849,0.0951026,2.66816,0.0816104,0.00102555,1.65946
185.984000000,0,0.0794037,0.244529,1.66235,0,0.0286977,0.486007,0.0895933,2.97278,0.125849,0.0210714,1.81046
186.026666667,0,0,0.0666709,1.48055,0.0664579,0,0.363133,0.284169,3.2564,0.155162,0.0388282,1.99179
186.069333333,0,0,0.0636026,1.61658,0.121966,0.000624514,0.312141,0.217885,3.11514,0.176076,0.0467609,2.18004
186.112000000,0.288675,0.0855283,0.125611,1.6721,0.00884195,0.0703482,0.512915,0.0923691,2.9002,0.169889,0.030162,1.92381
186.154666667,0.843034,0.0880054,0.290405,1.81055,0,0.179592,0.460697,0.0268598,3.14866,0.0944306,0.178763,1.48213
186.197333333,1.16875,0.230626,0.254071,2.25105,0.0119909,0.0684781,0.362076,0.0596566,3.0128,0.0758306,0.248087,1.08903
186.240000000,1.40373,0.202584,0.0641778,2.29645,0.0297654,0.0428403,0.113398,0.175109,3.0953,0.0741463,0.0713194,0.147907
186.282666667,0.810794,0.143188,0.165692,2.18348,0.0305527,0.0535383,0.0667077,0.112334,3.0515,0.0896621,0,0.345619
186.325333333,0.770036,0.135276,0.188826,2.26514,0.125778,0.0096174,0.0268263,0.0929173,3.1669,0.0506173,0.000599377,0.777239
186.368000000,0.580049,0.126985,0.16496,2.36943,0.10191,0.000338511,0.00221419,0.0716896,3.30593,0.0498707,0.00458043,1.44152
186.410666667,0.496342,0.124462,0.0998801,2.55005,0.0358779,0.00416093,0,0.0409059,3.20253,0.0800315,0.00566337,1.88654
186.453333333,0.284278,0.144154,0,2.64279,0,0.00943724,0,0.0524159,3.10757,0.122634,0.0282115,2.17503
186.496000000,0.0827981,0.121055,0,2.65155,0,0.00958066,0.109554,0.0680387,3.09292,0.13966,0.0434529,2.06621
186.538666667,0.105858,0.0550213,0,2.71527,0,0.00786141,0.0489616,0.101779,3.08527,0.167485,0.147193,1.54159
186.581333333,0.303352,0.0609217,0,2.8663,0,0.00598743,0,0.123754,2.95215,0.211907,0.325211,1.10667
186.624000000,0.371713,0.0900744,0.0241107,3.04346,0,0.0024852,0.0656524,0.0777121,3.20347,0.225093,0.363988,1.0883
186.666666667,0.291256,0.213658,0.0357374,3.03062,0,0.00576348,0.0122061,0.125558,3.27663,0.221368,0.196897,0.719419
186.709333333,0.59619,0.180404,0.403978,2.22711,0.0237487,0.0808024,0.307275,0.110219,3.28047,0.208723,0,0.644585
186.752000000,0.219183,0.38842,0.664711,1.13984,0.284627,0.178776,0.711695,0.501984,2.45035,0.116252,0,0.399393
186.794666667,0.00511302,0.501487,0.698899,1.23137,0.336955,0.286466,0.847342,0.679633,2.11821,0.0649834,0.0258675,0.417079
186.837333333,0,0.416201,0.689547,1.65966,0.31177,0.355753,0.861935,0.6408,1.90328,0.0623285,0.00558284,0.554725
186.880000000,0,0.29334,0.596421,1.82669,0.231078,0.331634,0.817666,0.600362,1.65909,0.15366,0.00265461,0.861701
186.922666667,0.38585,0.110642,0.618745,1.47304,0.0561379,0.0186731,1.01374,0.665673,2.211,0.557868,0.00325741,0.994415
186.965333333,0.709097,0.24558,0.474073,1.23649,0.137091,0,1.14161,0.366781,2.48319,0.293453,0.430951,0.33417
187.008000000,0.745472,1.20121,0.472851,1.08808,0.13323,0,0.947963,0.322067,2.55804,0.151205,0.541446,4.79208e-05
187.050666667,0.544291,1.84945,0.564706,0.708163,0.113332,0,0.810932,0.136476,2.79654,0.170589,0.554394,0.000159515
187.093333333,0.229626,2.61662,0.55891,0.380142,0.0717073,0,0.520873,0.0987921,3.00266,0.123181,0.390434,0.000361294
187.136000000,0.171804,3.10597,0.211031,0.258819,0.119656,0,0.0995314,0.224382,3.06202,0.0622313,0.166692,0.0132031
187.178666667,0.086852,3.00319,0.0625509,0.519797,0.877379,0.145321,0.15534,0.336749,2.29071,0.11795,0.162337,0.584328
187.221333333,0.119541,2.71496,0.0433361,0.493988,2.23669,0.0222525,0.373604,0.689989,2.0307,0.179762,0.194617,0.29665
187.264000000,7.83508e-05,2.45833,0.0313113,0.465964,2.78128,0.0339085,0.338784,0.690152,2.12696,0.14344,0.053906,0.443863
187.306666667,1.95548e-05,2.23627,0.00193194,0.407528,2.97657,0.0365178,0.293561,0.28737,2.2596,0.0579579,0.0355215,0.75046
187.349333333,0,2.65751,0,0.280388,2.9561,0.0367605,0.247322,0.00140645,2.31629,0.00238964,0.0313975,1.10141
187.392000000,0,2.73984,0,0.129844,3.05661,0.0308223,0.248084,0.00969138,2.00823,0.00233392,0.0928095,1.03537
187.434666667,0.0328002,2.60097,0.00121651,0.15237,3.45838,0.0161363,0.348729,0.00641927,1.17527,0.00440988,0.174275,1.12264
187.477333333,0.0122302,2.04883,0.000794443,0.156787,3.83345,0.0114267,0.287058,0,1.21919,0.0253785,0.217783,1.87539
187.520000000,0,0.738603,0,0.141431,3.95142,0.0268897,0.0831493,0,1.862,0.0436865,0.117173,2.46567
187.562666667,0,0.0436462,0,0.158931,4.14523,0.0335519,0.0521496,0,2.21223,0.0311279,0.115358,2.46809
187.605333333,0,0.112696,0.0021116,0.0952469,4.32097,0.177586,0.153843,0.0940693,2.30877,0.00211233,0,2.33333
187.648000000,0.0829862,1.4217,0.185051,0.0532184,3.46814,0.127399,0.154596,0.485056,2.10382,0.117104,0.000228164,1.67011
187.690666667,0.183788,1.9754,0.0525579,0.0437573,2.07294,0.691718,1.02748,0.133339,2.00237,0.202825,0.000810507,1.05606
187.733333333,0.0983848,2.00285,0.1541,0.0710364,1.60875,0.707609,1.29848,0.00031179,2.18138,0.258832,0.00105066,0.876276
187.776000000,0.101544,1.89581,0.156276,0.0340751,1.39645,0.448687,1.23867,0,2.37933,0.407182,0.000459889,1.35939
187.818666667,0.5298,1.59099,0.126351,0.0487029,1.42694,0.128406,0.764367,0.00022728,2.60115,0.332742,0,2.22408
187.861333333,0.369301,1.02385,0.00776353,0.116233,2.43589,0.0309642,0.194234,0.385715,2.573,0.0748137,0,2.8552
187.904000000,0,1.41536,0.0020507,0.158728,3.03019,0.0139383,0.104884,0.710511,2.00814,0,0,2.96265
187.946666667,0,1.99981,0.00278503,0.19752,2.84804,0.0155714,0.364151,0.469897,1.82138,0,0.0428141,2.36956
187.989333333,0,2.26866,0.00107298,0.232752,2.2873,0.0315796,0.377068,0.243448,1.85813,0.0520113,0.0829997,1.94156
188.032000000,0,2.43862,0.00039845,0.232933,1.97526,0.0670062,0.16211,0.156806,1.74103,0,0.0927603,1.75647
188.074666667,0,2.63884,0.0499671,0.207351,2.05988,0.344631,0.558958,0.000224795,1.66619,0.0617052,0,1.50703
188.117333333,0,3.09474,0.00935993,0.164845,1.863,0.715424,1.71677,0.0366366,1.07616,0.0410033,0.0155115,1.14399
188.160000000,0,3.38157,0,0.122616,0.983137,0.800474,2.2942,0.0770196,0.681781,0.0912106,0.694556,0.954233
188.202666667,0,3.38269,0.00503208,0.149874,0.702443,0.425443,2.71614,0.0709753,0.463536,0.0962336,1.81638,0.511985
188.245333333,0,3.33285,0.043669,0.0881281,0.785834,0.188718,2.899,0.0617554,0.559352,0,2.20611,0.25787
188.288000000,0,3.29778,0.0564737,0.00956847,0.51664,0.130171,2.79783,0.0669884,0.495454,0,2.2834,0.333368
188.330666667,0,3.15473,0.103255,0.0285784,0.342162,0.262118,2.63653,0.0927939,0.245986,0.280122,2.16171,0.0946994
188.373333333,0,2.25225,0.470762,0.0228861,0.503403,0.322277,3.11733,0.0673394,0.40449,0.390506,1.83436,0.000307257
188.416000000,0,1.60473,0.376336,0.0146041,0.885512,0.261643,2.90256,0.0830512,0.348989,0.423582,1.69033,0.000180341
188.458666667,0.146431,1.84121,0.091668,0,0.856716,0.257635,2.47862,0.0762821,0.0937887,0.488114,1.7164,0.213578
188.501333333,0.110218,1.95038,0,0,0.559087,0.199234,2.6025,0.0818244,0.0475041,0.338883,1.69233,0.13175
188.544000000,0,2.22041,0,0.142576,0.256005,0.242191,2.81516,0.140196,0.0803427,0.0852779,1.63026,0.0455081
188.586666667,0,2.2532,0.178474,0.139494,0.0328524,0.30085,2.70045,0.162982,0.154102,0.0642839,1.58332,0.206568
188.629333333,0.0179733,2.23531,0.264525,0.0887288,0.0145736,0.376787,2.64257,0.115826,0.116123,0.0536829,1.5922,0.261115
188.672000000,0.0388268,2.56423,0.27727,0.049014,0.00328782,0.328776,2.76532,0.0557775,0.0599717,0.134169,1.95313,0.25959
188.714666667,0.0575279,2.69311,0.238209,0.0296691,0,0.207432,3.06646,0.0623825,0,0.214709,2.10181,0.236304
188.757333333,0.046421,2.67651,0.0684815,0.0373681,0.0154496,0.0107792,3.40594,0.405746,0.00599094,0.102655,1.99811,0.162466
188.800000000,0.00966904,2.86994,0,0.0090185,0.0475274,0.100109,3.47302,0.753772,0.0372884,0.00269096,1.92135,0.000426675
188.842666667,0.06052,2.7595,0.0270796,0.000134686,0.0285717,0.179455,3.74999,0.46478,0.0683294,0.000575316,1.40337,0.000176744
188.885333333,0.13301,2.42675,0.0307675,0.00666575,0.0124878,0.156543,3.93614,0.130493,0.0121805,0,1.34001,0.207492
188.928000000,0.0842637,2.3939,0.00291966,0,0.00249337,0.1093,3.95834,0.0774285,0.00932327,0,1.46221,0.275563
188.970666667,0.0141068,2.49189,0.0171321,0,0.00761903,0.0759749,3.97515,0.154143,0.00940589,0,1.41525,0.000250445
189.013333333,0,2.45382,0.272571,0.351618,0.0221324,0.0453294,3.84195,0.561494,0.131706,0.234426,0.634263,0.000454744
189.056000000,0,1.65979,0.235643,0.889746,0.0122814,0.0875968,3.56777,0.354922,0.552428,0.436398,0.0811852,0.247755
189.098666667,0,1.15232,0.23273,1.70346,0.271288,0.280397,2.54179,0.0227589,1.39968,0.376631,0.0354876,0.91335
189.141333333,0.0874029,0.630327,0.202364,2.48382,0.358715,0.52241,0.719024,0.0282706,2.43383,0.138514,0.068119,1.2245
189.184000000,0.348105,0.268285,0.113573,2.72751,0.0584654,0,0.320859,0.0377629,3.32836,0.0990432,0.0332824,1.53305
189.226666667,0.156969,0.138505,0.148267,2.73278,0,0,0.564812,0.06741,3.74166,0.12116,0.0255097,1.84861
189.269333333,0.0350619,0.101048,0.0890784,2.63227,0,0.0037594,0.667603,0.0734803,3.85874,0.101389,0.0445338,2.11508
189.312000000,0.0276714,0.0342599,0.113867,2.49304,0,0.00412094,0.790381,0.0594606,3.84162,0.089086,0.101123,2.22557
189.354666667,0.0709847,0.0932236,0.11693,2.70233,0.0071644,0.0160441,0.845209,0.0362151,3.6416,0.0793694,0.179913,1.91691
189.397333333,0.19033,0.305548,0,2.92065,0.0243623,0.0177912,0.86258,0.0843684,3.2726,0.0228505,0.327815,1.57784
189.440000000,0.106181,0.184299,0,2.69041,0.0249574,0.00310299,0.78987,0.0399241,3.37187,0.0856906,0.198893,2.23531
189.482666667,0.00449753,0.226433,0.162479,2.29685,0.106085,0.034622,0.715776,0.132672,3.09161,0.104181,0.000382156,2.7293
189.525333333,0.026156,0.127469,0.2462,2.13609,0.141408,0.0703816,0.767416,0.0802048,2.47772,0.0378179,0.000701829,2.88706
189.568000000,0,0.137766,0.221613,2.10547,0.161643,0.0804101,0.861427,0.0678772,2.09591,0.00386758,4.90548e-05,2.96907
189.610666667,0,0.124364,0.16574,2.08289,0.115182,0.0761666,0.790266,0.0391929,2.22437,0.0576417,0,3.00895
189.653333333,0,0.0656982,0.0850115,2.03733,0.0231676,0.0446875,0.690122,0.0386973,2.56787,0.114998,0.00679122,3.07522
189.696000000,0.0414256,0,0,2.04965,0,0,0.547812,0.283605,2.83237,0.146836,0.027339,3.09925
189.738666667,0.00740849,0,0,2.43704,0,0.000223823,0.130739,0.654972,2.91962,0.144827,0.0373763,2.98491
189.781333333,0,0,0,2.51217,0,0,0.0726183,0.501476,3.19201,0.169314,0.022736,2.66297
189.824000000,0.150511,0.0562104,0,2.37351,0,0.0335861,0.288367,0.218921,3.61851,0.111595,0.0135772,2.3678
189.866666667,0.298806,0.144128,0,2.46356,0,0,0.704491,0.0431289,3.61028,0.0628211,0.0671345,2.16037
189.909333333,0.212505,0.17957,0,2.76636,0,0,0.486282,0.167186,3.71277,0.0628478,0.0317619,1.99717
189.952000000,0.219764,0.16696,0.224165,2.5593,0.107067,0.00570892,0.14895,0.0190581,3.53489,0.016561,0,1.70434
189.994666667,0.196636,0.15715,0.203741,2.48652,0.155791,0.00306472,0.132382,0,3.11013,0,0,2.10384
190.037333333,0.165048,0.187919,0.186666,2.47583,0.153492,0.0290051,0.154409,0.0182189,2.86259,0,0,2.27992
190.080000000,0.169064,0.183755,0.168482,2.52867,0.11557,0.0300489,0.216558,0.0239792,2.72348,0.028469,0.00212644,2.35168
190.122666667,0.213262,0.101772,0.123323,2.4479,0.00179785,0.00026708,0.274143,0.0418074,2.72595,0.0893183,0.0134615,2.59058
190.165333333,0.0501663,0,0,2.38323,0,0,0.286147,0.0800415,2.74387,0.137268,0.0404091,2.72015
190.208000000,0,0,0,2.24073,0,0.00453469,0.279265,0.0819044,3.01636,0.125336,0.0322785,2.73219
190.250666667,0.0115224,0,0.0153209,2.27527,0,0.00965587,0.230656,0.0679905,3.19108,0.125493,0.0975576,2.7832
190.293333333,0.0535602,0,0.0764396,2.54046,0.0258245,0.0143333,0.0418288,0.0243701,3.05556,0.0565589,0.0776959,2.80702
190.336000000,0.174773,0.0404524,0.00205337,2.75444,0.0359855,0,0,0.00980731,2.78094,0.0318919,0.143904,2.53446
190.378666667,0.134734,0.296382,0,2.16995,0.111856,0.158703,0,0.364325,2.34617,0.167902,0.000829298,2.06602
190.421333333,0.450703,2.21001,0.189357,1.22089,0.2285,0.117093,0.486321,0.741343,2.09042,0.0247054,0.00135024,0.640618
190.464000000,0.361915,2.47916,0.251681,0.252685,0.182746,0.105944,0.908118,0.731497,1.98782,0.060835,0.00180091,0.420979
190.506666667,0.337904,2.21861,1.08204,0.285559,0.13766,0.0599102,0.994902,0.621259,1.82314,0.0775668,0.130348,0.220057
190.549333333,0.522638,1.21531,2.06143,0.317765,0.0745935,0.0252646,1.0031,0.3417,1.85355,0.106516,0.0584207,0
190.592000000,0.689627,0.191005,2.31452,0.288536,0.14071,0,0.833173,0.0612809,2.24833,0.139204,0.00329435,0.0743488
190.634666667,0.417881,0.0222703,2.21448,0.665996,0.27053,0,0.558021,0.169605,2.28757,0.212489,0.0241613,0.153904
190.677333333,0.0867646,0.00977912,1.73964,1.02002,0,0.00148012,0.134281,0.145608,2.47823,0.267842,0.126959,0.225198
190.720000000,0,0.0803241,1.2,1.31568,0,0.0195256,0.10238,0.116101,2.59009,0.183263,0.27881,0.165744
190.762666667,0,0.030103,1.26663,1.21645,0,0.0332661,0.119201,0.0669205,2.66904,0.227431,0.290884,0.00725948
190.805333333,0,0.878223,1.3674,0.966523,0.0670739,0.0101002,0.0754515,0.0631217,2.72381,0.234854,0.248418,0.000180221
190.848000000,0.0739647,2.64512,1.26341,0.95164,0.156042,0.0225445,0,0,2.31071,0.0873541,0.132496,0.0834218
190.890666667,0.117252,3.90382,0.477389,0.18776,0.102615,0.00879378,0,0,2.37613,0.0214921,0.0883178,0.0745316
190.933333333,0.10067,3.97367,0.180545,0.0796469,0.0625414,0.387787,0,0.0469484,2.24196,0.202388,0.0843999,0.150287
190.976000000,0.0848568,3.85123,0.12978,0.056192,0.0283085,0.499371,0,0.0388124,2.14635,0.284268,0.0653777,0.183567
191.018666667,0.0829146,3.97351,0.115609,0,0,0.533897,0.0423426,0.0418162,1.86136,0.246226,0.0644801,0.316549
191.061333333,0.102917,4.17971,0.170495,0.101108,0,1.19658,0,0.0234401,1.27688,0.0330749,0.0816419,0.575001
191.104000000,0.209345,3.81701,0.331775,0.158785,0,1.43797,0,0,1.31386,0,0.383666,1.18042
191.146666667,0.222374,2.99944,0.342499,0.110587,0,1.53699,0.0125596,0.000525066,1.35556,0,0.463523,1.58595
191.189333333,0.134189,2.37585,0.131824,0.126051,0,1.57299,0.114148,0.0129737,0.93896,0,0.267655,2.28965
191.232000000,0.0967423,1.78256,0.10998,0.163183,0,1.41771,0.629547,0.0379464,0.536957,0,0.0726642,2.71568
191.274666667,0.320737,1.55271,0.226815,0.130952,0.0258315,1.18983,0.813493,0.572303,0.0148044,0,0,2.87382
191.317333333,0.664758,2.06388,0.291581,0.0521464,0.116557,0.896421,0.233392,0.454283,0.247219,0.0829839,0.000183584,2.54797
191.360000000,0.829888,2.47177,0.131048,0.00523817,0.242028,0.742302,0.372231,0.172462,0.528718,0.234306,0.000290126,1.4952
191.402666667,0.446162,1.99307,0.126217,0.0256801,0.215801,0.894692,0.697565,0.191401,0.687277,0.341989,0.0472914,0.822891
191.445333333,0.188455,1.90515,0.273744,0.00947096,0.148441,0.917907,0.941619,0.191815,0.862066,0.310581,0.083099,0.218804
191.488000000,0.184446,1.70988,0.382883,0,0.053823,0.956151,0.847605,0.0655106,1.06932,0.177434,0.000167401,0.151153
191.530666667,0.213061,1.73849,0.524945,0,0,0.555959,0.609344,0,1.549,0.178019,0,0.0584199
191.573333333,0.26026,2.21209,0.931142,0,0,0.491685,0.241414,0.0355753,1.55812,0.25068,0,0.0578863
191.616000000,0.224309,2.58559,1.11891,0,0,0.411373,0.038613,0.308803,1.58609,0.322026,0.0180264,0.190839
191.658666667,0.176517,2.52585,1.21284,0.0558765,0,0.362425,0.0606217,0.694477,1.68357,0.104665,0.0810778,0.317474
191.701333333,0.180547,2.50756,1.04592,0.0287191,0,0.289783,0.441114,0.8065,1.42184,0.0580926,0.0755989,0.160879
191.744000000,0.214544,2.97174,0.652769,0.00293016,0.220028,0.519365,0.593362,0.688519,1.27251,0.0718223,0.0549196,0.0920816
191.786666667,0.000493275,3.35106,0.317208,0.113513,0.0995854,0.497455,0.553897,0.499134,1.19497,0.106706,0.214132,0.157617
191.829333333,0.0335112,3.38862,0,0.0576214,0.483645,0.344375,0.927252,0.0666595,1.01688,0.249042,0.649008,0.0868031
191.872000000,0.00698736,3.47609,0,0,0.507433,0.141321,1.35605,0.0640199,0.498896,0.359316,0.813888,2.29036e-05
191.914666667,0.00211485,3.43104,0,0,0.421859,0.0506579,1.88332,0.0533198,0.17647,0.301462,1.00011,0.0231778
191.957333333,0.00437578,3.21875,0.0108532,0,0.286326,0.0645109,2.17141,0.118586,0.0305882,0.0773212,0.96323,0.36793
192.000000000,0.107406,2.75932,0.0179923,0,0.0162416,0.0680993,2.45441,0.237404,0.0329293,0.00842758,0.905679,0.840308
192.042666667,0.0407502,1.99975,0.0208247,0,0.0319736,0.143,2.24334,0.290231,0.0629767,0.0579474,1.13207,1.21366
192.085333333,0.0845925,1.56453,0.0864712,0,0.125998,0.489048,2.46773,0.070863,0.0811258,0.344298,0.603352,1.94033
192.128000000,0.149649,1.04246,0.109802,0,0.165681,0.21616,2.82255,0.102797,0.0118604,0.140156,0.36136,2.27016
192.170666667,0.123489,0.839384,0.101236,0,0,0.111374,2.97266,0.120686,0.00435272,0.0149267,0.367815,2.52881
192.213333333,0.0326928,0.909063,0.0250498,0.0143881,0.0140889,0.106575,3.1211,0.278877,0,0.0217779,0.261035,2.64995
192.256000000,0.325069,1.12253,0.00810998,0.0295572,0.208054,0.151707,2.81213,0.520148,0.108778,0.0981716,0.10895,2.87265
192.298666667,0.0837745,1.00945,0.0424242,0,0.212472,0.858064,1.94646,0.431206,0.12717,0.034071,0.183154,3.05942
192.341333333,0.119594,0.956097,0.133416,0,0.0636893,1.01541,1.72305,0.171501,0.0108063,0.0255665,0.117194,3.17129
192.384000000,0.13655,0.857734,0.212526,0,0.139482,0.913584,2.04033,0.0613367,0.00225031,0.0334208,0.0520856,3.14317
192.426666667,0.100864,0.833138,0.199836,0,0.135542,0.640352,2.23127,0.0790276,0.0955988,0.252436,0.320454,2.87163
192.469333333,0.0073019,0.624688,0.548312,0.0254039,0.0238773,0.47925,2.32754,0.272266,0.179524,0.304034,0.839941,2.06636
192.512000000,0.0851564,1.25313,0.503039,0,0.0431877,0.338927,2.64,0.68158,0.170723,0.0894582,0.975818,1.18561
192.554666667,0.126516,1.74033,0.551231,0,0.0434817,0.110455,3.25987,0.165006,0.072296,0,1.23593,0.355965
192.597333333,0.241741,1.8131,0.540576,0,0.00888512,0.147662,3.31733,0.0835463,0,0.0257705,1.07883,0.335573
192.640000000,0.330968,1.63011,0.374003,0,0.0112942,0.395197,3.18095,0.0687632,0,0.0695847,1.12581,0.164026
192.682666667,0.564754,1.47416,0.161557,0,0.020649,0.511221,2.96683,0.35298,0.00558577,0.178684,1.38952,0.000259086
192.725333333,1.00316,1.10248,0.250525,0.724225,0.0730903,0.448451,2.45877,0.0555106,1.44581,0.0984906,0.389036,0.653602
192.768000000,0.627056,0.777716,0.201974,1.67572,0.140669,0.0236846,0.49346,0.0307138,2.53393,0.000852151,0.0284551,1.85256
192.810666667,0.500937,0.318859,0.136654,1.68628,0.112438,0.0412203,0.047335,0.0609669,2.94816,0.00357282,0,1.99274
192.853333333,0.496944,0.233961,0.15862,1.45235,0.0352924,0,0.185671,0.0542384,3.08701,0.0536158,0,1.98505
192.896000000,0.441504,0.123407,0.149006,1.16509,0.0016234,0,0.285781,0.0611512,3.05498,0.110961,0.00760066,2.30879
192.938666667,0.370025,0.0566313,0.112026,1.62407,0,0.00141823,0.272254,0.0779588,3.13562,0.161301,0.020963,2.60117
192.981333333,0.0251191,0.0487321,0.101569,1.88693,0.0033628,0.0153135,0.319634,0.110799,3.16048,0.1529,0.0383288,2.74061
193.024000000,0.0168021,0.0723983,0.224894,1.89757,0.0680175,0.0106824,0.386093,0.0773363,3.14301,0.135646,0.0158088,2.62222
193.066666667,0.0314202,0.0368455,0.321371,1.95202,0.115767,0.00965773,0.416165,0.0466262,3.24291,0.104687,0.0652112,2.06454
193.109333333,1.03603,0.0444304,0.309662,1.86078,0.115256,0.0103835,0.52463,0.0542617,3.75951,0.187711,0.087098,0.66516
193.152000000,1.00006,0.0435552,0.297555,1.67968,0.0422039,0.584237,0.414733,0.148248,3.14257,0.238548,0.000277919,0.22282
193.194666667,0.227301,0.0383856,0.320366,1.75768,0.139554,0.423302,0.620759,0.012227,2.42116,0.171405,0,0.695034
193.237333333,0.103931,0.0968835,0.289579,2.0204,0.119238,0.126999,0.752393,0.0285211,2.74556,0.0561077,0,1.34961
193.280000000,0.0904393,0.122509,0.199682,2.28302,0.080814,0.00934437,0.778531,0.0324097,3.01694,0.0720569,8.54415e-05,1.8744
193.322666667,0.0860115,0.118516,0.134696,2.32131,0.00957074,0,0.740111,0.0433126,3.14565,0.107824,0.00128001,2.2012
193.365333333,0.0848543,0.0861797,0.018986,2.2656,0,0,0.658949,0.0874922,3.38547,0.142041,0.0199894,2.47641
193.408000000,0.129744,0.0482916,0,2.30662,0,0.00367611,0.35012,0.45855,3.28231,0.151752,0.022158,2.58055
193.450666667,0.129697,0.0336816,0,2.50447,0,0.00412333,0.091566,1.01102,2.73226,0.171179,0.00910329,2.36322
193.493333333,0.743144,0.0460372,0.0513508,2.29208,0,0.131189,0.11013,1.08569,2.86892,0.136337,0.00260708,1.70864
193.536000000,1.5842,0.0133253,0.19585,2.21187,0,0.168946,0.397246,0.738898,3.2563,0.0916178,0.000560319,0.707238
193.578666667,1.87539,0,0.269277,2.24266,0.00509289,0.00280297,0.381772,0.136496,3.23599,0.0641744,0.0756324,0.565545
193.621333333,1.53349,0.00122969,0.155306,2.18333,0.164696,0.00537306,0.111863,0.0120589,3.48306,0.0752707,0,0.71074
193.664000000,1.05823,0.000974844,0.151386,1.54926,0.218154,0,0.206787,0.0415022,3.22283,0.11282,0,1.38689
193.706666667,1.0247,0.00278597,0.155745,1.56774,0.0465796,0,0.260993,0.00320982,2.86034,0.100348,0.0198197,1.84497
193.749333333,0.850775,0.0378929,0.146106,1.74842,0.0161286,0,0.236171,0,2.49289,0.0920429,0.00788262,2.62666
193.792000000,0.597243,0.00428108,0.118501,1.9003,0.048542,0,0.230949,0,2.40569,0.0966258,0.0144957,3.15583
193.834666667,0.433966,0.0505739,0.0528991,1.97769,0,0,0.271405,0.0355966,2.33478,0.116462,0.0228116,3.27654
193.877333333,0.155114,0.074074,0,1.94541,0,0,0.251199,0.0988956,2.6556,0.125791,0.0237387,3.19558
193.920000000,0,0.0546349,0,2.25983,0,0.000564547,0.1053,0.0952169,2.95676,0.113098,0.0272895,3.08372
193.962666667,0,0.0979444,0,2.5947,0.00386207,0,0,0.0796825,3.07489,0.126401,0.274287,2.66092
194.005333333,0.023265,0.140004,0,2.82792,0.0197429,0,0,0.103306,2.90899,0.0837622,0.389648,2.28807
194.048000000,0.0821062,0.142592,0,2.74005,0.0218954,0,0,0.27902,2.97861,0.0879622,0.176789,2.05828
194.090666667,0.508528,0.287586,0.210725,1.97804,0.10897,0.0624015,0.294566,0.344781,2.93581,0.0957548,0,1.56907
194.133333333,1.08852,0.605364,0.32903,1.30611,0.179512,0.22298,0.691044,0.659148,2.05659,0.288653,0.284889,0.593845
194.176000000,1.27007,0.476015,0.436611,1.62202,0.149526,0.25272,0.887183,0.69778,1.61398,0.288271,0.689507,0.25796
194.218666667,1.28312,0.253629,0.471241,1.91195,0.0976066,0.265902,0.90178,0.545394,1.47607,0.13124,0.598587,0.685445
194.261333333,1.1853,0.0715828,0.418467,1.82856,0.00371836,0.207346,0.811352,0.0434231,2.04042,0.233207,0.326458,1.29441
194.304000000,1.43819,0.0698313,0.296232,1.86772,0.104433,0.00537015,0.92135,0.0898696,3.11698,0.283261,0.0234318,1.42953
194.346666667,1.38987,1.62916,0.346276,1.46624,0,0,0.833679,0.147581,3.28719,0.144112,0.231139,0.470853
194.389333333,1.35481,1.74878,0.365581,0.974091,0.0029755,0.014626,0.657299,0.117463,3.24168,0.167493,0.311208,0.0617322
194.432000000,1.11102,1.7385,0.354378,0.527338,0.0498375,0.142355,0.606936,0.0569461,3.15265,0.105369,0.405164,0.00021373
194.474666667,0.904085,1.7649,0.388311,0.393408,0.0754792,0.115293,0.427901,0.0809063,3.28987,0.0682323,0.419453,0.00051251
194.517333333,0.708104,1.7392,0.297807,0.259235,0.546354,0.0957698,0.0512987,0.22263,3.52583,0.042005,0.272297,0.129406
194.560000000,0.0799779,2.19224,0.0580422,0.332749,1.30741,0.0633783,0.0374331,0.102454,3.0244,0.0642978,0.0155339,0.759744
194.602666667,0.14503,2.19449,0.0223529,0.438629,1.92788,0.0282181,0.0838207,0.0720464,2.24472,0.0739862,0.0644113,1.15393
194.645333333,0.297789,2.51754,0,0.367346,2.22618,0.046469,0.0992647,0.0602528,1.63119,0.0604504,0.278369,1.04759
194.688000000,0.291318,2.78941,0,0.271001,2.39315,0.147213,0.0786397,0.0579144,1.27016,0,0.0903853,1.11738
194.730666667,0.301677,2.93508,0,0.096874,2.34752,0.13181,0.0609544,0.0416489,1.17011,0,0.0409442,1.272
194.773333333,0.271481,3.12135,0.0002311,0.0842294,2.29367,0.0320657,0.257308,0.045782,1.05072,0,0.0289003,1.48276
194.816000000,0.140413,3.07115,0.00134025,0.167017,3.07242,0.0176192,0.186325,0,1.35722,0,0.0179725,1.78579
194.858666667,0,2.55342,0.00381457,0.173722,3.71767,0.0109494,0.0728416,0,1.72065,0.000267541,0.0602289,1.82651
194.901333333,0,1.42227,0.026664,0.145948,4.20522,0.0287076,0.0313591,0,1.99912,0,0.109197,2.047
194.944000000,0,0.00285083,0.0139406,0.136557,4.29261,0.0359354,0.0820859,0,2.12059,0,0.159127,2.62531
194.986666667,0,0.442363,0.219436,0.143139,4.09179,0.218649,0.144425,0.0982557,1.92791,0.0364259,0.0121576,2.60206
195.029333333,0,1.63915,0.326347,0.0718485,3.00622,0.203101,0.180874,0.370133,1.51575,0.0537703,0.000216296,1.63186
195.072000000,0.00962435,1.58545,0.286117,0.0378943,2.14913,0.0991413,0.63828,0.106605,1.62065,0.114837,0.0366604,1.1153
195.114666667,0,1.5828,0.237531,0.038256,1.43984,0.147529,0.768754,0.000436439,1.56689,0.225645,0.184805,1.50094
195.157333333,0,1.49264,0.156918,0.0266411,1.87305,0.128772,0.706721,0.00146851,1.44622,0.427056,0.320689,1.93216
195.200000000,0,1.38253,0.121509,0.0791816,2.33813,0.0441788,0.159842,0.121521,2.00005,0.312049,0.000944366,2.42901
195.242666667,0.0171907,0.863973,0.0495799,0.086084,3.20633,0.0272724,0.203644,0.433896,2.05632,0.0726838,0.144352,2.27634
195.285333333,0.0343824,1.36872,0.136704,0.108854,3.32661,0.0141206,0.380562,0.663454,1.75352,0.0865566,0.353089,1.6146
195.328000000,0.0195263,1.67888,0.101364,0.11894,3.19812,0.0194018,0.339794,0.471816,1.92239,0.121311,0.394409,1.39135
195.370666667,0.00408867,2.0134,0.00338593,0.12274,2.96075,0.0331287,0.145508,0.248296,1.90789,0.0637489,0.331222,1.60828
195.413333333,0.0029912,2.60775,0.00454621,0.121973,2.56881,0.0402911,0.0893541,0.133715,1.61462,0.00553804,0.231215,1.76562
195.456000000,0,2.74687,0.010233,0.131905,2.04252,0.348886,0.36696,0,1.53764,0.127135,0.203906,1.62213
195.498666667,0,3.02834,0.00395777,0.145745,1.64023,0.398842,1.57435,0.0218062,1.03011,0.0779231,0.399391,1.23857
195.541333333,0,3.17713,0.0500221,0.297379,1.0371,0.205021,2.40119,0.0732352,0.730246,0.0586231,1.00606,0.950254
195.584000000,0,3.11334,0.0748214,0.224839,0.793766,0.0979884,2.90824,0.0665976,0.526715,0.0333226,1.44691,0.672045
195.626666667,0,3.05255,0.0337304,0.0748934,0.69855,0.0955296,3.13216,0.0612237,0.509724,0.00144766,1.54649,0.582161
195.669333333,0,3.08712,0.00907779,0.0190309,0.486721,0.0930803,2.98477,0.0929786,0.585729,0.0305598,1.15369,0.381792
195.712000000,0,2.96435,0.162753,0.0585185,0.138294,0.0929147,2.98079,0.0886791,0.403463,0.0849217,1.19096,0.100624
195.754666667,0.024298,2.85983,0.296062,0.087477,0.254685,0.150616,3.00156,0.0587212,0.279595,0.0959748,1.2935,0.000228891
195.797333333,0.248835,2.8634,0.104934,0.0807421,0.569188,0.821624,2.70767,0.0722148,0.0818303,0.0883792,1.53246,0.0112684
195.840000000,0.401007,2.52428,0,0.0966031,0.23195,0.976589,2.80407,0.0847082,0.0214259,0.0880843,1.64034,0.223781
195.882666667,0.341272,2.27998,0,0.111543,0.0193486,0.678653,3.26634,0.100538,0.0187566,0.0705229,1.49738,0.0529029
195.925333333,0.14816,2.47449,0,0.215288,0.0271989,0.295062,3.60345,0.134437,0.0527168,0.0270445,1.51269,0.000503463
195.968000000,0,2.39956,0.127274,0.180087,0.0242344,0.295688,3.3844,0.205392,0.0682367,0.190804,1.26899,0.0641508
196.010666667,0.0431482,2.16102,0.264995,0.119527,0.00629019,0.203019,3.10931,0.316727,0.0223958,0.225717,1.32182,0.123676
196.053333333,0.117692,2.31565,0.327781,0.0355595,0.000400212,0.144524,3.03285,0.142691,0.0167997,0.284165,1.45824,0.0828869
196.096000000,0.1873,2.40749,0.21131,0.0210729,0.0259257,0.0509741,3.25058,0.0628834,0.26583,0.141091,1.87326,0.180145
196.138666667,0.0124308,2.77848,0.0413775,0.0183115,0.0895906,0.0271913,3.56259,0.368438,0.248166,0.00157674,2.15535,0.21605
196.181333333,0.290826,2.48347,0.00363235,0,0.035669,0.0273639,3.56367,0.568971,0.251846,0.00123203,2.1321,0.0673738
196.224000000,0.282985,2.18979,0.0176734,0,0.0350725,0.0265914,3.38024,0.280979,0.169843,0.198402,1.78523,0
196.266666667,0.337179,2.04247,0.0129658,0.0935076,0.0293462,0.0405864,3.55116,0.0842633,0.0239723,0.20828,1.33465,0
196.309333333,0.412707,2.03802,0,0.00163243,0.0123801,0.0576536,3.51062,0.0747041,0.00774349,0.0599312,1.21972,0
196.352000000,0.211255,2.17095,0.00122379,0.214319,0.0288706,0.0557616,3.33925,0.153376,0.0061582,0.0198819,1.02863,0.000771672
196.394666667,0.863394,1.53071,0.0617477,0.526134,0.0808899,0.14513,2.96757,0.377537,0.298325,0.0737565,0.388055,0.000947302
196.437333333,0.845483,0.655951,0.128132,1.04134,0.815245,0.166861,2.24587,0.188471,1.61211,0.0714787,0.570804,0.0009226
196.480000000,0.80593,0.410809,0.128463,1.83088,0.966382,0.232446,1.4949,0.0302834,2.37212,0.0620022,0.979041,0.000820118
196.522666667,0.664358,0.0464843,0.146255,2.11981,1.04558,0.0448646,0.764017,0.0670102,2.91257,0.0663663,1.08221,0.418334
196.565333333,0.00617867,0.0145101,0.149321,2.32058,0.734062,0,0.156007,0.274334,3.37581,0.0830065,0.903344,1.23654
196.608000000,0.00857531,0.0013299,0.0784742,2.7275,0.175026,0.00444686,0.200574,0.0846856,3.71828,0.110609,0.47051,1.93582
196.650666667,0.02263,0,0,2.74732,0,0,0.467191,0.10236,3.9239,0.120064,0.426235,1.97136
196.693333333,0.00675706,0.0846844,0,2.69671,0,0,0.500832,0.0950008,3.82816,0.0924067,0.768944,1.53346
196.736000000,0,0.510991,0.00113221,2.77766,0,0,0.46246,0.0835063,3.32984,0.104922,0.808384,1.28337
196.778666667,0,0.35943,0.00672302,2.99881,0,0,0.489891,0.065437,3.36821,0.0824831,0.826313,1.08246
196.821333333,0,0,0.023221,2.94635,0.00479525,0.0308902,0.382976,0.0783232,3.73321,0.103687,0.615018,1.65207
196.864000000,0,0,0.0630775,2.52334,0.0954583,0.0831556,0.545752,0.231528,3.07058,0.0976295,0,2.75173
196.906666667,0.018368,0,0.095069,2.60064,0.117392,0.134677,0.691558,0.271096,2.53535,0.141196,0,2.94465
196.949333333,0.227179,0,0.0975554,2.6111,0.125869,0.131456,0.800892,0.0305828,2.3655,0.0813597,4.32306e-05,3.04088
196.992000000,0.417942,0,0.0872462,2.51071,0.0986751,0.111916,0.788922,0.0252333,2.24197,0.0947431,0.000242956,3.06538
197.034666667,0.508598,0,0.00945157,2.42102,0.143508,0.0677444,0.759334,0.0734814,2.05939,0.121515,0.00814123,3.04108
197.077333333,0.422744,0.0201205,0,2.19941,0.291357,0,0.646339,0.356459,2.30449,0.141824,0.0244346,2.87379
197.120000000,0.165484,0.0652365,0,2.36601,0.124126,0.0020583,0.168338,0.203989,2.77687,0.134904,0.0558927,2.86051
197.162666667,0.0228905,0.116855,0.00495162,2.46255,0,5.34637e-05,0.100706,0.109788,3.19771,0.134289,0.0554905,2.81613
197.205333333,0.416531,0.0782278,0.0434258,2.47137,0,0.0866677,0.308122,0.117345,3.41423,0.0954385,0.0242926,2.65108
197.248000000,0.658445,0.146271,0.0328964,2.53575,0.00121781,0.020424,0.63235,0.0461515,3.29964,0.0837565,0.0430158,2.16862
197.290666667,0.463836,0.131035,0.0318992,2.50612,0.0112387,0.0278461,0.311854,0.108362,3.75295,0.0854066,0,1.95582
197.333333333,0.0515078,0.149926,0.371259,2.39775,0.0843189,0.00952631,0.0181284,0.0721411,3.2033,0.0416992,0,2.78157
197.376000000,0.00955897,0.162695,0.89197,2.06502,0.130365,0.000259103,0,0.0742017,3.0665,0.00138517,0.00127445,2.7644
197.418666667,0.00467602,0.587029,0.95244,1.86375,0.123826,0,0.000452289,0.0527034,3.05041,0.00735353,0.00361088,2.57199
197.461333333,0.0351141,0.893535,0.827488,1.82342,0.062862,0.0019417,0,0.0453322,3.06698,0.0629393,0.0101442,2.29213
197.504000000,0.129511,0.924856,0.455669,1.92689,0,0.00362066,0,0.0513252,3.02744,0.125454,0.0651773,1.9443
197.546666667,0.659082,0.647514,0.0585607,2.13991,0,0.00889968,0.0280794,0.0618684,3.03688,0.143921,0.0389967,1.69885
197.589333333,0.956206,0.165191,0.0491067,2.32683,0,0.0127662,0,0.0891566,3.05021,0.142178,0.011864,1.66197
197.632000000,0.72387,0.0981431,0.212151,2.50435,0,0.0158777,0.0282512,0.0259973,2.88878,0.139018,0.0128594,1.61176
197.674666667,0.33759,0.0329988,0.265966,2.41738,0.0820415,0.0142661,0,0.017573,3.01952,0.0251811,5.28847e-05,1.77859
197.717333333,0.294876,0.00365293,0.151978,2.48879,0.0572295,0.0110922,0.00846711,0.0833697,3.33482,0.0744667,0.10586,1.89843
197.760000000,0.620655,0.108356,0.10775,2.45698,0.14968,0.0624302,0.0116246,0.268923,3.58432,0.270813,0,1.98305
197.802666667,0.956098,0.00247576,0.137738,2.23977,0.141118,0.192055,0.41759,0.358134,3.24991,0.349748,0,1.7445
197.845333333,1.33964,0.14306,0.229386,2.09019,0.196987,0.41411,0.706536,0.205768,2.85172,0.360584,0,1.45433
197.888000000,1.2957,0.214972,0.327992,2.21958,0.173046,0.466838,0.777135,0.121757,2.49451,0.35057,0.000312045,1.50878
197.930666667,1.10454,0.134923,0.304561,2.23844,0.0958709,0.34961,0.684358,0.0970914,2.68666,0.339297,0.000786386,1.98433
197.973333333,1.14024,0.00217467,0.186351,2.10788,0,0.0747882,0.597857,0.0791728,2.74548,0.290929,0.034364,2.25741
198.016000000,1.15253,0.010633,0.170912,1.98873,0.125065,0,0.45047,0.122888,3.38426,0.15844,0.0678112,1.86758
198.058666667,1.06714,0.0055977,0.198457,1.8026,0,0,0.0370699,0.176752,3.60009,0.108736,0.0664892,1.57012
198.101333333,0.767896,0.235799,0.176204,1.71197,0,0.00824766,0.112681,0.103526,3.41263,0.126763,0.0588335,1.53008
198.144000000,0.14563,0.158152,0.120474,1.6317,0,0.0820847,0.174885,0.276164,3.234,0.0950506,0.0125847,1.90228
198.186666667,0.0364329,0.271874,0.0907645,1.66468,0.0734316,0,0.279618,0.468827,2.6263,0.0805082,0,2.31154
198.229333333,0.133269,1.16304,0.255933,1.8984,0.0629905,0.0239197,0.292066,1.01796,1.79121,0,0,2.65137
198.272000000,0.143577,1.58859,0.202899,1.17256,0.0267574,0.377358,0.136062,1.3921,0.912362,0.082694,0.168546,2.59056
198.314666667,0.105428,1.47634,0.138835,0.895445,0.0181817,0.410955,0.0311063,1.57376,0.517135,0.156694,1.07013,1.54208
198.357333333,0.0821005,1.4888,0.199645,1.08012,0,0.317876,0.0498103,1.61315,0.549749,0.118828,1.55513,0.55256
198.400000000,0.0799593,1.55506,0.336804,1.16137,0,0.290849,0.0798244,1.84293,0.427116,0.0549906,1.50736,0.267216
198.442666667,0.11352,1.71118,0.343097,0.747909,0,0.45598,0.103619,2.35572,0.594887,0.0430245,0.90427,0.601829
198.485333333,0.24203,2.17803,0.550895,0.0879527,0.0175713,0.450571,0.217821,1.89373,1.55802,0,0.287929,0.91572
198.528000000,0.267626,2.2241,0.538886,0.39005,0.0757573,0.412991,0.268587,0.705984,2.57679,0.0152015,0,1.05362
198.570666667,0.246143,2.1251,0.159908,0.467284,0,0.246652,0.33823,0.115258,2.83221,0.0519745,0,1.19557
198.613333333,0.208034,2.00707,0.134351,0.402401,0,0.124282,0.45291,0.00275165,3.03334,0.0251014,0,1.45905
198.656000000,0.350993,1.99957,0.266195,0.806233,0.0226442,0.000882164,0.485396,0.507458,2.56673,0.0147965,0,1.56662
198.698666667,0.42392,1.68225,0.309224,1.39596,0.0534687,0.0439578,0.689593,0.268089,2.46275,0.248051,0,1.62502
198.741333333,0.329777,1.16501,0.0986766,1.61926,0.185197,0.398658,1.03492,0.197835,2.09815,0.337745,0.0251331,1.59768
198.784000000,0.205009,1.01832,0.00808774,1.5572,0.144283,0.846042,1.15502,0,1.36767,0.415514,0.034946,1.73905
198.826666667,0.184693,1.00294,0.0128507,1.77158,0.0984406,1.25914,0.973911,0,1.31658,0.399634,0.0739938,1.97745
198.869333333,0.195519,1.11762,0.0478438,1.6838,0.00885737,1.48133,0.580626,0,1.99108,0.177609,0.253443,2.11355
198.912000000,0.239193,1.74586,0.109973,1.8537,0,0.582838,0.390417,0.0435955,2.27787,0.0268018,0.283521,1.94689
198.954666667,0.218714,2.28408,0.314493,1.77589,0,0.101466,0.168388,0.284908,2.38926,0,0.0393106,2.38639
198.997333333,0.208334,2.37124,0.341496,1.42661,0,0,0.371755,0.286023,2.17719,0,0.00280518,2.59816
199.040000000,0.105609,2.20237,0.179086,1.11506,0,0,0.501391,0.295325,2.24349,0.0352333,0.00175975,2.74361
199.082666667,0.139179,1.73123,0.205808,1.14537,0,0,0.984497,0.342975,2.17882,0,0.00161054,2.78614
199.125333333,0.222968,1.27911,0.314555,1.29444,0.111712,0.0144857,1.03688,0.336623,2.14788,0,0.00137247,2.5988
199.168000000,0.103887,0.999611,0.323913,0.990402,0.0150618,0.150307,0.651502,0.702199,2.3701,0,0.0653336,2.36672
199.210666667,0.0502146,1.23089,0.356528,0.346138,0.0134997,0.54786,0.622367,1.84102,0.749672,0,0.392171,1.66951
199.253333333,0.0202964,1.2627,0.357897,0.186935,0.038298,0.399492,0.776496,2.08612,0.0272079,0,1.74951,0.801549
199.296000000,0.00196905,1.27381,0.267252,0.13903,0.0881053,0.277114,0.956313,1.97807,0.028627,0.00663318,2.35666,0.272194
199.338666667,0,1.05854,0.165043,0.161028,0.0668678,0.298564,0.890462,1.8321,0.0219148,0,2.47208,0.267797
199.381333333,0,0.949309,0.0885898,0.139458,0.00295202,0.41717,0.667644,1.71141,0.0205235,0,1.83414,1.11832
199.424000000,0,1.18343,0.0138876,0.297611,0.0755691,0.527571,1.31064,1.33768,0.493551,0,0.503263,2.21305
199.466666667,0,1.35762,0,0.467185,0.369131,0.229554,1.80501,0.370253,1.23356,0,0,2.71572
199.509333333,0,1.27606,0,0.525669,0.445402,0.0871172,1.71756,0.12485,1.49616,0,0,2.77005
199.552000000,0.091236,1.30124,0,0.48746,0.248355,0.0285186,1.36053,0.0789104,1.87114,0,0,2.6484
199.594666667,0,1.37446,0.0423535,0.422202,0.104106,0.309829,1.1832,0.160503,1.78464,0,0.00127667,2.42357
199.637333333,0,1.28369,0.109686,0.884442,0.0531376,0.45448,0.597988,0.404132,1.41045,0.000670291,0.126714,2.37896
199.680000000,0,0.986346,0.143628,1.10087,0.0213782,0.36786,0.5676,0.899785,0.935076,0.0762892,0.147365,2.18332
199.722666667,0.105638,0.68984,0.203482,1.07633,0.00128424,0.113119,0.718607,1.88003,0.163443,0.134387,0.256727,2.00558
199.765333333,0.195178,0.467285,0.478715,1.06716,0,0.0357042,0.756305,2.24791,0.27579,0.103973,0.356883,1.7604
199.808000000,0.244085,0.916479,0.441967,0.9491,0.0915732,0.0897143,0.877891,2.15764,0.352034,0.14488,0.312969,1.32712
199.850666667,0.0120839,1.1938,0.0698981,0.972974,0.464386,0.0166792,1.5527,1.43256,0.694089,0.24905,0.555682,0.32292
199.893333333,0,1.17697,0.242213,1.04214,0.749832,0.00968377,2.09433,0.415221,1.06055,0.143235,0.681748,0.0613152
199.936000000,0,1.16745,0.20681,1.17824,0.797995,0.00937551,2.16731,0.083403,0.944951,0.0323824,0.711727,0.676733
199.978666667,0,0.891861,0.170471,1.47844,0.525121,0.0698744,2.17339,0.086559,0.865512,0,0.643808,1.69094
200.021333333,0.00959933,0.757677,0.151424,1.71717,0,0.1327,2.29943,0.07593,0.962588,0,0.509668,2.08597
200.064000000,0,0.832941,0.0687044,1.96366,0,0.199399,2.12648,0.0583942,1.32737,0,0.529557,2.28978
200.106666667,0.259804,0.785949,0.0160822,2.32165,0,0.309556,1.33155,0.0636534,2.70864,0.263231,0,1.87606
200.149333333,0.0890406,0.460418,0.071705,2.02279,0.0965684,0.149699,0.281873,0.0801601,3.64851,0.057444,0.0513595,1.98218
200.192000000,0.188252,0.134156,0.159972,1.98117,0.119915,0.0339693,0.157825,0.0793062,3.74116,0,0.0114402,2.03786
200.234666667,0.162272,0.11741,0.193903,2.13684,0.0339981,0,0.248801,0.0383026,3.52749,0.0268106,0.00385818,2.18932
200.277333333,0.106969,0.0550371,0.13939,2.19769,0.00487533,0,0.321702,0.0407447,3.25902,0.0810307,0.00998482,2.4279
200.320000000,0.0066975,0.00388627,0.0154871,2.14063,0,0,0.303007,0.0708214,2.98734,0.12993,0.0255273,2.58074
200.362666667,0,0,0.0134944,2.04397,0.0656525,0.00462761,0.282962,0.0983954,2.65767,0.121245,0.0422717,2.58662
200.405333333,0,0,0.00893366,2.04657,0.132813,0.000267409,0.331301,0.0914852,2.87862,0.108988,0.0388981,2.45239
200.448000000,0.169041,0.0670035,0.0947824,2.05912,0.287511,0,0.489639,0.166571,3.13083,0.0599761,0,2.10755
200.490666667,0.467469,0.0200085,0.14862,1.82518,0.499083,0,0.421964,0.0365267,3.26171,0.0454885,0,1.46183
200.533333333,0.227057,1.03544,0.179884,1.34191,0.338973,0.0056574,0.266762,0.0661235,3.01911,0.0877238,0.000337832,0.804976
200.576000000,0.398094,0.826178,0.334678,0.828912,0.280511,0.0482037,0.844491,0.112108,2.79414,0.0591359,0.000730908,1.8503
200.618666667,0.161845,0.567556,0.344517,1.13562,0.223535,0.0690655,1.02429,0.0436585,2.77891,0.053601,0.000846053,2.2404
200.661333333,0.0283597,0.269541,0.288802,1.46714,0.18814,0.04626,0.971404,0.0391968,2.6847,0.062743,0.00107041,2.30932
200.704000000,0,0.093705,0.222816,1.50979,0.140793,0.0407704,0.871013,0.0289144,2.59126,0.0857077,0.000844262,2.38763
200.746666667,0,0.0359996,0.102565,1.33369,0.0662674,0.0205193,0.806552,0.132954,2.6931,0.127969,0.0216268,2.49397
200.789333333,0,0,0,1.48635,0.140129,0.0156944,0.638411,0.483463,2.86693,0.14933,0.034672,2.45108
200.832000000,0,0,0,2.07483,0.0466596,0.0167773,0.343659,0.373555,2.88568,0.146333,0.0406155,2.60172
200.874666667,0,0,0.0527115,2.23997,0,0.0103573,0.447247,0.167567,3.02295,0.155975,0.0160807,2.63728
200.917333333,0.321489,0,0.14033,2.10335,0,0.158554,0.678176,0.0633003,3.25475,0.0920488,0.00100009,2.4152
200.960000000,1.16091,0.0365129,0.137611,2.19045,0.0585682,0.144406,0.847197,0.122618,3.36718,0.068252,0,1.29058
201.002666667,1.38871,0.0706501,0.195125,2.12937,0.202856,0.0199053,0.569164,0.087723,3.11104,0.00947291,0.0956946,1.32264
201.045333333,1.17514,0.0855921,0.187859,1.52926,0.0414295,0.276282,0.338378,0,3.11192,0.0174664,8.93287e-05,2.31158
201.088000000,0.925989,0.0819754,0.175744,1.46845,0.0328144,0.19172,0.345871,0.000791466,3.21898,0.0592034,0.0031217,2.61569
201.130666667,0.7395,0.0847877,0.13471,1.63746,0.0282495,0.106429,0.341591,0.0124679,3.28409,0.079445,0.00552553,2.68983
201.173333333,0.615869,0.0779774,0.0778918,1.8259,0.0131727,0.0754511,0.335914,0.00740213,3.26853,0.10114,0.00514873,2.63881
201.216000000,0.427177,0.0690556,0,1.87807,0,0.0731369,0.364013,0.0317404,3.26218,0.132661,0.00741689,2.39169
201.258666667,0.156663,0.0868716,0,2.09603,0,0.00327729,0.339807,0.0832385,3.24255,0.151529,0.0251539,2.29743
201.301333333,0,0.0409143,0,2.44612,0,0.000386984,0.260037,0.140478,3.37988,0.152696,0.042091,2.34129
201.344000000,0.0120197,0.0723073,0,2.33788,0,0,0.175324,0.0824355,3.39365,0.124627,0.0109925,2.48215
201.386666667,0.0488963,0.0960345,0.00130215,2.37514,0.00376932,0,0.0157929,0.0638893,3.28264,0.0704912,0.00102208,2.4031
201.429333333,0.0556786,0.0938517,0.00475387,2.31411,0.0382787,0,0.0444606,0.123191,3.27528,0.0862306,0,1.72507
201.472000000,0.104338,0.202041,0.107651,1.93203,0.196262,0.177233,0.260792,0.997545,2.92021,0.0713542,0.000418773,1.59223
201.514666667,0.0903134,0.64902,0.164879,1.18171,0.241018,0.419144,0.466553,1.34733,1.67522,0.0375504,0.756238,1.06298
201.557333333,0.0356194,0.699034,0.188229,1.34015,0.125094,0.0980373,0.563424,1.33085,1.16995,0.282101,1.04661,0.746052
201.600000000,0,0.487154,0.256549,1.70749,0.0886192,0.231529,0.901973,1.38708,1.36715,0.492006,0.92386,0.745954
201.642666667,0,0.186161,0.258137,1.73256,0.036457,0.419617,1.39505,1.713,1.17185,0.629426,0.457082,0.703465
201.685333333,0.00697393,0.462283,0.153609,1.13845,0.0257233,0.470782,1.8547,1.54308,1.51606,0.420231,0,0.854696
201.728000000,0.75587,0.769809,0.172578,0.604704,0.161521,0.360354,1.6711,0.761064,2.80146,0.117578,0.194784,0.405344
201.770666667,0.818643,1.22001,0.396047,0.375203,0.16384,0.390863,1.11197,0.260982,3.11791,0.0976276,0.601327,0.000253934
201.813333333,0.857351,1.65448,0.393062,0.275561,0.162097,0.482443,0.473574,0.128124,3.15605,0.165444,0.646035,0.00247248
201.856000000,0.919692,1.82266,0.343999,0.201657,0.645457,0.0416746,0.526283,0.0867765,3.0738,0.145942,0.412262,0.161673
201.898666667,0.814743,2.00343,0.243674,0.529672,0.585265,0.0027388,0.493704,0.250191,2.93918,0.0610988,0,0.624902
201.941333333,0,2.53277,0.195203,0.28744,1.36783,0.00430112,0.000313515,0.105816,2.60415,0.00886257,0.000520353,2.15965
201.984000000,0,2.36576,0.136487,0.233819,2.24793,0.0160865,0.102476,0.00342135,2.06548,0.0214626,0.000555773,2.12284
202.026666667,0,2.18157,0.0123923,0.224398,2.49063,0.0224775,0.322127,0.0765835,1.85865,0.0690195,0.000453989,1.8047
202.069333333,0,1.99767,0,0.199253,2.55147,0.0235737,0.456122,0.0775111,1.65408,0.0584382,0.00178156,1.69248
202.112000000,0,1.71947,0,0.141461,2.63523,0.0248217,0.507032,0.0699261,1.58339,0.039931,0,1.80857
202.154666667,0.061595,1.72719,1.97705e-05,0.126627,2.44651,0.0308298,0.0291031,0,1.59459,0.00359306,0.00365348,2.18113
202.197333333,0.0553999,1.42686,0.000611756,0.213649,3.48167,0.0276965,0.074077,0,1.68068,0.0012125,0,2.18786
202.240000000,5.46096e-05,0.935211,0.00030277,0.149824,4.10609,0.0186879,0.122838,0,2.00707,0.0246911,0,2.37483
202.282666667,0,0.0485987,0.00535096,0.258397,4.15345,0.0329785,0.201207,0,2.32979,0.0707179,0,2.67838
202.325333333,0,0,0.000550927,0.239452,4.1928,0.0501933,0.334225,0,2.20948,0.00573661,0,2.54381
202.368000000,0,0.6158,0.00411687,0.146643,4.06483,0.264621,0.292134,0.131357,2.28811,0.0764603,0,2.27222
202.410666667,0.0274439,1.7688,0.163599,0.149577,3.21549,0.420961,0.0614196,0.570347,2.25127,0.00791607,0.000247294,1.51085
202.453333333,0.165644,2.12422,0.398702,0.151164,1.85021,0.472203,0.507191,0.188612,2.10623,0.138225,0.0129441,1.31131
202.496000000,0.0995864,2.15356,0.149007,0.170839,1.73367,0.524606,0.928358,0.0230195,2.02093,0.296043,0.0132105,1.29435
202.538666667,0.0184117,2.21082,0.0912093,0.118363,1.83711,0.423132,0.987532,0.0104582,2.00339,0.530113,0.00530515,1.57868
202.581333333,0.0527198,2.16645,0.0370748,0.102907,2.20313,0.0290356,0.778629,0.0114729,2.17207,0.456346,0.00169599,1.85901
202.624000000,0.0272239,1.7106,0.00122949,0.109109,3.02447,0.0267101,0.20674,0.37843,2.49477,0.144045,9.20618e-05,2.05415
202.666666667,0,1.42173,0.00315098,0.115322,3.22803,0.013899,0.14939,0.749538,2.32052,0,0,1.87081
202.709333333,0,1.41951,0.00447665,0.138991,2.87973,0.0193562,0.0582776,0.491479,2.25258,0.142922,0.00205289,1.52774
202.752000000,0.0029121,1.60013,0.00169532,0.159565,2.25831,0.0280559,0.0118417,0.193153,2.08219,0.0776459,0.0254188,1.68486
202.794666667,0.0248663,2.12975,0.011766,0.120874,1.9818,0.0770114,0.184701,0.122085,1.64277,0,0.0504684,1.50314
202.837333333,0,2.90816,0.0763308,0.149654,1.86613,0.243606,0.718088,0,1.20438,0.0504069,0.0728137,1.03695
202.880000000,0,3.26111,0.00550262,0.177841,1.54889,0.46554,1.89132,0.0346231,0.805294,0.0486025,0.676688,0.654403
202.922666667,0,3.44053,0.0028014,0.145552,1.10885,0.360617,2.5983,0.0777319,0.484563,0.0760498,1.22861,0.718661
202.965333333,0,3.45005,0,0.142651,0.772208,0.133898,2.97373,0.0747584,0.322666,0.0824682,1.41538,0.700276
203.008000000,0,3.37659,0.00412026,0.0529856,0.536335,0.1207,3.16321,0.0670999,0.6022,0.00114836,1.36848,0.528784
203.050666667,0,3.31669,0,0.00615338,0.359833,0.190594,3.29786,0.0724031,0.809957,0.00884508,1.33115,0.0738175
203.093333333,0,3.07168,0.0238442,0.0134838,0.0266807,0.266554,3.43726,0.0889508,0.674947,0.0999773,1.33249,3.96672e-05
203.136000000,0,2.44693,0.104629,0.0522108,0.025358,0.256397,3.72704,0.0533278,0.431483,0.132784,1.62472,0.225366
203.178666667,0,2.05413,0.148451,0.106299,0.105342,0.570082,3.5754,0.0831102,0.424449,0.0703946,1.8111,0.482175
203.221333333,0,2.0306,0.0317021,0.165362,0.211637,0.757608,3.22843,0.0685708,0.346339,0,1.85514,0.765698
203.264000000,0.171005,1.93906,0.0188504,0.139322,0.287464,0.729851,2.93872,0.0643322,0.374445,0,1.61586,0.827846
203.306666667,0.265159,2.32308,0.166429,0.122008,0.178995,0.584143,2.59697,0.372308,0.379137,0.0130919,1.43731,0.584127
203.349333333,0.174961,2.35164,0.214319,0.118084,0.0151316,0.3339,2.56541,0.271985,0.23105,0.0856926,1.65057,0.351146
203.392000000,0.0908821,1.9632,0.210639,0.0574942,0.00556332,0.24608,2.87996,0.0258659,0.0453066,0.199424,1.75652,0.571611
203.434666667,0.0889836,2.21269,0.139084,0.0299733,0,0.205298,3.00028,0.0458599,0.09633,0.410302,1.88469,0.729363
203.477333333,0.118411,2.45327,0.39908,0.0155401,0,0.241497,2.9787,0.0724598,0.222758,0.337774,1.99924,0.662983
203.520000000,0.0493687,2.75648,0.24557,0.034671,0.0184318,0.248943,3.03762,0.117948,0.218361,0.23125,2.18821,0.314946
203.562666667,0,2.99054,0,0.00330135,0.0254603,0.238719,3.41235,0.409395,0.0205382,0.0669151,2.11248,0.141599
203.605333333,0.0161509,2.81503,0,0,0.0254609,0.359844,3.78452,0.123866,0.0548842,0.000409707,1.7394,0.000127098
203.648000000,0.062151,2.65087,0,0,0.00615362,0.271591,3.58391,0.104365,0.00965295,0,1.54292,0.12742
203.690666667,0.086077,2.45938,0.00463716,0,0,0.142381,3.14273,0.0724627,0.00939415,0.00168911,1.46333,0.20944
203.733333333,0.107383,2.05505,0.245646,0.24979,0.00644817,0.081245,2.62424,0.192918,0.0105767,0.00637122,1.29876,0.124963
203.776000000,0.120903,1.07978,0.315403,0.921444,0,0.488656,2.146,0.404677,0.265924,0.102021,0.0877007,1.22632
203.818666667,0.165025,0.566056,0.258034,1.29681,0.0271458,0.776778,1.67055,0.0720408,0.794997,0.127153,0.164695,1.58609
203.861333333,0.0555048,0.165283,0.219587,1.71796,0.109525,0.856827,0.812496,0.000593709,2.02332,0.0826484,0.267056,2.13063
203.904000000,0,0.0515277,0.186864,1.97686,0.0996135,0.42779,0.392817,0.0223577,2.92149,0.0765008,0.224376,2.37991
203.946666667,0,0.037183,0.150615,2.44815,0.0339559,0,0.430445,0.0369023,3.32017,0.100228,0.139466,2.44313
203.989333333,0,0,0.0829095,2.68749,0,0,0.475644,0.0634935,3.55513,0.131503,0.0406529,2.39524
204.032000000,0,0,0,2.81439,0,0.00243616,0.578916,0.0950418,3.53721,0.14371,0.0287783,2.09661
204.074666667,0.0316912,0,0,2.8395,0,0.000157725,0.78344,0.131266,3.29375,0.182681,0.041711,1.82141
204.117333333,0.290964,0,0,2.74034,0,0,0.835822,0.219407,3.38283,0.127203,0.111248,1.6111
204.160000000,0.226668,0,0.00127061,2.79632,0,0,0.786578,0.154463,3.5603,0.15323,0.288522,1.71189
204.202666667,0.0196857,0.00930335,0.161654,2.49975,0.189419,0,0.720248,0.0387505,3.54044,0.0482172,0.401323,1.84509
204.245333333,0.105595,0.117874,0.184599,2.37619,0.158256,0.0427631,0.585536,0.592057,3.27866,0.0533217,0.114544,1.87184
204.288000000,0.185507,0.0130756,0.162684,2.32709,0.132896,0.0589494,0.780846,0.437987,3.30774,0.0729388,0,2.03506
204.330666667,0.274368,0.0338349,0.154781,2.18314,0.113682,0.0921004,0.968438,0.163123,3.12932,0.0787604,0,2.12318
204.373333333,0.443304,0.0270022,0.227542,1.73554,0.090874,0.105763,0.968969,0.0180272,2.82661,0.0918976,0,2.25602
204.416000000,0.589973,0,0.126309,1.76788,0,0.0132686,0.823518,0.0355616,2.59336,0.122511,0.00627027,2.55202
204.458666667,0.521464,0,0,2.10002,0,0,0.738626,0.326831,2.29617,0.146122,0.0229169,2.80085
204.501333333,0.202273,0,0,2.46563,0,0.000816284,0.327002,0.437649,2.29359,0.154053,0.0539383,3.02577
204.544000000,0,0.0211221,0,2.80055,0,0,0.248782,0.180134,2.68855,0.177739,0.0479982,3.09097
204.586666667,0,0.0323979,0.0980713,2.77466,0,0,0.179687,0.0765175,3.19296,0.0993738,0.02569,2.88901
204.629333333,0.186248,0.0766597,0,2.76934,0,0,0.194723,0.0652125,3.56099,0.0773288,0.170593,2.40811
204.672000000,0.382795,0.105904,0.0579775,2.65056,0,0.00101217,0.0332084,0.096851,3.72357,0.0931109,0.0705179,2.1695
204.714666667,0.273415,0.133961,0.156279,2.11141,0.337741,0.0186981,0.0601442,0.169178,3.27972,0.0481728,0,1.68551
204.757333333,0.487168,0.164384,0.184416,2.22644,0.172351,0.00496052,0.0857889,0.118802,3.09405,0.0281245,0,1.76075
204.800000000,0.552103,0.187393,0.172108,2.41542,0.148728,0,0.133388,0.0622914,3.07886,0.00214169,0.00172578,1.79903
204.842666667,0.314978,0.172043,0.135901,2.51507,0.10155,0.00728026,0.205528,0.0314061,3.1645,0.0352217,0.00478405,1.94028
204.885333333,0.0435166,0.0828493,0.056849,2.51558,0,0.00912835,0.236526,0.0508245,3.27994,0.0976756,0.0106847,2.42515
204.928000000,0,0.00564078,0,2.44709,0,0.00732075,0.283891,0.0879033,3.2533,0.13983,0.0335096,2.68558
204.970666667,0,0.0164324,0,2.50528,0,0.00596452,0.348829,0.163964,3.04872,0.180432,0.0304097,2.72279
205.013333333,0,0.0703344,0,2.64075,0,0.00143579,0.301141,0.114885,2.90756,0.160353,0.00123434,2.73998
205.056000000,0,0.154943,0,2.59257,0,0,0.214337,0.0518217,2.89043,0.0751128,0.000514043,2.76466
205.098666667,0,0.0471522,0.00507649,2.573,0,0,0.203195,0.0520306,2.90222,0.0738289,0.000717546,2.78047
205.141333333,0.416296,0.0657542,0.203029,2.07982,0.365515,0,0,0.371323,2.91364,0.0670367,3.99819e-05,1.64533
205.184000000,0.80694,0.758609,0.190337,1.20821,0.406884,0.124007,0.506852,0.14324,2.51156,0.03482,0,0.665722
205.226666667,0.397401,1.69695,0.285372,0.403819,0.246026,0.250989,0.836953,0.05385,2.16508,0.0335058,0.0350744,0.34558
205.269333333,0.0660186,1.65426,0.472923,0.241032,0.138491,0.203781,0.939316,0.0413842,2.02228,0.110221,0.0145676,0.000843645
205.312000000,0,1.53055,0.817771,0.513856,0.0738649,0.0576879,0.859012,0.21429,1.95576,0.245528,0,0.000811975
205.354666667,0,1.3491,1.4803,0.831814,0,0.0415878,0.782275,0.262277,2.15924,0.324871,0.0252741,0.191482
205.397333333,0,0.958689,2.13549,1.07833,0,0.0197244,0.610145,0.0772954,2.62499,0.392057,0.0333638,0.313049
205.440000000,0,0.561377,2.22986,1.17111,0,0.0029875,0.2529,0.12421,2.74189,0.517408,0.171723,0.169749
205.482666667,0,0.302656,2.09893,1.03768,0,0.00169813,0.183248,0.100789,2.83952,0.63208,0.284588,0
205.525333333,0,0.497071,2.06345,0.867983,0,0,0.0724466,0.110307,2.95822,0.507979,0.160148,0.0211774
205.568000000,0.0157015,1.09109,1.61894,0.819202,0.0656435,0.00453311,0.0242682,0.0929633,2.96062,0.502032,0,0
205.610666667,0.0468677,2.42396,1.16988,0.480229,0.110959,0.0397121,0,0.103513,2.49088,0.280395,0.00744931,0.137473
205.653333333,0.101557,3.53698,0.873471,0.0884242,0.0560873,0.542058,0,0,2.13386,0.0639637,0.117783,0.0307478
205.696000000,0.0976634,4.24217,0.306397,0,0.026826,1.04595,0,0,2.01058,0.085273,0.0263684,0.224601
205.738666667,0.0838772,4.44107,0.137965,0,0.00415274,1.14375,0,0,1.9915,0.192523,0.00881365,0.65056
205.781333333,0.0807234,4.37316,0.110155,0,0,1.0449,0,0,1.5953,0.246704,0,0.797415
205.824000000,0.0916376,4.20671,0.13604,0.00617018,0,1.33509,0,0.0117479,1.65524,0.0755491,0.160623,0.788301
205.866666667,0.200646,3.74499,0.305465,0.0703464,0,1.313,0.0426709,0,2.15784,0.00110624,0.10153,1.02886
205.909333333,0.243317,3.27466,0.293879,0.0301892,0,1.48322,0.0896719,0.183381,1.62955,0.0257294,0.0733522,2.26131
205.952000000,0.150959,2.75878,0.118324,0,0,1.72982,0.145273,0.325339,1.09083,0.0185679,0.0598234,2.52898
205.994666667,0.125808,2.25202,0.0700552,0,0,1.63382,0.347908,0.194327,0.909331,0.00401341,0,2.77153
206.037333333,0.290271,1.97324,0.190294,0.155281,0.134367,1.15282,0.329063,0.646365,0.570445,0.00520448,0,2.83294
206.080000000,0.808462,1.73933,0.162993,0.591255,0.116846,0.332995,0.350805,0.313589,1.19568,0.164887,0,2.08563
206.122666667,1.17237,1.63663,0.0687148,0.835291,0.154749,0.0607382,0.436551,0,1.39601,0.268187,0,1.3588
206.165333333,0.924325,1.64898,0,0.623213,0.151844,0.0674067,0.834907,0,1.59679,0.355555,0,1.11611
206.208000000,0.468121,2.37531,0,0.375264,0.0959107,0.453118,1.02658,0,1.62581,0.378055,0.00605838,0.748972
206.250666667,0.180406,2.7141,0.0372692,0.0456803,0,0.759097,0.931485,0,1.88999,0.244216,0.0562738,0.0281763
206.293333333,0.231744,2.55288,0.293117,0,0,0.841185,0.595091,0.0702984,1.95767,0.0769233,0,0.0463581
206.336000000,0.248682,3.07274,0.71227,0.143166,0,0.67847,0.00731001,0.383141,1.6378,0,0,0.124702
206.378666667,0.232199,3.25679,0.833053,0.360357,0.0675765,0.262868,0.108491,0.438943,1.4431,0.0438433,4.45126e-05,0.0532459
206.421333333,0.120592,3.16137,0.639218,0.532771,0.260071,0.214199,0.17263,1.00869,1.34795,0.0201922,0,0.205023
206.464000000,0.0894175,2.81738,0.719489,0.532519,0.0434712,0.40227,0.623709,0.92995,1.63678,0.00566734,0,0.151857
206.506666667,0.0411537,3.24751,0.801404,0.171653,0.0669788,0.570375,0.723341,0.600718,1.29726,0.137021,0.160275,0.000102704
206.549333333,0.016108,3.4907,0.345834,0.0353107,0.173145,0.338898,1.24297,0.091394,0.888376,0.0916567,1.22014,0.00015588
206.592000000,0,3.64441,0,0.0220634,0.113423,0.367648,1.63172,0.0728238,0.574274,0.0913984,1.54539,0.000150832
206.634666667,0,3.40642,0,0.00173457,0.150402,0.495769,1.81044,0.0666769,0.48978,0.0538249,1.60991,0.000110797
206.677333333,0,3.19217,0,0,0.231838,0.409901,2.16516,0.0529308,0.251176,0.0329491,1.62112,8.15084e-05
206.720000000,0,3.06973,0,0,0.284853,0.321493,2.64478,0.0774458,0.197889,0,1.61635,0.0256042
206.762666667,0,2.88795,0,0,0.0152672,0.162139,3.39068,0.0761381,0.228683,0,1.62854,0.0225617
206.805333333,0.0451707,2.63811,0.00406691,0,0.0278284,0.0410182,3.94274,0.0492501,0.200984,0,1.69984,0.280354
206.848000000,0.11346,1.793,0.0416433,0,0.110692,0.0187756,4.07545,0.0338908,0.170933,0,1.54226,0.728782
206.890666667,0.139806,1.36534,0.0742079,0,0.184544,0.0308394,3.94165,0.0640457,0,0,1.36105,0.965532
206.933333333,0.0951851,1.26403,0.0805953,0,0.0215107,0.0255256,3.83447,0.0586437,0,0,1.14693,1.46637
206.976000000,0.0245381,1.1166,0.109889,0.0214415,0,0.029949,3.63545,0.19291,0.0455007,0,0.98324,1.79011
207.018666667,0,1.0411,0.109521,0.0684098,0.010639,0.0939585,2.98832,0.684649,0.146746,0.0426577,1.01971,2.21465
207.061333333,0,0.968337,0.145343,0.0806413,0.480843,0.180552,2.47198,0.636053,0.108461,0.0273459,0.728667,2.65654
207.104000000,0.0721783,1.18526,0.171066,0.0165405,0.513012,0.280067,2.19233,0.342649,0.17088,0.0841385,0.671089,2.68628
207.146666667,0.152438,1.04884,0.129318,0,0.63857,0.412357,2.05828,0.0679565,0.197647,0.120736,0.433383,2.65246
207.189333333,0.221858,0.764821,0.0338913,0,0.754504,0.521441,2.38645,0.078826,0.322473,0.070626,0.378956,2.53393
207.232000000,0,0.767402,0,0.0218027,0.279547,0.696616,2.52129,0.473647,0.332319,0.0994178,0.476673,2.52101
207.274666667,0,1.42579,0,0.030542,0.181826,0.670044,2.2744,0.992098,0.431328,0.0989395,0.887512,2.1312
207.317333333,0,1.60916,0,0.0551383,0.217145,0.645772,2.53987,0.750807,0.505253,0,0.957246,1.63113
207.360000000,0.282225,1.65573,0.14321,0,0.249439,0.449108,2.54131,0.627747,0.41894,0.0440791,0.779851,1.49385
207.402666667,0.5037,1.53127,0.142412,0,0.105745,0.471817,2.68734,0.594652,0.185295,0.126015,1.03824,1.14145
207.445333333,0.62297,0.931717,0.0509102,0.316765,0.0951079,0.453874,2.76307,0.864149,0.183016,0.12758,0.894733,1.02885
207.488000000,0.952123,0.118768,0.135371,1.08315,0.210049,0.29253,1.64699,0.209575,2.01663,0.0781094,0.604279,0.628126
207.530666667,0.616011,0.0622146,0.143429,1.64409,0.154204,0.0170488,0.385419,0,3.11803,0.185444,0.0104369,1.41135
207.573333333,0.596055,0.0803412,0.120204,1.88259,0.123453,0.00812307,0.217057,0.0402538,3.24046,0.117552,0.000618558,1.81651
207.616000000,0.528195,0.080284,0.0795841,1.93657,0.0280577,0,0.0233749,0.043584,3.45713,0.0791071,0.000325941,2.28322
207.658666667,0.351855,0.0964477,0,1.93317,0,0,0.00995107,0.0514251,3.58407,0.115811,0.00446842,2.56783
207.701333333,0.143013,0.0724927,0.00603096,2.14919,0.0108516,0.00443993,0.0631644,0.0635014,3.71094,0.146439,0.0137077,2.74514
207.744000000,0.000532284,0,0.0527942,2.24649,0.0606728,0.00527971,0.107626,0.154573,3.70675,0.132536,0.0517349,2.6841
207.786666667,0.293245,0,0.240918,2.16602,0.0851327,0.00621575,0.24872,0.153655,3.6246,0.134283,0.0413294,2.44141
207.829333333,0.610988,0,0.387395,2.19503,0.119312,0.0123094,0.380959,0.106953,3.64207,0.058681,0.0288149,1.87161
207.872000000,1.12081,0.00272528,0.243037,2.17011,0.128581,0.0149698,0.569996,0.161704,3.72257,0.0712278,0.0400835,0.766062
207.914666667,0.419298,0.101377,0.216898,2.16881,0.119217,0.155235,0.662626,0.230956,2.81517,0.263707,0,1.18591
207.957333333,0.210345,0.0563361,0.275236,1.81349,0.177923,0.208223,0.666241,0.316858,2.15163,0.0529357,0.000498277,1.98098
208.000000000,0.0803169,0.108478,0.264556,1.78761,0.208843,0.113741,0.845588,0.133753,2.01868,0.040927,0.00154942,2.35677
208.042666667,0,0.119773,0.229371,1.87272,0.148282,0.10079,0.895993,0.100171,1.86205,0.0583945,0.00160646,2.30444
208.085333333,0,0.0931283,0.212814,1.80987,0.260049,0.0648463,0.918481,0.0954297,1.87009,0.101128,0.0069542,2.12348
208.128000000,0.0408271,0.0221329,0.16733,1.53944,0.392942,0.0105838,0.94074,0.0912048,2.29385,0.149822,0.0402032,1.99822
208.170666667,0,0,0.00529187,1.70089,0.526935,0.000732352,0.692625,0.280258,2.54095,0.17751,0.029531,2.05206
208.213333333,0,0,0.0348312,2.04478,0.320486,0.00584765,0.528817,0.241232,2.74025,0.185845,0.0159354,2.08154
208.256000000,0,0.183768,0.129408,2.08875,0.120735,0.102905,0.627031,0.135205,2.79672,0.121663,0.012523,1.96423
208.298666667,0.362133,0.0859013,0.234634,2.07718,0,0.149735,0.749049,0.0836801,3.26808,0.0716151,0.00153378,1.50541
208.341333333,0.831241,0.0701554,0.256443,1.95204,0.0245929,0.111632,0.777099,0.191711,3.55117,0.0508128,0,1.10812
208.384000000,0.643836,0.113581,0.163737,1.68647,0.0342299,0.0315045,0.482708,0.0798479,3.25473,0.0764061,0,1.22516
208.426666667,0.0955376,0.128009,0.1596,1.462,0.155861,0.0163069,0.433009,0.00291863,2.77635,0.176379,0,1.74539
208.469333333,0,0.123344,0.193683,1.82926,0.118401,0,0.387975,0.00149335,2.8492,0.0949606,0.00175493,2.30872
208.512000000,0,0.0894965,0.156388,2.07118,0.0759487,0,0.36354,0,2.98162,0.0907104,0.00466987,2.91417
208.554666667,0,0,0.13095,2.23614,0.0342028,0,0.387744,0,3.09937,0.100668,0.00994978,3.14364
208.597333333,0,0,0.0503003,2.34111,0,0,0.427361,0.0417217,2.98188,0.125012,0.0182647,3.26036
208.640000000,0,0.0038583,0,2.31368,0,0.0010808,0.40628,0.104602,2.99196,0.121646,0.0181127,3.2992
208.682666667,0,0.034672,0,2.44397,0.00342548,0,0.349464,0.108319,3.07921,0.125168,0.0175072,3.22754
208.725333333,0,0.0667227,0,2.42803,0.0277474,0,0.344777,0.0759235,3.06686,0.114965,0.00901591,3.01911
208.768000000,0,0.108791,0.0160407,2.58236,0.0257597,0,0.44998,0.0473473,3.03833,0.0871326,0,2.61115
208.810666667,0,0.087744,0.163837,2.26376,0.0373749,0.0734011,0.280269,0.0371114,3.21103,0.118959,0,2.17486
208.853333333,0.579244,0.538678,0.252089,1.49363,0.111999,0.18143,0.0391009,0.670084,2.49359,0.468681,0,1.62351
208.896000000,0.477565,0.650466,0.228004,1.27187,0.19059,0.0947435,0.143906,0.780446,0.962676,0.81564,0.280341,1.45118
208.938666667,0.250792,0.57487,0.200366,1.77871,0.130882,0.0948542,0.16792,1.34052,1.11959,1.13811,0.199647,1.01698
208.981333333,0.0442509,0.356562,0.220155,2.16269,0.0731991,0.0956622,0.304744,1.6309,1.39306,1.04186,0.0127299,0.714391
209.024000000,0.107604,0.113973,0.179654,1.9567,0,0.258256,0.925496,1.8941,1.46969,0.898794,0.0218194,0.567099
209.066666667,0.0948909,0.176032,0.110311,1.63482,0.142067,0.413908,1.57439,1.20403,1.37575,0.684796,0.163428,0.684877
209.109333333,0,1.03272,0.784776,0.755721,0.0972222,0.499695,0.820183,0.40549,2.36852,0.211457,0.51346,0.387261
209.152000000,0.113686,1.45399,0.821068,0.116832,0.106722,0.595956,0.446872,0.166484,2.92319,0.169253,0.749869,0
209.194666667,0.327394,1.59501,0.603714,0.0045464,0.0931575,0.583981,0.369256,0.0956961,3.25787,0.101391,0.661415,0.063694
209.237333333,0.478488,1.55098,0.470001,0.0317503,0.797133,0.0701266,0.311407,0.0771517,3.12019,0.096513,0.59064,0.000150009
209.280000000,0.325785,1.9916,0.418009,0.233399,1.4561,0.0092288,0.037875,0.191495,2.85219,0.0759104,0.352988,0.124897
209.322666667,0.00877306,2.31849,0.363364,0.219692,2.00496,0.0326149,0.040188,0.0737204,2.65747,0.0313147,0.000503838,0.473908
209.365333333,0,2.72779,0.316598,0.235132,2.33952,0.155675,0.335104,0.0115189,1.76152,0.0219989,0.035984,0.697492
209.408000000,0,3.00803,0.0550424,0.279671,2.42628,0.113164,0.613218,0,1.64615,0.0422224,0.0314774,0.988958
209.450666667,0,3.10926,0.00831345,0.215188,2.40608,0.0846998,0.656398,0,1.4663,0.0258458,0.0210727,1.13161
209.493333333,0,3.41135,0,0.13796,2.49829,0.0226213,0.421852,0,1.26489,0,0.0170693,1.18836
209.536000000,0,3.40051,0.0783084,0.144054,2.89801,0.0298681,0.297555,0,1.32014,0,0.00117157,1.51773
209.578666667,0,2.69441,0.07029,0.152518,3.48494,0.0222031,0.349013,0,1.57048,0,0,2.03996
209.621333333,0,1.12189,0.143226,0.126235,3.74728,0.0146231,0.325481,0,1.99143,0.167088,0.116842,2.2231
209.664000000,0,0,0.287213,0.116458,3.86942,0.0276447,0.349614,0,2.31225,0.184544,0.149938,2.16392
209.706666667,0,0,0.130534,0.135511,4.03339,0.0402427,0.349588,0,2.38492,0.0552881,0.136198,2.15511
209.749333333,0,1.15365,0.618298,0.166822,3.72067,0.242849,0.227342,0.140343,2.26019,0.0940784,0.0101487,1.97316
209.792000000,0.0187917,1.76337,0.76008,0.193463,2.5648,0.286669,0.354316,0.388868,2.27345,0.0483509,0.000718622,1.30872
209.834666667,0.125712,1.96573,0.823608,0.20195,1.60024,0.313719,0.733314,0,2.32718,0.10085,0.00627928,1.03518
209.877333333,0.0274624,2.3212,0.440608,0.168376,0.867581,0.306923,0.910902,0.00173517,2.18829,0.336183,0.0103212,1.30703
209.920000000,0,2.46883,0.110391,0.103218,1.33266,0.199362,0.937232,0.00405631,2.03936,0.427382,0.0335771,1.79816
209.962666667,0,2.30397,0.00865257,0.127201,2.42119,0.0597434,0.409964,0.0181421,2.01275,0.253309,0.0054836,2.30143
210.005333333,0.0102389,1.02485,0.000831932,0.102066,3.34164,0.0239799,0.186501,0.523945,2.39024,0.00143951,0.0728059,2.59698
210.048000000,0,1.56153,0.00300728,0.125245,2.97816,0.0112215,0.22468,0.669351,2.17529,0.128006,0.159851,2.15351
210.090666667,0,1.8656,0.0240141,0.126042,2.58101,0.0181658,0.21914,0.435168,2.03701,0.272906,0.243811,1.85793
210.133333333,0,2.16603,0.0424068,0.161135,2.39966,0.0308828,0.168017,0.209655,1.82923,0.18626,0.317642,1.54097
210.176000000,0.00717199,2.4072,0.0378006,0.174566,2.63054,0.0349384,0.255429,0.114751,1.54121,0.000542405,0.332751,1.26092
210.218666667,0,2.85897,0.0126585,0.235707,2.35957,0.352379,0.648043,0,1.20029,0.103575,0.514408,0.94313
210.261333333,0,3.24554,0.00228282,0.21685,1.62721,0.382272,2.00877,0.0337137,0.667614,0.0719196,0.994907,0.718235
210.304000000,0,3.24167,0,0.308462,0.784757,0.232939,2.71892,0.0787203,0.610617,0.153145,1.40745,0.489872
210.346666667,0,3.12651,0.0164538,0.186291,0.517376,0.0515579,3.09385,0.0722689,0.723813,0.0803192,1.67768,0.419836
210.389333333,0,3.19521,0.00890025,0.0173993,0.246772,0.0785511,3.18735,0.0645364,0.791055,0.00187642,1.72698,0.45253
210.432000000,0.00272888,3.17987,0,0.0187656,0.0531712,0.128206,3.38402,0.0703949,0.650048,0.000559221,1.42248,0.424273
210.474666667,0.00164199,2.94876,0.0443627,0.0389754,0.0425345,0.105169,3.63933,0.0873865,0.709159,0.0184862,1.1348,0.187696
210.517333333,0.0581486,2.58629,0.0447107,0.114648,0.0983019,0.123794,3.79447,0.0560655,0.728941,0.0137945,1.27058,0.126256
210.560000000,0.570161,2.28608,0,0.177279,0.369461,0.398013,3.27826,0.0879777,0.520782,0,1.46673,0.086664
210.602666667,0.840786,1.91015,0.0164708,0.202303,0.386686,0.419685,2.90634,0.0716196,0.2778,0,1.69266,0.195059
210.645333333,0.789867,1.61692,0,0.156103,0.152717,0.280306,2.71319,0.0924838,0.342513,0.00655142,1.70296,0.135774
210.688000000,0.524156,1.87148,0.0272949,0.298272,0.109573,0.311252,2.4512,0.220205,0.389515,0.0300353,1.41258,0.12642
210.730666667,0.230058,2.38288,0.0868281,0.23589,0.193359,0.324454,2.29021,0.296916,0.376718,0.0456297,1.38734,0.257403
210.773333333,0,2.41455,0.0533201,0.18052,0.23581,0.338408,2.26746,0.358406,0.277826,0.226126,1.30099,0.383187
210.816000000,0,2.48773,0.0363145,0.0522224,0.130163,0.543054,2.21428,0.161296,0.196774,0.445009,1.22717,0.619913
210.858666667,0,2.69124,0,0.0140419,0.00441744,0.843933,2.4904,0.0736072,0.318595,0.417003,1.45746,0.849188
210.901333333,0.0142399,2.46961,0,0,0.0147414,0.542709,3.16705,0.525175,0.268402,0.0014303,1.94832,0.643784
210.944000000,0.166563,2.37072,0,0,0.0373056,0.211377,3.65964,0.455437,0.125495,6.93969e-06,1.97267,0.294831
210.986666667,0.321992,2.25313,0.0110308,0.0014272,0.039476,0.0218774,3.89873,0.0704028,0.0893083,0,1.96751,0.015156
211.029333333,0.343973,2.2148,0.0628118,0.0268353,0.0280291,0.0564476,3.67041,0.056205,0.0890607,0,1.72025,0.0331597
211.072000000,0.445528,2.2167,0.0575795,0.0350983,0,0.0683336,3.16019,0.0744164,0.0100221,0.00888864,1.39862,0.0829364
211.114666667,0.245995,1.82999,0.198725,0.344156,0,0.0270364,2.95466,0.234601,0,0.134202,0.981431,0.38285
211.157333333,0.0795062,1.34755,0.0800422,0.469581,0,0.105976,2.80058,0.337805,0.151601,0.136641,0.519469,0.416244
211.200000000,0.114587,0.510155,0.194633,0.69796,0.132333,0.195193,2.34418,0.253441,1.64786,0.100663,0.192939,0.580911
211.242666667,0.144335,0.179376,0.178857,1.13339,0.518326,0.259134,1.20177,0.0269239,2.81483,0.0755548,0.367933,0.822896
211.285333333,0,0.0161516,0.133036,2.00877,0.551219,0.0718078,0.11676,0.0198353,3.58326,0.0682602,0.301636,1.73473
211.328000000,0.13498,0.0113614,0.0412503,2.53516,0.049239,2.37194e-06,0.240678,0.0321882,3.73418,0.0870576,0.00680821,2.3079
211.370666667,0.334796,0,0,2.8433,0,0,0.507302,0.0566556,3.59234,0.110865,0.00261281,2.39682
211.413333333,0.403112,0,0.0523735,2.97986,0,0.00608735,0.576523,0.0625897,3.68956,0.106903,0.128037,2.40289
211.456000000,0.123749,0,0.154872,2.87056,0,0.0157292,0.4507,0.0198481,3.76193,0.0688292,0.320848,2.46383
211.498666667,0,0.524045,0.198507,2.76536,0.0208903,0.0207615,0.163986,0.042511,3.401,0.0728393,0.339783,2.53212
211.541333333,0,0.454527,0.0221954,2.86692,0.0271447,0.0161205,0.15098,0.0456119,3.15536,0.025692,0.241896,2.66629
211.584000000,0,0.187055,0.00532399,2.91629,0.0962466,0.100335,0.161618,0.0654833,2.97909,0.0922278,0.157579,2.87335
211.626666667,0.00322645,0.216332,0.0392571,2.66421,0.140041,0.215067,0.703,0.0756694,2.83141,0.261716,0.002791,2.51211
211.669333333,0.0314588,0.17041,0.168524,2.38933,0.148859,0.196442,1.0053,0.0780922,2.96713,0.101004,0.00326328,1.96193
211.712000000,0.0139829,0.144938,0.192157,2.39341,0.135881,0.0974555,1.00297,0.0420237,2.83897,0.0476139,0.00271698,2.24952
211.754666667,0,0.10964,0.17195,2.27797,0.0879595,0.0578566,0.945272,0.0267594,2.74719,0.0713755,0.00179311,2.52936
211.797333333,0,0.0402386,0.131614,2.16111,0,0.0183896,0.824913,0.0677239,2.81849,0.117023,0.00675311,2.68704
211.840000000,0.0128842,0,0.0236037,2.05149,0,0,0.612331,0.5977,2.75501,0.162572,0.0216316,2.72407
211.882666667,0,0,0.0242905,2.28467,0,0.000869489,0.33759,0.760473,2.48019,0.158217,0.0394386,2.81946
211.925333333,0,0.164002,0.241228,2.28202,0.00368982,0.00652026,0.288746,0.431721,2.58807,0.148519,0.0340197,2.80874
211.968000000,0,0.374829,0.419389,2.31441,0.00162151,0.00201783,0.336534,0.0845765,2.81344,0.0830202,0.0164162,2.56007
212.010666667,0.245774,0.139033,0.16391,2.38713,0,0.0128432,0.593097,0.0505964,3.09367,0.0858013,0.00241112,2.20045
212.053333333,0.853466,0.130592,0,2.25027,0.268253,0.00372274,0.0464389,0.216596,3.43092,0.224143,0.00163036,1.73689
212.096000000,1.11562,0.902957,0.129284,1.86534,0.311231,0.00371456,0.0363397,0,2.97678,0.239769,0.00291399,1.73016
212.138666667,0.759593,0.982813,0.208549,1.53012,0.136681,0.00495108,0,0.0104243,2.73409,0.0694873,0.00484821,2.18566
212.181333333,0.448528,0.75233,0.213202,1.3144,0.105704,0.0560734,0,0.0242179,2.66129,0.0320802,0.00600649,2.50529
212.224000000,0.40186,0.558822,0.203736,1.38707,0.0407049,0.0401148,0.0204305,0.0310057,2.59915,0.0895301,0.00658805,2.95737
212.266666667,0.369522,0.355951,0.130212,1.80997,0,0.0229836,0.139773,0.0592017,2.51406,0.130892,0.0447873,3.31627
212.309333333,0.0798905,0.293629,0.0211384,2.07476,0,0.00160652,0.219297,0.0735482,2.99232,0.140925,0.033944,3.31385
212.352000000,0,0.232335,0.11588,2.37488,0,0,0.276449,0.0784588,3.23681,0.152583,0.00683299,2.91298
212.394666667,0,0.0854294,0.207212,2.56276,0,0,0.570414,0.0435534,3.05661,0.127654,0.120844,2.27141
212.437333333,0.0408537,0.089531,0.344448,2.54799,0.0047142,0,0.605574,0.0273777,3.18228,0.0825476,0.20638,1.96972
212.480000000,0.0666694,0,0.299102,2.5242,0.00741291,0.000350438,0.543779,0.0425179,3.4755,0.113316,0.155408,1.89591
212.522666667,0.325433,0.104362,0.312572,2.50547,0.0560244,0.0390986,0.337703,0.0480779,3.60213,0.284936,0,1.9628
212.565333333,0.192258,0.152752,0.281435,2.31545,0.120902,0.256779,0.466321,0.0391821,3.16691,0.406888,0.000181922,1.88366
212.608000000,0.0380403,0.235559,0.372842,2.2975,0.146513,0.328207,0.647519,0.195028,2.78224,0.28576,0,2.08312
212.650666667,0.00387119,0.17453,0.3743,2.29892,0.144133,0.343605,0.659809,0.373604,2.6856,0.256053,0,2.25139
212.693333333,0,0.234088,0.285293,2.38324,0.141478,0.295459,0.596306,0.452644,2.41076,0.253217,0,2.50868
212.736000000,0,0.364966,0.170322,2.35563,0.237455,0.121489,0.52207,0.180829,2.1873,0.0960884,0.000838914,2.89922
212.778666667,0,0.195098,0.134301,2.30644,0.356798,0.00273504,0.743735,0.285593,2.45841,0.161416,0.00149998,2.63957
212.821333333,0.00466728,0.0335115,0.128129,2.4681,0,0.0061264,0.514172,0.369309,2.81498,0.17458,0.0324821,2.01933
212.864000000,0,0.153594,0.111642,2.49679,0.00286237,0.0306859,0.2141,0.184027,2.95035,0.185267,0.0559386,1.91683
212.906666667,0,0.0172982,0.08402,2.41254,0.00181246,0.00557063,0.00440777,0.0814131,3.47446,0.153199,0.00898349,1.96952
212.949333333,0.0239323,0.225209,0.142452,2.30559,0.0140362,0,0,0.0820505,3.67718,0.0999015,0,1.85862
212.992000000,0.111387,1.25233,0.242891,2.14448,0.0129513,0,0.0217736,0.403009,3.25345,0.0408455,0,1.56712
213.034666667,0.126791,1.76532,0.214256,1.40872,0.0107428,0.286137,0.0364667,1.51339,2.41995,0.0886191,0.538947,1.18235
213.077333333,0.0949758,1.61278,0.128672,0.686544,0.000166495,0.321893,0.0438511,2.62253,0.81016,0.140681,2.00033,0.746567
213.120000000,0.0799636,1.55121,0.140989,0.420203,0.00134898,0.176155,0.0378818,2.72442,0.654067,0.141672,2.38688,0.53931
213.162666667,0.0809014,1.54617,0.222966,0.0964966,0,0.277625,0.0280508,2.78421,0.644884,0.0537514,2.29313,0.414953
213.205333333,0.104796,1.70471,0.242999,0.0527641,0,0.302293,0.0509389,2.97289,0.446732,0.0511573,1.78719,0.52233
213.248000000,0.267957,2.28479,0.354244,0.0929228,0.00897189,0.300985,0.0377223,2.67711,0.831908,0,0.627673,1.16106
213.290666667,0.276381,2.53181,0.321286,0.176704,0.0237614,0.235998,0.196256,1.44559,1.5564,0.000835583,0,1.69704
213.333333333,0.146958,2.4212,0.134919,0.34847,0,0.341618,0.239371,0.505432,2.064,0.00162688,0,1.9111
213.376000000,0.148315,2.01924,0.100938,0.555024,0,0.388387,0.526632,0.166577,2.19496,0.00121592,0,1.96084
213.418666667,0.376527,1.66043,0.246558,0.94919,0.0821496,0.314066,0.729762,0.334212,2.04664,0.180518,0.00317536,1.96355
213.461333333,0.545023,1.43039,0.285666,1.54775,0.164505,0.440112,0.667515,0.302896,2.23537,0.190694,0,2.19369
213.504000000,0.333543,1.29322,0.0730771,1.73266,0.241218,0.382801,0.835146,0.583359,2.02344,0.351682,0,2.13163
213.546666667,0.216204,1.23347,0.0688041,1.91414,0.170995,0.250785,1.07283,0.583138,1.56472,0.425376,0,1.91242
213.589333333,0.206199,1.05617,0.0591845,2.0011,0.112064,0.129152,1.23893,0.3073,1.63927,0.371096,0,1.93612
213.632000000,0.212398,1.11408,0.0214768,2.02439,0.510383,0.0117866,1.25059,0,2.38241,0.214879,0,1.62749
213.674666667,0.2422,1.40338,0.140061,1.90358,0.259729,0.398029,0.574364,0,3.02122,0.00283238,0,1.24841
213.717333333,0.235964,2.24495,0.312097,1.59684,0,0.0315394,0.165391,0.0748799,2.95385,0,0,1.71725
213.760000000,0.222025,2.33035,0.329355,1.4612,0,0.04706,0.0452872,0.190769,2.7043,0,0,2.11709
213.802666667,0.113231,2.18383,0.126607,1.62718,0,0,0.0448062,0.493321,2.50653,0,0.000140803,2.28348
213.845333333,0.119249,1.81453,0.066023,1.85161,0.0203334,0.00920197,0.533291,0.71529,2.34843,0,0.00104279,2.3779
213.888000000,0.0740181,1.32158,0,1.94854,0.170782,0.275088,0.789982,1.01328,2.38967,0,0.00131954,2.38375
213.930666667,0.043653,0.866963,0.00145503,1.86505,0.0114615,0.0655803,1.20856,1.18114,1.80506,0,0.00977144,2.32486
213.973333333,0.0531408,0.681644,0.229282,1.14446,0.0684649,0.0733582,2.08348,1.15479,0.745496,0,0.6123,1.37433
214.016000000,0.0395445,0.939239,0.379685,0.500802,0.138253,0.144407,2.0438,1.30713,0.109058,0.0447275,0.671548,0.341889
214.058666667,0.0317067,1.09474,0.268225,0.451848,0.152821,0.145739,2.02644,1.25921,0.039355,0,0.622262,0.233633
214.101333333,0.0242393,0.928102,0.176029,0.434387,0.125797,0.0316738,1.91548,1.29533,0.0206152,0.0051923,0.759081,0.169643
214.144000000,0.14766,0.716454,0.259135,0.255568,0.108697,0.0218091,1.39985,1.27321,0.458263,0,0.965781,0.332516
214.186666667,0.148241,1.07921,0.344486,0.442683,0.119923,0.0991421,1.37872,1.38861,0.788439,0.00500694,0.810772,1.01874
214.229333333,0.107602,1.28239,0.14085,0.800492,0.170735,0.11934,1.70919,1.20259,1.03611,0,0.645864,1.53687
214.272000000,0.0515559,1.48333,0,0.982932,0.131314,0.0273753,1.1923,1.11465,0.966598,0.00809786,0.260564,2.12994
214.314666667,0.00312755,1.33573,0,0.820321,0.21197,0.0245052,0.910568,1.05012,1.49097,0.000492582,0.000571404,2.30557
214.357333333,0.00689161,1.1345,0,0.706591,0.748514,0.475809,0.496016,0.612714,1.67174,0.000295318,0.263129,2.04126
214.400000000,0.00800023,0.869366,0.149366,0.398419,0.786567,0.487967,0.313426,0.26511,1.94214,0.0525312,0.422596,2.24779
214.442666667,0,0.724492,0.258016,0.429169,0.535561,0.49763,0.424191,0.696978,1.57029,0.109226,0.69796,2.14328
214.485333333,0.0743642,0.822523,0.364579,0.296196,0.000149546,0.432018,0.530759,0.91984,1.17446,0.0319788,0.944556,1.72977
214.528000000,0.084565,1.1847,0.398007,0.237089,0.0667532,0.751464,1.31168,0.819352,0.710595,0.178758,0.926971,0.814197
214.570666667,0.144862,1.90852,0.460009,0.535847,0.345487,0.729567,1.95638,0.389567,0.498435,0.394867,0.328594,0.397706
214.613333333,0.0373903,2.06991,0.321841,1.29263,0.732586,0.29348,2.1488,0.157205,0.593372,0.287691,0.124005,0.374423
214.656000000,0,1.33238,0.480045,1.16056,1.23569,0.0904241,1.78824,0.0904853,0.765171,0,0.670667,0.320094
214.698666667,0,1.10139,0.623744,0.780443,1.38591,0.0637249,2.014,0.102286,0.727203,0,1.22267,0.275337
214.741333333,0,1.09121,0.593649,0.53244,1.52539,0.0315874,1.84753,0.066253,0.662669,0,1.58017,0.546605
214.784000000,0,0.955391,0.378904,0.857151,1.54782,0.0672482,1.90708,0.190406,0.703479,0.00783488,1.38026,0.959475
214.826666667,0.00592011,1.18719,0.134028,1.5875,0.691875,0.0330111,1.46981,0.446592,0.866581,1.10274,0.0351409,1.66538
214.869333333,0,0.961285,0.157477,2.08171,0.0625939,0.059526,0.690927,0.0427696,1.89589,0.749564,0,2.29709
214.912000000,0.0956424,0.310812,0.160798,2.2734,0.0746578,0.112238,0.458979,0.0402309,2.41508,0.426773,0,2.43536
214.954666667,0.262246,0.102957,0.161759,2.39074,0.0823212,0,0.0633591,0.035146,2.47563,0.221534,0,2.59196
214.997333333,0.314839,0.0534992,0.12601,2.34081,0.00705459,0.00258677,0.00946426,0.0352502,2.7874,0.0823664,1.69906e-05,2.56356
215.040000000,0.30791,0,0.0426299,2.23128,0,0.00380442,0.0177077,0.0548663,3.15052,0.111315,0.00584307,2.34125
215.082666667,0.329555,0,0,2.34474,0,0.00365876,0.027987,0.101218,3.35285,0.145144,0.0128062,1.85178
215.125333333,0.581586,0.00338453,0,2.42444,0,0.00039051,0.252071,0.120812,3.38574,0.117779,0.0238419,1.23074
215.168000000,0.812131,0.0696373,0.127851,2.46607,0,0,0.51489,0.105324,3.13029,0.118776,0.00416665,1.181
215.210666667,0.849957,0.134155,0.244228,2.34984,0,0.0004928,0.747487,0.0450811,3.17505,0.0768848,0,1.26195
215.253333333,0.995178,0.0640517,0.134606,2.17284,0.000985886,0.00439831,0.361048,0.0567393,3.99293,0.122704,0,1.07851
215.296000000,0.132625,0.103729,0.215868,1.9155,0.123868,0.0465584,0.634394,0.0839587,2.88988,0.121292,0,2.23088
215.338666667,0.0670428,0.0809857,0.261174,1.39616,0.235974,0.0500947,0.856979,0.0458666,2.70074,0.0638625,0,2.70185
215.381333333,0,0.126001,0.204922,1.58346,0.233742,0.0512724,0.887755,0.0524861,2.57139,0.0564972,0,2.90188
215.424000000,0,0.128471,0.182769,1.88544,0.13469,0.0482316,0.834215,0.0446027,2.47191,0.0689794,0,2.94011
215.466666667,0,0.110443,0.1512,1.85978,0,0.0313115,0.777565,0.0619625,2.44879,0.106491,0,2.86445
215.509333333,0,0.0451169,0.0272887,1.62291,0.0211086,0,0.671167,0.0751468,2.51752,0.147267,0.0194989,2.84662
215.552000000,0.00515461,0.00577453,0.00429527,1.99819,0.0221145,0,0.355449,0.171221,2.75431,0.164251,0.0367555,2.88328
215.594666667,0,0.0513182,0.00421089,2.36809,0,0.000296865,0.0715265,0.195932,3.27431,0.171811,0.0362533,2.77504
215.637333333,0,0.137693,0.0374849,2.2456,0.0091951,0.0634923,0.0435709,0.154976,3.3069,0.120717,0.00649163,2.40722
215.680000000,0.688224,0.167582,0.0716246,2.13252,0.00325357,0.106821,0.0531264,0.115688,3.25907,0.0760373,0.00177077,1.51017
215.722666667,0.904584,0.0855548,0.244865,2.13617,0.0190136,0.0489037,0.102033,0.43676,3.28979,0.0626821,0,1.15086
215.765333333,0.335921,0.110465,0.233645,1.93829,0.176349,0.0368358,0.0635987,0.355177,2.95046,0.109101,0,2.33358
215.808000000,0.546497,0.128699,0.216294,2.29434,0.197158,0.0183536,0.133495,0.201233,2.42647,0.0335425,0.000399339,2.75192
215.850666667,0.476496,0.148834,0.17716,2.49445,0.141999,0,0.173794,0.0779146,2.46428,0.0396224,0.00279338,2.9887
215.893333333,0.377149,0.128711,0.140418,2.58866,0.0956295,0,0.177841,0.0290547,2.63033,0.0593118,0.00416637,3.15444
215.936000000,0.200373,0.0824161,0.0561062,2.56959,0,0,0.147202,0.0442057,2.88591,0.10036,0.00632367,3.26332
215.978666667,0.00513263,0.0233834,0,2.49847,0,0.00161492,0.101472,0.0701669,3.07459,0.130896,0.0330555,3.23259
216.021333333,0.0728002,0.0126661,0,2.56418,0,0.00256974,0.0809614,0.196705,3.01452,0.127203,0.0523797,3.0834
216.064000000,0.144134,0.0250151,0,2.94489,0,0,0.00556685,0.394335,2.80471,0.165322,0.223105,2.78431
216.106666667,0.163882,0.0668153,0.0529271,2.95266,0.00859459,0,0.0234145,0.518925,2.78725,0.102406,0.356484,2.15547
216.149333333,0.459226,0.163438,0.119521,2.94098,0.0181727,0,0,0.791497,2.94511,0.0736795,0.213266,1.32219
216.192000000,0.730292,0.267625,0.10144,2.98964,0,0.00693821,0.176522,0.481599,2.45247,0.258482,0.340591,1.28282
216.234666667,1.19794,0.142334,0.317192,2.03493,0.163228,0.0950693,0.317667,0.46153,1.41868,0.657202,0.473855,1.07666
216.277333333,1.04205,0.0833974,0.411438,0.767407,0.188711,0.0570542,0.561215,0.50584,1.22434,0.98336,0.738234,1.08205
216.320000000,0.689439,0.0877499,0.381807,0.777783,0.150752,0.28568,0.781789,0.428532,1.39701,1.31976,0.488744,0.957366
216.362666667,0.538031,0.0700782,0.614319,0.913842,0.0765598,1.01004,1.2099,0.160317,1.54378,1.37097,0.182581,0.589341
216.405333333,0.620052,0.0684809,1.00594,0.954205,0,1.20336,1.60327,0.142504,1.59314,1.05163,0.013443,0.885089
216.448000000,0.44002,0.105772,0.859055,1.3085,0.0223548,0.594009,1.28541,0.160923,3.01265,0.316266,0.0383479,1.3092
216.490666667,0.421174,0.475255,0.997476,0.993997,0.0756404,0.23811,0.430634,0.291479,3.46738,0.258672,0.284427,0.799307
216.533333333,0.570064,0.665173,1.22409,0.611694,0.34641,0,0.440062,0.261963,3.42515,0.262279,0.353416,0.300707
216.576000000,0.31575,1.12485,1.07581,0.20822,0.636604,0,0.302273,0.273486,3.29973,0.144165,0.447752,0.37504
216.618666667,0.236564,1.67428,0.680948,0.176912,0.200474,0.0212155,0.201573,0.251606,3.16959,0.0775445,0.30151,0.448468
216.661333333,0.430861,1.99035,0.0860065,0.457612,0.1134,0.123403,0.00713754,0.286961,3.23949,0.0351166,0.014933,1.18418
216.704000000,0.381622,2.1102,0.11856,0.196903,1.41297,0.00223937,0.131151,0.0490529,2.35186,0.037528,0.00189738,2.01261
216.746666667,0.143226,2.28411,0.0602887,0.246267,2.10859,0.0167908,0.462202,0.0274966,1.98289,0.0490394,0.000329447,2.01527
216.789333333,0,2.66153,0.000566412,0.301062,2.22882,0.0210588,0.561122,0.0768125,1.93041,0.0920292,8.71636e-05,1.89025
216.832000000,0,2.94903,0,0.207682,2.38203,0.0641832,0.486929,0.0563267,1.96264,0.0538296,0,1.71199
216.874666667,0,3.25956,0,0.110222,2.54957,0.0270633,0.325891,0.02728,1.99229,0.00879747,0,1.5246
216.917333333,0.0707744,3.26162,0.0011081,0.121808,2.70554,0.0177682,0.088704,0,1.93549,0,0,1.55614
216.960000000,0.097567,3.00947,0.00268535,0.155383,3.15089,0.010998,0.113124,0,1.84595,0,0,1.57969
217.002666667,0.0664073,1.94493,0.000852183,0.199972,3.46847,0.0288656,0.140289,0,1.99702,0.000915732,0.0401688,1.86884
217.045333333,0,0.324132,0,0.212989,3.8195,0.0307213,0.0910857,0,2.43531,0.0353762,0.0786825,2.68712
217.088000000,0,0,0.162666,0.157031,4.01754,0.0925075,0.101194,0,2.54202,0,0.0301778,2.59645
217.130666667,0.0110547,1.97554,0.187583,0.185866,3.03888,0.246921,0.079035,0.32389,1.8619,0.036738,0.000143067,1.82457
217.173333333,0.220158,2.6922,0.0133491,0.174176,2.3464,0.426137,0.495984,0.198782,1.48085,0.168891,0.00692928,1.25183
217.216000000,0.101151,2.86725,0.00431168,0.190238,1.95379,0.465838,0.943046,0.000623767,1.5609,0.353902,0.00655672,1.07218
217.258666667,0,2.95958,0.000707085,0.209228,1.86676,0.368766,1.0962,0.00359107,1.65133,0.503139,0.000269671,1.18026
217.301333333,0,2.93565,0.00823642,0.169098,2.14028,0.102965,0.950849,0.00776559,1.76807,0.504952,0,1.60978
217.344000000,0,2.54859,0.0170368,0.127714,2.22021,0.0291975,0.728623,0.119233,2.09208,0.230241,0,2.11162
217.386666667,0.0160528,1.4863,0.0720934,0.156133,2.966,0.0208057,0.122482,0.651361,2.43309,0.00201497,0,2.24433
217.429333333,0.0707118,1.73968,0.0698082,0.184661,2.93118,0.0154156,0.211079,0.715568,1.78955,0.151515,0,1.62319
217.472000000,0.080376,1.90095,0.0648229,0.206536,2.41746,0.0301799,0.283279,0.438246,1.67199,0.116534,0,1.62861
217.514666667,0.0725631,2.12419,0.0391639,0.176295,1.98295,0.0374241,0.387159,0.232281,1.42011,0,0.0642969,1.58305
217.557333333,0.0429989,2.50209,0.0118251,0.166522,2.03235,0.183652,0.403465,0.206666,1.44815,0,0.00556327,1.31777
217.600000000,0,3.53522,0.00272327,0.170352,1.69924,0.504915,1.16895,0,1.24303,0.0601308,0.188486,0.597796
217.642666667,0,3.5596,0.00233236,0.121307,1.0966,0.559672,2.64326,0.0562985,0.892179,0.0244423,0.80215,0.152317
217.685333333,0,3.33294,0,0.11392,0.959306,0.377156,3.03141,0.0804534,0.501209,0.107899,1.43201,0.21549
217.728000000,0,3.07178,0,0.108989,0.818654,0.262478,3.19258,0.0738314,0.624769,0.0557179,1.64336,0.296581
217.770666667,0,2.98265,0.0503247,0.0250784,0.540687,0.364556,2.93837,0.0684537,0.926667,0,1.87029,0.318789
217.813333333,0.0038684,2.86466,0.0556217,0.00931914,0.199754,0.390248,2.91949,0.0836606,0.963012,0.047604,1.80798,0.155386
217.856000000,0.0243437,2.58855,0.060001,1.9965e-05,0.089249,0.218366,3.31306,0.0830006,0.766359,0.141124,1.58015,0.122282
217.898666667,0.231942,2.37188,0.204894,0.000729811,0.0283833,0.0835771,3.53954,0.0746223,0.53097,0.263521,1.30098,0.0662665
217.941333333,0,2.52483,0.0165731,0,0.165427,0.660309,3.11197,0.0951343,0.281697,0.328225,1.33641,0.198317
217.984000000,0.0469782,2.13504,0.00690831,0.0153719,0,0.949395,2.52771,0.0694853,0.240784,0.350093,1.40082,0.36302
218.026666667,0.101108,1.99635,0,0.0514104,0.0204282,0.99861,2.24193,0.143716,0.344203,0.0674569,1.16524,0.241953
218.069333333,0.0441095,2.32907,0.299187,0.141974,0.0214183,0.636443,2.07301,0.263142,0.340051,0.0822375,1.22575,0.34731
218.112000000,0.0700338,2.12788,0.269502,0.103237,0.01265,0.42496,2.28385,0.00773688,0.359079,0.0696009,1.41762,0.664708
218.154666667,0.117678,1.64079,0.252106,0.156224,0.0340972,0.188668,2.91601,0.0375822,0.244328,0.333091,1.54121,0.698609
218.197333333,0.0862224,1.61137,0.263738,0.205094,0.0421637,0.0215855,3.3381,0.042768,0.196365,0.397631,1.5711,0.567323
218.240000000,0.136809,2.07709,0.259026,0.108637,0.00466742,0.0303196,3.39523,0.0696349,0.306562,0.336851,1.87555,0.187294
218.282666667,0.0908284,2.61066,0.194026,0.0031076,0.0246374,0.0587565,3.04843,0.162893,0.237387,0.25031,2.4272,0.07605
218.325333333,0.00964999,2.96043,0.106428,0.00223408,0.0245973,0.300615,3.18701,0.378529,0.051603,0.0157615,2.18352,0.0136448
218.368000000,0.0324376,2.80915,0.0126691,0,0.0243433,0.402798,3.43285,0.142105,0.0291465,0.000417097,1.83715,4.82129e-06
218.410666667,0.0856181,2.59944,0,0,0.000149358,0.302017,3.37331,0.114173,0.021132,0.0148767,1.4333,0.0149356
218.453333333,0.149415,2.38606,0,0.192408,0,0.133427,3.33458,0.116641,0.0178206,0.028271,1.20374,0.000148031
218.496000000,0.0998817,1.94356,0.0217882,0.39735,0.140263,0.0932946,3.16853,0.218257,0.00861694,0.0353801,1.28739,0.000832997
218.538666667,0.184085,0.635924,0.126287,0.610808,0.317581,0.780316,2.66334,0.44153,0.350487,0.0139756,0.524347,0.0638092
218.581333333,0.0360093,0.346651,0.154073,1.19714,0.498906,1.44412,1.68006,0.0832286,1.30169,0.0373309,0,0.938696
218.624000000,0,0.0635274,0.119935,1.93277,0.558284,1.56186,0.707647,0.0113662,2.05414,0.0770099,0,1.69509
218.666666667,0.0175354,0.0817622,0.126083,2.44677,0.187499,0.995236,0.429189,0.0338566,2.68942,0.0956678,0,2.09901
218.709333333,0.0737333,0.120089,0.101798,2.5286,0,0.0196215,0.73152,0.0593068,3.02274,0.121983,0.0223018,1.84918
218.752000000,0.0524797,0.123272,0.0511888,2.46151,0,0.00556142,0.81269,0.0796304,3.1412,0.130575,0.14196,1.37143
218.794666667,0.0227807,0.00341948,0.121425,2.64882,0,0.00461248,0.643693,0.0717244,3.17606,0.11479,0.270314,1.38361
218.837333333,0,0.270066,0.22302,2.66557,0,0.000536604,0.506092,0.0859039,3.00314,0.120273,0.360812,1.52879
218.880000000,0,0.462409,0.213677,2.89619,0.00736691,0,0.467558,0.146171,3.34872,0.0542001,0.490085,1.44763
218.922666667,0,0.234277,0,2.94139,0.0723092,0,0.44539,0.0720729,3.69993,0.0890489,0.335712,1.4902
218.965333333,0,0.121666,0,2.88919,0.133541,0.00893866,0.447815,0.100951,3.62794,0.0863782,0.141327,1.69738
219.008000000,0,0.06734,0.118528,2.24316,0.22638,0.0722784,0.641227,0.0804189,2.99296,0.107424,0,2.11297
219.050666667,0,0.0730874,0.193902,2.10176,0.213389,0.0707611,0.839532,0.05679,2.92309,0.0243,0.000680569,2.38977
219.093333333,0,0.0778065,0.184528,1.9011,0.163175,0.0649482,0.914506,0.0291801,2.82711,0.0536883,0.000948106,2.59718
219.136000000,0,0.0593852,0.166204,1.72163,0.0634089,0.0470558,0.940941,0.0251947,2.71265,0.0999137,0.000705821,2.85207
219.178666667,0,0.118587,0.057764,1.71943,0.00546362,0.000104891,0.90664,0.0652649,2.70553,0.14423,0.00521473,3.03811
219.221333333,0,0,0.0220795,1.93305,0,0,0.672077,0.298781,3.1519,0.16936,0.0194506,3.08487
219.264000000,0,0,0.112177,2.25363,0,0.000306406,0.252162,0.320489,3.41239,0.157409,0.0727522,3.11987
219.306666667,0,0,0.177061,2.33179,0.0283056,0.000733755,0.229797,0.257403,3.62305,0.136365,0.075234,3.05703
219.349333333,0,0.113354,0.349324,2.43566,0.0301727,0.0676863,0.369319,0.487157,3.39542,0.0443139,0.00207269,2.81219
219.392000000,0.0822611,0.176873,0.137767,2.74801,0.028335,0.00439705,0.252195,0.123819,3.51276,0.0424962,0.00689099,2.79805
219.434666667,0.292438,0.168744,0.000277225,2.59674,0.249979,0.0257529,0.039522,0.197569,3.31573,0.0882102,0,2.16123
219.477333333,0.1656,0.168525,0.0528434,2.51448,0.146005,0.00415622,0.0370867,0.15702,3.27785,0.0863935,0,2.27321
219.520000000,0.286101,0.180029,0.134295,2.53467,0.146639,0,0,0.119706,3.19731,0,0,2.27756
219.562666667,0.418578,0.172522,0.155753,2.60003,0.135075,0.0146606,0.167091,0.0695825,3.12728,0.00178454,0.000708693,2.28917
219.605333333,0.491472,0.13693,0.112411,2.64887,0.0424617,0.034894,0.386279,0.053933,3.09022,0.067498,0.00196765,2.39848
219.648000000,0.479962,0.0370453,0,2.66442,0,0,0.495798,0.068479,3.26146,0.124959,0.0293118,2.36736
219.690666667,0.0997187,0.00449663,0,2.70807,0,0.00279948,0.521407,0.0847782,3.29118,0.145729,0.0410657,2.17774
219.733333333,0,0.00437231,0,2.72481,0,0,0.46402,0.107717,3.2802,0.171347,0.0317004,2.12528
219.776000000,0,0.247764,0.0100026,2.81044,0,0,0.36361,0.0668178,2.97974,0.113058,0.013043,2.23993
219.818666667,0.193743,0.200775,0.0450674,2.8672,0,0,0.382292,0.0463578,3.29288,0.0595901,0.0812266,2.34189
219.861333333,0.272554,0.039137,0.0876145,2.67157,0.0027151,0,0.156102,0.103024,3.29566,0.083938,0.0895802,2.23417
219.904000000,0.88569,0.158301,0.238911,1.87154,0.355844,0.0128993,0.518722,0.0801441,2.36062,0.0631672,0.151659,1.23343
219.946666667,0.935223,0.663041,0.253256,1.07029,0.38823,0.0417673,0.828696,0.0161597,1.58294,0.0537641,0.352914,0.583429
219.989333333,0.568901,0.888639,0.44676,0.89891,0.171228,0.0742667,0.891084,0.0386783,1.71299,0.0423588,0.349794,0.229275
220.032000000,0,0.952624,0.623906,0.884569,0.124527,0.0920672,0.835158,0.170181,1.98964,0.0782816,0.191945,0.0235281
220.074666667,0,0.920897,1.00127,0.811481,0.0591178,0.083481,0.677437,0.0790057,2.43416,0.110932,0.016407,0.000527299
220.117333333,0,0.741594,1.31203,0.96049,0,0.0647619,0.446127,0.166329,2.77675,0.202006,0.0676547,0.000283251
220.160000000,0.0557333,0.332116,1.70603,1.1619,0.0115639,0.0613002,0.107178,0.692958,2.51564,0.248354,0.0625521,4.28922e-05
220.202666667,0.244023,0,1.90276,1.60815,0.0212857,0.0222039,0.0557365,0.617575,2.17618,0.465507,0.000560477,0.0380952
220.245333333,0.0945218,0,1.81659,1.75143,0.0237237,0.00151777,0.0487388,0.618754,1.99613,0.590204,0.000330435,0
220.288000000,0,0.51139,1.80496,1.47593,0.0248054,0.013475,0.398686,0.407402,2.56922,0.35196,0,0.0172887
220.330666667,0,2.70604,1.51018,1.22181,0.00428529,0.042879,0.28138,0.111029,2.43736,0.298448,0,0.0262129
220.373333333,0.052019,4.09562,0.411788,0.137702,0,0.384056,0,0.0620795,2.29811,0.390933,0,0.0249216
220.416000000,0.0928981,4.14282,0.21901,0,0,1.21893,0,0,1.94022,0.214484,0,0.223401
220.458666667,0.0852541,4.07364,0.155919,0,0,1.28622,0,0,1.92075,0.173712,0,0.512678
220.501333333,0.085404,4.13085,0.129523,0,0.00588949,1.12601,0,0,1.78444,0.0981431,0.0398943,0.692242
220.544000000,0.0916538,4.19368,0.138461,0,0,1.09991,0,0,1.452,0.0491147,0.043651,0.849787
220.586666667,0.155181,4.12293,0.252073,0,0,1.34359,0,0,1.62816,0.0346596,0.704033,1.0738
220.629333333,0.193193,3.59957,0.283513,0.044713,0,0.93857,0.0313985,0,2.12903,0,0.769652,1.78917
220.672000000,0.186077,2.95966,0.235605,0,0,0.919763,0.0502165,0.00284098,1.71685,0.0326679,0.599939,2.34326
220.714666667,0.102949,2.5682,0.0769059,0,0,1.22417,0.0619688,0.0120792,1.50525,0.0127802,0.314278,2.67748
220.757333333,0.188749,2.02429,0.125928,0,0,0.974309,0.712422,0.222309,1.17394,0.00137718,0,2.73387
220.800000000,0.285178,2.00172,0.227648,0.0800257,0.00269373,0.542319,0.804169,0.336047,0.657983,0.0664694,0,2.55473
220.842666667,0.378738,2.1478,0.262302,0.403686,0.0232491,0.51707,0.510352,0.0804451,1.04477,0.227869,0.000286091,1.8178
220.885333333,0.283616,2.75341,0.0660592,0.275581,0.0740821,0.511255,0.825688,0.0901552,1.0397,0.377547,0.000474672,0.237834
220.928000000,0.186756,3.17824,0,0.105483,0.0584435,0.631558,0.964893,0.0189852,1.24095,0.429255,0.0214848,0.0339939
220.970666667,0.161974,3.48552,0.032091,0.0117184,0.0211877,0.760077,0.944011,0.00675572,1.42057,0.454124,0.00202716,0.00115997
221.013333333,0.177072,3.58425,0.190434,0,0,0.717801,0.762969,0,1.56917,0.343121,0.000936684,0.000598295
221.056000000,0.233242,3.15762,0.65928,0,0,0.551026,0.397315,0.136516,1.71653,0.0589656,0,0.0628458
221.098666667,0.122663,2.84472,1.11645,0.129865,0,0.542929,0.163808,0.524807,1.83909,0.0641932,0.0593018,0.151135
221.141333333,0.175414,2.3793,1.27705,0.0459867,0.158606,0.774594,0.414902,0.553795,1.99579,0.150934,0,0
221.184000000,0.0295716,2.75205,1.10134,0,0.310385,0.780369,0.397616,1.00847,2.05973,0.158224,0,0.00450846
221.226666667,0.00165269,3.67389,0.473756,0.0354646,0.0351473,0.919865,0.483367,0.830093,1.87019,0.151443,0,0.0403266
221.269333333,0,3.84212,0,0.108197,0.0276993,0.650039,0.590444,0.68664,1.75052,0.13276,0.587135,0.101852
221.312000000,0.328147,3.46935,0,0.0752359,0.143068,0.575677,1.11851,0.0671775,1.36437,0.140361,1.09097,0.177567
221.354666667,0,3.30335,0,0.0854104,0.432151,0.586992,1.63889,0.0759809,0.898587,0.16953,1.68393,0.127936
221.397333333,0,3.06267,0,0.0424877,0.508772,0.299148,2.01703,0.0778486,0.539777,0.143504,2.2699,0.065802
221.440000000,0,2.95175,0,0.0501058,0.457468,0.146069,2.41476,0.0800663,0.213199,0.0789218,2.44656,0.0219854
221.482666667,0.0642694,2.70333,0.0364266,0,0.0369315,0.0803412,2.95872,0.0812651,0.0851444,0,2.59381,3.13225e-05
221.525333333,0.0415051,2.59942,0.00407586,0,0.0247236,0.067776,3.53708,0.0773612,0.0486347,0.0482814,2.55665,3.25882e-05
221.568000000,0.0523709,2.29606,0,0,0.05318,0.0139937,3.77161,0.0850181,0.0118218,0.0474472,2.27347,0.58139
221.610666667,0.130024,1.6553,0,0,0.254721,0.0240904,3.48043,0.0713703,0.0163824,0,1.68184,1.35229
221.653333333,0.0949267,1.55217,0.0052778,0,0.226436,0.025489,3.22623,0.0585968,0.00179719,0,1.30764,1.87357
221.696000000,0.0854987,1.07367,0.00393422,0.0129899,0.0013733,0.0282142,3.19469,0.0789251,0.0127122,0,1.35191,2.00684
221.738666667,0.0124408,0.748628,0.0212665,0.127082,0.0278749,0.172219,3.08265,0.117808,0.00729152,0.0339935,1.50974,1.90262
221.781333333,0,1.00371,0.116121,0.144139,0.375767,0.703854,2.1913,0.193576,0.0967893,0.117399,1.54923,1.68039
221.824000000,0,1.19231,0.274236,0.0975768,0.443224,0.754408,1.89332,0.215677,0.0643917,0.263097,1.20745,1.91218
221.866666667,0.0317546,1.35617,0.310112,0.0131348,0.420476,0.665676,2.20563,0.0837525,0,0.190929,0.81611,2.42712
221.909333333,0.0406795,1.4153,0.164813,0,0.436939,0.3155,2.40794,0.0605491,0,0.0887724,0.56487,2.53871
221.952000000,0.0181671,1.51091,0.0421445,0,0.316987,0.0606283,2.62183,0.177009,0.0591978,0.0109577,0.537453,2.41031
221.994666667,0.0635385,1.66848,0.0236637,0,0.0354817,0.185333,2.88802,0.382681,0.0395074,0.0491789,0.557213,1.65935
222.037333333,0.167685,1.6331,0.0890908,3.83115e-05,0.03087,0.294311,2.99477,0.478761,0.0730949,0.046995,0.807489,1.3641
222.080000000,0.123885,1.35412,0.168997,0,0.0252029,0.213623,3.37477,0.230846,0.0297352,0.0471081,1.10215,1.52496
222.122666667,0.0609925,1.6655,0.0926968,0,0,0.346573,3.36035,0.154596,0,0.0267343,1.44664,1.31036
222.165333333,0.285084,1.59919,0.117226,0,0.00674876,0.425488,3.22648,0.090574,0.00237176,0.0114824,1.50499,1.31054
222.208000000,0.075217,1.01317,0.382727,1.3603,0.197144,0.0474425,2.3661,0.196067,0.652539,0.208577,0.878338,0.829664
222.250666667,0.0858844,0.25731,0.30289,2.41594,0.225198,0.0195581,0.47622,0.73901,1.69985,0.166002,0.361313,0.689349
222.293333333,0.32552,0.279772,0.166218,2.51322,0.150343,0.00943742,0.0116143,0.693198,1.81878,0.0261931,0,1.95505
222.336000000,0.605355,0.202979,0.152182,2.38362,0.0797148,0.0108877,0.00441688,0.395228,1.97253,0.0034018,0,2.62531
222.378666667,0.629874,0.185364,0.00105315,2.21546,0,0.0122238,0.0494003,0.0632606,2.33593,0.0603659,0,3.02097
222.421333333,0.513459,0.1594,0.00380171,2.08386,0,0.0133425,0.0335057,0.07843,2.61578,0.123199,0.0116131,3.1606
222.464000000,0.237021,0.152399,0.0011975,2.16974,0,0.0142122,0,0.125324,2.9493,0.147119,0.0113758,2.99883
222.506666667,0,0.121689,0.12315,2.2556,0.0539128,0.0170707,0.0137038,0.114561,3.21707,0.109152,0.0135493,2.59793
222.549333333,0.1757,0.11782,0.275555,2.3093,0.0544066,0.0108697,0.00392044,0.0731248,3.18169,0.0994406,0.00550458,2.10023
222.592000000,0.44437,0.101009,0.337889,2.34096,0.141432,0,0.0465402,0.0403504,2.94925,0.0763161,0.246415,1.24224
222.634666667,0.850497,0.0616434,0.211397,2.24112,0.0845708,0.0223409,0.262227,0.0570979,2.92948,0.0882717,0,0.496137
222.677333333,0.5446,0.11825,0.208768,1.85448,0.0718042,0.0868433,0.601282,0.133051,2.69536,0.0780042,0,1.90459
222.720000000,0.273503,0.118474,0.235911,1.1485,0.752026,0.085389,0.895603,0.0667177,2.31215,0.0509389,0,2.41974
222.762666667,0,0.111072,0.1977,1.18248,0.761168,0.0822944,0.945284,0.0353334,2.32255,0.0564032,0.000100656,2.58102
222.805333333,0,0.0793722,0.156719,1.41028,0.446889,0.0703644,0.889205,0.0318692,2.15378,0.0842898,0.000272303,2.74934
222.848000000,0,0.0112885,0.13937,1.4231,0.143018,0.0479822,0.794576,0.055392,2.0645,0.125963,0.0282901,2.87077
222.890666667,0.0177508,0,0.0341575,1.64014,0.100676,0,0.615153,0.600749,1.91628,0.142217,0.0508044,2.77072
222.933333333,0,0,0.0085055,2.24976,0.0211139,0.00141966,0.282612,0.945761,2.07623,0.12207,0.0409844,2.56676
222.976000000,0,0,0.077901,2.38645,0.0457905,0.00192539,0.231699,0.614395,2.60882,0.145249,0.0240747,2.35134
223.018666667,0,0.0210282,0.300253,2.38019,0.019987,0.0312089,0,0.185345,3.11711,0.0920504,0.0358283,2.15379
223.061333333,0.380443,0.105127,0.326645,2.38134,0.061458,0.0079737,0.130595,0.0561195,3.28433,0.0830927,0.132836,1.6609
223.104000000,1.03569,0.34544,0.290305,2.2112,0.0282647,0.0106489,0.199917,0.324489,2.96158,0.0308135,0,1.30813
223.146666667,0.654466,0.374076,0.221381,2.08852,0.079789,0.0295797,0.430477,0.235435,2.84044,0.0249018,0,1.75302
223.189333333,0.684642,0.327969,0.25707,1.35575,0.477843,0.0087942,0.354156,0.0775598,2.84974,0.066432,0,2.28156
223.232000000,0.594121,0.208114,0.143451,1.51847,0.216325,0,0.24041,0.0268619,3.18996,0.071557,0.000477355,2.63179
223.274666667,0.549083,0.0543112,0.107175,1.86009,0.0107672,0,0.109856,0.00582681,3.29529,0.0834896,0.00158352,2.86917
223.317333333,0.475732,0.0276345,0,1.82341,0,0.0850444,0.0859621,0.0182333,3.35609,0.107396,0.0021593,2.90846
223.360000000,0.581623,0.0554592,0,1.90436,0,0,0.167811,0.0644429,3.3517,0.135086,0.013787,2.674
223.402666667,0.514228,0.0794318,0,2.44066,0,0.00259542,0.329195,0.0882562,3.35008,0.106984,0.0573539,2.13917
223.445333333,0.246162,0.121001,0.0048173,2.6388,0,0,0.541194,0.106939,3.35138,0.119598,0.0327619,1.31678
223.488000000,0.00454431,0.247501,0.0629414,2.62757,0.0146915,0,0.499919,0.0588067,3.17067,0.0773205,0.003391,1.25651
223.530666667,0.139118,0.393602,0.0526395,2.52813,0.0510261,0.00198039,0.373015,0.0722673,3.25289,0.0798122,0.0996971,0.838206
223.573333333,0.430571,0.477585,0.0640831,1.45223,0.110673,0.0484632,0.0176508,0.462992,2.95619,0.0662127,6.31469e-05,1.15211
223.616000000,0.348524,0.488545,0.121185,0.962467,0.132679,0.0801603,0.301488,1.25755,1.64243,0.483475,0.0761183,1.22255
223.658666667,0.167237,0.392645,0.169519,1.27563,0.135998,0.108748,0.389473,1.44784,0.703925,1.03481,0.0732894,0.915509
223.701333333,0.0578136,0.35447,0.218852,1.80889,0.107539,0.200279,0.486903,1.60762,0.673449,1.0947,0.000689231,0.606304
223.744000000,0.144668,0.247713,0.235486,2.09337,0.0637634,0.144363,0.807447,1.46214,0.962615,1.09651,0,0.397707
223.786666667,0.0752654,0.0858521,0.314667,1.94248,0.398981,0.0667973,1.26805,1.48216,1.17558,0.997815,0.0354388,1.03532
223.829333333,0.770857,0.0350742,1.20896,1.52102,0.924694,0.0532253,1.68489,0.72115,1.35471,0.141874,0.027825,0.910277
223.872000000,0.717417,0.740839,1.4071,0.950993,0.363335,0.336064,0.803831,0.293745,2.31748,0.197892,0.68363,0.283484
223.914666667,0.676798,1.21841,1.07523,0.21471,0.0139057,0.512976,0.809402,0.154373,2.71313,0.153426,0.861496,0.166511
223.957333333,0.567912,1.99642,0.701654,0.139434,0.060963,0.546136,0.655044,0.152039,2.70376,0.0167914,0.652563,0.202714
224.000000000,0.518424,2.69212,0.314408,0.0745346,0.104461,0.259095,0.293118,0.227284,2.32435,0.197153,0.216422,0.304063
224.042666667,0.273794,2.97078,0.170601,0.3285,0.888013,0.00274946,0.409055,0.188995,2.07054,0.0815451,0.000336938,0.372215
224.085333333,0,2.97971,0.18046,0.418476,1.78142,0.00607583,0.844468,0.0543904,2.06188,0.200729,0.00018553,0.448646
224.128000000,0,2.7325,0.270063,0.371468,2.19359,0.0201715,0.841834,0.00392604,2.2336,0.122319,7.47671e-05,0.631555
224.170666667,0,3.00358,0.0724463,0.328679,2.31159,0.0204001,0.783329,0,2.15552,0.186665,0.00617825,0.634187
224.213333333,0,3.03421,0,0.205922,2.49399,0.0210136,0.662539,0,2.13004,0.088882,0.0227254,0.670895
224.256000000,0,2.69783,0,0.135557,2.61061,0.0279023,0.327793,0.0235173,2.14204,0.00866669,0.0292244,0.92825
224.298666667,0.0759465,2.16896,0.000938547,0.141369,2.99276,0.0201789,0.116789,0,2.15793,0.00145631,0.0266509,1.32085
224.341333333,0.159562,1.85276,0.0130966,0.124985,3.27692,0.0117139,0.125833,0,1.99308,0,0.0558207,1.74746
224.384000000,0.0710112,1.3711,0.225563,0.112766,3.89323,0.027256,0.112858,0,1.82319,0.00190016,0.151348,2.1008
224.426666667,0,0.33449,0.242002,0.10886,4.04812,0.031421,0.067294,0,2.20044,0.0465804,0.221993,2.34004
224.469333333,0,0.713556,0.0458735,0.0919649,4.19061,0.0539959,0.0587882,0,2.15505,0.000643314,0.0965751,2.25815
224.512000000,0.0952495,2.3834,0.0795702,0.127152,3.30276,0.302291,0.0463031,0.22189,1.6506,0.0310848,6.12282e-05,1.70661
224.554666667,0.316151,2.94599,0.0789246,0.144753,2.35938,0.169115,0.705274,0.428437,1.21321,0.320534,0.000447716,1.02976
224.597333333,0.120238,2.88316,0.0817806,0.147079,1.32644,0.219256,0.998914,0.41754,0.992001,0.486942,0.000677636,1.00229
224.640000000,0,2.75681,0.0635419,0.117992,1.19731,0.12548,1.18354,0.128077,0.991234,0.577524,0.000696185,1.52966
224.682666667,0,2.53845,0.0202597,0.136031,1.87356,0.082689,1.20445,0.0103593,1.0487,0.484301,0.000686926,2.03169
224.725333333,0,2.26162,0.00295608,0.160996,2.44963,0.0317244,0.39694,0.215331,1.30635,0.305634,0.000299173,2.51036
224.768000000,0,1.95291,0.000722559,0.17225,3.01821,0.089585,0.104795,0.829544,1.8601,0.00451423,0.0279924,2.49309
224.810666667,0,2.23004,0.00796927,0.235297,2.81202,0.0653877,0.205256,0.673915,1.84992,0,0.102747,2.0522
224.853333333,0.044048,2.34494,0.00692718,0.158349,2.3692,0.0316281,0.226451,0.353215,1.6909,0.136302,0.159531,1.63671
224.896000000,0.0611627,2.60527,0.018721,0.154045,2.50091,0.0337859,0.162641,0.207911,1.50445,0.00560754,0.230734,1.37888
224.938666667,0.020112,2.70128,0.0296659,0.167785,2.76487,0.138302,0.16907,0,1.65375,0.0444067,0.153098,1.45574
224.981333333,0,2.78273,0.00256313,0.205474,2.61422,0.334992,0.664766,0,1.47586,0.0943153,0.586013,1.2421
225.024000000,0,2.93503,0.00160227,0.148177,1.68068,0.331823,2.09289,0.0655579,0.902637,0.04849,1.17765,0.931371
225.066666667,0,2.92415,0,0.17639,0.743968,0.157858,2.84466,0.0813852,0.994193,0.0977729,1.51631,0.602108
225.109333333,0,3.0919,0.0500566,0.100335,0.266059,0.286414,2.95458,0.0673176,0.898059,0.0180051,1.6906,0.380978
225.152000000,0,0,0,0,0,0,0,0,0,0,0,0
225.194666667,0,0,0,0,0,0,0,0,0,0,0,0
225.237333333,0,0,0,0,0,0,0,0,0,0,0,0
225.280000000,0,0,0,0,0,0,0,0,0,0,0,0
225.322666667,0,0,0,0,0,0,0,0,0,0,0,0
225.365333333,0,0,0,0,0,0,0,0,0,0,0,0
225.408000000,0,0,0,0,0,0,0,0,0,0,0,0
225.450666667,0,0,0,0,0,0,0,0,0,0,0,0
225.493333333,0,0,0,0,0,0,0,0,0,0,0,0
225.536000000,0,0,0,0,0,0,0,0,0,0,0,0
225.578666667,0,0,0,0,0,0,0,0,0,0,0,0
225.621333333,0,0,0,0,0,0,0,0,0,0,0,0
225.664000000,0,0,0,0,0,0,0,0,0,0,0,0
225.706666667,0,0,0,0,0,0,0,0,0,0,0,0
225.749333333,0,0,0,0,0,0,0,0,0,0,0,0
225.792000000,0,0,0,0,0,0,0,0,0,0,0,0
225.834666667,0,0,0,0,0,0,0,0,0,0,0,0
225.877333333,0,0,0,0,0,0,0,0,0,0,0,0
225.920000000,0,0,0,0,0,0,0,0,0,0,0,0
225.962666667,0,0,0,0,0,0,0,0,0,0,0,0
226.005333333,0,0,0,0,0,0,0,0,0,0,0,0
226.048000000,0,0,0,0,0,0,0,0,0,0,0,0
226.090666667,0,0,0,0,0,0,0,0,0,0,0,0
226.133333333,0,0,0,0,0,0,0,0,0,0,0,0
226.176000000,0,0,0,0,0,0,0,0,0,0,0,0
226.218666667,0,0,0,0,0,0,0,0,0,0,0,0
226.261333333,0,0,0,0,0,0,0,0,0,0,0,0
226.304000000,0,0,0,0,0,0,0,0,0,0,0,0
226.346666667,0,0,0,0,0,0,0,0,0,0,0,0
226.389333333,0,0,0,0,0,0,0,0,0,0,0,0
226.432000000,0,0,0,0,0,0,0,0,0,0,0,0
226.474666667,0,0,0,0,0,0,0,0,0,0,0,0
226.517333333,0,0,0,0,0,0,0,0,0,0,0,0
226.560000000,0,0,0,0,0,0,0,0,0,0,0,0
226.602666667,0,0,0,0,0,0,0,0,0,0,0,0
226.645333333,0,0,0,0,0,0,0,0,0,0,0,0
226.688000000,0,0,0,0,0,0,0,0,0,0,0,0
226.730666667,0,0,0,0,0,0,0,0,0,0,0,0
226.773333333,0,0,0,0,0,0,0,0,0,0,0,0
226.816000000,0,0,0,0,0,0,0,0,0,0,0,0
226.858666667,0,0,0,0,0,0,0,0,0,0,0,0
226.901333333,0,0,0,0,0,0,0,0,0,0,0,0
226.944000000,0,0,0,0,0,0,0,0,0,0,0,0
226.986666667,0,0,0,0,0,0,0,0,0,0,0,0
227.029333333,0,0,0,0,0,0,0,0,0,0,0,0
227.072000000,0,0,0,0,0,0,0,0,0,0,0,0
227.114666667,0,0,0,0,0,0,0,0,0,0,0,0
227.157333333,0,0,0,0,0,0,0,0,0,0,0,0
227.200000000,0,0,0,0,0,0,0,0,0,0,0,0
227.242666667,0,0,0,0,0,0,0,0,0,0,0,0
227.285333333,0,0,0,0,0,0,0,0,0,0,0,0
227.328000000,0,0,0,0,0,0,0,0,0,0,0,0
227.370666667,0,0,0,0,0,0,0,0,0,0,0,0
227.413333333,0,0,0,0,0,0,0,0,0,0,0,0
227.456000000,0,0,0,0,0,0,0,0,0,0,0,0
227.498666667,0,0,0,0,0,0,0,0,0,0,0,0
227.541333333,0,0,0,0,0,0,0,0,0,0,0,0
227.584000000,0,0,0,0,0,0,0,0,0,0,0,0
227.626666667,0,0,0,0,0,0,0,0,0,0,0,0
227.669333333,0,0,0,0,0,0,0,0,0,0,0,0