TIME,27.4658,30.2124,32.959,35.7056,38.4521,41.1987,43.9453,46.6919,49.4385,52.1851,54.9316,57.6782,60.4248,63.1714,65.918,68.6646,71.4111,74.1577,76.9043,79.6509,82.3975,85.144,87.8906,90.6372,93.3838,96.1304,98.877,101.624,104.37,107.117,109.863,112.61,115.356,118.103,120.85,123.596,126.343,129.089,131.836,134.583,137.329,140.076,142.822,145.569,148.315,151.062,153.809,156.555,159.302,162.048,164.795,167.542,170.288,173.035,175.781,178.528,181.274,184.021,186.768,189.514,192.261,195.007,197.754,200.5,203.247,205.994,208.74,211.487,214.233,216.98,219.727,222.473,225.22,227.966,230.713,233.459,236.206,238.953,241.699,244.446,247.192,249.939,252.686,255.432,258.179,260.925,263.672,266.418,269.165,271.912,274.658,277.405,280.151,282.898,285.645,288.391,291.138,293.884,296.631,299.377,302.124,304.871,307.617,310.364,313.11,315.857,318.604,321.35,324.097,326.843,329.59,332.336,335.083,337.83,340.576,343.323,346.069,348.816,351.562,354.309,357.056,359.802,362.549,365.295,368.042,370.789,373.535,376.282,379.028,381.775,384.521,387.268,390.015,392.761,395.508,398.254,401.001,403.748,406.494,409.241,411.987,414.734,417.48,420.227,422.974,425.72,428.467,431.213,433.96,436.707,439.453,442.2,444.946,447.693,450.439,453.186,455.933,458.679,461.426,464.172,466.919,469.666,472.412,475.159,477.905,480.652
0.000000000,1029.1,950.353,1653.08,1531.71,1137.91,1206.25,1261.85,1536.05,2219.72,4159.07,6394.44,7006.69,10050.6,15267.4,13506.6,5715.09,938.386,108.615,132.539,270.438,318.042,197.819,79.8871,31.8755,382.601,826.513,596.907,284.333,453.088,722.949,727.274,380.264,220.742,325.963,234.352,133.028,698.301,1759.64,1770.24,696.467,256.279,667.048,879.979,679.236,709.365,896.548,797.636,504.927,310.859,530.792,604.507,198.337,64.483,216.907,436.354,735.277,652.282,347.084,253.929,1648.99,7708.36,15121.4,14793.8,9491.96,7883.79,7221.4,4005.42,1643.22,1181.48,1195.55,1105.29,1042.13,1701.62,1967.86,1181.62,1265.7,2348.14,2657.57,2049.42,1433.73,2088.74,4756.05,8646.22,23353.5,54116.9,68001.1,44328.6,16734.5,7269.79,3976.92,1401.21,1252.53,2006.72,2256.26,1609.51,831.886,989.459,1397.46,1112.17,937.987,1032.45,927.92,1063.6,1791.82,3348.35,4564.76,4883.95,7542.75,11163.8,9298.52,3723.93,585.246,8.71558,81.5337,269.69,229.96,70.1223,3.54459,71.4952,374.111,545.069,337.767,231.035,362.601,502.539,469.583,258.417,151.678,162.796,161.369,376.659,1279.65,2198.59,1740.96,664.291,599.638,1125.81,1037.35,691.029,877.12,1043.15,793.199,448.578,433.632,791.118,657.587,173.419,197.161,368.208,433.283,606.871,592.7,396.309,352.754,2058.77,8452.62,15088.2,13551.1,8378.21,7085.4,6028.94,3146.38,1527.62,1209.14,1060.3,851.417
1.365333333,965.508,798.607,2061.33,1640.02,1025.82,1312.85,1167.36,1589.89,2164.73,4488.58,8011.81,7430.8,10604.2,21693.2,20391.7,7408.4,855.498,77.8039,109.365,288.962,389.365,194.745,83.4055,6.20105,506.629,1248.76,698.964,198.286,520.292,774.213,948.73,405.848,167.924,421.955,214.004,92.9818,732.07,2575.07,2533.05,680.082,186.341,744.617,1116.3,627.076,734.136,1076.7,839.076,575.457,225.96,613.703,880.16,205.187,57.6364,216.643,437.431,920.881,731.471,296.83,186.859,1558.38,10217,22367.6,19672.8,9380.39,8943.67,9245.02,4413.23,1449.28,1176.23,1161.68,1192.93,874.359,1899.77,2490.98,1006.64,1211.74,2719.24,2971.07,2160,1236.39,1891.94,5203.66,9031.91,24570.7,76799.2,105153,58729.2,16140.8,8234.94,4306.27,1178.22,1105.8,2273.67,2534.75,1813.57,694.854,971.64,1725.11,1074.43,914.895,1130.14,863.15,1034.14,1803,3784.13,5590.42,4980.07,8301.27,16243.8,14230.3,4937.87,608.686,20.8933,110.11,377.634,307.783,64.3907,3.345,72.6163,536.541,767.481,329.513,208.31,396.168,550.675,596.906,243.483,139.21,159.457,141.416,330.698,1535.38,3173.8,2235.69,546.435,559.073,1366.69,1271.56,542.355,1027.78,1217.31,834.354,469.072,337.917,1042.21,900.378,105.766,223.879,391.566,411.736,678.206,656.708,344.322,274.913,1980.1,11353.5,22443.3,17548.5,8041.94,8362.5,7556,3221.63,1445.51,1218.74,1061.75,866.957
2.730666667,848.924,521.937,2377.24,1508.43,761.911,1277.11,860.977,1481.59,1724.22,4255.5,8700.42,6908.97,9067.49,27054.8,27502.3,8185.06,736.257,23.9566,97.6106,245.017,467.048,141.187,87.3495,3.64576,614.915,1695.71,778.743,98.3117,540.933,672.96,1106.71,435.404,107.458,531.911,140.408,71.062,633.995,3448.66,3283.77,534.911,124.447,700.84,1321.84,450.82,691.488,1137.47,725.119,596.081,114.865,671.915,1149.13,230.572,65.947,208.682,342.182,1111.23,646.945,255.041,82.6969,1326.05,11685,29559.8,22715.7,7458.05,8842.3,10338.6,4325.25,1017.35,1022.75,944.806,1135.39,582.626,1858.55,2897.1,672.778,1059.86,2733.17,2860.78,1976.83,846.878,1583.27,4642.37,8728.48,20743.1,95184.4,145108,66719,12692.6,8202.23,4036.98,831.616,895.529,2167.31,2510.74,1741.4,514.963,813.203,1960.7,841.261,784.071,1087.49,649.804,892.753,1491.27,3782.54,5850.45,4451.04,7452.13,20827.9,19349.5,5536.38,598.975,48.121,119.864,473.446,395.118,41.0024,7.07696,86.5815,664.514,982.539,274.366,174.768,367.905,511.879,679.069,205.082,109.923,147.261,96.9645,247.949,1575.11,4158.65,2548.3,342.712,432.429,1454.1,1461.8,280.598,1120.41,1228.41,723.974,470.133,177.741,1281.23,1109.98,59.9641,234.521,391.474,293.515,720.979,569.974,296.879,164.051,1621.36,13288.8,29879.3,19637.6,6178.22,8625.46,8346.83,2812.84,1179.12,1035.62,918.203,770.474
4.096000000,717.242,279.433,2576.39,1189.77,491.027,1047.8,524.716,1198.17,1137.6,3612.78,8321.66,5509.99,6145.37,30017.6,33840.7,7734.3,644.399,4.40915,84.8126,210.498,516.264,72.8085,88.8156,26.8499,677.697,2091.67,881.885,64.4623,482.227,490.454,1124.04,511.206,109.721,628.153,70.728,59.1992,498.235,4224.35,3943.09,345.798,74.3763,593.203,1451.4,248.539,615.732,1044.41,519.073,542.638,55.2462,737.953,1363.26,271.62,91.5714,197.322,212.155,1269.61,484.801,223.335,4.90207,1051.91,11618.1,35634.3,22959.7,4720.77,7324.97,10402.7,3810.11,581.295,713.433,678.816,903.43,309.69,1626.43,3144.39,353.648,871.214,2360.87,2414.37,1497.59,511.123,1142.25,3536.86,7453.36,13733.4,104947,181776,65924.4,8305.46,6659.39,3552.84,452.151,676.639,1759.82,2177.24,1418.62,365.949,614.474,2083.48,507.583,617.259,884.689,401.401,673.196,976.313,3409.34,5239.07,3491.22,5325.09,23945.3,23846.7,5235.53,592.086,84.4603,89.4409,579.712,469.039,17.5663,15.9912,109.154,714.013,1157.39,217.044,157.62,278.785,412.454,682.939,175.113,88.6779,126.687,56.3176,155.255,1427.14,4947.1,2687.82,136.591,254.375,1401.61,1591.09,56.8031,1139.7,1066.16,515.854,443,48.5676,1497.05,1254.13,56.5145,224.288,374.653,141.482,736.493,369.038,279.473,66.2429,1124.98,13778.4,36295.9,19102,3807.51,7449.94,8447.07,2042.95,908.975,673.416,725.236,565.226
5.461333333,594.809,225.48,2641.99,838.554,277.328,738.898,238.498,866.065,646.396,2801.57,7240.83,3511.01,3055.7,30281.3,38317.1,6412.13,576.644,77.3558,86.6059,210.711,545.222,21.8582,88.2983,64.4394,683.146,2326.8,1073.96,140.789,359.893,308.683,965.437,650.229,241.737,688.214,40.1792,44.7647,391.973,4840.45,4418.48,223.57,33.0701,480.198,1483.74,134.814,548.891,812.245,304.496,432.356,98.9688,848.649,1459.1,319.239,127.17,185.06,128.236,1370.21,356.352,200.846,54.8228,771.239,10286.2,39447.6,20830.8,2253.3,4770.98,9649.54,3104.55,265.507,406.916,402.702,606.976,133.978,1321.61,3233.41,221.674,675.548,1758.17,1737.8,985.126,231.052,726.592,2430.46,5177.5,6767.21,104767,209775,57651.2,4698.33,4149.1,2893.59,267.167,466.737,1184.19,1684.45,929.334,297.012,509.619,2083.04,233.819,433.058,625.686,182.544,438.074,494.75,2720.21,4148.09,2274.4,2830.72,25207.8,26896.3,4219.15,579.776,121.592,56.3925,654.854,544.483,8.10513,30.4949,127.287,676.564,1237.54,225.419,170.089,158.439,302.607,579.892,195.125,103.78,101.73,36.9753,82.2575,1140.56,5463.29,2682.65,20.0908,93.4476,1229.69,1660.2,12.5172,1095.87,774.262,292.101,385.263,44.1083,1683.85,1302.98,88.7617,205.314,343.692,41.0509,714.685,167.296,264.17,76.0253,637.193,12996.4,40540.4,16558.7,1846.59,5154.79,7963.74,1305.5,662.107,328.471,507.703,334.478
6.826666667,422.133,426.553,2612.36,584.011,141.999,438.857,91.8822,605.148,349.637,2199.2,5791.05,1532.49,905.652,28569.9,40361.2,4845.46,491.024,206.886,138.65,304.34,542.127,9.82881,75.437,117.907,582.516,2415.21,1326.89,292.039,246.771,165.452,697.299,789.918,533.856,723.755,37.7056,28.5156,370.695,5247.61,4686.93,209.866,9.83371,381.326,1438.86,191.935,480.725,534.534,135.558,316.809,230.812,986.594,1450.15,322.36,175.186,161.861,123.872,1407.28,372.791,238.444,218.153,490.605,8324.43,40403.8,17813.7,764.391,2181.61,8225.64,2567.37,112.138,181.987,209.244,340.746,59.7827,1049.4,3226.78,359.407,433.482,1177.18,1062.9,467.256,164.129,536.219,1361.24,2707.42,2192.18,97016.8,226268,46370,2451.16,1924.34,1923.71,321.215,402.608,602.073,1097.63,528.729,241.944,571.291,2029.16,113.714,255.164,376.71,67.0937,266.333,140.981,1987.33,2963.86,1069.4,972.767,24874.5,28141.1,2908.95,519.848,150.739,23.4471,741.306,607.108,16.2268,38.7613,150.259,528.631,1251.99,307.036,187.851,72.235,209.928,397.314,264.463,178.599,103.351,29.141,39.5645,848.926,5661.31,2635.06,4.18779,10.5675,984.975,1664.55,218.684,975.055,465.011,114.416,310.549,192.791,1801.55,1288.72,112.56,203.022,283.418,30.1163,692.855,44.1578,285.054,198.418,264.821,11414.1,42024.1,13528.1,747.749,2724.86,6906.52,972.062,477.122,108.065,335.805,151.735
8.192000000,225.331,849.179,2534.81,443.983,89.2703,214.393,61.2624,490.901,318.834,1893.82,4253.2,298.898,64.0628,26222.1,40021,3625.07,370.666,323.477,257.184,517.093,521.631,15.7923,59.8269,173.811,403.702,2360.24,1616.08,412.966,185.449,106.897,383.558,903.29,955.801,710.677,51.6423,17.9091,441.101,5402.86,4775.54,275.233,6.3709,323.305,1301.22,422.507,421.112,276.928,60.1612,231.717,368.604,1136.01,1342.87,266.865,215.378,150.71,168.072,1349.1,639.892,369.722,396.358,250.033,6368.65,38677.4,15636.9,250.538,592.79,6447.42,2228.14,137.34,104.704,113.651,158.925,66.993,825.709,3201.32,731.726,193.806,720.821,535.115,130.667,247.94,488.784,536.882,937.744,267.265,87296,230114,38038,1266.93,625.189,993.962,487.835,389.836,208.154,594.42,276.382,156.598,835.501,2005.15,118.735,126.372,190.182,38.9782,198.767,5.49633,1371.38,1928.35,264.929,235.404,23647.9,27769.2,1769.78,409.455,159.923,14.094,866.985,658.213,27.5854,39.2765,168.612,329.153,1205.63,447.351,181.809,44.6135,166.06,186.27,371.484,322.281,144.047,22.8615,17.8835,676.971,5562.72,2620.67,47.0895,5.99582,765.812,1549.61,602.455,828.182,211.199,20.6011,241.35,410.256,1844.06,1229.84,101.52,209.433,230.634,77.913,652.661,111.861,377.862,342.126,61.1581,9591.33,40811.7,11662.9,350.36,1119.09,5499.42,1025.23,382.387,84.4679,232.709,44.3724
9.557333333,88.2245,1304.73,2435.42,386.934,93.7937,112.843,80.2575,584.029,430.438,1713.21,2959.45,23.6729,209.827,24267.4,38063.8,2964.32,197.637,424.165,388.184,762.116,569.401,9.76517,71.1503,201.987,251.386,2071.08,1973.54,414.936,165.746,180.779,110.955,1050.61,1330.12,657.07,71.2023,9.44854,580.617,5246.41,4720.83,365.704,7.66523,302.821,1118.95,658.398,419.649,85.5956,110.974,184.292,409.164,1341.41,1071.38,206.864,210.554,189.136,160.887,1321.49,1064.67,541.433,542.758,63.9418,4797.85,35156,15221.5,311.023,288.686,4762.01,1917.63,247.846,213.358,108.797,102.565,115.431,683.879,3167.27,1144.51,43.3035,455.379,188.068,1.17571,424.904,417.811,167.173,162.709,41.9895,79760.1,223696,35766.2,676.943,159.357,450.27,523.832,466.767,69.8607,250.463,176.827,75.4923,1243.74,1998.41,197.546,67.1709,120.96,51.2762,254.78,72.2082,866.241,1206.88,19.5939,469.262,22117.9,26468.3,1106.11,245.429,163.431,60.1174,951.313,773.836,21.7373,45.5142,174.382,187.111,1025.34,648.457,144.311,52.8715,201.182,24.6312,548.211,486.2,185.425,28.3493,16.4357,682.578,5207.42,2638.25,108.104,35.4743,585.333,1373.77,915.551,747.725,41.047,30.3892,199.547,521.956,1925.52,1049.47,83.5656,191.718,230.98,93.1629,672.529,374.637,494.046,441.004,5.14745,7900.21,37580.2,11765.7,276.93,605.618,4094.59,1235.53,301.979,256.563,237.614,7.83787
10.922666667,73.5658,1533.47,2318.47,416.777,134.027,149.758,130.665,831.878,536.475,1516.66,2168.06,194.995,610.679,23365,35241,2713.24,45.7205,487.873,461.596,971.644,723.525,4.12672,145.661,192.363,168.428,1631.03,2261.12,351.451,167.125,431.709,37.2663,1330.91,1435.89,592.266,93.0914,14.7023,756.19,4759.6,4424.55,490.509,13.7388,307.005,986.622,675.929,519.074,54.081,308.039,162.56,358.709,1535.15,711.261,171.779,165.684,318.873,66.9341,1423.21,1496.89,669.05,623.495,3.58114,3546.66,30926.4,16510.6,530.204,603.711,3496.09,1606.2,348.14,480.602,220.416,208.951,187.942,706.86,3118.61,1332.56,9.01163,346.503,23.6084,63.0988,662.105,323.953,86.7954,19.9386,436.99,75358.4,210638,38806.8,445.861,124.26,211.338,393.474,626.931,205.159,137.737,174.055,79.1124,1582.78,1959.85,333.451,90.4705,189.706,107.003,417.253,222.929,506.145,858.038,72.193,1007.91,20795.9,24819,973.144,95.7536,165.341,127.077,979.08,967.837,22.4778,94.8407,172.598,136.585,758.975,821.563,118.874,67.6915,361.505,47.8632,831.485,592.362,191.913,54.2185,37.3616,860.398,4702.17,2491.61,191.394,65.2409,441.495,1223.35,916.437,784.736,8.9101,151.917,189.109,465.448,2043.9,794.787,73.1703,154.478,324.031,36.6281,821.318,762.153,569.834,460.813,96.5248,6237.31,33359,13555.9,293.87,656.985,2955.32,1411.13,227.762,525.253,380.501,60.2149
12.288000000,233.197,1345.4,2246.92,489.027,188.255,315.508,318.67,1160.02,524.952,1236.56,1898.66,259.895,836.025,23106.5,32042.8,2686.67,11.3943,466.152,472.562,1043.92,979.198,75.3594,318.355,166.966,140.621,1176.56,2332.01,342.872,203.164,816.603,317.102,1868.8,1228.36,545.312,150.621,47.0138,828.916,4077.87,3823.11,619.555,34.6621,338.765,996.42,429.135,803.218,257.902,575.445,172.606,306.621,1650.35,386.059,162.596,142.436,563.17,1.67904,1670.26,1756.54,721.847,593.432,125.589,2536.7,26917.4,18086.8,864.123,772.383,2743.71,1333.43,366.224,881.535,561.191,510.188,289.665,866.626,3112.78,1135.29,102.493,382.888,11.269,206.796,863.826,377.172,80.4767,63.3468,868.169,71353.9,195282,42916.5,428.416,254.159,91.0598,229.178,859.902,511.297,251.931,271.615,269.921,1608.01,1901.32,480.505,172.528,388.325,316.79,687.462,310.274,299.318,794.722,126.965,1314.19,19610.1,22987.8,1337.32,45.9147,162.071,173.078,940.966,1208.59,92.5321,222.493,184.868,150.749,496.184,858.832,171.912,113.149,670.76,378.501,1271.16,603.49,168.289,122.852,65.9806,1031.39,4228.08,2019.44,313.217,97.0136,351.533,1160.1,599.535,983.389,125.015,300.413,215.089,305.896,2197.66,562.228,75.0436,156.113,509.357,10.6857,1086.76,1144.87,600.962,374.548,322.406,4475.3,29232.1,15493.1,478.506,686.135,2189.52,1432.08,152.176,790.04,721.208,268.635
13.653333333,491.853,960.484,2035.3,673.575,298.528,526.453,654.971,1615.94,378.13,1059.46,1753.11,177.394,979.465,22253.2,28968.9,2663.46,63.4592,395.847,382.173,1020.8,1278.8,251.427,535.2,224.721,140.85,799.461,2172.76,436.672,280.3,1280.4,1018.28,2644.45,936.565,510.205,319.357,128.747,736.674,3285.86,3055.64,656.6,94.9925,517.111,1123.64,196.045,1258.39,683.508,862.61,207.207,335.264,1647.45,207.857,200.734,252.25,820.555,118.228,2014.38,1814.37,619.73,518.902,304.964,1855.73,23629.9,18273.1,1418.33,620.461,2206.94,1302.23,354.464,1467.95,1078.42,922.71,503.139,1229.39,2932.06,783.233,286.718,485.802,124.908,409.127,1010.95,573.625,115.919,95.9607,1158.11,65243.9,179337,44262.6,634.173,349.861,40.9235,218.042,1046.36,896.695,584.656,494.786,590.008,1392.42,1674.08,658.743,322.545,648.801,714.904,1138.16,312.042,246.018,757.11,150.68,1307.14,18015.1,20976.6,1976.51,97.0062,182.911,155.183,890.159,1430.78,247.066,397.219,273.382,190.921,269.278,767.103,304.039,231.253,1111.85,1080.39,1862.93,548.413,145.669,227.987,116.754,1113.49,3679.73,1434.34,414.632,172.826,420.244,1161.04,282.621,1263.29,348.616,428.484,249.836,220.758,2290.71,505.828,107.118,273.855,711.734,129.467,1424.88,1450.95,512.825,264.577,546.427,2892.24,25726.6,16030.3,951.902,511.972,1675.91,1420.63,71.2502,1098.99,1158.57,621.28
15.018666667,761.253,518.138,1721.1,887.113,478.98,780.607,1000.23,2019.01,389.459,1123.92,1400.53,144.314,1066.32,20547.6,26092.4,2408.04,49.0077,443.63,182.247,1050.03,1452.33,504.845,768.161,392.805,126.796,591.513,1840.77,575.131,419.987,1730.95,1994.89,3547.27,829.467,559.115,561.358,257.646,516.695,2486.18,2328.14,526.951,234.618,898.807,1372.46,246.823,1794.24,1231.11,1124.66,267.116,415.1,1543.59,257.936,284.589,515.514,1028.55,428.485,2305.64,1813.96,344.433,541.517,316.494,1463.65,21032.4,16757.1,1981.45,373.604,1653.95,1591.32,566.701,2024.48,1572.57,1431.89,830.518,1599.84,2663.05,395.315,527.881,660.486,280.256,581.186,1209.18,672.541,192.542,129.651,1190.95,57199.3,162699,41179.6,1171.57,314.887,44.6883,333.493,1099.66,1295.6,1063.92,857.924,888.787,1028.55,1311.27,783.783,550.465,938.219,1151.87,1662.29,423.783,329.023,551.052,254.833,1038.46,16068.5,18618.5,2439.88,187.149,332.96,53.2414,975.003,1438.91,485.422,620.293,423.664,199.55,121.955,593.517,477.156,448.916,1578.35,2020.42,2603.6,506.948,166.495,291.356,194.486,1066.56,3005.42,1008.13,429.544,354.766,753.249,1230.54,218.928,1502.73,627.678,519.176,260.691,264.996,2322.42,688.594,187.025,501.82,870.939,409.349,1746.34,1634.53,329.581,193.68,608.424,1823.92,22829.8,14846.9,1570.53,275.244,1285.81,1484.68,106.911,1343.59,1545.07,1096.52
16.384000000,917.082,196.875,1352.55,1009.85,701.584,998.847,1232,2245.93,689.094,1301.96,1016.17,153.306,990.812,18363.3,23305.9,1917.38,3.38013,595.253,73.3545,1031.66,1542.33,679.425,999.301,668.481,86.0308,479.502,1554.26,570.24,609.955,2203.1,2759.23,4345.59,1233.24,810.284,696.65,387.034,259.172,1901.95,1687.63,317.924,431.14,1332.79,1799.93,736.597,2269.81,1650.01,1363.2,344.514,421.693,1480.55,440.991,362.903,914.353,1171.75,732.176,2598.25,1690.27,139.907,567.835,202.075,1369.5,18675.9,14271.4,2112.3,198.661,1295.39,1957.35,1035.8,2416.63,1834.56,1921.1,1241.6,1695.25,2433.24,133.381,745.626,862.238,442.242,636.569,1369.11,711.801,208.723,226.891,918.602,48785,145580,34182,1955.94,278.039,72.3501,416.322,1106.93,1454.52,1561.23,1430.63,986.458,679.443,845.188,839.521,775.216,1141.17,1555.05,2054.56,722.359,486.843,276.373,429.402,644.816,14046.4,15918.4,2369.22,351.403,662.775,37.4087,1065.88,1276.85,706.617,846.405,618.849,152.243,42.8285,447.399,561.532,721.313,2088.08,2771.82,3306.65,735.7,296.346,212.269,330.038,797.044,2446.45,778.09,406.431,608.412,1283.03,1462.27,458.986,1589.99,885.219,541.128,244.357,394.007,2339.15,1016.6,303.438,774.492,975.554,698.533,2048.48,1613.66,176.213,106.028,563.328,1583.1,20086.4,12607.4,1904.5,163.997,1113.67,1513.72,295.081,1475.59,1703.61,1602.45
17.749333333,921.95,62.367,993.075,966.569,867.008,1162.13,1198.97,2272.98,1278.23,1379.48,781.654,93.8273,748.057,15950.3,20806.3,1313.1,78.2396,695.925,109.949,1039.28,1544.61,644.272,1244.23,1006.49,65.8972,370.136,1380.19,385.394,883.017,2650.24,2882.39,4880.38,2265.86,1277.38,652.961,490.875,88.1653,1637.9,1174.17,128.875,610.405,1738,2279.29,1525.95,2643.72,1730.75,1490.53,504.553,295.735,1525.24,635.217,386.576,1343.15,1366.57,747.728,2901.24,1667.32,105.659,441.973,99.3126,1436.04,16385.9,11659.8,1593.45,197.816,1326.48,2012.38,1677.84,2657.14,1645.72,2326.1,1678.36,1357.62,2338.39,113.194,858.026,1028.29,563.577,573.127,1401.86,746.209,139.883,382.087,450.774,41259.6,128748,25729.3,2644.91,393.473,144.789,451.278,977.255,1415.36,1787.44,2236.52,906.004,457.522,381.572,864.678,838.396,1226.12,1803.65,2108.33,1247.4,665.868,75.4823,572.239,432.687,11885,13173.8,1730.44,686.904,1116.59,232.405,1117.09,972.321,820.437,1013.88,821.324,84.0462,9.91447,366.136,506.681,966.228,2591.49,3002.74,3703.69,1435.88,625.464,63.6063,602.456,377.31,2233.14,780.129,360.611,809.446,1994.39,1883.82,768.635,1523.21,1068.43,437.529,249.975,484.035,2326.08,1423.96,412.508,925.875,1133.32,762.963,2258.15,1601.24,67.2011,10.5339,518.744,2147.02,17108.1,10189,1574.68,303.053,1335.2,1325.26,554.924,1578.69,1458.49,2052.31
19.114666667,879.09,72.9848,666.345,796.711,867.471,1263.49,878.582,2140.95,1975.6,1326.31,584.419,15.205,471.676,13398.8,18809.8,850.783,340.343,653.979,246.314,1118.84,1449,426.171,1453.16,1360.04,117.103,231.667,1306.93,175.223,1208.24,3019.58,2267.51,5081.61,3777.36,1821.89,515.391,530.733,148.018,1631,845.404,38.4752,668.598,2112.52,2548.79,2313.57,2900.44,1386.42,1523.38,735.041,137.3,1652.49,765.81,356.905,1693.81,1618.37,472.878,3186.79,1964.51,207.932,206.798,92.8723,1375.45,14406.9,9256.59,755.041,526.583,1567.96,1697.29,2286.53,2760.65,1062.29,2615.2,1980.77,793.815,2299.65,397.494,868.125,1042.29,664.927,364.985,1425.63,673.819,78.2565,477.613,95.3282,35142.3,112998,18904.7,2796.77,752.179,373.827,345.981,879.814,1131.92,1743.54,3074.34,871.156,411.55,92.8497,897.527,670.141,1230.04,1763.66,1841.53,1836.25,910.943,7.76989,646.449,606.971,9456.73,10710.5,872.493,1155.94,1519.51,667.254,1145.36,585.008,796.544,1034.31,1005.61,59.8513,2.29773,364.494,353.421,1118.85,2984.61,2603.36,3699.71,2564.38,1184.16,75.1355,1041.13,182.198,2408.38,1147.38,288.628,874.446,2862.33,2392.92,904.569,1361.54,1117.18,270.914,275.804,450.098,2275.66,1799.11,469.061,906.427,1325.12,558.25,2390.22,1752.79,42.6602,41.6874,507.012,2910.57,14145.5,7857,802.214,782.301,1838.31,994.438,786.714,1644.69,915.732,2366.18
20.480000000,889.009,128.659,433.865,532.315,701.011,1270.89,420.974,2042.55,2405.19,1138.94,381.19,8.0497,320.694,10897.8,17302,802.702,603.332,606.109,359.674,1165.03,1331.51,174.894,1516.87,1684.01,278.263,105.668,1358.72,90.5476,1473.66,3238.88,1242.59,4950.54,5383.97,2333.05,334.551,494.912,426.211,1782.67,766.24,16.5834,610.635,2390.14,2404.52,2872.07,2940.88,823.391,1426.26,982.744,79.0252,1906.97,772.867,314.723,1831.62,1902.57,108.361,3576.05,2461.56,357.263,45.6615,179.702,1126.12,12842.2,7178.78,171.292,1117.74,1932.29,1082.46,2703.5,2742.62,430.588,2659.3,2103.69,276.234,2277.69,885.13,809.292,864.062,744.199,141.018,1384.4,602.093,35.1587,482.029,19.2474,30233.5,99549.6,15190,2176.93,1513.84,855.61,153.251,831.41,767.833,1412.72,3779.89,1090.21,540.41,97.8617,950.851,367.522,1255.97,1362.59,1507.02,2103.31,1234.46,185.927,762.614,995.52,7036.46,8485.19,339.861,1472.74,1924.22,1196.99,1076.7,235.994,705.15,831.753,1191.35,141.569,40.3588,403.965,192.777,1110.5,3207.65,1754.64,3343.8,3840.88,1972.63,391.562,1616.27,518.25,2946.04,1925.31,223.535,871.547,3749.4,2759.8,830.406,1107.36,1079.53,97.5889,331.351,281.769,2244.33,1951.7,477.11,720.303,1567.04,205.189,2559.69,1994.11,156.89,279.691,611.119,3158.87,11523.8,5627.44,155.191,1565.33,2522.99,633.628,937.012,1633.4,358.863,2483
21.845333333,996.506,142.146,287.476,268.695,475.465,1095.37,146.896,1925.53,2647.83,706.562,336.024,17.0154,227.73,9029.12,16194.1,1064.54,622.309,697.237,277.959,1314.6,1152.57,46.3613,1340.46,1998.12,514.469,118.555,1453.23,232.341,1644.17,3176.37,373.951,4597.53,6529.38,2696.59,199.201,420.382,812.407,1952.07,875.793,15.5866,571.328,2449.64,1882.96,3011.25,2748.46,326.553,1186.01,1201.76,268.588,2169.83,759.392,256.88,1820.52,1981.34,13.434,4007.85,3212.6,410.705,4.69318,227.296,760.734,11766.2,5665.55,28.8365,1596.75,2575.87,375.974,3095.28,2476.16,83.6757,2387.79,2118.4,88.2039,2190.19,1332.13,734.111,530.892,844.802,46.152,1325.36,487.455,27.6824,489.4,153.56,26536.9,89355.8,13787.1,1191.93,2742.58,1492.69,73.6312,749.341,469.491,989.492,4166.22,1637.57,783.308,345.971,1026.28,159.209,1255.84,917.943,1140.22,2047.46,1383.96,732.156,1160.27,1147.27,5101.98,6508.47,279.977,1476.64,2462.37,1416.66,1015.52,18.6833,635.643,482.762,1388.89,330.16,136.959,452.169,77.9062,1000.28,3164.85,875.754,2817.42,4794.39,2861.55,1046.26,2230.74,1425.51,3737.15,2898.17,254.847,996.887,4403.34,2811.7,609.839,804.665,1020.56,7.3022,400.523,133.405,2134.52,1870.79,406.355,512.426,1729.95,27.0439,2789.83,2289.6,353.95,615.924,907.635,2524.37,9474.69,3617.99,16.0419,2425.5,3457.59,372.662,1056.16,1432.76,46.4381,2438.27
23.210666667,1093.94,106.509,207.723,89.0364,270.174,800.619,136.971,1906.44,2668.44,245.95,500.938,38.8984,102.871,8241.39,15340.6,1348.12,473.632,885.521,102.748,1450.09,1053.87,47.5191,971.432,2270.76,781.559,292.339,1534.84,569.812,1720.34,2768.54,61.3919,4151.09,6922.7,2687.91,218.009,401.995,1070.52,2045.17,1081,24.5554,641.618,2243.63,1170.53,2752.22,2376.72,72.1368,852.511,1355.05,719.061,2346.87,768.078,233.577,1677.42,1768.89,349.51,4480.54,4009.07,407.91,0.672452,214.065,543.122,11095.9,4858.25,99.0944,1792.26,3485.58,98.0929,3360.76,2159.37,31.9631,1908.22,2088.84,295.483,1989.24,1552.01,628.685,249.258,847.651,201.128,1384.11,247.501,127.197,634.258,291.001,24632.2,82215.6,13200.2,663.398,3990.73,2239.86,238.195,642.439,284.518,664.237,4208.73,2283.91,1080.96,697.985,1089.66,176.04,1274.21,620.438,893.653,1711.03,1292.76,1542.11,1972.93,891.38,3917.94,4955.23,396.234,1406.15,2998.12,1202.92,971.845,62.1031,589.592,187.533,1585.56,564.048,269.54,483.462,44.5399,879.24,2797.96,372.378,2309.3,5111.11,3493.67,1969.09,2778.63,2512.44,4586.31,3800.74,449.139,1342.78,4615.93,2551.13,346.623,495.537,990.61,79.7491,463.161,136.198,1906.56,1586.27,291.417,349.413,1760.5,268.082,3063.96,2515.3,548.441,905.291,1376.33,1340.41,8027.38,2069.3,331.625,3215.94,4563.07,423.541,1094.48,1114.69,28.779,2326.97
24.576000000,1036.53,78.4449,189.05,13.5113,119.636,539.487,322.079,1948.42,2583.49,15.415,743.771,206.039,91.5706,8273.67,14851.7,1375,440.135,1048.99,6.8944,1436.45,1102.19,125.952,607.181,2396.62,1021.84,551.535,1597.23,933.527,1646.47,2179.73,261.556,3722.51,6529.62,2271.51,371.709,468.407,1033.83,2029,1303.31,67.3418,719.174,1912.53,493.523,2262.31,1950.81,30.0737,548.11,1397.01,1262.19,2389.8,800.113,286.155,1405.96,1329.58,997.606,5025.5,4496.98,425.881,0.376349,192.525,762.877,10784.4,4492.6,140.789,1922.3,4332.77,557.011,3574.16,1841.73,137.902,1434.44,1992.57,773.609,1666.76,1470.89,507.715,102.361,761.034,618.393,1468.26,73.0959,346.804,975.304,369.533,24572.2,77739.7,12341.8,903.441,4728.53,3088.71,696.909,482.911,181.037,646.336,3947.44,2632.09,1414.39,973.41,1055.01,449.484,1359.45,543.963,792.22,1282.07,1023.72,2451.13,2978.78,568.25,3327.94,4029.14,354.102,1674.04,3244.28,778.44,857.069,314.331,622.629,154.333,1717.66,740.308,411.274,491.131,66.8247,789.724,2233.97,307.408,1955,4760.71,3550.59,2923.92,3137.89,3198.56,5318.88,4336.12,801.796,1802,4399.7,2016.46,155.015,269.893,940.23,343.204,517.711,289.94,1600.66,1147.16,215.067,268.325,1613.17,926.996,3407.51,2463.29,661.595,1122.68,1812.7,432.287,7146.66,1088.29,847.706,4029.38,5471.65,856.467,1098.3,726.377,215.972,2244.79
25.941333333,807.496,101.949,204.451,55.2189,45.4151,385.581,566.737,1868.09,2636.61,132.929,943.589,506.674,337.362,8815.56,14623.4,1159.01,636.442,1116.36,45.2143,1340.71,1213.75,208.878,394.178,2318.86,1186.34,793.081,1572.97,1179.46,1367.43,1625.2,654.212,3369.98,5471.29,1654.46,531.077,577.35,756.289,1867.26,1481.52,157.513,704.595,1545.13,106.104,1700.97,1576.11,96.1428,345.167,1315.29,1666.39,2240.79,860.436,381.577,1055,830.785,1647.9,5436.46,4622.34,455.957,1.17311,197.665,1407.11,10720.4,4372.96,93.5472,2150.8,4719.47,1720.58,3788.07,1517.35,272.9,998.116,1842.57,1260.11,1287.02,1112.97,446.375,78.6892,574.682,1200.86,1641.33,34.3126,576.725,1398.32,572.898,25924.4,74984.4,11323.9,1505.26,4935.13,3795.51,1241.69,385.665,109.502,969.77,3465.03,2449.2,1692.71,1080.02,878.042,887.63,1529.3,563.223,790.119,1032.61,701.088,3341.34,3679.89,579.04,3198.35,3677.58,140.66,2325.75,3121.73,338.569,734.103,612.826,715.907,444.637,1752.11,786.259,517.5,480.431,95.5278,730.667,1656.03,471.018,1842.5,3839.56,3037.94,3565.77,3211.34,3155.05,5700.98,4343.36,1186.83,2215.67,3809.63,1381.48,87.7037,140.724,841.182,730.491,588.331,476.141,1262.63,688.311,189.373,269.331,1342.04,1718.13,3674.67,2203.09,593.628,1289.26,2003.54,356.737,6742.86,829.431,1365.6,4818.67,5793.17,1568.69,1058.43,385.627,464.671,2125.51
27.306666667,476.936,201.514,223.1,162.304,35.314,367.873,713.195,1681.11,2675.3,640.144,1132.45,771.711,786.756,9490.37,14390.8,1011.22,898.13,1128.55,240.167,1117.48,1312.96,278.636,372.21,2086.18,1178.04,946.227,1414.19,1214.21,912.8,1226.67,863.398,3037.46,4163.65,1002.79,591.396,642.549,423.194,1596.73,1593.95,235.904,639.441,1122.92,73.9884,1283.95,1240.3,163.529,224.547,1157.97,1715,1939.98,908.232,424.09,729.306,404.976,2011.94,5569.88,4263.71,551.342,7.29016,228.43,2253.6,10661.9,4373.57,51.8044,2335.33,4567.44,3221.81,3829.98,1210.79,320.213,640.552,1622.57,1461.41,953.101,624.907,495.296,99.1038,399.897,1691.13,1897.93,179.634,790.549,1645.99,1038.93,27793,72899.6,10898.1,1859.03,4902.47,3930.93,1692.06,413.115,113.846,1473.49,2828.88,1819.51,1799.43,1007.13,582.298,1355.28,1693.36,559.062,900.256,933.598,551.296,4066.04,3780.34,960.955,3358.25,3701.65,53.5195,2975.64,2792.14,62.895,622.976,762.398,872.912,948.834,1675.89,676.834,565.616,446.361,103.789,659.474,1215.83,560.939,1906.68,2679.74,2165.52,3639.56,2969.81,2437.75,5568.75,3890.93,1368.69,2520.57,2897.19,867.838,100.235,88.6522,690.838,1092.91,703.492,526.782,978.322,314.713,198.27,292.04,1032.1,2277.24,3766.58,1781.1,389.186,1351.3,1927.47,1105.14,6702.78,1285.11,1768.61,5283.21,5430.55,2291.53,935.713,164.56,596.793,1961.95
28.672000000,187.173,350.115,228.32,256.568,97.9675,468.088,687.551,1354.38,2684.67,1270.01,1322.44,896.389,1168.24,9954.95,13877.8,1191.6,999.655,1213.17,434.242,870.786,1265.7,341.699,480.481,1835.01,931.383,982.242,1117.63,1040.86,445.021,940.618,753.605,2611.12,2996.08,434.491,540.264,611.886,182.914,1325.98,1662.02,230.859,578.874,704.158,246.351,1047.4,947.03,160.41,151.75,947.442,1417.48,1506.35,942.476,329.742,530.051,118.671,1955.91,5265.8,3571.76,635.462,41.5611,305.309,2957.84,10356.5,4385.36,145.873,2204.42,4090.65,4297.48,3744.67,867.762,265.532,346.548,1383.72,1246.11,712.783,242.022,639.566,116.095,266.846,1973.15,2098.35,489.926,988.07,1623.55,1542.37,29235.2,70533.4,11499.2,1775.73,4657.64,3411.96,1960.13,534.51,194.126,1944.09,2132.43,1087.73,1601.7,843.608,266.239,1732.54,1800.07,441.656,997.167,986.816,740.488,4280.75,3464.27,1324.74,3673.11,3835.32,334.625,3224.01,2469.68,45.7729,471.721,744.589,974.766,1504.12,1510.57,463.595,508.25,418.579,71.8993,596.308,901.088,472.824,1925.26,1684.34,1215.65,3145.45,2456.44,1396.76,4966.11,3169.16,1226.57,2605.73,1914.52,519.921,114.144,69.2874,543.759,1277.36,840.173,397.004,762.137,112.642,215.307,257.934,777.213,2315.95,3644.35,1291.39,180.951,1230.16,1706.37,2211.63,6876.3,2184.87,2032.02,5070.4,4607.7,2609.48,829.278,41.4284,547.003,1701.82
30.037333333,42.3961,460.856,224.326,287.011,234.998,649.029,520.054,958.106,2643.44,1688.84,1409.71,889.986,1293.92,9793.75,13118.6,1587.26,904.805,1392.04,451.155,695.407,1046.39,390.842,672.229,1633.2,511.816,899.431,744.63,747.175,136.347,701.306,443.738,2033.53,2119.29,110.624,373.084,495.625,96.7731,1142.78,1756.79,126.63,508.606,398.358,409.71,905.66,676.146,100.51,84.9277,760.461,908.344,1037.11,903.136,143.022,452.393,22.7226,1554.68,4499.02,2824.64,565.015,147.196,436.466,3106.08,9863.25,4196,369.482,1800.85,3347.51,4472.32,3532.29,544.296,149.637,129.666,1180.5,745.735,575.943,101.29,814.727,124.001,231.758,1909.63,2275.51,774.317,1079.92,1432.38,1740.26,29215.5,67593.6,12663.1,1469.32,4086.14,2472.79,1920.93,712.546,360.325,2183.65,1563.5,546.816,1097.56,700.509,66.5358,1908.91,1832.11,251.442,975.908,1179.36,1155.4,3826.02,3016.07,1302.24,3956.74,3951.23,871.669,3001.02,2248.17,138.058,354.474,536.334,1030.77,1890.02,1305.9,214.758,379.823,374.532,37.3112,547.993,687.337,275.875,1725.02,1019.27,568.367,2225.14,1825.14,516.582,3999.11,2459.41,829.326,2375.57,1129.5,290.681,84.4461,45.9008,435.995,1225.56,947.517,177.762,610.344,76.0272,219.841,150.625,605.819,1854.54,3293.53,877.744,44.7257,954.442,1437.32,3014.17,7180.84,3072.31,2097.19,4209.16,3521.54,2350.44,801.031,7.76085,357.299,1361.77
31.402666667,67.2051,502.832,192.274,268.099,417.134,817.32,342.551,658.712,2392.91,1783.1,1332.84,797.05,1126.13,8887.35,12110.5,1912.92,814.451,1496.7,351.032,532.3,779.885,380.793,931.946,1417.34,163.945,719.82,365.496,519.052,18.5482,456.729,156.585,1431.55,1534.29,11.4717,188.827,301.088,131.649,1152.63,1863.08,15.7498,425.423,203.277,431.365,780.833,441.309,43.154,34.4408,570.727,461.125,606.515,757.281,14.6352,442.111,111.869,1005.83,3490.36,2114.67,378.794,336.656,576.906,2704.38,9054.79,3841.19,559.199,1341.55,2364.26,3857.66,3098.69,342.842,61.5207,21.113,988.067,294.337,498.435,200.959,998.931,136.224,241.751,1651.44,2252.08,955.383,1019.16,1186.71,1477.6,27296.5,63905.2,13534.1,1290.09,3109.14,1476.57,1644.64,877.526,494.369,2221.97,1199.3,293.73,572.945,556.906,56.6383,1922.35,1706.52,100.797,902.078,1351.43,1470.91,3040.82,2465.69,891.959,4020.73,4016.15,1252.01,2615.21,2028.63,208.023,280.434,298.831,961.338,2056.67,1025.08,51.7124,256.98,266.001,65.0492,547.397,510.511,117.811,1325.45,685.684,332.064,1267.62,1164.19,79.8134,3001.1,1853.37,412.564,1895.68,609.361,147.184,33.7037,13.6898,362.76,1012.97,942.436,31.0715,497.991,146.177,224.888,40.6979,466.051,1204.44,2738.3,604.781,6.47732,678.636,1099.49,3206.68,7371.31,3569.59,1933.55,3015.26,2319.46,1756.21,795.432,37.1917,179.766,983.637
32.768000000,225.003,470.914,139.639,222.722,601.315,900.586,231.879,501.803,2028.88,1466.26,1165.95,598.553,744.288,7498.41,10930.6,1856.03,812.5,1410.08,240.707,414.956,532.233,304.122,1171.6,1228.08,13.9051,488.743,103.634,397.478,47.5148,228.222,20.2398,986.841,1147.9,35.5375,67.2039,131.966,210.665,1302.34,1925.61,46.1139,329.462,83.0823,339.164,608.289,282.146,13.1421,27.5255,378.229,178.295,306.801,542.303,24.9712,473.089,314.933,508.992,2482.46,1550.76,178.526,547.229,674.9,1951.23,8018.01,3349.24,569.949,916.755,1422.18,2698.73,2589.84,244.306,23.5378,35.9327,821.153,73.907,449.912,479.303,1146.31,205.577,238.478,1302.63,2061.64,902.011,873.535,871.117,917.519,23928.7,59730.1,13066.3,1230.23,2013.48,691.456,1286.95,968.535,507.239,2107.7,1099.64,276.755,219.497,402.587,250.207,1826.35,1395.25,75.7048,828.322,1444.14,1429.83,2224.36,1806.07,352.407,3862.64,4011.51,1163.54,2253.74,1746.71,211.995,229.766,131.435,815.945,1958.95,742.383,2.7783,160.506,132.305,164.871,586.746,358.604,61.8351,884.076,609.233,356.142,535.64,660.012,75.0678,2155.62,1398.5,211.008,1320.27,325.736,66.7287,2.10945,1.28918,295.667,725.522,830.318,19.0872,412.62,253.421,254.363,1.64415,324.392,657.893,2074.9,497.964,13.6832,503.959,739.777,2813.8,7343.36,3393.23,1551.99,1818.22,1315.48,1056.65,813.9,79.6822,76.7232,638.028
34.133333333,416.802,406.246,79.0942,165.85,732.914,882.87,189.932,484.125,1624.11,892.254,963.89,338.713,334.358,5932.37,9736.07,1362.86,812.212,1173.48,194.431,345.62,363.133,172.117,1320.33,1061.36,62.074,301.566,8.81664,326.564,145.764,78.2426,28.6008,731.432,883.031,89.0933,22.1131,44.7918,237.703,1499.72,1964.6,226.242,231.673,15.5044,230.913,386.812,201.949,5.37091,40.1034,246.672,49.0856,133.729,346.624,165.445,522.627,519.951,162.766,1666.74,1177.43,51.6511,692.56,702.876,1154.78,6949.13,2721.51,391.24,566.709,722.257,1450.09,2134.96,183.89,33.9342,152.848,698.974,70.5467,410.279,825.185,1200,350.438,197.196,947.818,1813.84,589.917,728.866,491.705,367.62,20235,55168.7,11145.8,1016.71,1205.39,261.263,867.414,1068.58,346.321,1951.15,1153.93,373.089,74.4245,299.671,521.344,1640.3,987.883,153.155,826.024,1374.49,1082.79,1468.68,1152.66,28.6863,3473.36,3953.06,663.291,1908.27,1407.34,150.675,204.518,58.7919,677.809,1639.69,514.652,29.8453,92.8828,37.3257,298.047,623.575,247.673,97.5345,512.014,649.107,437.577,140.841,383.479,258.231,1506.8,1143.26,257.998,805.466,205.735,28.9993,6.00266,18.2149,243.954,409.033,696.069,124.184,334.534,325.516,299.467,69.3808,201.185,333.911,1436.9,505.547,15.9064,414.824,441.409,2113.1,7091.2,2591.85,1033.12,892.947,667.599,482.265,861.854,89.6705,31.6272,387.716
35.498666667,533.576,339.663,35.968,106.809,788,775.521,174.99,533.772,1245.27,363.92,722.568,122.854,81.7978,4469.6,8600.76,733.554,718.826,868.288,290.811,295.357,248.588,65.6497,1349.3,894.927,215.166,197.816,22.2347,288.072,242.162,10.7778,97.9329,582.676,706.113,98.1753,14.6063,12.4495,195.335,1648.61,1979.3,439.051,157.59,0.47448,134.029,188.348,187.996,1.48452,35.6853,184.057,52.137,44.4003,230.472,301.214,595.656,652.497,27.2838,1034.73,978.434,69.2732,681.013,682.331,704.407,5904.68,2033.28,151.262,300.156,329.78,544.479,1761.59,140.778,75.7735,314.092,641.627,135.288,385.704,1131.24,1098.51,539.529,139.643,729.132,1450.01,267.073,548.566,166.204,71.9725,17331.6,50316.1,8553.28,594.419,713.663,137.775,575.056,1140.04,134.554,1780.3,1188.19,477.853,96.9699,262.894,672.737,1409.93,634.736,229.142,913.665,1126.03,650,821.433,636.207,62.5639,2971.15,3789.01,151.303,1518.34,1033.83,95.5008,183.365,52.7271,611.357,1237.18,338.923,79.6883,46.3134,3.77705,442.726,616.854,175.137,161.443,248.778,692.267,439.408,11.7931,261.202,345.811,1092.68,1008.83,395.678,435.334,180.748,18.7175,27.6187,39.4738,205.055,154.202,589.64,261.187,249.502,344.868,306.505,222.839,138.897,239.61,882.426,555.555,18.5732,320.749,265.512,1593.98,6541.38,1569.48,519.622,326.938,351.783,215.118,889.394,64.6744,11.4983,238.524
36.864000000,513.691,295.213,13.9548,76.2673,752.414,611.137,160.702,530.615,1018.24,78.1764,447.649,22.3353,15.8773,3393.76,7459.55,408.296,515.8,556.056,497.99,293.348,131.864,72.5055,1316.63,685.456,369.603,177.204,33.3651,307.517,284.425,0.0554157,144.695,488.3,522.719,91.6016,16.9721,3.18681,125.018,1673.4,1954.29,538.247,128.061,10.1876,83.5703,52.7725,200.816,15.4354,17.8547,155.083,144.683,12.1382,207.147,300.63,686.527,724.898,67.022,560.617,907.124,193.47,509.003,640.479,769.268,4901.04,1407.99,21.5902,144.056,155.068,121.421,1512.21,127.089,127.132,436.148,652.183,153.934,400.406,1299.69,872.048,676.991,110.62,663.734,1094.21,56.1707,326.057,14.8245,22.876,15824.9,45224.1,6442.85,181.222,396.963,158.265,531.717,1049.77,31.0545,1701.85,1013.46,546.313,219.218,272.965,606.765,1172.05,399.701,209.997,1045.69,832.72,326.316,342.588,327.052,266.216,2583.62,3419.14,7.52168,1130.48,630.398,140.505,177.253,63.7868,578.007,959.142,175.486,128.153,20.1462,34.8462,610.203,550.217,123.504,169.47,107.864,654.207,376.368,2.0442,217.876,239.966,851.526,867.566,454.257,219.714,168.69,38.0994,46.2076,47.6634,167.075,27.2036,496.735,364.606,160.175,320.283,254.635,395.156,191.197,244.511,479.478,607.219,51.4395,187.311,202.394,1541.69,5714.95,760.862,180.938,79.9712,216.725,261.704,871.303,33.1711,1.18378,160.649
38.229333333,384.37,278.725,2.30356,99.0148,631.455,441.268,125.485,467.993,909.185,85.4692,280.259,5.08094,23.6322,2772.92,6368.88,512.35,305.255,271.38,722.66,318.078,53.4809,253.116,1258.03,427.133,478.948,209.648,18.0463,372.837,309.161,8.14496,163.441,372.622,346.748,108.465,23.0278,8.40401,54.5766,1637.48,1875.45,449.038,162.909,3.48923,91.8146,6.27844,191.703,53.1997,18.8943,162.496,257.378,24.4503,238.933,209.855,746.881,835.563,184.278,250.073,858.086,332.707,296.594,597.297,1186.25,3935.65,993.699,37.2783,92.8479,113.139,75.4483,1386.67,191.927,149.091,521.575,680.586,115.885,440.596,1305.9,579.522,714.877,186.317,702.219,763.914,5.11695,163.731,8.57891,66.0764,15495.7,40169.7,5398.09,6.41227,198.479,171.9,572.093,873.443,173.697,1637.27,685.242,559.182,379.67,285.087,415.952,914.478,251.579,133.132,1121.59,650.806,197.702,103.574,167.885,400.224,2288.8,2974.05,287.638,768.889,300.703,259.176,197.827,67.5522,565.083,875.252,66.3998,190.716,30.7392,132.378,764.878,484.559,65.4077,134.983,35.6644,547.228,348.415,9.07345,201.515,85.8963,715.62,641.17,404.584,96.5515,151.312,85.3551,53.0043,47.6871,119.142,0.844123,427.106,403.968,78.0708,274.363,160.527,545.39,383.912,247.03,258.42,646.992,125.857,63.3227,207.396,1790.85,4814.81,429.111,38.8594,16.7279,152.097,506.504,819.421,34.2026,10.4037,103.882
39.594666667,232.305,273.894,3.49488,156.932,493.501,270.695,84.7975,387.885,876.89,287.868,265.305,4.48183,14.1276,2531.4,5386.19,833.735,172.884,78.6841,903.703,367.231,46.859,521.433,1209.45,184.197,539.16,288.089,14.6904,446.767,329.393,31.0927,149.425,255.153,196.491,132.909,37.6082,41.7345,6.96737,1638.96,1738.45,252.58,259.767,4.99225,127.707,35.0877,183.757,88.9197,41.8489,203.661,360.538,84.1055,291.637,115.365,727.592,1059.54,295.43,104.688,788.384,393.359,139.096,548.954,1744.34,3016.54,753.161,91.6804,83.0294,153.712,272.934,1375.65,305.197,130.31,582.866,673.129,65.596,456.167,1223.85,290.893,672.16,389.54,733.461,485.987,98.2628,121.018,15.6731,102.069,15606.6,35659.7,5043.73,28.3405,89.6391,126.953,597.428,684.247,466.517,1552.32,374.45,543.812,533.251,244.862,229.562,667.079,161.701,72.5396,1039.28,679.853,239.752,62.519,89.9638,386.815,1926.31,2560.71,793.063,476.599,94.6059,369.849,263.866,49.8024,593.207,939.533,103.008,302.625,85.1506,288.288,890.718,429.538,26.7935,83.3592,4.33934,452.804,357.796,8.2374,202.282,36.0747,663.235,374.995,324.077,31.0183,144.914,116.691,63.6238,31.8409,91.3276,34.8236,352.639,401.773,12.9087,258.893,55.9355,667.299,653.308,248.958,190.502,688.196,211.207,5.96583,229.332,2003.77,4104.69,453.637,13.2632,12.0457,132.5,769.573,799.242,59.8946,32.5817,59.6004
40.960000000,105.889,281.366,20.895,213.191,380.123,122.717,58.7503,319.906,905.693,523.973,311.97,23.1676,1.2596,2417.9,4608.34,1011.46,130.784,41.6445,922.549,513.492,125.396,750.626,1139.58,66.9752,549.043,407.351,66.9075,494.625,325.634,66.9383,107.721,161.518,81.7149,156.849,59.5208,86.3774,15.7888,1708.07,1615.72,89.688,383.485,53.2429,182.208,116.729,181.037,91.8676,82.7496,280.237,410.37,181.629,349.231,58.3757,680.698,1335.25,359.092,87.9631,727.07,326.069,45.6438,517.927,2101.59,2292.04,504.651,110.359,76.8122,221.761,542.325,1468.57,413.514,93.2491,574.288,648.224,31.1738,429.387,1088.87,108.554,572.941,681.06,684.05,308.673,192.515,152.376,2.33931,181.633,15321.4,31867.4,4802.9,71.991,55.7683,60.606,540.068,522.936,709.365,1442.33,232.371,509.966,651.955,156.631,97.2279,482.388,107.075,42.4511,866.723,843.802,354.274,118.651,60.0255,285.999,1407.46,2210.62,1170.24,313.909,14.6418,384.16,373.83,41.8069,638.875,1098.9,328.97,460.76,190.304,477.639,917.695,412.873,27.8105,38.8226,1.75185,400.964,391.929,1.38521,228.114,117.244,677.354,186.11,253.101,35.0705,142.578,117.858,72.8348,9.95602,80.4797,88.2975,280.53,359.457,11.9557,265.369,8.98276,731.117,917.178,275.895,226.602,715.83,258.652,9.59052,266.185,1933.37,3655.76,577.844,19.0116,15.3661,173.746,910.766,805.921,95.7118,45.9614,31.1484
42.325333333,47.1178,267.012,62.3326,254.693,273.272,27.1111,78.5113,307.379,856.003,736.526,347.377,75.7536,38.9436,2318.15,3951.44,892.571,140.367,91.1269,830.589,747.108,270.482,844.365,1031.34,107.602,538.506,531.242,178.937,501.049,288.854,99.1778,60.7197,94.604,18.3539,168.59,86.3103,109.267,82.3802,1840.9,1590.09,58.0401,486.922,147.392,255.052,227.097,175.113,65.5335,143.205,343.773,409.394,286.516,368.349,70.2404,672.125,1540.37,408.146,136.91,651.993,205.268,7.48884,490.428,2092.7,1723.31,255.516,104.172,67.5298,282.004,808.395,1532.44,514.92,48.2713,536.616,569.213,39.2943,397.205,875.197,90.527,505.621,887.122,607.955,160.085,244.994,195.136,27.4899,368.496,14276.7,28423.5,4506.94,53.8707,68.1438,65.936,378.938,391.328,752.154,1314.62,289.005,499.933,673.869,80.0363,34.4582,332.175,107.138,33.9132,727.085,940.85,491.703,209.534,41.7527,213.145,844.106,1838.64,1241.53,245.179,14.4949,325.429,493.038,77.5812,670.199,1299.48,665.147,628.248,350.551,628.611,826.699,423.557,71.5718,25.0557,12.476,388.024,430.051,7.50535,257.602,286.141,735.357,140.172,203.927,97.0918,141.141,92.5753,76.5381,1.29084,72.8204,135.089,195.989,311.229,92.74,264.592,45.6385,753.101,1064.6,352.577,303.983,687.37,275.348,35.7716,298.481,1544.93,3351.84,706.744,22.2023,22.1309,245.136,934.303,762.273,144.291,54.7924,10.6561
43.690666667,56.0097,205.842,136.86,260.252,184.778,0.295019,118.04,311.313,715.747,843.436,387.321,123.542,111.726,2239.8,3316.91,582.893,163.396,118.474,757.919,932.676,464.584,785.526,874.063,258.717,515.907,615.806,333.233,445.941,236.013,105.124,24.5787,57.8189,2.74818,155.211,114.616,100.366,191.437,1985.1,1661.1,180.043,537.315,269.066,320.199,325.231,174.966,31.3039,213.219,365.044,352.461,365.729,336.855,131.322,723.563,1576.37,466.974,198.322,545.714,133.674,0.246213,459.465,1777.47,1254,91.7918,84.363,47.9679,331.63,1009.91,1470.09,592.714,7.29103,516.279,438.396,75.12,385.143,613.787,191.494,502.808,896.278,507.633,60.7417,245.703,256.278,89.924,595.555,12547.7,25049.5,4143.5,20.7052,97.969,102.003,251.426,224.167,662.501,1081.3,495,546.345,567.482,47.7079,11.3703,241.666,140.065,35.7449,625.34,899.634,575.197,321.734,36.1372,191.817,412.277,1375.6,1079.54,218.909,27.9266,274.634,536.303,168.461,694.7,1424,1004.55,740.751,522.015,691.013,635.71,442.186,134.41,40.5065,28.4846,405.239,432.675,48.6826,267.437,462.182,808.518,206.225,176.78,179.872,149.992,47.2039,78.5033,7.78999,64.6264,158.356,109.034,261.739,224.933,261.779,131.841,730.744,1055.16,441.962,365.506,598.873,270.56,65.6623,309.744,1011.46,3061.26,824.957,26.5289,31.7319,288.947,903.352,614.929,204.738,64.1289,0.955871
45.056000000,85.1736,131.235,224.282,224.998,119.222,20.0663,160.494,279.138,550.336,778.851,429.433,144.635,166.024,2129.18,2754.43,244.413,196.062,99.934,694.598,989.674,665.571,589.67,694.883,437.015,462.364,634.299,483.789,340.955,175.449,81.8064,5.46389,39.8726,19.8613,130.974,124.356,77.6565,295.348,2072.2,1795.2,365.375,520.959,395.7,331,389.457,187.718,20.1938,259.825,339.127,255.843,387.95,274.663,181.153,826.279,1409.56,528.815,226.588,427.142,127.608,4.06851,472.276,1247.95,922.329,22.084,53.7542,22.8542,378.877,1047.13,1297.34,604.622,6.00413,494.408,315.091,100.664,387.352,367.41,309.28,552.105,699.665,422.452,11.4677,184.48,347.22,179.204,763.655,10217.4,22059.7,3520.6,58.2666,145.154,96.8174,186.104,82.9621,470.778,807.204,727.628,589.313,399.548,64.1507,2.20997,202.753,167.359,43.1275,548.464,726.945,570.281,398.095,84.4568,186.521,170.891,899.621,792.83,215.836,27.9405,241.684,491.893,288.887,657.558,1412.42,1248.1,736.179,650.53,651.728,403.52,438.232,185.545,67.2216,57.3843,423.261,384.084,123.898,251.833,567.799,861.409,312.385,165.132,230.241,173.477,7.86924,82.4937,18.784,55.0534,156.426,38.9651,213.779,340.166,274.389,191.974,687.602,884.084,508.258,363.884,479.094,244.865,80.9604,311.44,529.457,2776.65,871.519,37.5072,30.9496,308.588,809.532,419.815,243.884,69.6407,2.01294
46.421333333,95.7446,77.2063,277.201,180.267,69.7248,60.5837,186.791,211.584,375.047,629.093,402.448,163.181,168.357,1937.72,2334.7,38.9602,209.383,70.676,590.656,941.062,749.463,376.114,493.441,583.156,349.476,605.398,556.538,228.607,106.33,51.462,1.64082,31.4596,46.3073,111.722,100.799,55.9522,344.259,2063.38,1913.06,486.243,460.501,472.326,290.753,392.822,220.951,45.0481,265.193,274.127,152.13,346.389,213.663,183.482,926.005,1096.6,555.151,201.072,317.239,175.766,17.1784,518.236,703.249,690.532,30.3573,28.832,11.2139,398.685,930.778,1012.52,568.863,55.6283,432.811,256.576,85.0554,406.861,164.513,386.817,563.641,455.387,316.814,11.3245,126.579,385.673,345.836,785.632,7825.15,19503.8,2728.31,202.416,194.974,74.4632,132.75,15.4309,294.134,509.53,921.153,549.977,255.125,96.9604,3.58724,190.014,177.582,74.2602,453.155,494.668,482.883,406.89,194.369,182.951,92.9362,508.145,505.826,201.062,20.4287,200.718,413.823,359.244,566.529,1226.23,1342.41,610.823,683.794,546.063,204.32,380.793,208.19,97.0616,111.298,394.766,316.015,186.201,225.957,550.829,878.812,395.337,139.775,246.235,187.97,1.70237,88.4352,30.9511,38.9704,146.625,3.43492,162.8,392.762,300.693,176.53,638.955,625.308,505.708,300.031,348.189,228.743,70.5442,313.676,276.523,2511.79,799.726,57.7828,17.6564,325.152,662.985,230.634,244.661,71.9398,8.70705
47.786666667,89.0586,48.4679,275.71,138.449,35.1003,96.6866,201.629,122.966,233.248,452.25,298.596,186.263,116.561,1686.73,2101.54,10.9872,185.141,36.696,485.803,779.668,687.286,203.891,325.365,632.525,208.945,537.543,528.915,131.023,49.2833,27.7257,6.65845,27.6808,67.5568,87.8945,66.7718,34.71,336.9,1905.3,1957.67,461.888,396.598,455.128,224.852,326.317,273.865,105.164,224.009,192.968,67.38,271.545,174.191,156.19,948.208,750.155,501.618,138.036,240.65,245.8,51.4239,548.299,289.309,538.512,83.8766,14.2137,16.5964,376.198,720.998,676.321,496.512,126.382,353.868,240.802,58.3633,416.152,41.3454,402.142,509.293,240.079,209.984,49.7316,90.1747,331.409,606.061,642.184,5994.26,17413.2,1985.9,375.663,234.105,39.1378,106.443,34.9749,156.477,281.819,985.322,450.333,146.628,117.211,12.7162,189.079,172.298,127.386,334.22,280.253,341.982,347.609,326.94,191.619,129.004,240.816,288.436,162.648,8.07479,164.634,314.32,346.452,426.368,932.097,1262.94,415.192,620.547,421.069,80.5794,281.574,196.452,118.671,174.888,333.674,226.977,212.211,179.887,447.009,823.029,434.392,91.1934,243.602,180.487,17.9499,100.367,46.1713,29.4634,135.74,3.89421,112.317,374.473,328.164,104.011,570.685,377.937,425.737,208.069,248.414,224.732,50.2872,316.696,317.982,2295.1,613.409,85.5339,3.99929,324.354,523.894,84.2334,204.233,73.2278,14.7733
49.152000000,79.6466,36.6236,242.088,102.675,14.6508,117.017,198.088,57.2011,133.46,286.81,179.72,186.512,52.6813,1392.22,2059.67,125.411,123.961,8.95369,404.139,537.647,522.621,106.723,210.812,591.448,78.5566,465.773,415.927,61.0774,20.5574,12.0837,12.5435,22.9347,81.1041,56.4398,43.9055,12.6459,283.799,1617.17,1887.69,318.163,339.494,361.284,143.281,237.329,314.452,175.46,163.27,113.366,19.0843,200.695,163.751,135.362,872.737,448.517,372.474,86.8303,205.044,298.416,114.929,513.138,76.5669,459.622,147.421,4.36279,31.835,315.152,495.301,364.612,417.831,160.641,284.955,225.04,68.8675,417.849,3.30935,370.075,386.962,102.671,121.297,95.2673,56.9025,244.408,856.155,464.749,5032.71,15777.7,1568.9,446.016,291.255,5.38901,111.952,85.6507,89.6542,157.803,902.461,336.109,66.5777,128.261,35.7231,164.526,173.711,158.322,237.845,106.66,204.055,258.803,424.479,214.127,207.047,98.181,167.883,100.657,0.0187564,135.296,209.993,262.139,268.838,611.074,1060.69,213.999,515.062,315.409,29.3493,184.149,143.576,135.876,212.633,263.403,125.374,208.881,109.325,326.586,671.999,437.549,33.841,233.781,154.138,40.4741,118.623,64.9523,35.5434,133.464,23.4139,69.12,301.979,347.551,27.16,483.612,202.096,299.171,153.144,206.6,217.887,46.5251,312.674,589.697,2157.58,372.144,113.978,0.833427,297.552,424.297,11.6373,141.323,68.6996,18.8904
50.517333333,71.0041,30.7705,203.55,76.6647,6.69948,117.445,174.778,23.2178,75.8527,183.182,88.3364,140.856,15.2102,1148.26,2105.13,292.14,77.1862,14.002,305.343,300.1,359.472,63.5927,133.238,528.504,9.51833,378.447,290.408,20.6776,8.89394,4.84889,13.1739,21.3739,75.6995,33.9014,30.8031,0.426745,201.734,1268.73,1694.16,160.152,275.296,242.809,69.1593,147.572,334.751,225.776,101.272,48.4974,15.5583,163.589,154.919,145.552,755.334,212.602,213.576,95.2918,215.118,308.083,179.242,437.528,41.3122,429.348,231.557,1.48774,50.481,227.597,317.342,160.983,328.814,138.035,224.574,190.285,140.696,426.083,32.5269,303.207,257.638,29.1649,60.249,117.026,37.1551,197.507,955.898,373.947,4879.17,14654.4,1527.01,352.973,400.264,30.8392,117.243,118.526,61.4294,133.018,753.614,221.827,20.0285,135.247,72.0167,113.664,178.495,139.523,166.674,14.6754,124.969,181.845,437.413,235.034,303.35,47.3299,102.699,57.226,5.81903,108.876,106.617,172.714,124.917,323.477,831.305,80.5188,390.099,270.548,30.7754,99.3413,78.9879,139.506,211.665,189.034,46.0704,182.399,39.3336,225.531,465.993,407.85,1.8757,213.049,123.497,53.062,139.507,89.7225,60.2176,135.701,43.2306,36.7931,216.303,335.094,4.0889,402.563,98.0514,180.748,183.86,229.486,204.373,64.273,299.993,938.681,2117.78,171.373,133.946,7.10259,265.521,366.7,9.34765,82.6597,52.5957,22.0008
51.882666667,73.1495,22.8914,175.316,59.4081,6.10582,113.145,119.29,26.4806,50.0453,138.372,41.3025,110.183,7.92767,1050.16,2220.69,358.93,72.0333,27.7545,233.807,117.256,258.395,58.6709,95.7203,464.089,36.9077,272.981,197.14,6.18688,3.81042,1.3428,12.5284,16.2651,64.3791,21.2126,19.3086,13.0619,121.114,945.831,1397.24,84.5606,207.135,131.566,29.301,85.9509,313.695,238.537,50.8942,14.3227,34.9758,157.956,137.264,191.986,629.569,65.7674,92.4016,138.433,281.074,296.727,191.663,379.694,82.5954,429.295,391.357,24.3096,78.2716,143.214,226.115,88.5769,218.713,76.9603,177.073,134.79,246.645,461.817,93.6129,211.689,178.618,6.71429,23.7175,94.3922,38.4345,194.655,946.898,320.57,5187.56,14340.3,1569.41,175.071,584.06,101.175,102.683,138.689,50.0889,138.135,629.378,126.766,0.789526,157.007,100.329,66.2692,169.716,89.9943,104.431,7.08272,112.132,156.187,412.826,206.356,438.606,63.4856,52.3623,48.8502,7.35656,113.199,23.4899,102.339,43.3058,123.361,619.233,59.739,271.925,278.5,46.4671,46.6357,26.3709,125.181,174.119,120.572,8.08856,144.526,5.09963,149.928,281.672,334.551,13.4807,198.147,85.4789,54.2662,148.387,125.253,99.6941,133.111,51.7876,14.8913,143.81,288.043,60.6548,332.623,52.229,112.667,290.631,327.759,178.866,84.1503,307.927,1117.27,2232.06,115.212,162.138,7.58097,265.007,340.323,33.6246,51.0865,25.8285,26.6285
53.248000000,98.6778,12.0264,164.784,47.8229,10.4313,99.1574,65.7477,44.5902,33.2938,111.702,90.1769,171.925,26.3687,1209.69,2435.36,251.034,123.35,18.0139,249.942,46.121,187.17,76.1157,78.0344,426.374,138.379,165.1,137.982,5.95794,2.49971,1.51801,10.1483,5.93355,64.5998,8.32336,8.1267,56.7531,60.4086,770.081,1014.21,107.59,176.283,47.3826,17.0725,58.0702,262.814,203.423,26.3033,3.11727,48.9887,178.635,106.825,251.97,519.983,17.5691,25.9831,172.153,393.053,305.923,149.726,368.877,94.2686,485.34,664.059,116.506,114.892,132.402,221.704,85.9264,120.531,20.7632,130.331,80.7284,326.48,547.492,137.353,148.755,148.524,1.84531,11.1306,65.1066,35.2826,216.816,958.474,216.553,5743.94,14971.6,1497.57,158.41,766.772,167.941,93.7191,115.796,68.4476,116.824,562.226,83.4154,11.9678,199.092,112.626,42.7814,143.405,38.1992,64.4435,33.6598,128.355,241.387,429.822,135.925,643.415,142.403,9.61134,76.0304,11.5913,137.042,0.0858193,53.3567,11.6744,26.8187,486.885,100.671,188.845,308.485,47.511,21.4706,3.79243,99.6149,106.259,82.4802,0.0730872,97.8957,43.9055,108.284,173.66,225.13,59.2323,207.636,43.1068,45.9551,138.615,169.652,136.245,120.652,47.7696,3.1288,88.8354,227.858,178.009,265.355,43.8954,96.0917,414.755,497.591,161.719,99.9884,341.987,1001.24,2474.59,348.631,237.553,0.750268,321.364,334.823,46.0531,38.6829,7.67869,34.7223
54.613333333,147.129,7.91126,178.981,34.7137,15.3966,79.4765,30.8838,64.948,14.733,115.791,231.829,319.895,107.915,1662.19,2780.19,71.8101,265.268,29.1235,311.551,85.7524,153.24,81.1109,59.9439,418.454,261.741,73.2011,112.335,5.02238,1.53519,3.4672,7.77552,0.460772,79.9434,3.14679,8.33502,135.502,53.1569,776.687,648.824,171.769,200.209,11.3617,23.5529,39.2429,216.188,126.23,29.4282,2.02796,50.5884,222.597,64.0548,304.329,435.726,27.4655,3.3414,182.343,519.028,338.463,107.76,429.534,44.6032,643.159,1001.19,306.636,179.896,207.818,301.114,96.5269,59.0953,0.18912,77.3571,45.7716,338.893,706.558,139.655,132.739,162.051,4.86035,19.7054,30.3644,33.2579,231.49,1028.43,108.168,6555.84,16635.4,1407.36,436.94,842.941,232.24,73.292,87.2026,97.2242,72.368,526.407,119.123,51.2933,276.007,113.33,38.176,118.64,6.99977,42.5939,54.3032,189.638,426.949,479.316,101.749,944.671,311.812,10.1511,153.452,62.9438,152.873,11.6847,30.9776,19.3386,21.1775,439.586,129.573,154.82,341.755,29.8951,10.3077,1.19653,83.6273,35.1423,75.5695,2.86694,71.1957,164.428,110.119,163.853,129.168,116.753,252.698,11.9362,27.8174,129.044,200.669,149.299,106.466,31.9242,3.49177,46.9974,180.174,293.25,210.699,41.3501,97.4048,514.727,699.632,178.071,118.913,408.121,671.469,2823.27,863.43,371.813,22.2728,441.803,340.733,34.9765,40.9648,9.02266,36.4384
55.978666667,202.071,35.8514,225.085,19.7348,15.5633,64.005,25.9564,87.2401,21.7246,167.346,409.606,486.095,295.306,2304.08,3266.99,44.9515,511.67,133.813,372.998,177.078,147.964,60.9494,35.469,442.865,349.368,16.7165,110.337,2.17272,6.78268,12.0558,15.4853,18.5815,117.649,14.642,29.5029,243.942,150.999,911.636,417.518,213.324,281.467,27.2963,39.6168,22.4413,178.576,52.9617,50.527,8.14065,61.3247,289.859,22.327,335.213,373.527,49.7008,0.420292,186.742,596.663,376.813,142.253,579.964,0.164009,902.883,1315.11,558.761,283.667,342.481,446.246,97.2814,33.7956,20.422,31.7606,30.6152,309.623,936.151,136.915,147.925,184.795,19.408,40.3836,5.15143,44.9821,212.221,1104.03,174.918,7783.11,19205.6,1752.11,911.777,804.558,267.591,54.3213,66.8526,123.434,38.6787,482.722,228.557,132.181,419.804,101.279,28.5858,118.371,18.7919,36.5134,66.1159,290.244,637.602,532.72,191.008,1283.14,623.498,121.176,308.715,190.782,155.41,26.1298,28.1609,30.1299,54.2217,473.915,132.578,170.6,371.83,10.8841,4.748,4.02178,92.6466,4.80564,90.0005,8.33689,80.3542,335.19,185.872,249.93,88.3217,169.803,332.157,19.0527,15.3328,131.33,207.538,131.373,96.1786,14.1666,23.1027,18.4485,154.554,348.377,168.313,32.3718,88.8479,589.041,850.691,239.938,169.014,513.139,390.818,3217.39,1481.24,535.77,120.007,591.875,368.48,12.9063,64.8492,22.9396,24.8611
57.344000000,236.327,112.941,305.368,22.0539,16.0718,63.7847,54.4517,127.731,76.7187,250.879,580.537,624.004,538.831,2907.86,3933.24,345.838,781.992,342.114,444.987,245.38,152.144,31.6069,25.9763,476.361,383.835,0.634422,127.652,12.829,27.2263,31.738,39.7114,76.5093,194.81,53.0945,71.3989,350.679,374.48,1105.12,352.511,238.848,401.875,76.6436,58.8875,4.75575,171.45,9.82875,76.5952,25.9416,105.038,379.865,15.0925,347.465,318.255,58.3789,3.83521,218.188,554.305,429.306,305.197,763.62,73.393,1227.98,1536.96,748.116,433.618,500.478,577.384,117.305,38.7935,75.0144,5.9603,35.7762,316.68,1203.24,187.94,158.101,200.508,55.4809,60.8987,0.634534,58.2724,158.976,1124.84,558.133,9512.74,22389.1,2931.62,1322.05,747.186,210.769,68.2017,79.4164,138.757,38.6376,417.548,360.194,280.828,628.086,108.61,12.4701,148.314,78.4078,45.082,84.442,393.505,797.546,587.903,369.523,1559.74,1114.47,406.359,539.283,362.521,162.514,28.7879,33.7061,28.5042,95.899,560.355,155.109,213.791,417.189,10.8851,6.88169,12.1569,111.323,30.4727,127.244,28.2389,129.114,496.878,352.873,400.883,118.97,232.607,427.362,71.1883,22.3635,152.986,202.551,91.3845,98.6292,8.05113,56.7366,8.69845,143.889,338.79,129.437,22.8744,63.6333,659.763,856.575,343.578,302.835,625.941,390.645,3574.68,1989.45,665.751,308.022,728.357,404.276,13.2425,114.618,47.2547,7.56366
58.709333333,235.322,214.195,423.535,76.0047,28.4363,87.1527,108.486,190.92,191.468,346.263,662.396,740.241,706.459,3278.82,4761.76,953.853,946.125,632.453,527.655,225.701,181.952,6.52824,48.5094,518.676,343.669,30.8648,179.027,48.3215,53.4196,56.7074,90.5152,198.928,307.092,112.109,121.562,447.681,666.461,1257.95,435.723,305.094,542.132,121.977,74.5309,5.94317,201.369,11.5681,95.0895,52.1361,183.945,508.176,71.4114,305.297,294.834,33.4434,18.4946,307.693,378.307,506.108,575.497,871.865,311.51,1611.62,1585.56,779.313,628.963,583.428,652.995,190.768,80.2119,135.92,12.3383,61.7863,441.507,1472.19,301.234,144.427,205.501,100.816,77.7885,16.6292,85.0668,86.6622,1104.04,1106.28,11551.3,25959.4,4826.89,1428.17,733.561,88.6954,132.218,148.461,137.057,54.4628,356.931,434.687,490.68,894.333,169.598,9.86968,212.605,162.352,71.5603,123.496,476.593,810.947,676.802,493.453,1720.8,1781.94,824.318,761.726,557.584,183.425,18.1963,54.2295,10.8025,166.407,667.026,200.712,263.472,514.21,36.9088,14.954,19.9965,131.411,107.3,190.198,71.6166,185.792,625.243,589.199,550.114,208.891,331.759,524.513,130.003,45.3323,212.383,205.383,66.4658,114.699,14.2527,85.1662,25.5353,162.991,251.93,116.917,12.5672,47.2874,746.428,676.849,480.322,528.822,689.112,677.597,3932.24,2145.54,730.076,567.873,766.59,448.471,67.1678,182.379,74.042,0.0863223
60.074666667,198.413,296.885,576.528,201.597,70.198,134.063,163.045,247.998,365.031,461.66,560.423,885.171,661.685,3406.48,5635.32,1606.67,980.341,931.982,590.264,140.882,226.477,14.4672,119.907,568.752,239.773,103.427,271.462,124.945,76.8345,65.7282,169.874,427.179,461.978,135.945,170.52,556.783,847.635,1366.13,588.321,410.504,688.191,159.894,67.2106,49.33,285.858,68.4227,98.2114,72.8935,293.574,677.199,196.012,207.879,300.645,3.04459,70.9693,440.436,178.929,566.14,890.289,850.65,623.781,2057.48,1447.44,669.715,840.192,510.379,696.352,308.527,143.607,192.212,49.5514,109.038,681.407,1741.12,436.045,105.709,196.234,139.184,88.4445,46.2594,127.57,49.6014,1127.49,1426.06,13501.8,29778.7,6740.57,1220.37,756.879,16.6582,212.388,242.781,160.487,60.3234,311.417,411.438,699.894,1210.48,305.744,53.4957,311.733,236.657,97.8795,188.375,531.611,646.875,812.891,445.93,1799.59,2526.24,1237.91,899.038,721.369,239.267,14.6976,103.782,2.50662,299.55,752.651,239.775,326.942,650.49,104.416,30.618,20.4866,144.005,248.737,277.948,108.231,233.649,721.684,769.122,695.647,308.755,422.935,648.974,160.601,60.6361,320.535,259.009,92.9724,136.069,24.9523,101.666,72.6797,197.517,133.814,132.695,13.9307,91.0945,830.623,396.852,609.021,802.868,667.173,1097.3,4324.86,1879.92,743.115,827.456,667.46,488.961,171.076,250.805,104.648,6.4953
61.440000000,137.345,337.451,750.299,376.155,140.773,187.388,205.812,276.678,533.269,605.696,311.874,1074.78,427.395,3438.94,6419.12,1937.09,949.752,1089.04,627.015,41.8654,295.506,86.9252,265.219,599.589,123.771,195.267,384.084,248.838,102.224,51.3371,273.52,760.479,684.662,106.846,219.547,693.305,776.371,1451.76,732.975,477.361,847.605,196.042,47.8409,163.141,434.072,173.342,86.7194,80.6977,420.982,857.107,358.389,98.4316,319.423,25.7432,200.207,606.664,44.371,595.338,1115.49,766.334,810.05,2532.05,1281.37,526.539,1030.67,309.788,717.677,407.737,219.883,244.623,98.6421,164.682,973.891,1993.13,544.739,57.3282,181.675,139.507,105.412,76.5533,146.638,106.728,1278.39,1258.79,14922.2,33862.8,7817.63,915.059,779.034,20.1853,266.429,374.748,210.163,37.941,290.761,302.805,849.538,1536.04,509.76,154.753,420.84,286.741,109.216,256.273,564.032,365.527,997.105,244.243,1916.88,3157.27,1458.94,944.493,765.858,329.977,56.8472,211.355,51.7457,513.939,771.315,247.636,400.702,765.977,230.068,66.6607,14.8668,152.594,452.031,398.655,105.968,271.316,790.124,765.471,843.429,380.205,440.679,825.877,159.466,64.7902,503.799,389.768,171.049,152.619,35.2207,104.794,139.233,231.35,37.9079,170.816,53.5041,236.901,887.863,148.72,679.021,1031.67,594.666,1403.16,4734.01,1422.81,743.982,1011.01,456.711,522.067,264.725,304.987,150.039,21.0084
62.805333333,80.7891,332.663,917.311,547.967,220.608,232.719,218.755,259.57,655.896,735.6,84.6072,1255.71,217.956,3530.36,7023.94,1749.92,914.412,990.318,659.717,4.73931,382.905,221.179,466.397,632.517,32.5523,270.802,485.164,404.692,134.919,24.6131,402.253,1155.05,942.872,72.3681,283.748,843.432,494.574,1505.2,843.133,431.716,1043.35,252.805,62.0965,343.268,608.617,315.966,71.1116,79.0293,544.95,983.641,524.721,16.4574,356.918,139.76,397.867,807.633,41.1439,602.415,1131.94,684.91,755.83,3020.27,1248.14,480.968,1186.96,97.1024,717.935,430.877,295.964,280.031,135.074,219.082,1220.68,2192.82,594.02,23.4631,152.518,115.294,107.081,107.768,138.784,240.817,1528.89,751.993,15733.3,38080.9,7763.21,751.481,767.084,59.7268,304.417,490.015,283.798,6.6804,298.016,157.644,908.599,1793.07,744.561,293.632,508.793,302.74,98.5575,303.75,571.376,120.27,1173.67,85.1509,2124.57,3557.45,1352.64,921.901,640.815,445.071,195.831,375.699,186.656,766.233,749.68,195.325,460.061,803.828,403.856,133.684,11.8588,182.883,672.733,533.741,80.6533,300.462,836.294,563.104,978.315,416.5,379.073,1054.27,174.711,95.8091,731.088,581.458,284.818,161.03,35.3226,102.993,192.749,262.819,0.138341,225.379,143.258,460.428,943.728,16.3584,661.521,1140.43,504.447,1455.59,5115.12,1121.18,745.613,1110.73,209.45,552.433,285.359,342.011,212.408,34.5939
64.170666667,45.535,298.095,1043.09,664.458,275.989,258.336,194.125,203.983,694.886,836.308,9.04311,1393.83,243.2,3738.48,7387.74,1181.29,904.353,673.48,689.89,92.3594,468.138,367.285,685.36,691.273,0.0963151,292.791,543.889,565.248,175.363,14.4728,516.329,1518.67,1232.89,69.3143,368.923,952.706,174.899,1550.18,910.085,308.124,1246.2,375.1,128.487,558.046,766.784,446.994,75.0354,83.345,635.67,984.371,664.849,14.6748,437.623,307.329,590.082,1038.91,220.587,578.815,929.656,665.363,562.011,3438.18,1384.6,590.692,1353.04,7.41024,696.914,354.732,363.356,271.902,154.196,245.335,1338.49,2304.14,577.448,7.00745,130.15,64.5988,108.43,107.158,132.463,381.683,1757.97,330.039,16277.6,42129.2,7092.64,758.228,714.157,122.818,291.113,559.156,365.467,7.58895,311.027,49.0342,867.884,1933.12,919.274,428.026,560.655,269.724,77.7412,300.078,584.271,35.4555,1290.53,156.381,2384.53,3714.25,933.457,875.387,383.752,575.694,440.423,554.551,382.339,1005.39,714.687,105.235,464.867,745.971,586.642,228.443,27.3818,232.278,857.545,670.566,51.8293,324.249,852.102,264.12,1104.35,432.125,318.826,1266.73,273.602,180.533,974.228,769.406,380.741,176.819,18.4808,110.911,194.875,287.876,47.9956,315.583,250.131,644.927,1059.54,46.982,547.826,1099.84,458.98,1373.15,5385.64,1115.35,741.209,1203.54,36.7061,575.622,214.939,373.528,262.297,50.7188
65.536000000,40.4444,278.236,1064.65,708.202,277.724,255.04,143.499,142.021,612.327,918.555,156.292,1452.06,538.12,4042.38,7431.66,639.137,858.417,337.443,689.094,333.036,525.891,447.577,906.668,759.938,36.5321,265.148,529.227,689.729,230.917,36.003,581.686,1736.14,1520.71,145.591,457.685,951.41,13.5981,1633.3,962.584,221.399,1369.26,567.997,259.225,763.391,842.902,523.101,109.305,120.375,648.432,858.368,735.79,118.581,551.429,486.653,688.533,1261.14,589.589,497.386,657.3,697.174,445.127,3689.83,1613.32,812.79,1527.14,169.938,669.787,215.079,395.172,220.648,151.747,226.566,1309.17,2265.52,537.495,7.56583,107.838,20.9092,107.149,78.8001,123.424,481.434,1832.92,347.24,17132,45438.6,6832.33,804.481,632.785,166.236,245.526,546.877,439.104,71.9358,308.296,12.4318,785.311,1887.68,980.413,505.438,555.99,207.581,54.4859,241.272,619.727,167.889,1311.75,472.908,2662.55,3606.84,438.789,781.227,144.145,685.546,767.313,677.261,569.598,1191.78,673.897,32.6048,403.179,608.86,713.91,343.197,73.7584,281.413,939.52,811.428,43.0188,332.452,816.762,40.0837,1231.85,481.222,340.343,1382.59,461.569,340.889,1178.73,882.408,418.169,197.167,1.31555,130.416,140.56,308.644,167.548,431.067,357.201,685.932,1245.16,267.995,357.803,968.401,496.251,1383.07,5506.43,1285.89,758.159,1323.32,58.9415,597.031,100.276,381.762,277.681,72.6529
66.901333333,54.8843,297.221,955.269,677.061,218.778,231.132,87.1438,85.1394,466.15,917.761,517.929,1473.31,872.323,4310.19,7276.8,403.968,695.241,154.641,670.188,756.582,508.215,437.297,1112.06,774.604,128.499,219.482,429.132,772.622,273.916,81.9337,597.402,1711.58,1753.43,317.87,501.166,846.04,98.9212,1749.77,1089.46,263.042,1344.54,759.056,471.561,890.03,784.717,551.094,144.687,177.789,628.164,586.455,787.134,273.547,622.688,682.245,630.396,1398.45,1152.79,365.126,489.023,694.317,517.029,3822.49,1771.31,982.845,1719.93,611.892,645.424,86.3128,393.447,136.69,139.238,169.197,1143.9,2052.94,528.22,10.1419,98.4836,3.56877,109.186,39.8666,96.1148,521.923,1708.45,789.867,18566.7,47703.3,7524.63,755.23,567.545,136.32,216.523,422.378,521.721,186.032,269.693,44.5738,721.932,1628.71,926.473,470.005,519.875,131.207,32.9887,176.24,632.797,472.942,1285.73,827.046,2882.2,3334,103.896,604.249,37.8649,769.248,1148.69,659.584,696.43,1283.51,615.055,17.4417,316.289,419.841,760.184,427.094,155.225,312.959,880.057,946.457,81.5107,300.282,739.506,23.9609,1352.31,627.528,458.722,1350.09,682.402,578.235,1268.56,872.711,389.795,200.077,13.602,172.497,54.0629,346.252,285.891,529.35,477.949,540.565,1497.92,672.05,148.867,845.588,580.661,1581.4,5540.73,1420.49,785.921,1469.42,322.718,622.122,16.3388,357.944,246.883,102.04
68.266666667,63.9652,373.403,701.077,615.238,118.702,188.45,52.6589,51.6669,280.646,876.24,900.309,1497.62,1013.11,4328.48,7185.01,481.619,442.677,167.671,752.058,1209.09,483.35,324.176,1304.31,680.943,238.611,189.072,307.406,794.598,273.136,156.089,528.963,1489.15,1842.16,552.185,467.63,681.685,376.059,1845.8,1340.16,474.792,1128.27,890.94,720.721,878.554,621.634,521.302,172.984,216.516,613.432,254.929,870.173,366.995,641.018,875.347,413.295,1461.03,1721.46,340.714,486.003,592.416,739.429,3979.45,1661.47,1059.86,1834.19,1158.53,698.332,57.5344,340.399,64.9532,120.834,91.2071,926.203,1642.04,616.715,1.75447,125.111,30.3927,98.9275,8.71228,82.5702,440.954,1547.92,1226.39,20230.4,49295.1,8642.76,615.77,516.853,81.7081,149.418,302.429,530.283,343.456,191.867,111.914,707.278,1192.47,791.923,339.554,449.894,78.5095,18.3673,127.695,636.651,748.743,1309.18,939.846,2996.3,3050.4,15.2196,384.883,88.6494,881.163,1423.03,571.526,679.524,1317.78,486.286,82.1141,251.047,257.018,702.222,444.767,267.264,291.061,726.512,1035.68,179.446,215.53,661.532,220.692,1410.78,911.126,641.085,1131.3,886.744,809.92,1222.77,726.688,323.605,164.004,71.0284,254.32,4.28755,419.053,308.913,624.251,584.524,321.27,1732.71,1183.97,48.4505,813.686,603.741,1922.65,5639.1,1290.76,865.386,1519.52,753.357,686.905,25.9602,288.096,187.739,127.68
69.632000000,73.8189,465.095,395.501,551.115,22.8687,152.055,32.5174,51.7161,94.5217,906.848,1025.08,1504.04,943.115,4007.45,7483.09,630.92,257.591,408.804,932.63,1461,527.888,215.307,1455.9,504.029,326.469,185.769,245.829,785.271,198.855,265.897,366.433,1219.36,1674.47,781.702,382.751,500.411,754.978,1769.44,1678.71,867.394,726.524,979.901,890.135,737.028,403.64,458.63,189.91,210.436,621.481,49.6855,953.39,360.996,606.726,1067.4,136.416,1531.04,1979.07,521.421,673.349,453.441,939.396,4378.23,1224.46,1142.31,1708.66,1579.14,925.178,187.987,224.573,21.1221,111.266,51.0274,673.983,1163.34,782.409,9.77474,210.489,113.177,62.1342,3.78147,89.4461,248.445,1524.89,1236.14,21574.6,50878.5,9114.58,539.159,487.247,64.0574,54.1977,195.939,477.15,518.941,103.222,183.212,686.89,711.188,641.313,168.697,377.6,47.8177,6.19378,113.453,712.537,742.836,1439.18,729.06,3037.55,3003.9,39.9961,233.476,317.296,943.016,1506.36,476.734,590.306,1271.8,320.911,217.671,222.1,183.759,584.633,373.027,410.383,196.83,578.627,987.593,342.888,100.111,627.377,543.714,1314.35,1294.75,850.02,736.624,1078.2,879.419,1094.3,476.64,266.956,86.534,178.33,393.27,81.0673,516.019,224.523,709.47,689.576,169.623,1904.8,1588.51,171.117,917.703,496.79,2301.04,6000.59,835.952,1007.91,1336.62,1239.61,831.29,113.369,188.14,113.575,146.212
70.997333333,114.956,507.251,154.908,480.438,10.5502,143.152,16.5953,105.944,5.45675,1008.03,832.061,1470.66,798.617,3609.07,8271.86,718.559,299.695,829.417,1128.5,1422.29,641.826,267.481,1525.33,310.966,361.924,225.586,298.886,747.081,89.969,391.604,188.259,1007.71,1295.83,906.556,293.209,379.37,1088.03,1480.07,1959.49,1331.47,329.944,1000.9,926.263,514.608,218.799,394.651,207.26,189.669,647.308,69.3767,1012.04,280.777,554.6,1216.08,0.466072,1611.32,1804.16,860.652,1033.48,405.291,1061.76,5032.21,802.442,1249.76,1363.67,1714.85,1368.6,457.24,103.535,8.6679,123.348,121.7,408.359,760.757,922.046,87.4459,366.807,252.291,33.4501,11.902,120.673,98.3539,1670.47,783.268,22466.7,52400.5,8656.08,640.784,537.314,83.9164,0.776488,125.479,393.841,683.995,42.2109,241.015,609.499,317.026,524.175,54.1976,336.367,24.2972,15.8001,192.86,831.534,480.393,1621.41,417.811,3063.56,3417.34,55.6735,272.328,689.599,876.802,1400.85,448.699,565.269,1149.67,165.338,353.218,245.848,232.405,454.249,245.501,562.562,85.5668,472.916,797.891,530.414,13.6373,655.712,841.888,1084.45,1620.86,1024.02,332.454,1217.87,734.248,929.183,240.746,237.365,14.9879,338.405,578.071,300.038,620.094,97.7705,773.626,807.367,209.672,1973.17,1700.25,534.503,1142.74,318.537,2671.67,6599.94,417.347,1132.35,970.449,1602.41,1100.76,215.903,93.138,50.8798,171.608
72.362666667,196.679,501.463,23.2658,399.674,119.55,189.94,23.1159,239.618,83.6514,1135.29,492.81,1342.92,780.729,3500.66,9516.73,858.08,547.902,1258.13,1330.75,1063.8,836.221,571.698,1478.75,173.029,323.306,336.994,457.151,653.599,17.9332,503.416,103.848,953.466,811.652,906.154,258.096,350.59,1259.05,1018.13,2098.76,1718.99,97.7991,926.309,884.414,274.021,155.219,389.943,234.664,207.653,654.438,276.662,1076.48,178.17,500.297,1274.42,164.702,1714.72,1247.54,1297.58,1456.43,480.942,1146.82,5934.61,841.035,1370.3,896.578,1545.37,1938.82,870.37,48.2697,46.2709,190.019,300.585,196.193,460.071,995.714,265.353,547.024,441.104,46.0087,44.3774,209.062,160.844,1857.64,260.378,22697.9,53925.5,7694.59,867.645,640.177,160.109,53.4338,115.32,376.878,815.831,25.8254,259.371,501.646,77.6614,433.199,87.2276,362.463,7.91084,79.7115,412.482,941.665,184.465,1717.93,318.744,3192.43,4324.64,142.831,536.406,1045.55,739.997,1103.42,583.63,711.557,991.727,58.9323,397.792,338.794,390.003,325.137,126.97,683.132,49.7252,431.668,506.474,704.78,30.1759,721.835,990.084,759.642,1782.96,1142.05,98.0726,1221.89,482.058,742.947,155.241,253.132,15.3339,536.403,738.918,598.877,750.944,12.3077,781.46,925.464,498.289,1901.69,1470.35,1089.31,1414.35,181.038,2895.97,7440.67,516.563,1168.95,558.408,1689.51,1452.2,333.94,36.9874,51.5978,241.308
73.728000000,294.163,472.206,5.82407,323.002,288.795,294.008,106.347,460.073,373.801,1277.08,186.933,1084.26,975.382,4081.7,10954,1279.78,810.249,1600.66,1447.13,594.125,1027.38,1042.82,1389.58,93.149,234.186,518.149,643.319,525.408,14.6342,570.553,226.876,1079.69,379.573,830.468,310.288,388.042,1248.44,506.024,2102.74,1914.62,59.9254,816.443,809.506,118.547,244.297,483.559,307.035,273.247,625.266,545.219,1161.1,135.011,415.886,1246.56,661.705,1786.04,588.423,1714.14,1827.51,596.996,1329.36,6982.05,1636.57,1442.01,458.274,1179.5,2458.64,1373.76,150.644,169.777,367.223,506.245,73.8196,260.853,1007.99,503.059,666.514,645.265,154.66,148.312,390.533,473.221,1916.62,74.0015,22398.3,55381.7,7100.79,974.394,774.591,345.785,229.765,160.81,461.466,962.349,49.84,227.354,394.92,2.705,381.471,242.111,422.35,42.6583,230.21,797.152,1078.39,53.2266,1566.87,568.475,3660.02,5550.6,474.556,870.252,1292.31,542.056,806.465,842.09,979.124,911.235,11.0659,319.825,490.588,584.849,228.434,66.7686,717.672,179.631,454.77,213.779,846.953,177.216,773.787,955.144,406.816,1774.72,1229.87,80.4233,1092.69,251.779,585.526,262.519,320.51,144.807,733.494,814.386,856.429,919.75,47.5136,702.325,991.257,993.52,1705.81,1000.23,1715.56,1630.35,153.51,2957.68,8444.68,1396.41,1092.56,219.072,1540.86,1744.53,471.14,54.664,162.564,420.788
75.093333333,357.582,449.923,68.4324,246.702,432.676,456.975,312.733,708.755,807.992,1445.73,42.7668,765.314,1245.87,5428.14,12299.6,2029.67,929.42,1822.84,1390.98,219.921,1149.09,1532.29,1271.6,66.0907,146.215,743.825,791.659,360.068,83.7654,612.396,525.813,1315.87,201.848,808.988,375.53,419.205,1162.83,130.275,1903.98,1991.88,155.74,655.946,809.506,128.073,448.238,634.426,452.844,391.098,533.864,738.276,1267.35,197.261,305.02,1132.08,1332.48,1810.08,125.929,1973.8,2088.97,635.509,1683.4,8082.45,3084.23,1378.51,183.716,783.637,2769.07,1841.21,420.607,411.723,694.166,657.055,35.7885,157.075,974.5,699.733,668.172,857.401,348.893,319.729,643.013,1008.44,1822.18,249.469,21900.4,56785.3,7483.85,811.926,936.961,587.27,440.215,285.833,683.175,1079.93,125.008,151.068,322.088,57.3506,340.765,411.22,504.799,172.999,449.646,1254.08,1310.77,177.946,1193.45,1003.76,4582.82,6813.3,1087.4,1101.02,1413.94,342.921,596.613,1130.44,1294.92,913.329,30.6478,169.343,683.542,753.305,157.764,66.4931,682.859,442.382,532.787,47.9829,1003.66,389.324,732.342,820.514,135.654,1572.94,1383.98,246.369,825.92,174.406,509.936,497.652,423.635,387.944,905.682,760.02,977.885,1113.73,222.395,542.385,971.551,1509.36,1456.97,487.922,2238.77,1776.31,192.218,2915.89,9568.6,2843.77,916.408,37.0396,1270.36,1841.27,617.074,162.754,391.872,760.129
76.458666667,341.344,448.959,158.008,161.439,518.966,640.954,583.444,956.19,1282.4,1507.91,154.763,511.11,1333.47,7241.34,13337.3,2838.53,893.554,1835.95,1220.51,29.2494,1194.12,1811.69,1156.85,75.8239,104.155,944.188,881.509,182.185,210.778,639.692,851.238,1562.57,402.531,895.833,400.682,419.316,1084.89,0.0419857,1515.52,2003.95,328.889,440.787,922.931,346.724,682.247,751.879,646.541,552.171,377.228,817.44,1336.52,334.781,200.101,946.814,1926.08,1786.31,7.37063,2024.3,2189.83,559.445,2164.63,9054.33,4782.61,1164.05,81.1892,548.465,2697.25,2173.85,801.528,753.919,1118.62,748.915,46.8567,111.397,912.122,770.348,576.579,984.196,629.729,552.221,834.826,1611.02,1749.38,432.475,21755.2,58074,8778.87,481.743,1078.36,766.46,621.441,502.63,943.418,1113.52,257.263,58.3545,303.301,164.395,279.65,526.237,577.23,356.303,697.382,1732.04,1528.14,516.45,807.254,1288.7,5853.99,7854.27,1760.9,1163.32,1368.46,252.804,481.366,1344.26,1485.24,977.842,120.501,42.249,876.015,863.897,104.908,102.904,627.56,700.836,635.706,122.04,1203.82,568.13,586.519,669.914,15.0621,1222.25,1618.33,519.283,489.014,256.572,556.403,743.354,522.68,659.784,1050.25,567.034,976.292,1257.27,466.946,362.761,852.235,1860.22,1197.27,151.633,2497.85,1875.84,216.951,2925.9,10601.1,4372.35,717.262,10.8717,981.378,1690.23,729.776,351.34,719.786,1221.67
77.824000000,253.602,450.55,237.528,80.7501,541.277,785.647,822.845,1140.2,1615.87,1474.75,407.745,343.764,1154.37,8933.97,13988,3242.78,812.299,1511.52,1091.76,55.5975,1089.36,1809.09,1027.92,100.391,98.7752,1100.62,905.546,56.6808,330.531,644.85,1040.42,1733.24,906.867,1075.92,385.404,403.92,1032.29,109.826,1044.52,1945.87,518.999,248.526,1117.33,687.551,849.567,804.372,774.298,717.375,214.028,802.36,1337.96,443.879,112.351,763.456,2214.37,1685.39,199.65,1952.39,2057.55,419.087,2552.59,9836.04,6059.15,921.764,54.683,498.849,2323.33,2199.78,1217.47,1126.23,1485.26,823.713,68.8111,102.632,822.949,702.915,411.576,1006.75,915.491,775.655,931.414,2011.88,1855.53,356.722,22175.7,59269.7,10326.9,201.494,1072.1,865.758,703.477,748.004,1140.11,1040.36,395.886,4.16079,322.66,261.595,197.288,556.945,608.439,508.086,929.35,2061.83,1704.19,886.325,519.512,1263.56,7141.95,8497.95,2142.71,1104.65,1109.78,300.414,492.706,1345.98,1461.75,1035.84,258.507,12.3672,1042.86,909.92,68.1669,138.011,568.128,822.623,742.572,435.905,1424.96,641.135,408.546,548.622,23.023,844.479,1866.39,780.761,201.736,422.742,689.785,887.2,597.171,826.667,1154.07,320.396,898.335,1294.55,660.053,210.961,702.1,1888.23,983.551,86.9356,2451.01,1932.02,189.356,3023.27,11416.5,5361.42,582.838,57.6129,736.451,1365.13,738.687,585.286,1082.67,1667.65
79.189333333,127.812,447.943,271.407,24.6856,525.822,833.317,916.128,1266.5,1585.67,1446.56,585.586,242.223,825.591,9922.45,14208.9,2983.94,733.968,969.564,1029.64,218.886,864.739,1549.56,878.343,116.399,101.705,1224.18,905.605,6.58645,377.531,616.334,1015.11,1735.81,1525.84,1318.64,327.512,359.81,1018.19,368.786,588.861,1827.59,667.941,166.084,1326.86,1026.41,865.558,769.816,764.073,840.739,111.228,744.448,1279.55,436.235,48.1138,636.159,2113.01,1502.21,530.604,1824,1717.38,273.188,2658.59,10363.2,6399.07,746.213,35.5635,563.097,1815.98,1850.65,1580.86,1381.22,1666.71,903.356,73.2899,100.343,740.766,515.062,248.259,889.632,1179.97,851.051,943.114,2035.53,2095.93,119.109,23019.5,60264.6,11401,86.1303,881.244,900.5,607.151,1001.16,1175.26,862.414,505.224,14.6619,351.487,318.048,108.993,524.98,569.811,553.292,1144.87,2013.61,1863.27,1073.02,352.596,998.142,8085.17,8598.58,2030.48,973.637,734.535,411.431,557.442,1143.06,1211.03,1033.53,405.496,87.1933,1174.19,921.207,36.6123,137.514,511.133,754.527,814.108,878.565,1635.27,591.013,256.552,482.562,89.6801,540.983,2041.01,942.801,41.6848,581.85,854.417,850.526,625.68,809.174,1198.02,142.976,788.684,1214.81,706.173,125.297,593.379,1612.18,801.01,259.577,2176.55,1901.63,138.446,3146.63,11939.4,5423.77,532.973,83.9014,584.335,976.672,620.549,803.387,1352.72,1971.7
80.554666667,32.4937,421.143,256.601,0.743558,511.393,742.262,860.778,1246.25,1264.77,1358.85,625.529,161.931,517.405,10029.7,13889.2,2225.51,592.031,507.105,925.716,427.081,574.524,1185.81,670.425,129.566,126.066,1279.62,924.47,32.8854,353.148,524.667,817.599,1536.1,2055.5,1522.38,267.636,297.173,1035.66,598.031,255.753,1648.79,789.487,211.141,1456.9,1269.9,721.092,658.576,611.529,882.437,121.419,721.699,1118.63,337.394,20.4365,554.71,1755.1,1204.39,826.108,1594.08,1330.47,131.297,2526.24,10358.3,5888.89,613.382,10.8687,651.224,1296.26,1288.1,1746.73,1417.73,1615,967.074,65.4516,87.0465,660.689,316.234,116.675,678.12,1342.39,790.474,815.252,1741.2,2227.39,78.5666,24153.7,60420.3,11786.1,62.472,675.618,784.475,436.75,1126.92,1100.17,575.464,598.025,96.0442,356.928,326.19,29.5843,498.434,434.394,521.803,1210.43,1691.08,1832.63,1062.22,240.492,732.607,8384.72,8204.62,1456.88,774.437,415.342,454.566,608.735,810.175,858.206,899.121,532.525,251.848,1241.68,912.225,16.1152,110.917,435.133,558.873,801.746,1310.33,1763.58,475.202,147.125,481.403,128.866,377.286,2035.33,1025.51,10.6772,674.435,969.048,665.38,578.613,642.306,1138.63,133.607,712.716,990.875,618.949,112.043,560.889,1190.8,606.449,533.563,1787.58,1728.99,129.059,3316.44,11927.9,4729.63,507.272,61.5375,502.264,650.901,407.455,942.508,1411.59,2053.29
81.920000000,11.7527,385.644,188.411,23.5219,522.819,519.544,723.271,1021.06,853.751,1127.83,594.125,83.9696,328.858,9500.93,12906.3,1394.25,403.066,197.95,791.888,562.167,310.404,815.496,455.039,125.036,188.917,1251.01,912.203,137.368,298.259,364.724,556.172,1205.43,2332.38,1558.61,263.453,275.498,1002.32,723.486,59.2193,1438.68,918.892,350.792,1458.44,1335.67,480.666,518.276,361.476,854.644,253.206,708.991,885.564,205.776,27.0852,512.87,1285.59,850.398,933.092,1275.63,945.726,58.7553,2242.19,9695.08,4922.97,460.056,3.10943,728.474,828.662,768.969,1595.48,1268.77,1309.03,1018.11,62.6847,58.0547,596.578,174.326,41.2733,460.464,1321.35,654.586,570.497,1318.45,2023.24,569.074,25235.9,58955.1,11740.5,56.8125,504.079,591.241,221.53,1146.53,915.904,299.976,641.06,237.329,330.731,278.531,3.16657,501.236,255.234,456.721,1055.39,1256.29,1529.18,939.288,145.573,622.238,8052.09,7372.03,731.459,543.841,194.879,396.382,595.571,470.076,514.777,654.16,605.68,462.519,1205.14,862.053,35.5932,71.7114,344.983,334.818,711.864,1596.56,1708.22,395.431,108.8,480.88,133.295,324.874,1834.13,1073.74,76.7746,684.652,973.912,412.196,483.7,377.16,1024.05,277.94,655.013,694.433,446.502,164.151,582.31,777.41,411.579,738.24,1359.69,1394.23,226.643,3479.55,11277.6,3719.72,432.902,31.0263,459.633,427.299,223.412,908.249,1286.83,1830.47
83.285333333,74.9333,335.958,102.917,85.6836,554.341,263.293,546.249,684.933,463.98,826.877,525.005,23.4094,304.841,8660.27,11223.5,928.029,241.806,41.9233,661.77,528.751,118.577,564.398,249.789,107.673,264.277,1145.96,839.771,268.7,238.097,196.607,332.427,847.653,2328.62,1346.88,343.865,287.284,852.535,776.25,25.0384,1181.81,1047.82,561.193,1260.8,1250.93,223.3,401.553,123.331,777.589,431.652,666.084,647.125,92.6628,53.2557,465.159,870.938,498.167,798.237,927.223,596.365,77.5095,1954.41,8425.59,3873.77,273.755,38.6292,767.879,505.839,443.774,1168.1,998.28,867.717,1029.09,89.1466,40.1196,539.445,118.488,11.3994,286.582,1168.38,462.847,360.078,849.672,1538.38,1529.48,25700.3,55374.4,11554.2,83.2133,303.627,452.537,55.1531,1025.63,725.311,98.0468,648.348,368.55,288.102,184.404,57.994,543.001,116.5,369.792,765.879,791.325,1084.6,756.36,67.7548,682.127,7317.47,6143.79,238.791,355.325,59.405,283.064,487.66,211.735,277.79,362.528,615.651,623.674,1062.96,760.788,99.4273,32.5129,260.024,172.427,574.38,1666.93,1434.82,409.534,117.145,428.491,150.741,346.971,1484.18,1087,209.947,598.503,875.553,179.11,393.452,122.439,906.324,447.463,607.667,409.859,265.957,245.527,588.49,489.111,238.21,750.964,948.022,978.784,400.688,3521.62,10152.2,2721.01,294.158,38.9117,443.76,315.541,141.083,706.732,1017.25,1400.83
84.650666667,172.007,277.974,37.4393,163.582,594.871,80.3307,379.126,346.804,196.5,559.476,426.602,3.93615,414.446,7644.57,9139.84,899.45,143.52,48.0388,526.899,372.972,21.7588,432.23,115.069,76.9491,320.656,973.979,704.116,356.439,191.318,100.609,186.371,598.91,2049.51,975.939,445.558,286.2,633.383,781.334,129.997,898.609,1108.81,756.583,910.277,1058.56,64.5321,302.067,8.15662,682.39,549.815,573.697,442.718,27.0356,81.9191,395.343,579.196,209.099,516.626,608.102,316.321,146.232,1714.33,6822.64,2937.12,115.046,109.902,737.056,396.353,338.216,642.839,687.478,450.997,986.556,149.045,56.5401,478.355,131.397,3.31637,199.587,885.48,346.64,257.989,395.848,1025.66,2464.99,24900.8,49831.1,11146.3,165.694,111.786,370.821,29.655,784.283,572.409,41.6822,613.094,421.77,242.429,81.8103,188.969,624.431,72.31,276.709,451.11,405.796,646.728,563.683,24.6434,838.367,6305.46,4786.89,123.112,233.802,9.89305,157.228,345.514,67.5967,145.743,147.037,538.027,679.276,829.774,618.513,181.481,9.57332,202.351,95.18,462.651,1501.03,1026.24,481.097,122.952,347.825,215.443,376.56,1089.69,1017.68,358.339,437.662,714.665,52.0033,321.056,17.251,797.732,515.91,548.447,211.135,133.161,300.65,547.884,337.128,124.767,574.4,594.876,582.39,562.961,3366.14,8734.85,1957.16,158.043,84.1298,423.084,324.686,149.295,436.225,660.569,936.063
86.016000000,229.728,233.353,13.3132,228.598,626.21,32.6637,250.802,117.846,68.9682,364.859,363.167,13.3528,570.847,6451.28,7106.7,1018.47,116.868,176.232,384.137,185.812,50.6677,390.128,55.4259,41.8299,328.682,759.203,533.115,344.54,176.544,106.056,129.037,486.114,1624.74,566.609,509.35,241.18,438.007,752.472,294.664,617.494,1048.91,837.764,534.996,815.95,43.8905,225.553,39.6437,598.203,529.487,441.958,291.5,9.51036,91.4667,294.525,407.409,61.5129,236.595,346.508,144.314,195.402,1427.64,5237.83,2200.38,26.1124,166.314,674.777,476.691,364.07,234.768,418.437,165.471,909.826,219.316,102.769,424.716,159.765,0.077441,157.61,595.636,326.464,239.146,102.254,657.346,2840,22400,42963.2,10264,266.747,18.8816,297.285,125.331,524.376,458.55,122.868,534.031,375.203,199.001,19.8525,350.456,731.739,133.87,185.881,213.034,154.493,308.147,429.702,6.12276,970.839,5118.15,3565.16,257.387,168.067,41.9861,60.3196,216.142,52.5956,89.0945,54.1341,387.625,617.27,554.233,462.454,231.063,12.6559,183.605,84.7766,402.467,1194.59,587.766,552.984,100.202,291.945,333.333,358.78,723.171,858.021,449.601,261.954,530.552,65.8069,277.286,93.5157,705.13,435.923,457.67,124.525,69.0639,278.818,457.299,284.035,105.035,320.988,313.541,297.602,601.998,2946.7,7211.05,1557.19,70.7535,124.884,398.437,427.932,179.62,223.277,320.819,542.397
87.381333333,225.189,190.137,28.5663,278.785,627.334,103.75,179.249,16.5863,56.2563,261.313,332.969,31.4889,654.928,5167.4,5359.46,976.112,168.495,297.871,278.666,45.5971,191.053,409.81,48.9728,15.6118,280.984,538.89,362.143,231.994,202.478,177.909,142.178,464.826,1185.63,240.159,515.644,168.127,312.683,698.275,421.898,365.957,880.937,762.468,236.524,594.555,124.711,169.819,155.17,543.809,371.02,302.483,186.78,20.8239,82.0383,170.211,339.102,68.6832,60.5723,172.703,65.6321,183.085,1015.81,3896.02,1687.72,2.6522,161.078,596.647,656.34,444.382,28.3922,246.228,66.3183,786.682,291.133,151.847,380.14,163.129,2.48986,131.571,336.88,405.317,271.496,12.3821,419.436,2551.47,18164.5,35862.9,8601.78,331.734,15.5908,220.927,314.968,271.517,397.095,270.87,414.357,261.117,161.936,13.3503,508.956,827.031,253.054,117.888,75.7307,31.8653,115.641,366.327,3.50746,937.141,3960.69,2527.66,426.064,156.671,103.237,17.9529,130.926,134.66,75.3879,52.4058,229.7,450.951,313.097,317.24,217.253,38.816,185.9,112.038,379.43,866.698,225.828,595.755,67.6438,282.948,460.277,288.425,433.443,631.237,443.474,112.283,377.067,179.314,261.208,270.6,637.015,247.402,356.143,102.539,55.5606,203.33,319.133,298.701,158.144,117.979,132.156,124.526,507.389,2207.9,5844.28,1419.17,36.532,121.447,375.356,572.767,190.147,114.138,104.42,278.127
88.746666667,175.624,141.913,61.2747,340.011,580.271,206.32,152.697,21.6272,109.789,236.212,261.912,67.9397,604.036,3875.31,4021.57,664.944,305.105,283.085,246.842,17.4959,372.519,452.252,77.8397,2.63688,228.12,323.994,225.406,97.8421,248.772,247.209,200.007,429.643,834.774,76.1624,451.83,132.397,263.858,591.425,452.103,168.806,681.217,557.823,58.258,451.024,205.05,137.236,277.426,484.012,185.188,177.034,110.422,42.6062,74.7959,68.7058,343.765,151.388,17.6799,94.1879,26.5039,121.973,555.794,2888.92,1300.08,23.9744,109.228,470.606,850.711,504.842,10.8756,176.925,100.39,599.746,388.02,175.546,327.624,147.762,11.2303,98.0397,147.499,521.889,332.226,19.6854,283.177,1825.78,13123.4,29315.4,6245.66,368.073,16.9393,195.575,496.315,103.57,349.865,392.379,286.627,136.73,125.213,52.9621,650.356,881.25,336.949,73.5739,25.9988,5.58641,44.924,312.781,45.2686,732.148,2895.36,1749.92,437.767,223.422,111.26,14.202,128.797,240.757,79.3669,85.6473,107.635,285.826,125.269,204.252,160.191,84.1392,166.294,161.432,328.731,614.559,27.446,584.815,80.165,301.912,544.022,174.1,244.662,403.899,329.996,26.0427,297.257,276.772,264.084,461.632,547.748,87.2584,247.738,107.057,53.8141,141.168,165.413,367.841,192.751,27.2283,53.2087,40.2285,320.611,1388.92,4701.39,1334.39,47.5298,80.7421,327.271,725.029,180.728,90.1618,31.423,145.351
90.112000000,117.274,81.7134,99.9028,409.941,509.361,253.492,161.953,72.0055,160.856,233.564,160.938,124.57,467.709,2679.8,3054.22,267.768,478.498,183.782,235.678,92.7367,570.664,477.593,112.176,2.3324,220.932,141.172,129.767,20.8573,281.715,284.3,256.953,322.513,596.595,62.459,347.739,181.282,263.065,430.005,391.183,44.8137,499.967,338.201,1.18064,359.221,229.904,113.48,352.369,410.382,63.3097,79.1294,52.7109,64.6356,67.4747,37.5121,389.726,250.001,40.3993,59.9683,7.17459,72.3231,213.719,2160.14,983.716,60.8189,65.3018,313.235,991.696,518.729,75.5891,172.695,154.953,421.711,483.209,164.09,261.9,132.902,16.1077,74.2839,48.0298,567.717,417.719,48.3422,206.255,1070.14,8675.36,23572.2,3869.95,427.568,6.81484,191.36,618.028,39.3966,359.379,383.602,196.391,51.545,77.0976,122.283,749.783,899.637,314.814,64.9785,22.4257,12.7928,32.6417,257.171,131.589,486.988,1965.81,1198.87,293.036,358.137,83.8097,22.734,186.163,343.124,88.4346,104.761,42.9341,192.035,25.6841,119.212,96.9907,126.359,128.689,202.877,220.783,454.119,17.7556,520.679,163.109,329.413,547.365,73.8447,135.392,215.953,180.733,17.1328,267.265,306.214,255.261,601.376,442.993,16.2111,150.111,120.68,43.2147,99.4558,78.0785,449.164,183.773,4.85279,24.4552,29.8903,135.448,759.563,3755.86,1194.51,74.2249,42.5866,253.241,853.79,196.429,89.0925,39.988,97.0166
91.477333333,73.8997,30.5906,142.032,462.819,409.193,233.46,173.976,129.34,212.278,182.896,101.135,135.695,329.4,1712.06,2423.61,34.5586,545.507,111.498,194.807,282.121,806.593,422.534,141.012,23.4012,223.632,48.7347,74.2132,11.4642,278.526,278.473,278.144,175.277,432.999,134.96,272.495,272.847,279.126,247.134,296.081,1.29874,349.368,195.177,20.3899,297.574,200.278,90.6705,357.984,335.59,9.88338,20.9487,25.6923,72.6799,69.023,52.9719,413.86,366.318,78.0693,35.612,11.0726,48.6884,58.2161,1662.28,760.756,76.7433,41.1785,212.398,976.635,529.143,144.1,189.57,163.593,283.348,542.022,120.641,215.874,125.96,18.0603,47.4632,9.88793,591.922,476.275,71.581,144.84,554.473,5812.23,18919.1,2075.64,458.061,3.3463,156.628,739.514,114.882,397.902,266.593,134.563,13.4374,31.4546,201.098,790.722,843.612,227.656,74.0494,37.1661,36.8341,42.3639,246.006,160.904,312.367,1228.14,836.294,151.271,454.78,90.8075,29.671,308.478,448.923,76.3403,118.381,25.7307,148.733,28.8599,77.9979,43.5747,145.052,86.3885,211.819,100.902,347.464,136.541,458.527,264.791,340.508,485.035,32.6293,70.2211,93.7591,70.72,59.228,263.361,273.699,215.529,658.323,355.464,2.54451,93.2625,134.24,30.7475,77.2727,65.0041,496.687,156.457,4.11548,20.4419,69.4178,28.2196,412.289,2984.46,1016.22,79.6423,28.3047,213.908,891.236,271.971,91.9864,66.7335,79.8956
92.842666667,57.4931,14.0573,179.077,470.625,292.804,164.378,179.851,160.907,255.79,107.036,76.5244,90.1781,189.245,1076.37,2112,41.161,456.021,83.59,154.363,585.973,1035.26,317.713,154.036,86.7637,203.153,27.6338,49.9334,58.7094,241.725,228.108,261.112,52.1082,320.648,202.986,232.602,334.273,301.976,95.0869,195.337,34.2188,242.656,121.058,48.7724,266.266,149.978,69.7331,298.54,280.749,1.87163,1.10463,20.9739,71.466,91.8289,63.9688,414.202,495.001,104.912,18.8858,25.5822,31.6617,26.8576,1416.36,608.256,59.9045,30.4349,179.332,828.382,530.191,164.777,220.146,117.474,187.928,535.722,83.2281,218.206,130.674,21.3243,22.3974,8.21469,614.941,550.308,51.0381,77.5851,281.515,4706.73,15626.8,1042.64,421.247,5.48056,138.636,818.118,341.638,462.235,112.017,103.727,3.64074,10.8519,233.672,792.971,693.971,137.986,77.7123,64.3231,71.7581,84.3128,277.706,104.555,170.65,738.328,670.287,89.9629,445.637,135.708,57.6829,525.431,552.083,43.8864,129.893,54.859,130.874,83.7289,73.4836,26.033,139.215,50.0367,184.792,20.7015,276.991,281.645,408.38,321.22,335.933,370.791,56.9288,34.3979,36.9357,14.5383,108.023,277.156,202.267,155.088,621.025,329.033,0.787257,88.2958,148.611,29.7793,74.6454,83.1806,505.918,157.424,9.1847,43.0828,114.232,0.246915,278.623,2425.6,810.478,56.5974,32.1749,229.494,837.407,369.185,88.4231,80.0695,68.3484
94.208000000,74.8556,39.6044,217.641,403.666,195.261,88.9088,158.622,166.223,272.369,53.6519,58.1586,34.4729,91.4067,749.245,1982.22,269.626,299.884,76.2773,143.501,934.166,1265.04,193.574,158.829,174.32,172.458,33.1788,43.3367,125.632,208.908,138.006,220.087,3.66203,237.903,214.762,195.101,341.5,292.572,15.3992,126.74,88.7187,176.354,78.6523,54.2331,251.356,121.9,53.244,195.553,260.672,18.5506,7.42041,29.1879,86.445,128.67,58.3088,383.892,644.126,119.414,12.9726,36.8821,29.1408,85.7989,1316.1,531.916,39.7719,32.7301,165.856,647.05,483.19,140.013,240.694,64.9605,128.74,453.106,114.637,267.782,167.724,36.4412,3.56846,29.0464,639.793,647.875,10.8937,23.4922,190.968,4859.8,13553.3,802.03,327.81,6.14717,139.628,834.285,696.627,507.71,16.6533,106.351,5.68251,13.8001,215.389,723.088,533.279,67.8377,55.6406,102.809,131.116,166.178,305.391,30.7581,73.4407,447.514,638.778,134.684,336.821,205.878,143.466,776.098,684.14,10.9064,145.016,95.5925,125.749,141.179,86.2859,53.2533,135.096,22.731,144.136,0.036818,224.419,382.522,344.315,316.32,287.444,257.973,111.395,18.1599,17.8699,0.104269,135.762,292.37,127.675,85.7779,524.538,352.474,1.85096,128.179,179.453,55.764,78.4974,94.7257,490.286,218.749,27.8046,108.834,155.173,16.485,271.258,2029.29,635.809,21.3028,53.4392,245.077,756.529,418.95,77.336,74.2789,57.1141
95.573333333,138.78,104.509,238.318,297.15,121.385,33.0534,130.536,130.317,283.574,24.4358,39.4414,13.6266,50.6251,649.978,1945.48,552.698,183.814,58.1092,164.472,1325.85,1398.74,126.543,147.221,272.89,128.358,44.6429,53.4333,159.627,198.125,48.1387,183.106,10.0494,174.67,173.331,148.631,301.454,240.305,4.63737,98.1737,100.505,147.02,47.1358,36.5104,237.351,122.152,56.7766,83.1246,271.153,48.3741,25.6566,45.6578,129.239,168.312,35.4866,342.116,763.118,161.82,25.792,45.8374,38.9973,200.986,1281.1,513.686,41.4748,49.3369,150.526,455.429,412.583,74.1828,262.884,38.6884,85.268,340.763,214.371,363.16,256.175,61.7757,2.70871,63.269,686.725,686.208,12.7504,5.63253,194.448,5483.53,12544.2,1072.42,197.525,11.4349,89.7165,897.433,1014.49,531.425,8.00213,141.57,21.4366,39.148,156.766,593.559,412.79,19.4443,26.08,139.932,228.354,281.12,284.218,0.940322,30.3753,314.642,667.127,212.37,218.033,242.594,277.295,1058.06,785.606,23.0036,160.374,124.302,110.961,186.632,106.765,95.826,145.256,31.3228,104.196,8.79441,203.302,390.106,270.805,252.359,201.07,169.299,146.217,20.7516,19.1464,8.57463,135.465,289.119,72.0698,39.9786,390.417,405.098,20.0557,182.185,230.48,113.091,79.4407,89.3778,454.879,316.166,81.6285,231.11,203.078,44.0257,337.328,1739.51,499.343,9.34121,83.7588,232.127,642.561,420.663,52.3762,64.6001,39.3148
96.938666667,247.631,192.187,227.098,188.523,72.2595,13.0204,101.989,79.5342,276.852,34.8414,31.6614,22.2929,40.8045,674.208,1978.66,687.746,129.558,22.4549,265.479,1709.4,1382.46,124.079,139.174,362.633,80.9839,53.8642,62.7942,158.02,190.967,16.9012,162.94,35.0364,115.661,127.79,95.3527,227.339,178.77,42.8355,82.883,76.3327,121.294,29.4034,21.6331,194.749,150.326,83.0797,14.5624,287.321,91.5755,41.2785,61.5022,190.849,209.873,8.82751,288.047,821.415,261.405,67.9441,54.5907,47.4867,347.832,1245.91,509.496,69.4451,61.3178,135.694,270.777,341.605,10.4562,289.654,51.7641,51.4103,232.059,334.04,486.142,395.42,107.376,16.6795,96.2723,682.65,746.655,44.0499,24.4486,205.407,6025.75,12383.7,1426.56,83.2274,45.9511,50.6066,964.214,1149.17,556.68,78.2472,189.42,59.9227,74.9073,87.6857,433.491,348.535,3.51291,5.84072,173.267,335.967,399.141,232.283,14.8993,22.3895,293.824,711.802,241.489,134.24,206.958,442.771,1346.37,813.502,72.65,180.889,134.651,82.7069,221.853,113.461,131.708,171.291,81.6918,83.5134,15.6188,203.507,330.753,185.724,158.205,119.863,93.0745,151.656,38.8279,27.9459,23.5129,124.687,249.593,48.7135,23.5496,257.746,460.307,72.565,207.354,283.389,204.24,69.2876,83.5219,369.725,433.13,208.62,384.246,239.962,73.4699,463.007,1498.16,385.104,34.7873,91.4326,209.52,477.14,400.243,19.2405,63.8202,17.0169
98.304000000,369.619,285.583,178.37,109.288,37.1131,24.1591,89.1849,48.2683,243.679,69.8974,42.4158,40.1336,33.5894,739.553,2028.66,616.277,118.259,5.62502,445.738,1968.87,1281.37,131.508,153.898,429.617,48.4565,61.9551,63.7876,132.886,190.054,41.3992,154.67,51.9917,73.129,94.3024,52.9384,157.981,122.398,117.35,66.7185,48.9189,86.571,22.2844,21.7299,132.873,190.192,113.32,6.1887,294.701,152.333,48.89,67.3999,254.255,257.064,1.1449,209.829,819.781,432.424,135.121,61.0317,50.4178,505.199,1183.56,451.454,112.875,57.26,115.533,131.086,269.09,12.3592,315.406,90.682,25.1197,149.276,410.947,621.48,527.829,164.752,46.0124,129.81,580.393,861.804,112.258,63.4329,164.337,6343.98,12760.5,1613.89,40.5164,107.869,78.141,988.92,1080.42,545.304,192.262,245.538,117.485,102.308,32.2656,293.553,313.753,19.9107,10.1634,200.861,435.25,456.557,190.635,36.0813,31.9619,332.746,727.187,203.645,86.1556,129.646,605.193,1540.71,804.81,112.115,203.112,141.068,56.4862,244.204,98.9078,152.334,207.898,143.815,81.6742,10.9036,221.724,245.713,99.3927,77.7112,65.3045,33.0889,137.243,62.3428,40.6359,37.7751,102.232,194.471,48.5464,18.5151,162.077,477.329,170.967,190.737,307.776,320.973,64.0029,86.4456,246.497,530.356,428.191,517.798,248.876,98.4401,615.266,1324.15,241.501,88.5925,72.4468,173.478,307.105,349.247,12.3391,73.8892,1.87491
99.669333333,473.222,347.007,112.113,61.8025,13.6462,53.75,89.6938,58.5966,203.575,91.8139,65.157,62.0597,17.9257,797.77,2053.04,426.667,121.435,26.9154,627.378,2116.17,1092.4,125.629,186.663,474.476,46.85,74.7933,53.1857,101.176,200.494,92.5772,148.545,50.0598,47.6116,69.2845,46.811,121.546,79.7043,220.785,53.2182,36.7811,49.3811,19.8327,25.3021,80.2393,210.373,144.098,38.8361,293.699,216.053,50.3806,59.2392,305.374,307.983,27.6779,120.575,762.971,649.069,228.119,60.2343,49.8392,652.579,1086.59,323.209,157.549,41.8062,86.7679,48.1986,214.051,109.09,327.532,131.555,6.18794,99.1413,405.818,734.296,591.628,230.669,83.1611,140.715,435.831,926.408,270.029,132.854,78.2192,6465.03,13390.5,1661.74,77.7402,169.239,145.422,1016.17,807.763,511.25,285.949,297.677,187.358,107.483,4.02247,191.291,283.128,61.3306,36.9227,227.561,486.828,442.941,158.077,42.4968,49.6109,366.63,706.365,134.332,56.6683,60.6158,686.4,1630.63,745.167,118.555,221.223,157.535,51.1934,261.301,62.7146,159.919,234.655,189.833,94.0123,5.69015,239.454,168.015,37.3316,32.3065,36.2889,5.27293,110.139,78.826,54.6774,46.9778,70.047,144.629,52.1173,14.7056,101.407,455.354,288.218,145.333,290.082,442.401,87.3935,105.054,118.729,585.233,687.479,608.859,216.952,112.444,758.264,1215.04,94.5286,154.043,44.0091,129.193,161.126,285.877,56.5632,89.1061,4.47951
101.034666667,529.083,357.424,53.6,35.1775,3.15956,73.6158,116.635,113.654,143.27,101.709,84.6006,80.6834,5.60642,848.225,2064.53,226.998,116.324,63.2718,797.771,2104.9,858.326,95.9598,216.722,503.054,86.0444,88.1524,37.8344,72.7744,219.559,137.383,133.994,38.0506,31.097,57.2067,68.649,117.528,75.7572,344.939,56.5964,35.259,22.165,17.0439,26.8255,40.1658,206.123,173.647,75.7295,289.257,267.031,43.7468,46.2182,319.424,368.689,83.9589,44.2665,677.995,820.532,352.745,58.9913,57.6936,744.816,976.358,160.932,196.022,23.8497,60.6251,20.8976,188.476,269.965,327.232,147.269,0.5824,71.104,335.813,779.006,564.16,283.449,114.43,134.252,267.866,941.127,477.129,224.923,10.4163,6489.81,14022,1746.44,148.903,217.473,282.658,972.54,496.228,407.758,341.794,322.512,240.611,105.715,3.44553,111.181,261.713,93.0975,70.1874,283.847,427.074,404.956,113.707,43.4399,62.995,358.003,663.68,79.6469,30.1577,17.3037,692.782,1573.42,651.827,83.1509,237.978,181.113,80.0783,274.079,23.1158,158.654,232.186,204.763,113.129,17.3662,232.193,118.955,15.1137,21.6812,23.6883,9.39028,81.2948,76.9461,70.2633,45.1233,41.1258,103.93,47.1405,7.46602,65.1093,409.569,379.918,91.3031,242.845,534.676,156.184,131.719,30.1699,591.914,899.019,640.425,156.985,110.374,837.814,1183.6,8.23525,207.042,22.5368,92.2513,62.3892,232.059,144.931,103.496,25.1275
102.400000000,509.274,320.91,22.2542,24.1306,0.265317,71.1585,169.606,183.751,84.8615,94.4404,98.0131,81.4898,9.39256,929.896,2075.75,106.349,98.4534,93.5791,952.836,1916.48,615.315,56.0157,233.517,507.174,152.604,101.634,24.1234,52.1376,243.348,147.253,116.442,25.4923,18.4537,58.0616,89.0273,123.429,140.332,481.752,86.798,31.5518,7.68297,14.2643,20.4683,16.3645,193.49,201.824,85.4513,287.139,285.533,36.681,37.9992,282.255,432.63,156.727,13.6284,576.364,869.038,497.336,72.8872,77.5379,741.583,882.747,36.0985,213.3,15.6617,42.7822,34.7031,198.186,431.769,318.536,122.35,17.6405,57.6953,260.916,730.394,458.684,302.81,126.864,108.193,137.323,879.26,704.667,294.475,15.44,6380.27,14678.9,1935.66,173.627,270.764,498.65,808.556,242.422,287.814,315.014,330.82,239.368,109.46,18.4859,57.2335,244.532,93.5758,99.9761,353.85,292.63,343.77,81.6778,43.1982,64.9041,312.425,612.049,54.9995,11.2244,0.513996,671.448,1360.56,535.148,28.9487,258.137,198.244,130.113,288.19,6.04437,140.511,208.336,173.096,141.154,55.2357,181.773,110.945,19.7187,25.3426,26.2703,38.3929,48.0577,65.5191,74.6721,41.1547,24.4861,67.6555,37.9503,0.747888,36.0568,366.76,397.184,54.4337,201.5,559.117,255.103,162.325,4.9955,560.059,973.063,626.112,86.3067,93.4952,813.494,1255.1,34.0958,214.458,18.5393,78.2955,20.381,187.551,253.761,122.411,46.5069
103.765333333,396.478,268.437,23.3318,19.9961,0.506945,59.4897,237.149,239.089,42.9471,75.8812,100.721,65.1051,32.6028,1048.6,2126.18,100.27,69.4615,112.693,1045.44,1622.75,380.142,33.0601,229.798,493.559,200.414,120.873,18.8435,34.2799,273.359,122.147,101.693,32.5701,8.17624,62.996,93.9434,114.813,279.902,645.495,137.084,17.9095,3.55201,16.671,10.3641,12.8977,220.17,219.909,69.0711,276.123,261.54,40.4782,42.4934,199.119,498.276,215.242,35.5068,481.496,754.025,639.986,117.24,104.475,634.23,836.239,1.71288,198.6,21.6366,31.5227,65.1012,245.039,531.485,299.617,71.8426,63.8961,59.3905,234.061,633.151,291.22,311.088,96.0679,88.8161,76.0596,703.884,928.669,351.589,62.6405,6101.21,15547.7,2176,109.523,376.415,669.087,602.823,79.1367,190.186,212.525,330.971,174.655,127.13,35.369,34.7951,223.688,68.635,127.342,401.324,153.717,272.08,78.7774,47.0718,53.4723,254.462,567.838,50.3824,4.29207,9.31539,644.132,1062.56,387.705,5.01663,273.295,208.447,161.04,320.879,29.6919,96.7962,184.495,98.57,182.747,115.149,103.184,138.552,30.1894,20.849,48.0792,85.6156,18.7005,59.1085,53.0749,49.0021,32.2798,35.8042,37.2225,3.39359,22.2076,322.492,340.242,48.461,192.578,491.18,369.283,170.892,33.52,532.413,844.091,601.328,27.3654,69.863,717.519,1427.49,174.809,172.869,31.3971,75.6236,23.9562,167.606,334.598,152.168,49.9842
105.130666667,252.785,204.864,54.0869,21.7523,0.71497,57.7921,288.583,272.451,21.6999,59.6492,87.1519,40.3242,65.1166,1202.78,2202.27,202.166,46.2576,110.602,1061.8,1273.95,200.143,31.8276,214.445,473.552,187.801,153.089,27.7709,22.3911,312.154,89.0682,99.2578,64.9381,2.50442,73.8835,83.7269,95.7786,456.121,839.375,207.902,2.82352,11.1959,30.0688,24.5899,45.826,297.004,247.108,44.2947,256.82,194.251,70.4043,56.3102,111.458,553.027,241.521,83.3863,402.483,519.577,747.918,199.726,121.968,474.47,829.631,67.9166,165.044,33.3771,21.4655,94.7865,308.171,542.919,266.881,25.6766,126.069,91.586,297.949,517.432,145.902,294.444,48.3369,78.0821,75.0695,491.631,1034.27,470.768,75.512,5913.8,16553.6,2497.36,31.4395,518.668,695.76,412.419,25.8956,120.566,96.6602,308.894,90.9968,145.445,53.646,41.4564,199.408,37.437,141.803,415.156,59.0633,216.924,100.317,55.3111,37.9755,211.851,525.678,59.9717,7.44552,37.5154,627.081,734.799,242.928,27.9948,276.227,221.748,141.463,384.574,104.595,41.7696,169.573,24.9665,236.905,177.431,35.7835,181.844,43.4609,11.8352,90.5296,139.95,8.36,62.0631,19.6432,68.9738,67.9149,29.3381,46.3221,25.7477,46.777,278.663,233.89,99.0381,196.657,361.33,467.972,153.455,78.9483,521.335,567.128,571.057,18.8489,50.1327,634.648,1655.5,385.041,113.966,49.8764,73.2562,47.3688,168.959,359.095,183.996,37.4744
106.496000000,133.16,141.662,102.074,31.1023,0.586226,68.4111,304.955,278.862,24.7356,49.3121,59.8008,19.5095,89.1247,1360.08,2289.43,342.895,35.728,92.2225,998.573,935.974,87.9343,40.616,210.787,450.433,117.941,196.736,53.9256,27.1845,353.578,86.8763,109.333,118.504,9.04632,103.696,65.8071,83.0543,595.651,1044.31,309.06,4.18131,36.8039,59.4626,77.1417,128.104,419.547,288.763,42.8042,233.678,107.749,133.426,76.927,65.2953,577.883,237.916,129.029,329.94,274.374,776.442,314.925,120.121,326.614,852.74,190.187,124.174,41.7385,11.8791,118.313,352.698,475.113,224.721,2.58845,177.85,168.764,454.333,430.958,71.9877,253.355,9.93942,76.8461,116.796,303.273,958.849,714.129,48.5322,6066.17,17531.7,2944.76,25.9177,638.791,605.85,246.776,51.3056,85.8165,25.8597,259.416,29.3265,152.52,78.176,70.7325,172.908,15.2607,134.365,398.343,41.9048,184.696,124.47,68.676,31.2768,194.277,482.907,74.5845,13.8355,79.1566,596.324,451.776,124.048,76.2153,270.53,239.816,85.9862,483.433,221.345,5.23647,159.719,0.475433,288.92,240.223,5.41049,232.817,64.1511,12.9356,140.984,195.033,28.5036,75.3861,1.19381,95.7137,116.586,56.598,74.2875,77.0242,122.458,241.333,127.358,214.48,195.839,220.28,523.415,122.567,113.288,517.175,270.077,524.264,79.7447,47.1243,618.84,1916.47,575.633,64.1323,55.6219,70.472,69.9012,167.616,338.857,198.188,22.1006
107.861333333,62.0111,91.8373,143.013,50.7554,5.55349,84.0951,277.717,265.696,41.1787,39.4573,35.6476,7.39624,91.0741,1464.59,2388.55,426.164,34.8878,97.6388,826.014,674.909,36.663,42.7016,222.874,419.824,36.6856,248.069,99.5163,59.4916,382.482,128.514,133.413,179.955,37.4888,148.758,62.7216,84.2366,649.535,1197.3,458.967,39.4141,84.2006,101.327,154.428,258.108,565.94,334.135,83.5786,213.297,40.9822,218.086,107.538,83.2945,563.047,214.519,151.496,264.094,105.174,714.88,435.541,96.0337,227.517,896.853,308.365,78.4912,44.0435,5.60737,129.891,360.564,348.473,190.231,3.46034,199.355,292.877,654.161,402.477,74.0126,200.032,0.72075,80.6207,172.39,148.488,797.524,1013.71,70.4048,6536.54,18432.2,3448.72,91.2723,715.31,445.907,141.886,92.7521,72.8841,20.0557,205.976,4.47376,143.622,111.664,105.786,147.332,7.2743,109.542,358.545,95.6066,165.965,136.474,82.3975,37.7971,200.798,429.818,87.184,20.9878,137.313,511.187,259.057,48.3822,108.621,267.882,245.328,42.8781,602.734,367.115,11.9429,158.064,28.6816,322.159,309.793,30.8062,277.836,98.7958,31.1068,187.474,235.956,82.1206,97.8589,12.3412,122.817,161.618,106.302,127.202,157.389,237.885,221.42,72.9848,359.569,192.868,119.08,527.894,93.3862,131.291,494.153,67.6498,476.391,186.589,56.9503,664.476,2191.66,686.946,29.8099,40.4348,69.5033,75.7932,154.304,283.451,188.601,12.153
109.226666667,37.1441,57.3409,163.089,76.3912,22.9622,93.3808,221.263,231.56,59.0387,34.4013,20.5788,0.0729195,71.3328,1485.02,2547.69,366.347,60.4451,164.757,551.286,509.271,23.7144,30.4947,232.958,373.026,0.914245,306.055,165.55,115.064,371.043,214.26,165.833,211.381,108.908,212.134,63.2101,89.4755,649.384,1165.84,705.841,136.51,132.515,126.755,259.933,424.464,646.103,394.677,166.049,188.535,18.7091,305.279,158.634,151.392,495.594,197.488,133.013,236.557,54.553,537.816,569.018,55.714,155.087,972.63,397.117,39.1371,39.0378,3.53018,130.638,327.771,215.123,153.937,21.4309,193.444,429.168,837.456,425.613,115.453,152.385,21.1602,80.418,196.533,63.1537,707.788,1198.69,185.653,7192.21,19280.5,3780.67,155.275,840.609,253.15,83.9809,109.832,79.5066,56.926,169.167,11.0175,117.434,151.782,131.468,117.944,13.7694,93.1611,269.563,214.023,160.549,117.068,106.479,28.8807,271.32,327.062,109.472,49.3297,177.39,401.917,138.121,14.8075,105.248,264.422,223.413,49.4688,748.247,505.715,61.5897,162.582,91.1367,316.722,385.846,126.854,294.975,133.468,78.3324,236.529,216.274,182.216,136.994,35.9346,137.326,205.627,139.629,201.316,270.955,353.306,225.602,85.8397,494.446,195.782,94.6382,471.83,88.2663,151.163,431.165,6.60918,429.933,325.088,59.641,709.405,2527.48,676.287,16.8903,21.4095,54.6567,76.592,107.142,232.297,143.95,15.5391
110.592000000,27.9536,43.2639,164.224,89.8573,49.7147,108.77,123.938,242.802,33.1941,63.2651,8.10713,29.7467,72.2572,1484.21,3015.59,134.873,181.906,203.597,368.474,346.663,33.033,27.7287,187.23,354.457,30.8466,319.312,274.926,191.801,284.478,342.443,209.723,168.429,256.872,314.829,41.0589,105.064,635.541,901.229,1073.01,337.204,152.905,123.594,414.125,569.114,605.735,476.662,237.705,163.729,50.846,388.865,212.543,213.438,425.285,163.893,85.8809,265.328,119.629,289.95,719.464,79.797,54.0768,1179.72,541.999,62.7823,42.3868,4.3622,178.526,231.937,130.783,102.536,51.6207,166.698,515.948,973.333,471.086,129.826,143.258,34.482,86.0486,165.129,56.1802,700.949,1433.92,211.804,7841.15,20830.8,3306.7,278.218,1133.73,81.3494,19.6201,145.008,58.7862,104.17,167.576,20.8832,102.283,182.567,124.61,100.5,18.5764,84.2362,165.601,327.426,233.293,57.3593,227.475,4.31187,523.162,214.75,191.257,147.359,105.081,386.841,50.6958,2.1324,92.9477,218.945,206.642,106.644,845.727,691.755,121.592,136.143,195.082,269.677,420.435,344.796,283.327,134.938,208.031,290.401,141.864,355.848,188.222,39.7152,157.225,232.8,135.423,291.141,406.094,413.059,247.188,162.94,581.513,213.736,122.591,397.004,97.0797,163.153,403.943,18.8992,340.633,556.556,67.0537,701.638,3143.96,513.026,33.3322,36.2201,14.3855,94.0059,51.4699,174.627,95.7281,32.2801
111.957333333,21.321,51.2148,156.126,79.1075,90.366,107.297,58.1074,249.025,4.44853,132.154,68.4487,214.635,232.624,1917.41,4088.91,4.90695,493.621,149.877,308.818,228.877,37.5292,35.1689,112.337,374.081,81.4681,295.061,426.448,247.702,178.391,453.959,269.003,82.574,488.284,505.479,12.6886,188.679,584.513,581.001,1434.77,656.828,178.724,107.61,627.895,616.892,485.725,532.782,267.794,131.461,124.757,468.049,253.528,231.37,362.093,115.243,45.8967,341.186,255.946,112.202,781.844,359.529,16.039,1736.63,1095.53,312.992,142.84,53.2522,291.537,118.945,61.395,70.8072,62.0504,149.48,488.731,1062.4,491.526,113.363,137.974,42.0636,72.2708,155.602,32.6158,735.767,2165.63,81.5444,8968.38,24365.6,1821.56,990.905,1517.54,4.00628,5.17702,149.662,39.8267,145.891,196.078,15.7491,113.64,196.345,90.6311,93.1082,14.9275,79.7598,93.2316,345.743,397.355,82.0196,610.491,169.467,1222.9,328.657,475.27,358.064,12.5339,413.448,18.2818,17.209,82.5641,140.663,212.69,144.61,913.134,911.831,161.396,99.6075,308.567,210.515,385.177,715.292,313.103,127.797,504.044,356.154,98.7691,561.396,267.607,21.9482,194.499,246.467,99.6582,379.811,510.18,416.217,246.108,277.462,612.9,237.252,173.625,314.482,105.999,198.732,394.954,50.8987,261.234,811.937,193.731,761.09,4351.62,402.162,154.942,134.715,9.33554,114.175,44.0329,99.7478,54.1879,52.5768
113.322666667,14.7208,71.5095,148.276,43.9863,144.843,100.632,33.5948,226.807,20.0152,231.515,294.357,721.222,874.878,3533.68,6160.12,431.643,977.834,86.5937,246.402,209.08,30.2912,72.5157,87.326,402.737,106.317,271.66,561.964,293.066,79.1561,538.348,313.105,25.5382,748.267,856.974,66.7037,428.27,520.502,397.256,1587.21,1047,292.658,151.373,922.146,502.061,369.067,492.754,277.959,80.4613,223.637,522.841,274.036,195.238,324.46,48.6583,51.6265,509.163,390.005,26.4702,712.469,993.321,334.542,3035.54,2591.47,1064.17,517.956,245.26,410.909,42.416,14.8628,54.0579,49.8261,131.978,388.718,1055.98,489.429,59.1531,157.622,27.0126,73.8233,123.575,10.7421,754.64,3543.42,458.986,12354.4,31220.4,636.453,2978.71,1919.5,16.0486,50.9746,134.521,17.7428,185.898,258.318,5.5511,146.866,195.682,42.8567,106.038,2.64022,79.6367,38.1386,304.921,572.78,329.702,1363.37,980.961,2817.6,1173.13,1194.69,640.43,29.0862,388.544,55.0897,68.3338,100.676,96.9549,222.019,133.241,962.803,1108.47,190.735,68.5699,410.493,153.238,326.376,1159.97,509.75,221.86,1050.61,489.735,156.671,690.598,382.536,11.6694,281.408,275.269,69.3172,435.562,526.684,385.325,200.16,400.312,579.001,248.685,212.683,248.669,88.9334,286.598,411.358,53.8573,226.958,931.564,568.854,1280.3,6349.28,872.976,550.126,396.642,138.036,161.466,71.3232,39.2084,21.5593,70.6074
114.688000000,14.2087,80.3449,150.938,7.90125,214.925,100.597,35.1374,183.602,95.9449,381.115,706.142,1600.97,2278.78,6786.98,9661.86,1840.35,1532.63,70.7918,167.767,267.127,56.0227,159.356,176.564,430.252,87.0314,249.796,615.539,359.179,42.7666,566.991,325.809,28.7559,1036.83,1344.05,305.894,843.156,571.216,423.312,1427.75,1419.95,553.006,359.288,1240.01,311.687,281.631,349.747,292.878,24.7174,342.1,522.606,264.55,116.107,318.56,2.97074,139.363,786.357,493.103,2.43617,564.486,1915.94,1425.98,5507.74,5281.25,2450.85,1269.54,659.853,542.965,6.47195,0.195992,54.085,35.5806,111.848,293.351,937.397,454.348,7.41637,206.496,10.9931,80.5443,76.5962,17.2516,771.13,5325.72,2564.38,20055.6,42504.1,2293.15,6311.1,2464.65,88.9103,110.658,116.675,10.5399,240.523,341.14,13.7097,173.728,198.408,12.8838,130.626,3.90682,72.1828,9.68604,230.758,724.149,809.593,2444.14,2805.05,5593.12,3345.09,2576.04,996.516,124.79,308.708,168.719,187.631,172.308,154.858,231.749,108.604,930.174,1230.71,243.857,81.9958,453.04,128.125,285.167,1596.16,913.502,555.09,1817.23,797.783,328.227,668.736,515.14,63.139,439.098,355.433,90.617,449.122,436.558,355.644,122.965,502.957,468.982,249.028,199.729,217.849,43.2983,428.294,486.575,18.3539,218.521,853.313,1245.1,2708.23,9197.68,2341.57,1308.36,866.836,458.076,303.779,129.618,3.03832,8.25055,95.8126
116.053333333,17.1108,57.7883,185.965,9.84201,273.941,117.387,48.603,122.113,213.252,608.018,1267.21,2678.7,4365.96,11442.4,14588.7,4404.99,2027.35,105.056,110.03,348.235,174.794,330.521,384.668,467.945,37.4734,217.253,571.424,455.087,104.153,547.771,281.372,106.185,1371.03,1876.8,695.011,1343.92,889.604,671.444,964.068,1736.71,957.744,724.747,1492.89,183.049,239.69,163.433,323.969,6.23356,459.964,462.919,221.842,32.1117,353.949,28.3325,328.68,1147.54,571.188,9.29183,443.509,2883.78,3578.64,9229.88,8872.4,4272.06,2276.8,1306.3,723.415,14.1142,21.9729,62.0478,43.99,100.773,240.212,783.714,345.926,15.5529,320.579,38.0086,83.9221,51.8541,41.2701,892.832,7010.19,6998.71,32745.5,58778.5,8958.33,9996.16,3206.34,280.996,180.937,67.8803,48.1448,354.619,442.438,34.602,165.447,236.349,33.2685,138.188,23.884,74.2981,3.5159,137.49,841.119,1454.21,3605.54,5471.94,9471.01,7051.19,4611.08,1448.8,226.166,215.698,312.512,397.572,361.338,340.752,254.026,105.905,799.488,1225.31,354.853,152.16,440.253,119.526,287.414,1978.77,1463.41,1099.3,2638.48,1393.61,591.597,471.151,673.258,212.04,614.853,501.266,209.482,428.17,291.725,352.68,66.0646,548.9,316.928,233.999,129.819,228.33,7.17532,608.38,598.684,1.15007,207.151,658.76,2104.85,5191.47,12728.6,4747.97,2308.64,1510.77,959.879,574.029,212.824,8.19289,20.9414,127.074
117.418666667,34.9165,28.7036,263.128,79.302,290.02,146.692,63.8274,66.8595,329.936,864.905,1871.9,3658.37,6578.88,16539,20279.1,7695.98,2411.44,167.799,62.0293,449.177,408.528,566.209,677.399,528.554,5.00174,154.122,484.518,549.977,245.784,504.014,186.9,250.061,1705.57,2337.4,1111.63,1766.99,1519.2,1096.12,401.721,1975.91,1408.57,1111.33,1650.77,205.591,231.222,34.3312,361.723,58.6032,546.619,369.319,154.06,2.88603,430.585,154.144,583.756,1537.07,670.91,16.7808,411.084,3607.75,6625.26,13749.2,12462.7,5994.52,3311.99,2065.04,942.896,69.905,75.1677,85.3777,78.7108,97.2601,249.82,659.329,193.163,139.715,499.758,161.178,107.903,49.1314,117.852,1195.31,8161.05,12751.8,49098.3,79098.1,20512.7,12603.9,4115.83,630.809,220.493,34.1348,120.365,532.329,601.965,51.2354,137.062,325.671,104.925,118.555,57.6683,89.4983,18.6972,68.1943,872.486,2099.18,4570.39,8154.43,13865,11907.7,6861.11,1955.51,316.744,109.273,464.618,704.517,666.219,621.25,324.234,155.345,564.322,1129.07,495.671,254.978,400.3,104.636,339.799,2249.43,2040.36,1658.1,3277.34,2287.84,903.968,204.505,839.213,431.056,736.793,693.057,439.6,388.342,175.575,383.817,77.3778,532.206,165.638,204.827,46.8138,269.11,37.2707,761.189,741.441,60.9104,176.301,484.638,2879.45,8379.32,16513.4,7420.53,3233.64,2253.95,1522.55,905.425,340.186,58.8355,59.4643,163.588
118.784000000,89.9214,36.5643,383.148,221.563,261.708,162.991,79.2756,29.2283,438.942,1064.67,2274.96,4394.99,8000.24,20534.9,25959,10559.1,2617.5,281.177,57.1496,565.551,634.735,842.886,1017.8,577.993,22.9828,90.6543,389.182,624.779,398.887,456.374,77.7911,432.059,1969.87,2557.27,1431.22,1952.38,2308.59,1659.85,32.6854,2162.38,1712.5,1373.09,1696.52,370.548,249.561,15.6853,407.179,170.538,577.45,275.75,97.5822,57.6996,510.46,384.16,885.565,1774.01,854.977,29.788,504.32,3852.51,9738.47,18359.1,14817.2,6973.7,4147.02,2659.31,1179.2,172.371,143.33,126.691,117.847,94.361,328.777,596.555,74.5992,378.976,740.487,402.493,154.577,80.1386,211.196,1651.18,8766.08,17242.9,65824.8,101343,33513.1,13180.2,5112.26,983.846,234.001,9.45996,235.854,806.723,778.082,72.9739,124.983,469.264,209.062,82.3135,91.6731,121.536,48.9997,37.5196,844.737,2433.25,5232.02,9722.87,17626.3,17161.5,8577.23,2335.95,429.403,30.4383,613.926,1000.25,1035.9,945.682,440.487,242.382,301.22,973.796,614.156,355.923,348.702,75.9753,431.733,2340.11,2467.14,2018.18,3516.44,3300.94,1271.85,30.0395,990.324,620.417,784.742,860.373,698.709,393.458,154.497,427.719,155.985,484.702,47.7793,176.906,9.4288,309.029,159.149,863.701,836.024,229.457,164.108,431.174,3268.64,11472.1,19915.2,9353.52,3806.58,2889.07,1957.41,1216.29,488.369,147.146,128.538,197.146
120.149333333,189.66,105.336,531.677,420.655,194.005,168.04,88.3676,25.0547,479.573,1221.74,2202.34,4797.75,8015.52,22008.9,30767.2,11846.6,2582.38,477.944,153.913,639.533,750.009,1118.78,1296.09,589.43,96.5806,56.6752,342.818,644.17,476.517,433.502,9.72453,582.969,2070.33,2486.4,1494.53,1869.02,2954.91,2312.38,107.207,2286.44,1738.24,1412.31,1634.05,560.222,284.09,120.128,476.385,274.873,539.945,238.99,79.0108,170.458,556.889,658.141,1184.38,1764.5,1033.02,108.819,738.05,3519.61,11845.2,22352.6,14821.2,6976.99,4495.45,2797.34,1464.19,272.24,179.002,205.699,138.082,81.6963,465.005,603.093,59.6172,666.144,1008.42,694.842,258.887,158.229,257.939,2042.94,9098.44,18065.6,78489.3,122926,42647.4,11879.7,5837.79,1142.86,275.446,31.9402,370.98,1073.64,970.236,108.347,157.592,649.923,333.755,37.2105,127.869,152.437,77.8547,47.7552,841.196,2195.96,5580.84,9382.04,19681.3,21748.5,9074.52,2456.56,571.177,44.5536,690.821,1192.31,1385.07,1206.91,563.453,336.669,91.7999,822.651,635.628,427.879,298.153,43.1134,496.738,2255.63,2585.65,2006.16,3319.92,4067.53,1731.27,95.1037,1099.47,684.674,744.417,953.762,872.025,456.829,254.767,485.391,237.799,428.796,8.6017,165.953,31.3295,315.622,352.862,918.79,797.411,470.301,241.755,552.155,3047.97,13576.5,22474.1,9521.32,4018.6,3099.13,2121.98,1462.69,568.744,253.612,241.259,205.477
121.514666667,298.934,216.316,724.389,601.674,128.868,143.036,119.445,49.4313,415.684,1330.76,1646.19,4830.88,6555.11,20736.3,33669.5,11164.2,2322.45,728.829,323.162,682.54,679.386,1346.06,1410.46,555.252,195.878,69.0329,363.911,613.496,428.69,453.375,16.2893,643.795,1937.99,2202.36,1221.16,1590.27,3138.3,3032.17,702.745,2263.04,1498.93,1183.55,1506.29,653.575,307.462,317.421,576.988,296.054,477.039,278.128,100.859,284.781,554.435,885.505,1398.54,1490.5,1137.86,280.844,1002.2,2809.34,12154.1,25004.8,12461.4,6112.29,4194.19,2461.08,1755.71,309.588,193.939,308.821,130.726,64.334,579.188,711.54,179.101,846.315,1269.15,991.145,351.237,243.236,314.204,2125.59,9178.99,14784,83641.6,140997,44097.3,9667.44,5820.53,1115.17,326.461,84.4209,471.319,1315.63,1089.62,166.458,228.759,854.778,450.519,10.547,149.237,191.337,82.8116,86.3673,873.865,1480.76,5607.62,7184.54,19648.1,24511.8,8187.38,2281.33,712.35,138.466,704.782,1178.51,1626.01,1315.91,635.611,398.128,2.71117,702.482,547.046,439.072,279.271,16.0846,475.436,2020.33,2378.57,1599.89,2782.59,4243.21,2320.78,453.802,1100.97,615.234,602.137,958.377,876.097,540.841,464.478,546.345,252.123,384.372,67.1936,168.473,85.2595,287.982,560.197,900.028,638.455,706.244,422.105,777.935,2361.23,14017.5,23898.6,7770.57,3927.85,2744.13,2012.8,1567.5,532.465,376.339,359.761,190.145
122.880000000,353.304,345.23,950.089,691.853,87.3999,109.579,172.711,86.2222,301.14,1315.65,914.348,4468.52,4308.16,17644.6,34037.5,8941.65,1871.59,941.499,563.773,669.683,482.311,1456.18,1323.01,478.349,264.886,127.234,446.549,545.66,288.472,514.549,96.2105,587.224,1604.9,1784.68,723.17,1229.97,2749.25,3734.59,1680.27,2034.83,1097.92,754.042,1351,595.125,312.142,531.979,714.392,213.102,428.166,355.158,160.289,360.343,484.784,997.11,1444.88,1057.4,1111.56,543.911,1158.24,1944.22,10726.9,25724.3,8895.25,4743.21,3397.58,1826.45,1995.4,274.826,205.161,406.11,111.79,46.3757,621.755,905.048,390.512,833.415,1484.99,1164.78,434.711,293.669,342.95,1917.51,8662.4,9205.25,80655.3,152998,37997.1,7432.53,4996.19,927.643,363.308,162.85,474.823,1490.26,1101.29,216.969,338.621,1062.59,514.83,14.1731,169.082,220.953,65.9244,154.076,873.484,714.453,5192.8,4188.55,17842.4,24880.6,6246.54,1846.14,812.301,298.943,631.844,985.263,1672.74,1242.69,616.737,398.58,33.1037,629.961,387.124,388.487,298.906,17.8867,354.259,1691.93,1933.1,954.394,2102.31,3694.98,3019.36,1015.78,963.664,460.807,394.467,872.268,712.423,597.515,702.006,611.716,172.766,371.814,173.943,176.913,139.732,232.131,702.745,825.864,399.556,873.159,672.991,974.935,1499,12791.5,24020,5027.01,3571.45,2031.28,1655.4,1556.45,370.243,505.217,444.452,154.696
124.245333333,322.514,486.753,1138.32,672.546,73.2617,93.6996,226.36,137.802,160.167,1252.54,294.044,3757.3,2361.45,14016.8,32378.4,5948.57,1311.34,1032.48,899.384,545.894,291.069,1362.27,1128.1,345.84,284.052,198.294,546.875,472.651,151.479,592.696,208.527,452.598,1155.84,1302.2,270.439,849.093,1972.82,4271.43,2755.81,1579.56,703.992,320.347,1150.56,440.159,274.605,692.068,872.574,97.2102,389.145,420.115,238.891,376.954,349.908,994.965,1261.07,655.198,878.262,902.299,1107.7,1172.51,8128.79,24729.4,5549.91,3369.09,2474.88,1090.44,2205.56,197.016,240.137,451.299,101.709,34.7604,583.381,1117.27,623.752,660.935,1547.44,1252.14,398.219,361.637,260.551,1669.7,7104.79,4188.03,71766.8,158279,27958.5,5421.2,3786.67,555.532,449.038,225.529,390.799,1561.39,1018.31,218.932,490.726,1227.84,505.017,44.9998,191.269,235.663,34.0416,236.028,866.371,217.95,4310.95,1752.21,15133.7,23194.1,3885.46,1232.97,861.453,500.204,453.815,718.854,1473.28,1057.21,480.844,361.79,124.991,581.65,241.953,309.102,345.43,55.2067,201.049,1306.46,1392.06,375.895,1396.92,2677.82,3641.88,1654.14,684.118,314.919,192.662,698.217,484.356,565.454,883.028,671.29,57.6857,385.942,251.68,189.985,168.411,160.358,750.21,694.92,185.705,893.435,981.401,979.796,780.811,10453,23062.7,2625.66,2954.93,1336.79,1166.22,1484.85,167.018,596.199,478.223,104.936
125.610666667,210.926,616.797,1230.32,562.307,82.6121,107.867,250.166,173.993,53.233,1256.79,1.24002,2864.64,1306.32,11268.5,29801.3,3154.11,704.861,1076.01,1158.17,408.333,132.849,1139.35,879.371,184.685,264.228,243.498,611.077,428.048,105.991,650.116,304.224,289.178,703.642,870.197,27.744,502.322,1176.22,4416.21,3636.25,1014.22,431.728,73.365,886.578,285.676,181.282,802.25,959.054,55.0508,361.235,433.284,292.701,351.133,189.64,880.415,953.974,315.396,573.087,1196.36,955.696,595.424,5190.34,22974.3,3539.02,2210.08,1810.72,535.603,2413.61,137.967,245.073,473.638,96.0122,30.1574,495.687,1276.24,804.776,397.68,1477.66,1185.32,303.755,365.8,187.993,1463.83,4793.48,1407.41,61464.4,158396,18850.4,3369.88,2814.76,172.517,546.057,222.349,289.73,1476.81,913.245,159.384,680.956,1289.76,433.186,86.0079,225.923,209.717,16.567,281.119,932.453,148.979,3088.55,639.418,12762.9,20410.7,1833.07,566.888,910.997,598.051,287.91,416.519,1137.05,801.981,280.647,312.994,208.676,529.796,173.794,246.546,409.815,103.821,90.3207,899.183,928.071,72.2069,766.49,1622.16,3902.01,2255.7,360.552,227.179,78.9851,466.613,291.72,417.624,992.657,676.061,1.53175,400.797,275.031,185.741,174.552,85.8974,710.888,549.892,52.9333,761.454,1272.83,799.349,337.417,7800.13,21749.6,1481.85,2079.96,961.554,797.753,1394.02,45.0134,559.627,497.108,49.4307
126.976000000,77.9605,716.903,1181.81,420.477,89.1678,135.046,261.782,161.701,29.1051,1284.79,304.992,2003.79,930.261,10656.6,27380.1,1319.88,250.984,1060.42,1213.43,309.18,75.7196,847.681,622.68,64.3114,215.194,239.68,604.293,434.319,160.984,648.163,364.426,139.012,344.317,561.437,30.345,238.687,611.089,4129.4,4030.91,569.571,264.986,77.9809,645.254,152.16,72.2131,869.758,916.945,113.352,364.374,370.199,306.297,287.052,66.4507,709.235,598.229,118.527,333.085,1228,822.146,260.101,2814.89,21329.2,3575.36,1251.55,1474.23,613.475,2513.1,141.68,208.971,482.904,99.2024,24.6396,391.326,1328.29,889.403,164.677,1257.83,1055.16,157.436,327.084,140.61,1255.95,2753.95,496.211,54533.9,156627,14079.6,1422.4,2262.16,55.1615,511.107,219.965,173.438,1290.43,821.534,67.2245,870.033,1225.78,331.002,114.414,245.275,182.682,5.786,281.874,1015.96,583.55,1842.1,593.978,12022.3,17653.8,544.986,123.488,874.202,577.97,138.471,200.811,773.783,516.073,112.343,263.586,228.025,469.695,180.819,227.036,466.174,149.893,47.0965,527.872,628.699,58.2355,316.148,803.981,3731.51,2648.59,151.697,179.175,88.363,265.515,160.523,219.624,1013.07,616.482,32.3703,416.958,236.389,166.285,158.537,28.2996,646.347,392.03,7.20094,611.295,1336.83,616.078,134.681,5553.46,20831.5,1887.57,1092.63,936.833,848.969,1306.26,21.8224,434.803,482.258,24.6995
128.341333333,5.95551,743.311,1020.23,286.959,73.391,172.215,247.474,120.557,87.4027,1285.19,1150.46,1427.17,694.132,12469.2,26215.8,621.05,137.704,874.789,1142.76,247.668,63.4354,619.935,383.831,8.8459,164.593,177.295,544.657,481.6,240.557,597.847,368.091,58.4534,123.631,362.717,202.313,94.3679,346.729,3494.44,3874.96,362.019,172.391,266.716,484.902,54.149,17.2235,880.133,765.541,225.252,391.209,259.98,272.103,213.327,10.1684,507.315,347.694,42.4984,189.085,1027.12,698.585,226.993,1509.94,20539,5538.07,508.248,1364.51,1388.99,2478.63,203.885,146.261,483.92,112.981,17.6986,284.265,1269,861.925,32.0695,1023.95,809.006,48.1971,311.293,67.4303,1050.83,1696.76,268.027,53875.1,156686,14315,236.372,1912.59,172.48,433.927,185.711,122.008,1016.17,759.73,23.5086,967.669,1078.54,221.788,110.518,254.835,148.671,3.48705,272.875,1032.98,1327.61,987.592,837.455,13498.1,16107.5,28.6746,69.4776,653.254,527.449,31.9683,62.9076,498.177,270.463,17.8985,219.94,169.974,406.653,235.021,226.639,491.999,183.778,67.0479,251.842,460.3,198.971,80.9862,346.404,3203.43,2764.26,108.925,154.546,201.736,148.998,95.1511,79.3282,935.74,507.268,128.319,433.498,160.885,140.12,123.218,12.2899,563.161,281.188,16.787,510.831,1098.44,538.674,126.199,4231.24,20731,3466.37,334.049,1099.28,1290.33,1321.35,71.7223,259.517,460.162,28.2717
129.706666667,32.8256,662.435,830.923,168.95,36.7122,211.384,222.004,62.2191,224.195,1291.55,2025.12,1266.02,431.739,15926.2,26838.4,971.343,372.069,565.229,973.435,251.411,57.013,459.659,216.927,7.54878,126.347,86.6091,452.747,540.728,277.569,506.965,339.93,51.5936,34.7205,268.799,378.411,63.0616,269.601,2723.78,3330.78,344.573,137.137,508.799,414.043,9.24004,64.0884,806.335,573.243,309.019,435.499,142.713,212.071,146.643,5.01716,345.254,240.184,18.764,174.049,718.106,554.02,465.306,1437.4,21050.2,8428.1,125.379,1397.57,2443.22,2357.16,295.679,83.7933,476.406,138.141,13.7454,175.957,1151.09,737.52,26.8484,800.505,542.762,18.1169,271.346,62.1567,855.687,1566.99,149.953,59507.9,160454,18443.5,274.938,1607.67,347.257,355.768,164.713,100.718,743.527,722.427,56.9541,930.141,908.96,125.621,65.5711,264.42,115.84,4.21709,259.367,1029.74,1943.1,733.867,980.872,16675,16475.3,156.96,337.898,339.125,456.659,2.6998,10.8985,313.058,113.956,3.12869,174.462,81.2002,335.216,301.014,204.268,481.374,214.824,98.7371,91.8385,365.629,333.118,11.8743,157.91,2566.49,2628.72,174.626,151.858,353.199,134.681,84.4567,77.9804,776.407,374.348,231.184,448.161,93.1557,113.838,82.3768,29.8783,480.433,243.955,26.834,461.547,698.074,546.151,246.96,4062.4,21590.1,5364.69,18.1291,1269.41,1945.15,1398.94,146.355,118.571,442.322,45.7387
131.072000000,117.24,505.268,688.76,66.5627,7.25534,275.572,171.699,32.0017,336.301,1380.06,2441.98,1450.76,377.323,19664.2,29120.3,2221.39,706.539,330.419,681.962,324.485,27.6295,370.571,125.959,21.6134,105.409,17.8756,356.335,560.204,249.465,394.691,320.149,91.2213,45.792,254.271,439.479,108.725,208.376,2075.23,2655.44,368.619,149.895,689.091,423.288,19.6625,173.223,690.235,378.923,326.195,469.378,66.5538,143.016,108.145,16.0446,249.251,233.136,18.7319,272.434,396.54,437.16,799.666,2505.1,22806.1,11140.3,151.955,1544.77,3219.38,2240.97,334.062,53.7777,438.567,198.042,27.5931,70.0139,1054.16,556.167,92.5504,674.233,269.353,70.1972,232.922,107.604,696.339,1937.92,387.877,68408.8,168065,24658.6,1052.77,1388.51,454.711,272.678,222.883,81.0316,535.65,711.458,127.877,786.467,784.895,45.3424,11.1162,297.987,74.4471,12.6777,220.759,1049.5,2119.81,985.668,1224.29,20366.8,18567.5,929.19,679.768,131.061,343.347,35.3366,18.9539,221.347,35.7246,31.7983,128.799,16.7082,267.22,334.745,146.84,438.167,265.794,108.439,17.9577,304.234,371.489,37.4648,67.7975,2096.06,2315.4,258.218,157.104,466.991,220.791,122.661,194.676,590.452,233.295,292.842,455.127,65.4446,86.5086,54.86,52.4074,425.022,243.333,21.3017,435.727,331.494,568.637,430.051,4910.79,23266.3,6902.68,48.6916,1354.82,2551.06,1482.36,188.38,55.8678,417.722,84.1876
132.437333333,192.735,362.984,606.564,8.75811,24.031,326.702,171.328,31.9789,349.19,1444.31,2388.85,1645.32,840.628,22796.7,32165,4051.48,893.01,188.025,452.551,370.662,15.6959,304.115,85.887,26.6413,106.338,4.57927,256.851,538.414,161.263,291.244,312.649,144.325,103.881,288.307,379.147,201.309,106.825,1634.82,2048.26,317.654,212.865,725.775,504.084,75.7037,259.371,572.53,222.734,278.289,471.851,44.7842,94.0681,96.1877,18.184,191.52,273.629,47.227,370.154,208.847,336.617,1075.98,4304.83,25084.6,13272.2,529.162,1673.42,3442.37,2125.98,279.866,22.1376,428.106,287.495,70.656,15.9859,991.269,400.32,172.634,558.374,97.3759,180.153,295.763,72.2179,613.681,2229.43,1495.42,77464.3,176507,31782.4,1764.35,1393.25,399.336,251.665,321.368,67.3398,423.859,723.931,163.592,629.98,725.287,6.24812,6.77681,310.015,72.3306,22.0796,186.879,957.135,1975.39,1324.03,1948.55,23493.9,21588,2230.11,845.492,39.5238,277.845,108.455,75.6502,161.438,5.392,63.1764,106.768,1.72275,186.72,351.139,60.0577,397.123,299.663,104.098,0.093302,257.157,317.983,117.987,11.8312,1849.76,1900.17,292.563,157.741,512.246,379.851,204.395,322.616,431.439,112.476,289.078,441.441,81.4209,69.3041,41.0044,63.1017,372.29,268.328,18.5324,386.841,122.805,518.184,668.892,6414.41,25030.7,8106.28,230.516,1357.61,2825.15,1556.76,165.979,32.9506,406.684,155.393
133.802666667,210.778,260.383,586.383,28.2183,110.259,366.531,194.935,53.371,296.985,1353.17,2087.71,1553.57,1862.86,24830.7,34649.9,6023.61,878.496,80.1429,338.123,353.126,32.5974,259.561,69.3352,21.1531,106.494,35.4617,188.818,452.118,77.1351,245.522,248.763,207.626,160.334,317.143,281.568,267.713,30.9729,1414.28,1550.58,205.309,277.221,640.752,613.778,148.918,295.859,421.552,154.272,221.403,418.552,64.1004,84.1894,77.1221,8.02928,167.843,294.451,120.481,409.912,132.362,255.191,1206.02,6290.19,26898.7,14672.4,1136.6,1566.09,3241.97,1909.83,191.477,5.17024,415.78,382.025,169.247,81.8409,947.316,290.642,189.352,496.851,39.8966,257.184,427.458,34.6665,603.214,2098.13,3471.82,84297.7,181632,38532.1,2160.03,1457.76,278.418,170.546,492.071,70.6457,449.32,688.676,149.325,500.283,739.471,30.0831,79.8576,315.786,84.0752,29.8182,148.863,757.543,1674.47,1437.98,3202.22,25323.4,24346.3,3758.83,801.481,6.45243,279.506,180.671,133.043,138.972,1.36892,71.9786,95.2072,18.3106,129.458,323.877,3.04929,396,255.821,102.907,13.2242,208.509,233.792,195.949,32.8702,1776.01,1409.15,275.526,138.444,502.268,554.622,302.993,404.695,282.784,51.2699,243.85,388.766,117.935,74.9217,25.4248,47.5411,346.671,259.452,43.3934,340.566,27.5672,404.765,902.165,8069.96,26165.8,9029.16,470.215,1202.67,2771.4,1543.23,117.399,31.1922,395.754,246.165
135.168000000,161.927,201.645,562.807,171.289,295.573,372.665,204.142,129.923,159.456,1272.58,1495.82,1315.67,2995.03,25226.9,35739.6,7386.13,806.6,30.1969,235.118,339.498,116.124,175.009,80.4819,32.8966,73.7702,85.9731,153.899,331.448,99.4195,260.724,131.103,276.203,177.687,327.301,191.769,273.781,46.3758,1346.16,1222.4,78.1918,286.867,507.536,716.914,194.038,295.667,246.843,156.975,245.252,348.199,79.361,124.388,27.5758,7.65505,198.237,229.518,234.91,432.506,89.1539,207.21,1250.51,7653.33,27703.7,14995.2,1668.88,1316.99,2595.18,1777.17,76.945,61.416,357.101,437.51,382.79,350.087,846.964,220.421,133.786,472.95,59.1619,298.474,612.889,73.2968,542.127,1744.97,5459.43,86700.1,180999,42669.1,2368.01,1348.04,193.951,95.4419,724.537,151.812,468.463,636.648,86.8819,425.69,757.724,151.125,246.367,299.674,91.2076,60.0802,81.2265,639.356,1145.68,1416.88,4466.98,25317.5,25983.1,4870.68,710.092,41.4717,256.642,253.824,224.615,106.006,8.06289,87.9745,67.2714,41.3152,99.3609,258.82,54.0936,449.821,140.143,111.893,24.4172,183.335,145.559,241.92,187.463,1737.59,968.129,195.087,97.9206,461.141,714.411,348.789,438.968,153.379,45.3608,236.641,304.159,144.178,118.248,4.01175,10.284,379.461,189.548,99.5804,324.27,6.30304,274.443,1083.28,9142.7,26466.3,9386.9,650.414,950.011,2378.08,1536.77,49.6074,88.1198,332.125,326.099
136.533333333,121.997,155.481,513.52,420.544,564.843,379.72,153.239,297.321,35.893,1307.31,777.267,1119.57,3515.69,23924,35025.9,7526.51,754.448,82.713,128.706,325.019,244.487,88.9599,103.099,75.0381,29.1801,152.022,134.719,255.632,295.031,345.642,23.2731,376.703,119.924,354.511,110.378,245.939,180.339,1332.36,1025.51,17.9535,243.054,362.53,823.701,181.232,287.244,102.19,203.973,421.382,333.506,84.4604,216.92,0.74275,57.6028,275.552,117.563,370.232,453.027,49.6723,230.804,1244.38,7748.29,27207.9,14275.5,1756.37,1063.02,1678.11,1868.98,15.1491,267.642,249.603,462.004,733.569,782.327,710.321,157.487,79.8008,490.277,80.5993,307.13,887.95,210.335,359.603,1434.88,6375.47,83359.6,173748,42509.6,2434.25,1091.12,130.908,109.103,952.14,371.974,437.934,538.513,61.5626,371.396,727.854,356.831,479.415,305.656,62.9772,151.178,48.7583,648.036,542.46,1357,5009.88,23418.1,25989.6,5096.28,629.127,146.797,190.049,314.394,339.092,80.7433,17.2817,123.462,42.9258,65.6021,80.1763,203.494,271.062,566.965,23.6353,153.54,12.0593,199.899,73.8372,253.019,486.455,1673.79,596.967,91.3122,55.9826,402.829,854.616,305.331,436.242,95.6659,71.5336,342.433,260.016,167.493,224.033,17.6183,13.432,460.916,102.431,186.245,343.387,18.7213,189.734,1162.92,9090.6,25735,9203.93,640.619,688.812,1742.32,1649.04,0.586196,243.023,234.177,365.055
137.898666667,164.3,110.902,438.376,702.021,867.753,417.172,94.4172,561.763,63.2391,1408.45,313.702,1000.96,3077.76,21185,32543,6434.77,723.801,190.371,60.053,281.929,391.834,37.7021,135.788,160.476,6.37225,248.549,153.3,275.947,596.642,504.982,45.4388,533.647,30.4584,427.631,65.7341,218.005,345.463,1330.92,902.159,48.8319,186.215,213.992,988.396,118.741,331.927,56.2549,289.648,697.698,422.34,121.021,389.647,63.0738,192.225,393.008,26.3427,518.241,482.76,16.2699,330.767,1167.16,6599.31,25384.3,12721.5,1320.72,845.433,884.741,2171.51,151.997,634.399,168.274,491.569,1165.29,1271.41,584.869,101.18,132.336,527.636,71.0421,358.796,1128.54,478.437,140.476,1280.84,5684.48,74574,160356,38053.4,2227.1,857.316,44.9866,215.746,1248.08,656.498,334.932,417.292,116.934,320.97,632.354,560.096,750.38,375.558,44.0532,350.663,120.654,691.965,147.351,1269.9,4453.87,20051.3,24166.6,4476.14,558.13,265.028,124.681,319.125,465.264,86.5996,33.2486,184.512,43.3856,99.4825,83.3056,199.857,623.991,756.891,15.465,241.704,0.476669,255.62,45.2005,258.912,827.701,1571.64,307.394,30.0221,32.8355,329.851,1019.85,172.672,448.001,132.774,121.048,547.52,345.538,244.823,445.532,120.688,123.178,562.823,56.5199,285.243,427.861,32.0099,188.745,1096.03,7882.79,24009,8545.61,428.382,480.807,1095.51,1908.53,68.1281,475.153,156.482,368.506
139.264000000,297.119,64.5596,364.807,921.347,1137.26,495.214,90.6913,890.177,369.622,1552.54,221.181,897.194,1977.85,17556.2,28685.5,4712.74,638.89,286.669,27.2746,279.024,476.731,45.5437,177.255,307.358,45.1735,377.083,243.927,372.58,884.051,741.616,273.094,732.152,14.547,520.909,117.039,203.855,431.42,1292.07,836.124,110.246,140.259,150.882,1189.01,113,424.648,150.087,418.222,977.63,584.744,256.443,647.095,255.046,424.917,522.822,16.5523,638.75,589.645,1.25279,463.857,983.476,4789.91,22593.6,10555.1,666.929,643.532,467.585,2598.47,646.501,1088.61,180,569.507,1563.96,1660.86,549.068,73.7975,333.003,570.504,39.6987,436.024,1376.06,725.467,20.2352,1162.35,3936.86,61919.7,143155,30493.4,1619.08,774.44,1.88979,500.083,1451.26,936.494,201.185,328.981,210.041,259.8,490.295,671.432,1028.21,523.181,93.5927,649.855,383.813,712.784,27.971,1120.58,3037.58,16021.8,20713.1,3472.5,430.663,370.089,63.2899,319.807,538.303,131.304,65.1489,284.391,76.98,145.686,123.956,262.836,1011.6,1031.09,181.684,367.382,33.0898,313.748,90.0394,289.98,1055.06,1430.61,142.174,22.3927,29.2663,317.148,1193.9,59.5902,469.206,242.576,202.038,795.344,574.429,466.574,813.087,338.512,349.633,665.705,78.3017,385.138,592.183,52.3332,254.392,906.148,5974.65,21631.5,7408,152.494,346.463,691.371,2230.46,341.331,719.561,139.886,392.132
140.629333333,505.985,22.4422,332.629,958.75,1342.18,604.117,175.867,1155.19,1011.1,1775.03,304.409,770.148,843.717,13874.9,24079,3098.15,431.832,381.716,39.8836,320.906,469.007,99.6644,253.718,492.708,170.592,529.353,396.475,483.219,1078.57,992.529,639.812,993.407,165.62,597.395,224.627,223.94,366.828,1226.66,780.506,134.722,120.556,218.792,1345.21,291.689,569.003,331.946,572.465,1165.13,754.698,508.86,950.779,560.48,721.519,646.131,87.9014,714.753,773.558,59.3738,597.537,672.382,3121.72,19289.9,8219.7,183.028,453.497,408.913,3111.86,1529.21,1439.58,312.053,736.692,1821.83,1766.94,664.218,119.715,668.16,607.706,13.9428,464.232,1637.29,927.648,4.12728,930.973,2093.06,48685.5,124565,22025.6,812.919,866.168,116.447,832.502,1539.39,1095.43,111.956,291.271,288.502,185.742,342.192,642.557,1270.53,722.026,242.45,966.7,854.291,734.056,37.9278,943.703,1452.12,12145.8,16391.9,2486.99,217.973,497.46,26.2591,345.561,509.592,205.347,140.573,397.953,144.591,197.596,198.069,378.244,1331.91,1318.06,495.864,547.25,147.144,323.04,179.979,381.236,1015.78,1306.04,109.59,50.4543,43.835,413.831,1322.08,84.8935,497.469,359.044,313.026,996.74,893.064,867.71,1285.2,658.448,641.047,732.496,162.822,495.048,802.711,118.116,342.99,637.046,4177.04,18874.6,5985.28,6.88307,277.881,595.471,2563.12,814.862,851.043,216.727,501.883
141.994666667,723.985,22.8246,318.512,818.96,1415.08,729.972,299.721,1328.34,1877.98,1934.88,446.923,665.116,171.841,10641.5,19852,1848.25,137.205,524.916,90.7751,318.818,464.137,130.784,344.147,755.671,349.967,613.561,625.775,531.512,1109.06,1262.16,908.574,1298.29,590.805,628.542,278.68,312.844,173.631,1174.06,689.389,105.356,123.839,354.711,1387.55,717.416,772.177,467.7,725.029,1240.38,797.515,881.795,1230.7,831.289,1080.93,729.185,160.99,829.672,959.21,176.515,701.111,312.42,2071.32,15960.8,6251.01,25.1445,332.559,704.567,3409.51,2649.28,1674.34,448.392,966.669,1922.64,1489.51,955.787,310.754,959.85,689.014,9.86342,428.049,1768.35,1200.61,66.548,611.468,735.807,38027.1,106972,14714.1,371.077,1093.12,386.249,1014.86,1595.75,976.251,139.139,344.159,339.751,132.345,196.202,565.437,1330.13,937.306,495.375,1194.09,1419.41,781.826,57.1368,878.493,336.648,8858.53,12366.7,1559.18,23.0123,705.665,62.868,320.4,453.792,249.052,229.404,549.844,222.065,211.302,317.635,497.761,1444.14,1642.6,768.14,736.667,420.232,264.192,251.294,622.759,621.225,1349.73,156.261,66.5083,67.272,623.238,1371.54,253.653,543.618,414.755,408.321,1132.53,1138.01,1388.44,1812.42,944.775,915.261,781.184,218.716,651.09,1062.8,184.826,392.144,383.304,3187.29,15711.3,4789.93,36.3387,282.645,847.617,2706.01,1351.44,896.914,307,685.579
143.360000000,904.748,63.0543,286.431,604.398,1268.47,933.85,347.914,1375.46,2913.64,1865.26,549.304,537.652,2.4873,8422.98,16571.3,969.116,1.45601,687.793,156.469,272.285,489.073,97.801,460.055,1140.42,508.894,567.286,947.75,460.681,1041.12,1528.8,880.147,1652.72,1293.84,627.607,242.79,473.188,20.3375,1141.1,522.372,58.6893,130.572,495.85,1277.2,1261.2,1089.66,453.014,835.695,1285.95,608.051,1384.07,1444.66,873.536,1502.74,817.11,144.189,1045.22,1149.08,258.708,747.629,110.351,1436.06,13075,5243.21,31.3861,308.552,1218.27,3209.23,3789.34,1840.21,428.788,1295.01,1881.14,960.768,1418.5,628.092,1015.15,856.478,80.6508,263.63,1897,1440.67,179.735,339.741,98.5266,31053.5,91897.5,10315.3,627.882,1351.51,844.374,960.85,1556.05,696.969,229.265,540.904,466.611,175.067,97.201,561.191,1063.45,1210.6,763.424,1174.11,2056.52,873.145,35.6765,924.482,10.4658,6403.4,9142.71,765.899,63.4485,974.328,229.251,239.827,396.193,240.89,285.413,780.595,290.735,169.194,503.783,541.461,1330.11,1998.11,828.17,885.588,896.215,229.291,312.466,1079.3,140.818,1633.78,272.202,43.2067,102.079,977.943,1342.5,400.167,661.625,384.298,447.617,1246.11,1107.14,1935.43,2367.94,1021.27,1093.38,873.335,162.709,910.265,1409.94,198.732,401.782,272.748,2825.33,12448,4218.39,83.2749,373.072,1444.18,2489.91,1738.55,947.917,281.942,958.344
144.725333333,1027.71,125.266,225.19,399.603,949.34,1211.96,267.79,1388.25,3822.09,1727.54,480.058,391.615,52.1357,7325.82,14280.7,547.693,178.01,809.13,244.702,177.52,566.522,32.4684,647.144,1632.28,612.197,434.653,1341.14,321.602,999.335,1733.37,595.171,1977.26,2223.72,634.496,199.045,649.263,57.0835,1117.66,318.638,36.8035,132.702,608.569,1003.3,1747.57,1493.06,327.729,926.127,1361.66,294.899,1971.46,1549.23,682.776,1908.54,998.995,61.6098,1387.89,1304.09,257.843,747.591,212.837,928.915,10923.9,5200.15,40.2674,475.103,1635.11,2606.98,4606.95,1990.84,256.008,1700.24,1755.08,453.691,1978.86,1017.99,802.997,1070.27,283.752,75.5925,2053.99,1684.73,220.683,180.174,39.192,27031.9,79878.9,9396.46,1246.56,1727.37,1517.93,602.705,1529.56,399.681,327.384,883.182,785.905,404.222,184.444,659.177,589.262,1511.04,910.021,975.508,2556,1158.5,6.59171,981.234,310.029,4676.82,6750.34,300.458,379.15,1244.71,567.245,139.561,374.336,208.287,311.505,1099.13,366.306,128.086,741.502,473.483,1106.46,2295.31,680.856,965.895,1561.59,346.496,497.973,1708.64,24.1957,2153.7,561.179,24.122,191.698,1443.92,1281.54,396.149,858.819,338.98,470.669,1327.19,798.55,2410.58,2812.87,879.92,1137.05,1054.39,44.2683,1316.52,1806.49,184.146,433.661,403.887,2498.65,9586.38,4094.97,56.542,641.836,2171.48,1969.32,1826.77,1011.9,158.377,1303.8
146.090666667,1022.7,193.886,138.505,251.12,599.586,1517.35,136.627,1504.01,4256.79,1645.84,263.825,354.574,68.2609,6927.96,12854.7,615.61,488.944,921.545,370.85,116.09,670.821,18.2381,865.121,2158.85,712.075,320.162,1774.92,258.834,1066.5,1774.18,246.755,2203.52,3232.71,759.529,248.941,786.887,254.374,1098.75,181.851,50.8625,161.451,670.109,636.232,2064.1,1846.72,225.455,994.126,1546.3,104.215,2542.71,1548.83,391.104,2185.44,1285.01,38.1567,1844.24,1433.12,162.401,713.267,537.384,509.358,9569.89,5573.65,114.099,914.945,1717.27,1843.87,4808.33,2241.27,72.4214,2074.54,1595.53,208.781,2525.72,1439.27,414.117,1354.69,603.763,5.20459,2092.38,2065.19,159.346,112.35,189.305,24480.7,70727.3,10916.8,1628.68,2569.56,2208.67,216.02,1422.44,259.145,415.023,1315.3,1270.33,891.384,603.133,830.209,187.459,1758.45,899.359,707.83,2737.05,1631.72,127.522,1041.81,752.256,3392.39,5015.09,264.768,735.904,1603.03,1034.82,79.5276,373.779,213.444,320.506,1496.32,511.409,168.611,999.014,327.88,879.33,2438.41,468.632,1023.9,2315.19,713.773,915.515,2394.96,517.65,2883.88,1137.05,101.512,405.421,1893.73,1220.77,251.611,1103.45,381.698,555.9,1379.25,383.669,2688.36,3028.54,616.974,1068.87,1321.53,14.873,1831.25,2215.3,182.299,519.008,780.512,1850.28,7374.98,3971.54,69.3743,1173.35,2708.15,1347.97,1590.2,1120.84,39.7001,1607.62
147.456000000,889.209,242.547,49.1628,182.644,393.657,1752.82,106.367,1619.49,4330.98,1474.39,112.003,433.949,21.4505,6804.32,12084.5,980.283,622.644,1169.38,514.508,168.483,739.337,103.251,1089.19,2603.1,854.191,342.914,2132.83,451.307,1247.86,1590.21,35.5615,2317.48,4129.77,1044.52,423.512,876.322,505.706,1047.35,189.892,88.7748,271.304,686.351,313.427,2139.75,2014,243.044,1099.81,1847.78,275.107,2889.51,1526.88,168.049,2273.27,1577.87,217.203,2295.33,1584.79,36.314,667.834,827.435,321.017,8863.46,5792.59,408.198,1514.41,1536.77,1054.16,4491.51,2518.08,75.0156,2300.77,1433.69,301.577,2946.36,1857.23,103.895,1596.73,977.112,139.003,2187.11,2159.48,201.084,109.618,248.895,22384.4,63772.1,12790.7,1731.05,3974.79,2540.32,20.6755,1311.96,332.245,547.098,1631.87,1773.69,1636.69,1411.21,1065.81,83.1186,1802.32,828.298,417.152,2757,1951.45,490.267,1217.27,928.112,2377.59,3729.18,500.172,943.313,2182.09,1384.1,116.858,413.251,279.506,397.435,1857.52,770.025,341.927,1242.98,194.396,702.672,2358.3,398.915,1159.83,2967.73,1274.36,1542.94,3031.5,1531.63,3703.54,1980.18,365.225,789.751,2166.19,1151.06,82.6912,1355.34,577.678,780.731,1390.82,98.9747,2670.48,2977.69,371.452,927.213,1641.87,236.261,2317.22,2524.48,278.701,678.366,1263.92,968.091,5752.67,3567.42,330.476,1855.84,2853.77,805.567,1224.02,1253.74,30.367,1726.62
148.821333333,648.147,255.064,3.05074,165.977,401.705,1899.52,269.551,1678.01,3964.06,1376.4,97.6899,482.241,17.0089,6793.86,11600.6,1380.19,564.246,1509.1,674.759,292.758,804.421,255.535,1245.96,2873.31,1042.11,527.639,2363.09,891.535,1437.91,1281.28,30.0793,2295.78,4820.3,1399.74,631.029,965.881,652.048,958.726,332.132,160.79,476.181,675.73,139.957,2028.11,1870.98,413.633,1319.16,2162.06,807.769,2969.97,1458.45,148.988,2199.7,1703.37,615.873,2716.21,1659.91,8.58447,597.523,945.242,599.812,8442.59,5527.89,944.281,2018.99,1269.14,486.93,3762.96,2712.27,382.027,2322,1266.55,596.352,3181.25,2222.29,57.5871,1817.16,1239.75,436.537,2320.2,1897,345.648,177.095,157.074,20642.4,58155,13138.9,2085.4,5230.04,2588.06,56.8912,1225.71,566.101,747.451,1720.72,2059.22,2565.06,2454.22,1344.48,288.003,1702.89,685.32,251.947,2594.62,2054.43,921.939,1506.6,764.861,1646.61,2724.99,715.401,1139.58,2769.12,1498.27,240.342,490.52,397.411,574.218,2082.72,1090.34,665.518,1404.99,165.009,574.464,2062.5,591.516,1424.51,3386.59,1782.28,2245.61,3521.67,2607.4,4455.37,2941.13,810.797,1275.17,2172.16,1043.87,35.6462,1540.64,935.568,1134.67,1351.93,71.0369,2417.49,2617.78,275.909,812.282,1856.45,758.798,2706.58,2523.5,522.527,914.576,1707.63,281.74,4584.36,2763.41,933.728,2394.5,2640.67,462.368,918.394,1367.45,169.826,1635.29
150.186666667,368.681,241.448,20.9232,178.274,567.442,1973.71,600.227,1574.67,3265.31,1402.25,194.3,406.88,129.983,6778.08,11174.6,1565.46,509.157,1693.86,861.801,511.032,799.008,392.47,1345.71,2852.9,1223.02,827.371,2420.15,1402.7,1537.67,954.809,146.003,2220.56,5144.5,1737.14,749.528,1050.66,604.079,847.354,572.619,274.532,682.474,678.269,189.768,1751.6,1474.63,666.752,1589.76,2406.46,1475.95,2773.28,1350.92,328.194,1978.08,1616.9,1072.19,3011.25,1700.52,84.8925,480.925,891.066,1341.62,8077.62,4659.22,1499.23,2355.61,972.444,265.521,2892.81,2635.96,934.585,2177.12,1039.9,896.243,3182.64,2497.01,343.24,1951.06,1301.42,832.97,2273.1,1556.78,414.13,266.641,54.1597,19542.8,53322.6,11233.6,2948.6,5608.16,2549.84,339.478,1060.35,831.4,1039.98,1529.33,2019.85,3487.82,3406.52,1627.92,685.211,1491.54,535.912,252.759,2243.87,1956.3,1261.59,1684.08,524.972,1203.32,1953.93,717.349,1511.84,2996.69,1452.89,387.497,523.173,547.592,857.501,2063.45,1349.22,1098.07,1447.78,226.784,486.857,1621.5,960.786,1849.53,3464.81,1977.85,2862.58,3732.68,3208.38,5001.87,3730.26,1325.08,1730.75,1904.21,891.061,176.501,1600.91,1348.82,1520.8,1261.06,269.829,2033.36,2014.89,353.964,770.597,1866.14,1422.09,2910.69,2189.12,804.488,1223.09,1957.7,209.569,3787.25,1654.9,1735.91,2655.84,2080.06,409.15,799.788,1363.77,423.823,1376.39
151.552000000,162.244,215.22,89.9296,206.815,754.9,1982.74,978.516,1254.49,2521.07,1318.39,375.818,271.237,293.601,6738.38,10627.4,1450.28,535.478,1611.57,1049.35,710.684,745.291,436.627,1335.37,2570.97,1291.51,1121.94,2279.36,1756.31,1469.23,693.008,241.134,2166.04,5006.15,1928.58,728.847,1066.03,428.849,724.741,854.97,413.676,766.247,722.478,430.402,1350.94,978.933,867.485,1794.07,2500.58,1938.31,2370.04,1196.1,567.966,1677.36,1315.41,1411.74,3059.56,1736.39,207.266,317.203,752.379,2230.95,7614.15,3399.97,1795.17,2531.42,736.274,251.579,2116.35,2242.91,1532.43,1881.45,761.816,1017.6,2975.03,2575.6,877.746,1986.79,1111.55,1192.67,2104.43,1089.92,422.698,293.368,80.2246,19259.1,49006.5,7817.54,3884.13,5138.92,2351.21,674.326,901.211,943.961,1367.2,1157.72,1688.76,4140.99,4011.08,1794.78,1072.3,1251.54,369.467,414.388,1821,1579.06,1428.97,1593.84,437.958,1057.27,1409.8,518.893,1942.2,2802.58,1260.52,477.209,515.337,646.191,1150.71,1816.61,1415.31,1505.84,1390.84,299.971,409.994,1151.28,1285.57,2382.73,3175.63,1768.84,3187.21,3613.05,3044.92,5192.15,4091.2,1725.47,1998.69,1467.58,685.605,464.377,1527.19,1630.66,1796.24,1142.7,519.612,1619.4,1328.61,511.551,777.077,1645.9,1994.26,2816.5,1671.85,952.109,1508.32,1994.73,795.445,3292.29,611.306,2469.81,2606.86,1340.48,561.981,830.158,1245.24,674.949,1017.11
152.917333333,100.813,187.781,170.46,240.229,827.147,1946.84,1202.29,855.533,1792.41,1099.33,532.468,190.678,373.441,6669.74,9824.64,1153.71,540.467,1392.72,1104.38,806.488,653.728,364.949,1200.98,2116.62,1172.08,1274.54,1967.14,1781.25,1231.26,506.024,230.343,2101.07,4504.73,1823.89,594.188,965.246,269.187,622.9,1113.32,518.627,702.146,785.457,686.464,951.566,519.628,912.159,1803.78,2405.56,1944.27,1870.24,981.119,713.592,1338.99,910.832,1449.45,2891.93,1667.44,311.887,163.607,600.044,2864.97,6935.37,2164.94,1703.77,2530.15,614.734,310.385,1486.76,1643.03,1891.54,1506.26,477.264,889.045,2611.84,2356.42,1488.28,1876.42,779.853,1373.73,1812.34,590.272,438.706,210.491,257.746,19703.2,44864.5,4666.88,4153.21,4342.5,1839.82,966.593,687.472,893.522,1608.67,756.651,1222.19,4317.15,4109.98,1748.76,1283.35,1020.7,215.654,648.878,1366.88,1029.37,1379.15,1256.97,547.359,1153.08,1063.01,291.673,2156.93,2352.85,937.201,478.53,444.465,654.206,1335.12,1411.6,1256.83,1725.94,1268.51,311.637,320.886,738.054,1384.31,2839.47,2645.57,1229.59,3109.39,3175.08,2225.02,4948.15,3921.94,1821.89,2018.46,985.021,469.737,745.633,1359.97,1623.53,1856.53,1014.56,625.181,1247.47,725.25,617.918,744.59,1294.27,2191.54,2501.5,1066.44,924.079,1611.55,1888.75,1726.94,3021.74,50.1461,2860.98,2315.12,657.4,782.616,858.055,1062.71,766.296,665.73
154.282666667,164.148,148.484,231.276,261.614,737.279,1844.59,1187.09,448.309,1214.72,774.276,568.125,173.262,319.965,6495.93,8795.44,838.95,419.722,1191.53,912.606,827.631,488.891,245.637,938.57,1635.42,865.653,1194.89,1559.9,1450.03,905.853,367.385,129.813,1953.32,3752.62,1459.4,388.098,777.891,218.506,575.062,1308.48,519.402,557.142,813.354,802.696,618.825,207.406,759.676,1592.55,2101.47,1513.9,1345.63,745.693,634.637,1066.17,479.465,1183.18,2516.14,1507.4,321.645,56.1817,497.329,2868.94,6170.44,1236.58,1342.11,2304.45,590.736,308.32,1046.64,986.72,1824.14,1156.75,229.985,578.247,2169.14,1842.9,1932.08,1645.01,422.098,1312.48,1455.94,239.709,374.265,94.3842,492.13,20171.6,41149.1,3057.04,3424.93,3584.23,1114.74,1120.11,442.955,701.68,1647.29,474.495,892.705,3828.15,3796.72,1433.82,1267.66,825.368,82.9903,817.711,937.385,555.591,1044.53,860.734,683.417,1425.19,852.507,181.214,2036.03,1792.42,599.57,351.915,362.225,535.544,1359.21,949.287,949.64,1642.63,1118.43,237.953,219.329,427.955,1221.93,2996.98,2042.95,598.84,2661.81,2507.47,1181.78,4275.25,3335.76,1529.89,1820.65,587.538,283.536,864.039,1144.42,1309.93,1679.98,872.305,514.128,938.245,302.793,599.917,617.504,926.664,1907.05,2064.09,530.273,736.403,1469.79,1676.91,2479.59,3018.97,127.434,2752.75,1909.97,202.454,929.937,790.187,838.988,644.56,377.098
155.648000000,262.883,99.3443,262.299,243.501,544.82,1651.27,969.882,155.079,822.357,404.69,493.127,169.371,233.721,6045.06,7715.46,601.718,228.383,1025.39,564.673,749.234,310.583,118.661,646.795,1221.47,464.801,921.763,1111.63,935.705,593.232,234.818,35.6976,1689.75,2875.99,1009.55,152.616,588.424,245.548,611.29,1443.68,383.789,400.746,763.21,736.071,380.815,42.0551,513.327,1190.47,1657.69,877.395,877.647,503.696,382.176,872.151,151.154,745.213,2000.07,1299.12,220.511,13.0382,475.659,2198.94,5466.85,765.163,905.694,1917.57,586.346,236.085,741.797,472.358,1366.63,885.893,67.5294,274.199,1692.01,1189.72,2004.52,1386.62,146.271,1003.29,1197.94,38.6955,243.943,24.925,668.69,19949.4,38015.7,3249.4,2189.08,2869.79,473.034,1051.95,233.371,489.031,1404.77,440.762,809.819,2766.17,3284.23,899.253,1072.85,666.242,7.00171,855.036,602.795,250.872,575.628,537.572,689.653,1743.07,768.544,191.896,1680.6,1240.6,335.64,156.887,288.507,355.317,1202.35,560.435,579.925,1336.08,910.475,139.124,131.583,212.878,908.974,2746.88,1497.22,181.905,1943.49,1793.95,389.739,3299.72,2548.14,970.581,1465.27,361.647,153.76,770.252,905.274,829.054,1339.09,689.748,276.099,696.611,78.2629,474.27,402.556,624.051,1296.9,1599.38,182.171,461.757,1128.95,1396.14,2658.21,3253.91,722.1,2225.77,1527.05,15.1985,950.386,593.783,624.122,392.445,168.086
157.013333333,337.852,64.1266,248.921,196.258,352.297,1325.9,719.369,58.7472,538.55,151.124,354.322,146.969,224.352,5271.39,6722.05,475.942,144.518,796.268,260.785,587.72,146.927,52.9155,458.94,848.142,173.475,568.608,647.073,516.569,321.499,111.22,5.04702,1423.63,1965.5,623.602,15.0374,393.308,291.704,747.937,1477.15,197.679,277.67,605.516,553.473,222.913,1.93684,290.059,739.428,1132.31,358.389,509.354,272.902,144.489,729.427,7.5275,347.455,1452.99,1062.8,94.5405,42.4245,505.859,1291.42,4759.58,792.862,585.794,1417.2,578.115,197.044,515.612,197.923,795.768,667.669,5.3805,143.227,1238.13,553.522,1796.94,1073.45,23.9656,691.616,938.491,4.258,174.392,1.73524,679.666,18801.1,35529.3,4377.68,1271.83,2069.67,96.5086,909.04,67.4723,315.446,1048.22,626.698,798.987,1680.74,2572.91,386.683,845.258,472.547,16.3974,855.216,348.188,95.1951,250.757,298.756,528.69,1985.9,832.628,184.489,1381.07,751.026,159.641,34.7258,209.726,173.431,998.642,254.41,272.309,980.937,609.29,101.396,86.8049,74.1787,577.462,2205.36,1077.74,65.9561,1218.12,1147.51,68.6107,2327.45,1701.88,427.704,1040.85,285.297,99.882,542.629,643.661,422.138,912.029,483.157,88.118,494.263,13.0592,344.641,173.358,372.533,719.681,1139.06,33.4429,241.067,729.821,1029.58,2335.68,3550.95,1429.16,1636.39,1123.59,71.324,939.81,299.026,437.111,187.753,34.3085
158.378666667,354.465,46.1664,197.872,140.2,213.728,971.066,479.62,155.535,389.4,52.6973,180.369,124.315,258.255,4347.74,5907.4,389.634,216.744,554.734,67.401,403.194,60.9967,34.0808,414.152,586.286,44.5307,259.756,277.991,259.307,128.574,45.2664,27.9161,1230.87,1164.18,357.546,21.9417,235.17,286.204,899.851,1421.84,77.9286,174.438,407.188,349.967,119.704,44.4751,135.774,386.991,642.261,80.3314,279.14,103.055,36.8655,640.429,57.5073,95.4272,993.821,839.074,14.4082,148.38,563.568,581.519,4122.53,1077.47,391.525,928.398,541.049,247.008,422.4,132.755,322.415,548.946,2.71862,160.409,865.44,134.01,1409.09,819.942,4.34192,478.276,765.825,46.9924,153.783,28.6736,498.492,17016.1,33818.6,5053.87,934.266,1335.95,3.25803,761.141,50.918,173.854,733.943,956.815,742.399,845.457,1800.1,131.791,636.9,279.497,92.1941,876.783,240.351,30.0185,99.9686,140.649,296.131,2094.25,1049.68,92.9083,1223.63,440.562,59.3186,0.101863,145.549,79.4352,789.889,86.8292,96.5392,664.369,304.731,135.633,71.5054,12.9646,320.882,1569.84,811.733,139.107,649.419,710.649,131.063,1508.81,1012.7,100.845,634.606,306.277,97.2306,306.391,421.203,183.794,517.021,303.304,26.5908,340.801,41.443,260.846,29.3819,189.151,335.104,751.557,57.0675,110.953,406.179,675.353,1770.12,3836.5,1789.64,1130.7,729.723,312.719,923.207,62.3119,301.485,67.2264,1.37169
159.744000000,327.538,31.0687,149.136,81.5398,144.995,686.515,280.22,373.343,347.332,56.8879,47.636,130.121,274.659,3404.72,5328.24,309.785,336.597,378.944,1.2987,229.205,68.7632,43.1306,481.842,461.82,33.0453,81.4229,65.0279,133.423,41.3757,45.8624,68.231,1087.83,618.728,214.496,91.51,131.009,204.91,997.796,1315.35,70.1769,92.3464,225.047,208.404,54.6729,114.823,43.0716,188.111,291.103,33.1273,164.362,20.5338,91.6055,594.638,216.96,3.76922,697.035,627.418,23.1645,314.109,613.041,343.114,3634.14,1265.77,269.259,540.776,467.847,387.148,486.643,188.985,78.4297,544.633,13.6351,207.641,618.654,1.65541,965.455,698.007,9.64392,419.175,682.564,71.794,137.498,151.753,231.545,15171.3,32622,4697.61,883.338,877.203,96.1911,570.772,256.928,94.8121,612.396,1179.1,634.847,321.599,1176.87,135.787,478.454,152.777,202.779,948.037,273.066,8.2723,44.5594,49.0744,145.01,2022.35,1360.11,8.28928,1160.45,320.595,17.9406,19.3695,106.49,114.706,594.646,48.5351,36.907,452.699,84.3143,209.851,60.5237,2.35818,188.009,1006.26,644.263,240.606,290.825,479.993,309.048,933.464,578.479,11.849,321.177,351.857,105.089,162.954,280.118,103.636,244.735,179.909,92.7925,234.215,80.9431,227.22,21.0733,83.102,153.679,480.826,141.233,52.6249,236.157,427.34,1292.88,4018.87,1609.51,745.193,405.534,570.383,916.152,23.0874,233.543,23.1226,45.7743
161.109333333,260.83,13.3549,118.573,34.84,170.042,510.17,124.495,590.113,376.963,104.861,2.69667,153.292,224.821,2641.04,4878.94,291.167,363.279,297.788,25.6258,114.425,115.507,68.0193,574.43,458.519,55.4761,21.6469,4.32643,97.5465,39.5422,67.7866,97.3749,950.64,380.954,144.097,126.275,81.9036,93.3909,992.751,1199.48,129.504,42.6935,97.4412,149.657,28.7333,145.182,9.41234,106.731,93.7385,132.783,133.038,9.25521,216.022,602.542,369.481,33.2522,528.476,430.364,113.086,500.094,651.002,558.788,3282.21,1177.73,167.353,287.518,368.919,543.538,674.173,303.778,79.1322,621.4,37.8521,178.846,495.94,89.128,579.266,709.227,1.77357,505.669,586.311,74.1564,115.824,335.915,47.0197,14000.6,31342.6,3762.37,735.962,685.079,155.98,482.535,621.524,129.645,657.065,1160.58,488.777,114.197,780.362,206.484,432.596,152.556,327.534,1053.25,344.787,2.12316,26.5491,9.79642,107.29,1874.77,1613.46,76.2375,1096.97,334.932,7.49375,38.654,107.926,224.63,439.656,78.7051,33.4892,341.751,0.708656,293.487,49.6818,4.51435,127.852,625.789,482.034,268.494,98.4559,377.402,349.423,594.577,356.714,55.6007,136.401,345.924,115.671,129.688,217.629,116.565,120.02,108.121,221.053,167.27,84.6206,218.645,107.508,47.9756,111.829,302.395,184.289,31.5469,200.11,331.444,1156.51,3975.05,1058.66,469.137,183.697,673.892,938.415,202.817,241.869,34.4083,112.23
162.474666667,170.616,11.6113,109.436,10.4095,278.567,428.099,48.4391,676.58,488.528,134.99,6.19576,168.041,120.765,2181.39,4450.35,378.579,278.589,296.268,47.1997,69.8862,134.003,118.668,617.536,518.682,64.9036,17.809,16.3378,106.603,111.744,78.5438,101.432,811.507,366.329,133.046,105.352,63.9887,22.033,874.042,1102.83,175.588,21.9074,48.3163,148.113,37.4748,110.268,20.4792,90.0062,24.2717,264.231,166.819,39.2187,284.224,662.758,428.748,112.905,441.04,260.805,215.146,658.505,701.081,928.805,3059.66,862.05,84.4002,150.911,252.858,597.886,939.409,452.638,222.912,726.546,133.614,71.6023,490.086,236.748,321.848,743.065,33.7516,610.838,537.122,32.9212,105.241,432.231,83.9633,13857.6,29469.4,3082.16,444.359,650.482,95.0399,523.727,927.287,316.624,846.018,898.061,344.755,137.967,614.752,169.69,548.571,237.45,427.667,1162.42,405.283,3.66982,13.4617,6.11871,100.406,1779.58,1712.37,282.155,1026.08,410.851,6.13997,45.5035,147.368,274.664,368.103,93.4466,34.8347,309.014,51.7828,355.271,65.4598,2.04145,70.6285,436.928,273.681,216.091,19.419,329.834,215.607,393.411,244.023,95.4683,61.2294,263.65,147.195,167.266,218.243,126.563,106.684,99.212,318.327,126.959,46.6166,226.678,208.107,65.7686,98.3918,206.763,137.095,41.9884,209.215,334.4,1402.36,3680.41,474.55,295.856,68.073,568.736,999.73,452.342,308.946,108.605,165.256
163.840000000,118.28,37.6186,131.388,12.6714,445.598,401.623,55.1057,644.061,610.846,146.629,13.5464,179.582,63.0692,1959.89,4007.45,539.122,185.12,308.396,49.1684,52.6413,124.754,173.53,612.593,539.606,80.3777,25.395,39.1825,134.405,228.575,116.388,83.5854,682.389,493.996,169.242,67.25,41.2836,0.112214,764.092,984.987,167.926,14.6522,43.2405,160.463,87.929,53.2872,55.5811,116.529,47.0586,372.722,223.865,89.0503,297.009,678.974,441.971,179.994,374.578,122.819,288.65,788.183,725.748,1211.58,2832.33,582.748,35.6604,77.981,146.472,538.26,1222.32,600.33,376.383,841.972,331.022,2.70272,571.71,333.616,176.197,741.599,161.845,670.783,485.875,2.29887,101.619,410.296,381.806,14234.5,27141,3009.73,190.401,602.369,31.3257,571.85,1164.34,594.316,1012.48,583.467,232.425,293.192,586.214,59.9698,765.595,381.814,504.21,1196.4,461.347,11.646,5.38869,17.5667,89.7997,1700.73,1721.02,507.313,903.288,516.489,15.1022,70.565,200.913,242.466,331.435,78.6742,31.4536,310.661,192.91,409.533,110.536,10.658,23.742,331.734,96.6605,160.168,7.04939,270.536,71.9685,264.559,143.84,100.274,25.2333,171.822,197.576,241.898,247.109,91.196,157.859,172.87,344.435,94.0875,12.3034,229.658,281.021,117.076,70.5561,150.46,59.1917,78.3659,207.903,338.665,1800.68,3323.53,130.058,184.377,17.8964,396.105,995.864,689.643,377.41,215.441,229.755
165.205333333,105.453,62.8028,178.119,77.5088,652.799,418.19,90.2596,566.057,683.69,136.333,23.8237,171.922,104.258,1938.4,3552.15,630.321,138.057,278.248,55.4353,56.2624,102.361,197.12,579.042,479.678,113.104,33.6403,56.3232,172.217,342.624,200.926,38.0658,612.942,682.976,230.448,34.6469,17.1784,17.8096,707.965,826.244,121.133,14.6019,42.956,184.033,162.434,19.9639,93.2904,173.474,141.7,460.102,271.136,123.256,294.502,579.589,460.103,183.228,318.444,46.8515,342.734,840.012,688.74,1281.93,2529.63,483.835,19.6742,58.1596,69.1143,426.772,1449.96,724.185,439.911,973.208,575.959,47.9829,700.468,383.537,116.299,735.677,328.01,645.686,462.5,4.10815,75.4082,327.92,793.49,14462.3,24779.6,3153.42,94.5717,459.081,34.9766,638.501,1286.06,839.348,1077.54,347.71,158.785,456.497,616.347,28.3241,1010.07,565.406,528.173,1111.79,532.955,21.4435,7.04861,35.2403,95.7218,1592.19,1639.11,620.14,734.607,616.851,55.1966,137.258,234.268,168.996,292.318,57.2067,40.4529,305.353,353.716,483.078,162.359,31.0505,2.33482,266.865,20.9487,123.258,40.4792,192.859,9.17422,186.58,56.3653,87.4346,6.42863,101.946,229.821,370.02,273.254,52.1544,246.613,297.996,321.281,59.1629,3.1916,222.549,311.759,177.313,34.0295,119.758,11.8581,117.262,187.511,307.156,2062.18,3104.69,83.0525,114.87,7.08628,260.586,858.868,885.647,410.043,283.711,335.025
166.570666667,111.766,71.6547,240.732,224.818,847.375,486.289,94.9047,491.679,692.861,106.109,35.0683,140.401,212.502,2017.71,3083.33,571.837,109.143,220.665,79.5511,77.6229,78.1571,185.849,514.412,360.003,154.242,35.8517,63.4519,204.603,419.614,317.125,4.49349,589.783,845.406,297.938,19.6933,5.95678,62.2191,671.081,655.177,63.5278,20.427,34.6743,216.182,230.196,19.7596,128.884,265.867,267.725,498.664,304.776,120.276,276.446,401.149,472.52,119.16,286.452,52.4583,380.893,779.697,586.77,1077.06,2198.99,534.989,21.8833,74.7006,29.2837,323.772,1563.93,813.723,377.304,1090.66,816.333,210.147,844.965,407.012,133.995,722.288,442.217,561.424,466.489,24.7892,34.6898,229.755,1120.03,13993,22538.4,3102.63,117.091,286.694,113.34,704.885,1271.96,932.481,1032.95,233.833,109.116,526.212,662.948,181.881,1228.84,737.852,445.49,964.666,578.799,40.584,18.6585,50.5421,136.054,1436.4,1437.9,559.664,556.937,651.266,146.566,240.19,248.213,87.4699,253.544,37.4108,60.0208,280.608,479.663,532.547,218.305,62.0811,15.2545,221.165,34.0238,110.463,86.2492,121.695,26.4457,148.525,7.23223,65.3795,7.1757,54.8711,223.086,518.208,308.446,47.4357,355.822,419.558,275.369,27.5099,14.3067,217.191,278.592,233.854,14.1623,120.26,5.72345,135.967,153.822,237.148,2064.24,3012.88,270.484,98.4617,9.64872,185.68,613.775,1005.9,386.191,294.866,457.776
167.936000000,135.005,71.0401,292.24,430.754,990.376,575.244,59.3107,454.926,624.13,79.9501,35.0873,103.524,308.738,2075.51,2578,417.175,63.4203,176.804,108.371,105.492,70.0628,175.099,415.383,228.998,186.106,29.9808,64.1542,209.616,445.139,436.334,33.962,565.398,919.094,361.651,16.1637,8.48987,109.514,618.505,504.975,21.347,26.1013,26.2427,239.513,277.942,46.519,173.065,373.777,368.855,484.022,311.909,87.1226,235.828,218.8,453.138,46.9054,290.99,121.858,394.007,641.619,424.045,703.568,1871.96,623.246,38.121,100.424,17.2413,263.375,1565.16,839.734,245.618,1135.27,1002.05,456.651,946.58,426.961,202.219,698.773,437.792,455.636,457.264,56.9837,9.0907,161.863,1196.6,12595.7,20377.8,2767.08,131.709,182.426,193.472,745.979,1169.8,795.988,921.86,205.373,88.3672,474.223,694.598,492.798,1380.82,853.599,273.122,812.529,535.693,84.2056,48.1094,54.7885,184.563,1275.36,1088.95,405.274,360.56,634.033,260.598,336.001,268.73,40.6241,230.163,16.4312,74.2506,233.236,544.887,514.656,268.579,105.705,65.1814,174.756,85.0807,129.169,101.408,78.1886,89.6847,133.68,3.25584,47.5535,22.1302,23.6428,193.155,621.693,368.633,104.474,447.509,486.124,227.806,7.88566,37.6232,205.508,205.719,258.73,46.3762,151.437,35.7445,129.809,111.852,152.831,1809.21,3024.77,525.232,106.581,2.94758,167.063,339.246,1051.98,304.873,272.236,551.123
169.301333333,167.756,69.3316,303.71,644.174,1054.98,612.998,25.2676,444.589,539.133,49.0965,19.7735,81.2405,326.612,2006.7,2106.71,236.655,10.2046,153.098,110.54,169.826,80.9575,193.323,305.419,108.622,213.09,17.4094,69.6191,171.43,428.334,518.282,138.29,522.391,854.839,430.756,16.9093,16.972,147.909,518.164,400.6,3.42807,26.4513,20.8145,247.283,298.873,84.9752,222.548,473.703,404.993,412.978,298.019,38.4129,187.676,81.4899,397.067,43.1453,318.719,233.46,370.831,478.966,226.182,348.212,1556.53,667.406,63.9182,114.289,24.7077,224.652,1490.83,817.106,134.59,1060.87,1078.36,734.019,927.389,455.818,289.163,610.256,371.047,303.469,493.988,57.9687,3.63063,129.315,981.842,10531.8,18218,2284.66,73.7238,146.003,195.063,846.261,932.498,543.137,747.749,216.064,98.6492,342.81,675.028,831.284,1461.35,847.303,104.065,669.307,411.904,141.386,95.051,59.8823,205.832,1110.11,687.162,251.972,172.23,595.42,318.165,427.165,293.382,57.5754,219.96,0.796707,80.3396,167.415,546.946,422.129,293.204,156.985,127.532,132.123,124.758,176.06,83.4992,53.1499,155.847,146.213,22.0701,33.4397,40.6931,6.71006,155.438,650.242,436.864,205.899,498.118,466.621,193.385,0.911493,55.7668,191.301,115.703,257.336,137.954,198.925,90.2642,112.84,66.6306,74.3373,1434.96,3033.82,730.643,103.792,3.08695,169.531,144.639,1029.92,211.601,244.709,573.268
170.666666667,180.593,67.828,267.932,817.589,995.953,578.482,32.2999,451.941,458.961,17.2083,4.68089,71.1931,262.458,1787.14,1737.84,82.1426,9.50028,142.03,78.7861,274.195,137.376,221.215,210.52,28.3643,238.633,9.62215,79.3184,110.768,363.899,554.519,284.6,431.154,695.9,482.903,29.7872,30.35,168.403,378.305,329.006,12.0986,23.0705,17.8978,243.92,283.965,119.98,257.826,547.66,357.651,315.572,257.097,5.51473,139.023,11.5006,331.975,132.273,358.304,338.277,313.464,315.878,70.8146,118.955,1272.14,648.021,83.3492,123.055,38.2226,188.387,1361.13,785.184,99.554,897.201,993.685,960.898,781.314,465.679,329.701,487.383,266.584,176.628,530.807,54.7797,4.62582,126.312,602.677,8276.58,16075.5,1852.85,9.72447,132.428,140.658,918.645,668.053,290.569,529.786,239.192,110.815,211.89,569.983,1089.33,1423.42,724.691,7.45137,570.214,237.074,204.673,144.126,66.9069,192.988,919.13,375.629,139.473,58.8097,552.441,274.046,516.825,331.997,100.749,216.36,15.4069,82.6179,108.895,491.913,288.492,273.589,198.781,187.778,88.2163,140.906,241.701,56.5282,36.6589,196.403,185.624,37.3942,22.228,54.3545,1.2723,122.141,606.814,484.953,293.635,512.167,355.135,181.546,5.25692,54.4594,174.816,45.9548,242.178,274.401,248.725,137.597,96.4238,26.0589,23.4157,1070.34,2924.66,863.847,79.5544,32.5743,184.035,78.9276,974.731,157.364,213.557,529.209
172.032000000,152.751,62.0215,217.084,897.572,819.779,475.004,97.2056,460.557,386.138,4.40736,0.316546,57.142,165.723,1460.42,1503.89,7.19527,74.1519,135.797,32.1031,404.619,277.826,221.021,144.117,16.3859,257.199,21.6987,85.6027,51.1273,278.771,525.382,424.361,297.459,517.165,479.68,59.0685,52.4786,158.948,240.465,267.109,36.5553,20.8348,25.2066,215.393,248.649,128.463,274.431,558.304,268.024,213.341,203.794,1.11011,99.813,7.40224,273.951,269.143,422.285,376.729,231.111,175.241,6.34328,29.9779,1034.56,600.912,78.0066,139.145,43.8044,166.564,1170.09,766.335,173.188,671.297,780.34,1051.77,560.306,434.116,286.475,366.741,172.919,94.502,570.642,68.0066,6.26831,131.975,281.86,6253.66,14137.4,1549.24,6.98116,92.9139,80.8388,906.355,484.8,165.246,278.647,273.975,82.7675,127.234,410.197,1195.66,1224.43,553.335,28.8471,489.158,88.4512,265.051,194.056,59.2248,160.979,705.89,217.404,80.5743,68.4656,495.866,158.756,589.562,395.037,121.158,219.474,76.2571,81.4526,78.2632,419.104,141.658,230.124,199.135,245.952,51.3027,156.441,292.419,44.2072,26.6608,204.833,231.808,52.2172,12.6499,68.9136,5.25863,86.0429,534.526,471.842,331.968,480.136,210.152,177.318,24.9283,35.0099,156.965,21.9765,226.923,416.509,286.7,154.074,79.3291,4.81781,11.82,758.272,2693.8,914.911,47.1242,89.2226,211.645,152.61,907.244,159.726,175.412,454.493
173.397333333,88.9995,54.8229,191.198,853.409,579.658,339.138,186.305,447.411,342.83,3.83704,2.79083,40.0452,75.0594,1118.08,1420.56,15.9539,150.281,133.793,9.09109,555.128,508.16,179.322,107.183,82.3865,257.154,53.4127,89.0922,9.72757,198.885,437.421,503.332,164.751,355.278,434.407,85.8828,79.5428,126.435,133.121,206.528,59.1246,21.6248,37.8713,167.776,205.251,100.902,271.005,490.213,186.921,128.467,167.938,8.04497,78.3477,58.5642,220.905,373.115,517.717,318.486,152.04,78.1874,10.1435,21.6996,897.643,534.47,51.0299,163.507,41.7469,159.001,931.759,754.93,312.148,438.19,506.105,983.402,336.197,371.383,176.875,282.744,99.3755,67.2185,636.74,120.555,11.5767,112.277,100.16,4851.94,12621.2,1273.58,55.0594,40.8239,23.8802,870.38,455.529,141.941,90.1187,290.564,36.4404,72.3494,264.441,1112.68,918.376,388.749,129.002,412.314,29.957,309.153,252.903,31.2834,114.636,506.924,208.83,67.3501,149.677,431.159,40.7412,656.208,471.632,93.8513,236.595,167.238,79.7628,84.1077,348.52,35.3198,175.107,158.411,286.01,48.8373,183.615,323.608,39.1494,24.0999,185.111,262.71,75.1351,13.0583,87.3127,17.9617,54.0845,454.242,390.233,308.486,402.166,96.1705,167.219,67.4542,9.82812,147.198,39.9354,211.798,522.147,313.153,123.078,72.3856,0.434952,25.9769,522.181,2380.8,889.977,17.3962,155.254,265.187,311.84,813.818,213.307,140.723,362.813
174.762666667,30.0697,60.193,202.635,710.085,338.078,214.149,241.929,414.561,311.168,12.2908,8.27284,25.8294,17.6301,837.596,1430.53,110.865,187.315,132.873,45.9294,705.556,787.778,134.59,97.7695,191.717,248.204,84.0755,87.33,2.56221,137.624,314.023,497.731,71.9764,235.794,368.279,89.4415,103.616,91.0831,73.6827,141.333,70.5779,24.9561,40.2627,122.883,154.409,52.6748,249.055,362.652,140.54,87.383,161.679,7.22034,79.3171,130.456,174.062,390.401,625.921,201.612,90.7184,26.0775,41.0192,47.9529,863.223,453.415,21.6707,192.252,41.9977,150.59,685.425,714.982,426.987,248.749,258.615,792.509,179.523,303.92,75.2801,235.124,61.0976,88.2872,685.13,265.647,50.9007,58.3134,32.6917,4220.6,11541,1050.96,111.159,10.7411,3.88056,785.431,620.488,192.853,9.35136,281.378,3.7187,37.051,175.201,886.936,584.789,265.117,214.639,357.802,60.8778,332.794,319.342,5.013,62.465,351.782,290.529,92.3462,211.271,366.411,10.4246,712.282,547.565,39.1853,263.932,250.907,85.5063,115.636,286.687,0.0567401,126.429,95.8332,297.73,85.2612,230.863,340.287,33.4213,28.0041,148.404,259.47,113.512,34.7029,107.073,31.969,36.0769,379.836,262.527,235.313,298.268,42.9132,154.709,130.059,0.890638,145.014,81.2,196.411,553.141,335.474,62.0184,87.5966,4.04649,39.4761,374.414,2024.82,816.338,1.43337,223.996,330.586,447.026,720.05,264.938,111.637,261.639
176.128000000,24.1395,85.051,226.366,528.75,158.853,111.948,239.757,344.16,289.651,25.133,10.3232,15.7715,0.372784,658.908,1441.04,269.529,185.844,116.804,125.552,878.781,1032.42,130.482,106.226,308.624,228.238,94.21,84.5981,27.063,97.0279,187.15,424.973,38.2597,164.482,289.369,70.7693,121.339,71.7844,54.0669,84.2522,66.6063,31.0594,29.5296,83.6538,105.121,11.1029,218.975,209.657,135.815,99.5509,166.277,0.706956,99.7976,191.063,122.607,341.746,691.265,109.668,56.8506,3.17787,68.8974,105.814,868.547,382.887,16.8119,203.201,59.333,132.141,471.368,602.93,456.76,119.796,105.8,556.88,120.261,256.213,62.1072,216.253,49.9823,121.435,746.42,449.57,133.798,16.2817,28.2421,4199.17,10805,1001.35,132.864,1.27372,13.6557,746.354,854.352,271.409,43.2563,281.16,6.93079,16.9373,125.78,626.505,319.935,165.587,230.163,310.067,154.379,359.733,352.452,9.55364,26.9548,258.475,381.647,137.486,218.255,291.424,94.3033,782.655,597.724,4.14717,278.49,304.186,96.2448,136.923,244.095,32.0751,92.1583,44.913,271.878,144.934,303.995,339.6,26.521,33.0998,107.591,218.61,164.759,81.7578,127.432,36.9645,31.1558,322.652,128.706,149.752,188.124,51.2441,157.944,187.801,19.8153,152.72,118.732,169.009,516.776,345.472,16.9803,120.409,18.1257,42.9309,300.022,1670.19,710.182,14.2837,279.513,383.165,496.869,611.999,278.819,72.663,180.095
177.493333333,86.8514,120.787,240.885,356.299,63.874,43.3859,181.928,252.008,258.911,44.5733,7.11843,9.36966,4.18807,543.071,1457.39,409.134,155.232,81.7351,199.759,1118.24,1139.91,170.491,139.935,407.582,192.027,81.5738,76.802,58.3065,72.8655,97.5615,331.083,43.7462,122.868,227.717,37.7525,120.8,74.7077,69.3429,41.5412,61.6459,31.7039,19.7695,47.9637,63.739,1.79754,181.46,82.9521,158.178,150.717,149.319,4.54726,136.346,228.703,67.4537,261.251,688.973,92.2059,47.2623,0.505372,73.423,213.346,872.095,313.571,47.7287,173.835,99.0999,91.379,324.359,410.687,410.445,48.0698,40.9108,363.365,137.944,226.703,160.502,245.443,44.9753,140.276,790.891,663.813,220.873,15.4967,44.983,4404.23,10512.3,1082.23,87.8074,4.6916,34.9251,816.939,971.93,375.612,169.061,301.287,44.4584,13.3862,96.3943,398.869,169.142,85.7902,175.129,264.412,252.045,388.949,336.727,47.2278,13.1156,221.007,450.603,176.538,179.818,197.579,228.939,930.72,583.397,5.55021,282.239,316.956,97.8822,138.93,206.908,96.4849,77.2383,31.8672,212.759,199.048,387.812,326.179,18.5748,31.7304,74.0803,153.679,222.019,140.083,142.642,33.431,36.3482,275.441,40.9373,81.1607,91.7885,104.599,191.237,205.083,61.6974,182.757,116.854,145.374,400.405,376.428,20.1957,159.286,37.7587,40.5317,290.9,1359.92,553.236,75.0558,278.261,417.672,427.138,509.517,232.774,34.1118,124.477
178.858666667,182.903,167.506,224.203,235.103,18.568,8.72192,117.744,152.738,211.95,65.5244,7.72948,9.9002,15.3809,448.298,1492.03,451.439,126.053,41.1721,268.269,1354.73,1123.94,206.077,197.393,479.326,138.971,61.5462,57.85,85.504,54.3842,63.884,245.575,60.9878,96.5878,197.3,7.46957,96.0979,85.2081,119.059,30.1466,64.9432,23.2882,12.2976,26.0862,29.7999,25.989,152.53,16.025,170.498,210.666,118.615,21.2394,175.739,260.019,18.6884,163.31,648.618,166.527,54.4644,3.5103,63.0039,394.904,844.245,225.444,102.805,121.852,139.438,39.3344,241.904,197.233,330.7,23.867,25.2362,228.403,184.665,244.719,299.014,297.921,63.9458,155.42,730.847,928.51,316.745,26.5368,50.3073,4686.47,10545.3,1227,29.2638,43.8092,109.198,884.662,944.73,459.808,328.822,352.814,85.9892,21.0396,76.98,238.172,96.4922,38.4352,97.891,207.419,322.625,376.393,303.303,95.9121,16.7726,213.193,496.462,179.706,130.367,100.776,355.262,1122,545.688,24.6601,274.131,307.242,76.0386,122.993,165.097,161.631,74.0782,47.9963,152.776,208.109,459.688,311.212,9.95078,21.055,52.4738,96.9779,266.94,184.667,150.724,24.7344,45.2566,238.673,16.0732,38.9072,31.3762,168.473,247.425,180.701,110.283,229.276,82.4685,123.38,245.841,425.888,103.05,205.671,44.0315,41.2991,371.86,1091.21,356.984,176.006,219.454,419.253,277.324,414.647,153.983,10.6762,87.7883
180.224000000,268.646,203.18,167.118,161.956,7.1969,8.41497,70.2642,73.5914,162.399,69.9014,17.4991,19.3031,23.8554,384.927,1527.22,397.59,107.956,22.6818,327.444,1528.32,1008.71,204.142,264.637,517.51,88.074,43.8783,33.5972,101.825,47.7522,60.0858,184.616,64.0662,83.5283,179.628,7.57582,65.8683,86.4264,195.218,64.058,79.4124,12.5515,4.93105,14.7491,13.5165,65.636,136.239,2.76114,167.062,248.5,89.4192,36.0164,214.61,295.163,0.270993,70.4364,596.281,316.81,83.0768,5.81375,61.7147,630.402,798.938,123.458,154.198,70.6872,155.881,7.67409,206.449,44.6565,258.501,24.766,30.5601,143.99,198.984,286.434,402.66,367.409,106.979,154.664,595.3,1133.33,470.149,31.4629,36.7794,4977.25,10827.9,1341.54,8.79643,110.078,222.525,938.363,754.17,503.875,462.811,420.829,110.126,25.9853,51.8014,140.81,66.6091,28.6845,38.614,146.33,344.021,311.677,256.822,131.43,31.7446,214.188,516.706,143.702,94.0452,32.1188,440.472,1290.11,518.96,36.1866,265.045,292.707,38.478,93.8214,120.328,201.757,81.5767,63.8323,110.521,159.961,509.585,294.129,3.83361,11.4984,42.7541,71.2822,286.875,194.216,150.02,18.1693,55.8142,215.989,30.4474,18.5778,9.67235,218.664,305.481,133.362,146.155,281.586,45.4122,108.232,106.279,473.323,265.64,263.748,32.8389,47.4852,528.393,892.95,169.165,273.938,137.88,372.588,132.292,323.313,94.0606,4.1816,70.0024
181.589333333,326.137,202.81,96.6032,113.261,17.55,24.9163,52.2543,45.9719,100.665,63.944,29.306,35.6613,35.5336,370.147,1562.47,298.128,86.4737,37.3052,391.401,1612.54,808.313,164.826,307.238,533.31,58.8887,30.3691,15.0102,95.4101,66.0385,61.8789,134.84,57.5623,76.3212,168.72,39.4765,49.0453,68.8129,298.142,152.058,98.1715,6.71458,2.58135,9.0984,8.93091,99.5177,130.68,18.8803,155.562,249.737,65.6957,36.9902,252.942,339.862,23.6602,13.7932,545.458,478.441,145.327,17.5341,96.3269,849.604,775.634,32.399,189.228,27.9489,152.533,21.0937,192.456,1.02707,218.508,24.226,36.7672,91.5044,167.424,308.012,443.742,416.321,159.536,148.307,410.593,1233.99,648.12,55.7723,25.626,5195.16,11285.5,1425.52,37.2434,164.811,360.039,944.629,485.327,479.886,530.428,465.407,126.573,21.1689,27.3771,79.2083,58.1682,33.2283,16.7969,108.648,289.803,234.674,180.592,154.085,49.134,196.098,520.799,95.7441,69.0292,7.91953,482.333,1382.23,505.991,25.8226,271.973,275.868,10.7043,61.4876,79.5679,204.84,96.5174,59.5833,85.8844,88.5608,517.892,277.548,3.43624,12.2804,44.8549,81.0062,282.849,157.348,146.284,18.237,70.952,205.119,50.1819,10.1017,13.8532,249.578,345.962,80.6467,152.285,325.275,43.2995,106.129,27.4237,505.277,449.265,328.952,19.5664,65.5982,698.927,803.666,50.4298,334.532,63.2729,296.376,44.8822,252.068,80.1339,7.1998,74.1088
182.954666667,337.987,168.883,37.5651,82.5142,31.9917,43.1978,64.7086,63.3508,45.3147,53.715,34.8282,53.204,59.2512,441.419,1592.41,210.434,54.6737,73.3909,515.106,1552.72,578.489,99.6468,318.833,517.06,65.7723,22.6013,3.07581,74.0736,103.01,53.2372,99.3117,52.8406,70.8325,170.312,72.5271,44.6299,50.3117,425.783,287.974,114.967,4.80744,4.90468,7.44997,9.96499,120.618,128.962,35.0809,151.012,214.061,47.4003,27.9759,276.123,397.046,85.7544,14.8462,498.511,570.76,247.734,60.2157,173.385,978.462,788.201,2.60194,202.004,4.16932,138.735,84.6515,189.84,44.8035,205.953,19.3115,29.0675,63.0378,112.481,285.685,417.526,425.516,190.437,129.977,236.917,1226.24,800.676,97.4703,34.4,5296.8,11833.1,1544.82,81.7864,190.148,533.387,840.426,251.994,383.503,514.953,462.401,138.608,10.6788,9.75656,43.3768,53.9087,30.0234,18.2676,107.944,188.666,161.144,95.3493,165.27,61.7778,159.063,513.097,69.5705,46.2971,20.2047,531.298,1340.81,489.401,4.10085,301.679,256.521,8.56542,37.7797,51.2171,174.174,112.223,36.2994,74.2638,44.2085,464.939,271.358,7.21879,21.6321,54.9502,121.181,254.657,94.158,139.105,26.6088,90.7158,199.747,57.0658,6.44035,24.1909,271.368,350.599,39.1249,135.044,338.218,96.5887,121.675,32.2299,503.844,577.661,396.163,26.8415,93.1029,800.287,845.372,66.3577,338.809,15.1866,220.424,34.3334,206.201,108.305,17.0362,89.7314
184.320000000,280.812,127.67,6.38235,59.8965,39.4654,65.2742,109.479,101.209,15.1565,39.3916,33.5293,63.5239,96.8461,609.363,1620.89,166.586,22.6303,121.002,683.646,1384.45,347.235,48.4011,296.65,482.953,86.1355,21.9055,0.628834,44.666,147.718,41.566,88.1859,58.3009,62.5072,180.577,87.6565,39.8896,57.9484,584.839,438.399,118.731,7.22921,8.78386,12.0571,6.30138,146.193,127.646,35.5166,160.809,149.622,36.6072,22.2699,252.385,476.08,169.069,71.2556,447.79,549.904,378.157,148.075,269.817,971.913,838.78,59.403,186.786,5.48257,128.598,164.315,196.693,124.188,208.988,22.1703,13.6243,49.9002,67.2012,229.181,336.956,401.811,174.716,103.943,138.901,1056.59,959.852,131.223,55.1978,5209.49,12578.1,1685.59,81.0992,226.989,670.343,659.6,88.4707,288.389,384.401,447.038,124.799,3.42526,2.56944,23.9168,46.1162,17.9829,32.7855,127.765,96.0334,94.4784,31.4365,162.976,70.8745,126.38,497.279,71.1621,29.676,54.1645,595.979,1194.55,424.45,6.72051,340.833,238.747,26.5644,31.3277,44.2704,113.676,131.621,6.77662,84.7704,55.7893,344.44,285.76,14.2482,26.2338,63.5294,191.895,198.202,46.1526,107.853,56.7059,132.422,170.568,59.4541,2.08661,37.3055,288.059,310.505,21.2101,119.037,297.003,195.961,154.954,102.308,476.158,580.084,469.077,68.7209,112.076,800.615,1018.74,223.106,287.114,0.985009,167.253,67.888,184.854,162.751,40.9607,100.664
185.685333333,188.179,89.9097,4.87245,42.6188,37.4028,96.6255,177.865,144.101,9.55396,28.1169,25.1635,65.7586,134.07,834.484,1668.62,163.283,5.90967,172.593,828.467,1160.3,163.835,29.2914,266.744,442.949,87.5468,32.8196,10.7874,17.0222,196.238,46.4995,104.672,79.0505,51.1871,183.708,88.916,30.6253,106.721,766.87,583.882,96.3803,16.0408,19.476,30.0485,0.635585,196.727,140.916,28.0555,171.557,79.7442,38.6522,22.5559,190.54,566.79,247.884,141.936,401.529,416.734,507.928,283.357,348.879,823.676,920.366,182.409,146.932,29.4764,125.443,214.372,209.774,185.555,218.485,42.8881,3.14199,51.1099,59.2708,160.194,242.422,359.647,114.037,89.3252,112.828,785.342,1069.73,199.016,57.2186,5052.75,13573,1862.67,31.8551,310.965,659.864,485.8,25.6295,199.536,214.251,409.977,99.0249,0.934937,0.629493,15.966,37.0144,7.54794,53.7257,144.043,37.8879,51.6527,2.20203,145.155,80.4083,118.888,483.764,84.2869,19.386,98.6727,656.845,978.435,312.834,49.8403,375.715,234.459,37.7715,42.3054,68.8742,43.5135,159.735,7.75941,120.992,109.79,206.124,294.898,35.922,22.216,67.784,268.864,148.082,19.7927,60.0157,112.44,195.979,125.629,56.5605,4.44673,65.4182,286.845,233.839,41.878,108.985,214.869,324.563,192.011,170.207,456.032,430.742,552.24,157.861,102.36,741.004,1284.44,450.473,212.24,23.9891,127.703,100.214,184.246,209.358,87.5245,100.829
187.050666667,113.031,57.029,28.7728,31.9311,28.5234,134.773,241.046,186.228,26.3064,20.9867,15.186,53.6059,162.567,1059.6,1712.35,196.556,10.659,219.099,883.793,923.881,62.7834,34.7638,256.625,415.078,55.9284,60.6927,33.4634,6.69912,242.326,90.4546,141.883,109.997,30.6984,189.447,78.728,24.3678,181.94,943.212,716.498,55.8895,32.7492,46.8242,67.87,12.586,270.805,183.232,34.8462,183.271,24.41,58.5565,28.5984,127.162,646.181,302.729,191.828,348.521,244.172,581.329,450.833,382.51,585.549,1013.04,307.853,104.495,58.5956,119.836,221.726,211.084,203.311,223.406,76.3909,4.93826,70.922,107.302,107.034,182.777,295.469,49.2191,83.6832,136.675,517.483,1029.06,380.368,40.2923,5129.7,14686.4,2165.69,0.476998,403.876,536.705,319.823,49.1809,145.868,73.8418,343.686,84.0574,0.409356,0.259649,15.4164,32.967,6.37517,67.3374,150.813,18.3003,30.6637,2.63091,120.792,93.135,142.458,472.139,95.5222,15.2871,139.1,674.001,739.025,189.021,115.728,390.026,254.951,24.8815,73.7944,128.292,2.77189,188.577,66.3548,188.284,180.897,83.911,298.622,72.8736,13.5556,67.7425,325.738,132.57,14.0193,24.8242,183.99,256.091,90.0384,47.5905,25.1045,119.465,265.777,140.826,107.464,104.252,128.438,453.585,224.036,189.955,440.449,221.242,609.073,295.899,78.2789,668.083,1614.06,630.869,147.705,62.8632,94.5298,109.287,174.321,241.069,150.399,89.3446
188.416000000,75.667,36.9336,63.1374,30.1231,19.1102,169.457,269.009,224.157,58.2097,15.7163,8.59097,34.1908,172.294,1193.18,1757.52,239.708,24.6394,259.625,803.083,716.99,40.1253,48.2235,272.246,400.446,13.6198,109.619,71.1932,24.6696,281.957,169.296,186.826,141.724,8.31855,205.209,72.0751,24.6355,244.495,1083.49,835.619,20.6827,58.3825,87.8691,120.71,61.1495,367.907,244.409,75.2317,195.531,3.0959,96.953,40.5906,104.494,686.433,325.365,200.404,290.815,98.2315,575.172,604.827,359.355,347.44,1093.48,381.788,66.2927,74.3238,108.334,189.236,194.243,173.53,217.376,107.498,22.5639,111.662,205.681,100.935,169.55,219.893,8.03304,92.8837,180.777,290.132,853.694,671.755,70.5957,5586.56,15818,2624.21,30.8238,458.103,369.089,191.299,103.672,116.929,8.58811,267.807,78.6623,0.193147,0.664752,19.3562,36.5804,13.5392,63.098,149.871,33.5888,22.2191,10.2942,106.862,107.028,176.585,464.737,98.0072,14.9377,165.701,613.267,527.238,86.2793,165.532,383.828,284.497,4.42902,130.37,218.966,20.7686,222.633,163.784,272.478,252.281,11.067,305.305,111.664,6.39644,60.7097,352.585,166.698,24.1684,27.7578,249.194,288.08,78.189,41.9834,71.4733,198.958,228.6,64.5104,193.974,111.904,81.0588,550.944,246.874,155.227,424.72,54.5646,629.076,444.109,61.1493,628.699,1962.75,700.86,95.571,86.6385,68.5816,90.7568,147.384,248.726,207.855,74.4292
189.781333333,67.6939,30.68,93.3079,32.9982,19.4543,188.526,257.014,234.952,107.954,13.216,6.8327,21.5194,141.932,1229.27,1759.46,273.123,36.7693,304.672,587.121,564.082,61.5764,54.1941,294.273,387.451,2.30177,178.153,121.077,71.5805,308.592,251.974,226.743,162.389,1.95461,224.416,88.48,32.7977,263.533,1150.39,946.059,18.209,88.328,128.86,177.098,151.749,464.961,310.221,144.456,208.315,23.8535,145.518,61.4772,135.482,672.815,317.249,163.44,242.983,21.6016,495.094,692.497,298.473,192.175,1113.49,408.572,33.3193,73.6192,86.428,138.944,155.777,114.103,200.676,125.234,50.1735,169.528,335.257,149.165,173.131,161.317,5.91941,97.4231,210.79,118.783,672.65,928.959,209.128,6388.49,16836.5,3171.09,100.006,484.204,204.959,120.533,122.976,113.351,19.1705,196.133,75.2062,0.921788,3.20589,24.9582,39.3144,27.7736,44.0855,141.98,78.1859,19.5165,12.7193,106.771,110.796,219.147,425.958,108.103,18.9978,172.622,480.467,370.481,24.9084,163.355,364.307,297.309,5.4702,216.462,327.247,103.805,264.153,249.03,351.351,313.975,9.90712,311.049,141.105,3.15996,52.1084,341.217,245.76,53.7197,70.7706,289.395,277.67,87.3813,52.4879,141.279,282.037,194.421,25.5058,264.437,138.759,99.9387,594.307,256.558,96.9165,399.201,0.316214,623.462,545.727,67.1081,641.849,2258.28,692.168,57.6728,81.0504,51.7279,54.6717,109.339,225.558,242.156,62.0303
191.146666667,59.0153,43.2695,108.477,36.9266,32.8129,188.382,207.42,214.474,156.506,29.9297,13.0465,23.9922,73.6379,1233.06,1670.33,276.382,66.2618,308.191,362.672,418.091,98.7371,55.9662,276.382,384.758,46.289,242.022,188.546,132.241,300.618,321.54,230.114,175.673,27.566,229.271,127.059,56.4567,214.243,1155.17,1025.43,60.9217,114.509,155.774,219.946,271.241,522.036,365.322,220.017,210.023,78.8254,200.54,88.0718,185.705,635.236,266.703,106.497,208.899,23.1602,376.728,671.393,245.284,143.389,1041.43,429.113,14.5107,59.6205,63.4899,83.0343,109.941,53.7544,168.3,134.913,72.4796,226.958,478.764,239.556,156.804,125.617,29.2392,99.2752,187.855,42.6534,566.25,1026.69,408.292,7378.63,17613.1,3595.14,171.759,518.327,100.14,71.5391,103.525,113.593,78.261,141.536,65.0995,7.53829,8.94736,24.573,42.6258,38.9803,25.9763,119.453,152.52,31.9199,17.393,112.823,88.8347,262.314,336.13,137.725,35.2591,138.033,337.796,262.357,0.48257,120.124,322.304,282.563,44.0401,324.37,448.38,211,299.718,293.363,382.467,378.214,74.2095,294.659,164.56,4.31429,39.025,310.95,331.565,107.338,139.398,289.793,232.759,99.285,82.6893,228.32,339.499,171.642,26.3183,302.532,177.786,172.073,589.774,244.384,49.6511,377.229,58.8223,587.585,579.459,89.0468,679.216,2470.07,672.561,42.8834,57.757,37.9598,23.3492,68.9601,176.943,242.434,59.7964
192.512000000,37.6232,79.1312,101.331,39.8817,57.0386,167.897,138.178,170.558,184.006,69.185,32.8273,52.1722,15.4303,1235.1,1564.29,202.344,143.921,238.568,209.57,261,143.214,51.7931,225.247,388.658,113.303,284.458,281.506,171.138,259.918,362.659,186.442,180.434,93.3352,207.901,162.55,106.563,110.1,1140.51,1037.07,127.597,138.662,155.669,229.462,406.777,501.77,386.737,280.387,183.658,150.957,262.544,111.699,212.942,601.342,180.611,48.7332,197.338,89.5152,238.451,572.091,223.091,147.848,922.234,455.185,17.4387,49.9237,47.5576,35.7466,81.4762,10.8265,118.926,143.129,75.6806,261.142,624.886,342.173,108.526,114.269,46.7209,91.4781,124.885,37.5179,550.231,1039.95,497.795,8350.77,18249.3,3519.6,275.132,541.796,55.6758,36.5687,62.4109,117.037,170.441,97.6359,54.9928,26.6097,13.865,19.3143,48.7258,34.6526,16.6618,101.172,244.167,67.6703,44.1401,122.455,50.4748,283.738,221.367,172.242,69.8047,71.6252,222.389,180.081,13.8797,65.6076,260.018,247.461,98.4319,434.006,589.389,279.075,310.097,298.764,337.99,454.655,180.968,239.883,184.622,16.6869,17.0445,293.775,362.728,182.364,222.224,243.459,173.485,99.9083,117.43,319.41,358.478,144.103,63.7656,316.557,200.252,259.254,571.961,188.585,31.6344,399.372,168.855,493.307,587.878,94.2612,717.254,2593.2,690.688,47.0077,42.2657,30.1286,3.22554,36.8249,125.375,199.347,74.8745
193.877333333,15.5072,120.284,87.789,33.3675,87.8673,132.244,76.4632,107.524,191.173,122.021,65.404,105.057,11.2032,1288.7,1477.95,85.9421,270.875,141.371,117.989,126.792,177.983,43.1887,175.254,387.553,155.37,313.511,375.708,172.335,197.889,367.42,113.013,180.072,180.153,168.203,169.594,179.349,20.1562,1126.92,976.312,174.923,165.982,122.44,216.463,509.986,420.733,349.93,310.786,131.706,215.587,325.729,124.593,210.084,560.646,101.623,13.0604,195.21,182.25,116.086,446.462,239.417,144.205,806.764,472.589,42.9591,53.9929,51.4514,17.3258,69.3273,0.673582,70.4216,137.446,63.4582,262.772,773.515,404.39,56.6875,100.004,54.0811,73.4114,71.1044,45.3831,599.743,1129.73,348.748,9384.94,18619.5,2916.34,474.48,514.123,38.3414,34.8948,31.5252,115.038,275.444,79.9776,54.3557,60.38,17.8286,15.0814,57.4525,18.0861,18.4369,103.22,345.033,123.524,94.4475,141.143,18.7054,291.397,103.654,204.852,112.107,19.8281,131.13,116.547,52.2,26.3778,194.394,200.419,132.682,555.494,709.059,277.844,293.823,268.376,238.559,532.38,291.066,160.521,191.653,47.7787,4.95139,288.419,318.427,263.407,299.547,162.738,119.702,81.5331,148.491,379.633,342.75,103.419,122.484,315.228,185.34,338.341,533.68,115.477,64.9151,448.097,267.253,364.085,589.389,73.7499,771.846,2622.21,726.833,69.151,51.2073,35.7618,2.45407,12.7965,83.0788,135.807,94.9278
195.242666667,5.64679,157.035,73.518,22.5021,116.355,92.0575,33.7579,51.0582,170.377,179.541,108.403,159.579,78.2507,1403.83,1443.41,8.43727,396.919,82.0006,74.0681,36.5641,192.511,33.1582,149.8,379.021,144.413,332.435,444.538,139.321,133.03,333.187,49.3273,179.627,257.624,116.407,150.415,248.062,10.6044,1138.39,851.185,176.293,194.684,74.4535,186.191,551.477,304.753,274.788,297.381,76.1528,244.469,389.5,119.592,191.128,506.563,58.736,6.28496,192.144,261.451,34.1596,343.991,276.583,110.356,705.71,473.99,79.3675,70.386,77.7377,40.0815,73.5149,17.5841,32.9015,115.741,47.3721,244.952,898.831,418.397,18.0776,80.9869,48.7195,52.1641,34.106,52.3362,686.338,1311.1,87.7097,10528.8,18700.5,2034.92,731.535,461.617,24.4302,50.3661,31.3959,124.831,362.89,98.7078,71.4245,109.55,22.821,15.7908,66.8598,2.78275,31.0923,139.048,432.498,192.808,152.222,163.639,25.0122,289.35,21.9445,230.566,146.757,5.68856,70.7412,71.0107,86.0067,7.67583,146.509,158.841,130.179,683.208,767.555,216.254,249.997,218.51,128.4,598.31,363.544,82.1195,180.872,92.6456,21.043,293.322,212.949,332.239,346.402,82.4766,77.1594,49.61,162.807,393.844,296.648,59.7825,172.366,311.764,127.921,395.458,475.954,52.6134,137.464,509.76,309.944,234.203,578.604,54.3553,863.808,2553.87,724.8,109.032,91.7443,55.0429,19.3365,1.28261,54.1398,75.1694,105.618
196.608000000,19.4144,184.247,63.3882,15.7378,123.264,67.0755,14.4652,11.7746,137.023,209.841,166.571,192.768,182.544,1533.77,1501.16,31.3217,439.644,96.3959,74.3911,4.72369,176.714,31.3474,144.636,369.593,85.2163,348.092,460.225,94.0353,77.6985,276.762,25.0643,174.872,306.323,65.6668,127.074,272.654,97.7053,1188.78,696.728,139.039,209.099,37.5384,141.269,537.023,188.476,194.794,245.831,33.1036,234.652,443.176,102.582,165.846,455.354,47.4284,17.6242,190.135,287.764,12.0596,290.746,290.47,55.4596,630.045,448.385,101.832,96.2538,122.046,93.8717,90.5941,44.3288,9.70099,91.3561,34.4402,224.867,975.821,399.808,1.69349,59.1672,35.0841,28.6011,22.942,54.9182,778.531,1446.57,28.4036,11580.4,18662.9,1264.69,894.961,431.962,6.80587,84.4991,53.6105,148.603,407.474,149.286,112.597,165.682,33.4961,24.6289,70.8116,1.75002,54.4141,210.476,479.205,251.782,203.38,177.986,75.1689,288.094,2.58864,243.454,162.18,25.8407,44.6689,48.7321,90.4741,4.79825,128.055,134.377,102.198,796.039,742.862,130.713,184.531,169.242,62.1862,624.07,384.837,24.6802,160.081,132.578,68.4962,305.943,93.416,373.895,350.511,29.1478,45.4868,20.4448,150.75,365.725,230.614,24.8116,196.687,306.093,58.7657,400.481,428.588,11.7048,214.496,563.986,294.381,133.622,547.595,70.811,960.738,2433.8,628.046,162.026,154.225,84.8881,43.8312,3.35727,37.7988,31.7653,99.5071
197.973333333,51.1181,202.613,63.7468,15.5366,105.305,63.7627,13.1615,0.546015,98.8092,200.3,220.14,203.302,263.822,1617.76,1644.26,161.049,373.025,179.022,111.891,34.0079,136.645,38.6543,158.017,349.483,26.2242,336.659,442.355,48.4719,35.794,227.23,38.767,163.568,319.28,34.7034,106.359,247.543,246.429,1247.49,576.005,89.1512,199.875,19.367,104.218,470.638,113.067,130.51,183.831,9.23147,194.238,485.792,83.1964,143.085,410.933,58.6713,35.6095,189.87,247.825,53.8822,281.616,249.209,9.9661,593.307,382.462,99.3272,121.258,167.761,157.034,117.066,62.3952,0.88142,76.2868,29.0679,207.013,993.664,380.018,2.28359,37.3528,19.4828,15.266,22.6641,53.54,855.059,1417.09,347.423,12286.4,18648,975.985,827.537,451.018,8.10484,121.085,82.8064,181.998,400.579,210.076,165.146,219.826,53.4145,35.7116,69.3043,19.795,86.9166,286.147,489.348,263.08,235.972,182.761,132.108,303.725,52.4565,230.439,160.165,71.3136,49.0326,53.4568,65.6258,12.9773,132.709,121.814,82.9173,860.195,653.988,57.2016,108.97,139.158,61.9595,587.918,370.004,0.799654,131.195,152.455,138.557,319.871,15.0639,377.262,316.611,10.4981,26.9618,3.9561,114.553,308.775,159.207,7.06869,195.072,303.017,9.8616,342.982,404.47,4.41235,266.648,576.767,257.256,81.1755,499.122,123.111,1030.72,2309.69,435.492,212.217,206.303,130.507,64.535,13.3836,29.3631,9.09467,81.4804
199.338666667,77.7962,217.843,79.2868,16.5429,78.7286,81.5474,20.77,7.72767,61.051,170.086,231.585,205.999,273.59,1600.76,1856.06,322.241,257.003,295.959,165.416,99.9577,105.545,37.5766,194.821,310.9,2.95278,293.617,407.044,20.5239,13.7073,197.373,64.762,145.225,312.786,25.756,82.0823,205.252,375.57,1282.4,525.738,67.7263,162.119,16.4763,88.1458,374.404,88.2295,95.3831,132.231,1.30539,144.678,511.3,82.8785,119.003,372.507,86.3289,54.4632,177.535,173.923,134.926,297.942,160.17,15.4023,591.947,284.607,80.8164,130.473,198.638,211.485,142.251,63.611,3.50872,73.4246,32.2378,190.74,961.83,373.208,6.91201,23.0938,12.1252,8.83362,23.2753,61.7338,864.242,1266.62,846.388,12580.2,18674.9,1254.4,567.467,503.409,39.8526,129.581,128.955,188.134,362.594,255.666,193.209,273.626,84.7752,34.9469,69.3818,54.3996,117.893,335.749,458.856,224.415,234.12,187.936,153.02,329.857,167.028,190.36,143.63,133.97,73.7448,73.2066,41.5592,22.5608,150.464,114.831,95.154,847.816,546.662,15.6098,47.875,130.664,98.0527,504.016,339.785,6.33565,97.9074,149.433,205.613,332.248,6.24788,349.84,257.215,18.2576,19.3565,1.55266,70.4661,238.861,96.2695,6.28296,183.505,300.408,2.35476,249.906,388.923,38.0776,275.899,540.904,217.262,84.8339,447.622,167.806,1093.71,2189.78,222.304,227.69,233.22,183.119,75.0965,25.6456,22.656,4.16848,66.3712
200.704000000,79.9219,226.41,119.675,14.3717,63.8608,106.508,28.8242,21.7099,33.6846,133.87,190.591,200.789,208.004,1481.34,2110.91,415.531,160.884,386.287,229.788,175.003,86.4167,25.7207,241.462,266.689,12.3083,241.043,360.159,17.4069,13.9759,178.324,87.7039,120.395,301.437,36.316,53.0819,172.483,400.893,1286.09,555.237,81.8217,111.848,21.6935,75.9076,284.548,98.3051,83.4103,96.0728,3.51443,109.518,513.22,114.342,86.4334,341.449,119.531,69.3855,152.121,99.524,214.169,313.728,71.9793,73.8992,621.398,195.523,63.5618,107.366,218.057,233.153,154.593,54.2054,11.8315,78.5368,44.4338,164.787,908.063,374.597,8.76632,15.1717,12.312,5.80746,27.3627,90.3705,738.078,1145.94,1124.97,12445.3,18852.1,1777.35,292.226,540.287,75.6932,132.506,170.324,155.296,303.973,268.262,187.17,306.386,134.609,21.2515,74.5022,96.0231,132.386,342.647,394.006,153.796,193.9,193.649,121.22,361.373,316.082,139.183,113.965,193.755,113.041,96.5162,29.8197,25.3635,176.003,114.991,114.832,787.125,451.74,2.68967,25.6118,128.411,129.973,397.436,309.958,26.1873,63.3671,133.477,233.374,345.888,67.0285,294.438,197.341,32.5961,17.4915,8.89039,35.6762,173.482,50.117,13.926,173.643,304.209,31.5511,151.229,377.94,96.0962,241.063,465.798,176.373,132.275,409.181,159.901,1156.1,2102.96,76.5586,192.108,238.174,224.029,72.5479,37.9223,16.3763,6.4072,61.2239
202.069333333,53.2484,233.059,179.232,13.6091,65.9052,127.457,35.1678,32.031,16.1243,103.389,123.59,181.835,106.852,1302.46,2345.92,419.247,113.734,400.033,299.82,226.98,78.1556,13.7347,269.15,237.521,27.8893,201.751,315.502,24.087,20.5511,174.389,96.5157,96.5732,285.031,59.5793,30.9372,145.269,316.65,1239.2,653.037,106.568,67.8744,26.0413,65.1262,206.875,113.547,82.0967,72.2538,7.52558,96.8374,492.706,170.89,47.5167,325.03,141.39,74.7639,124.328,41.8271,261.267,311.879,21.6914,153.488,688.356,152.995,49.5754,66.4381,217.958,217.416,146.448,42.6666,18.1972,89.1796,64.1279,126.99,857.323,366.031,7.00722,11.2769,16.7432,3.92813,28.4209,134.183,510.099,1102.33,963.156,11911.4,19174.8,2186.44,160.774,528.91,97.0799,131.437,187.046,102.127,232.164,248.92,140.356,321.126,187.135,8.72704,82.4231,139.396,117.803,314.109,302.771,83.406,128.678,194.68,59.1495,391.154,449.512,97.9981,88.6619,220.139,155.321,117.848,24.6404,22.5165,198.217,128.422,108.074,716.732,393.08,1.03349,29.3589,128.926,125.226,299.246,274.793,44.0021,36.5942,108.908,206.242,356.16,172.873,217.615,150.585,34.8326,20.6709,21.2917,18.0313,124.94,21.689,19.1197,168.149,317.822,74.354,75.7226,366.556,150.098,181.58,366.313,137.187,184.909,384.435,101.664,1192.85,2087.45,57.1079,120.084,227.824,237.498,60.9327,43.437,15.6325,7.08524,63.615
203.434666667,15.6186,241.073,232.227,24.8639,82.0477,137.066,36.2898,35.9017,8.04555,91.6172,61.973,142.808,32.209,1127.83,2476.04,392.853,100.075,353.74,338.186,244.913,75.7877,13.2246,260.671,229.926,27.0964,188.737,278.827,25.7508,22.2799,184.28,92.7767,75.4932,278.838,72.3976,20.0328,113.333,186.589,1120,795.722,107.86,44.0487,17.5378,56.0322,144.834,109.932,73.5417,59.627,7.10266,86.9419,477.374,221.709,22.0046,306.036,156.892,65.0845,107.373,11.6961,266.058,282.02,19.4921,230.431,789.584,165.949,37.4201,27.8705,199.26,170.946,121.116,35.0605,20.0361,102.522,82.3121,96.2933,812.366,340.188,3.83328,7.16035,25.1864,0.933045,38.5049,152.158,301.099,1046.08,511.211,11022.5,19506.6,2359.54,189.24,481.359,89.3068,128.847,176.246,53.2636,148.617,217.727,70.8513,320.604,222.039,7.66133,92.7314,177.407,78.612,271.808,201.462,40.0854,68.2804,179.748,14.1349,393.955,542.705,79.6612,78.7049,203.301,187.562,125.914,23.6038,23.0715,198.981,157.307,64.8334,668.241,363.635,1.12278,36.6666,132.136,78.998,221.257,233.836,46.47,21.8181,76.7633,140.915,353.859,282.315,133.296,119.042,20.0479,32.1995,32.532,19.9208,94.6481,6.6826,16.6664,161.729,337.501,106.499,38.994,345.52,181.642,116.006,278.469,87.7725,212.065,355.035,41.9774,1173.57,2168.3,165.836,50.3911,192.706,235.446,38.1685,46.1855,18.3253,5.22992,70.2091
204.800000000,0.0379762,245.298,261.879,46.6658,105.231,133.266,32.6236,30.7131,14.6506,105.229,19.5422,108.904,8.74794,973.322,2544.51,356.255,79.8697,314.717,281.889,268.949,54.7049,23.3613,243.085,211.559,17.9261,202.895,245.029,21.5121,27.0502,187.845,91.3835,71.2912,267.118,74.1862,13.0261,85.7679,86.2767,915.958,946.531,88.1295,44.289,3.20832,35.1212,112.836,74.8569,61.3127,48.7848,3.34929,71.3213,458.056,270.461,24.9231,259.236,180.401,31.8691,126.18,25.9035,198.127,265.646,38.8882,273.542,938.082,220.553,18.565,5.93203,187.586,96.4829,105.803,24.9696,15.5431,117.712,95.0675,100.53,750.895,307.57,2.16445,4.72437,29.8915,5.50435,62.9065,149.131,175.056,875.417,135.771,9809.5,19920.5,2310.94,218.326,459.092,49.3801,176.981,114.595,25.867,93.2751,163.139,18.2594,309.068,222.701,21.7886,112.951,189.18,41.6029,211.562,147.86,25.4942,43.6891,152.226,2.92271,363.885,600.694,79.1345,73.4489,170.495,180.252,138.046,15.3747,32.6565,180.746,174.958,14.495,679.238,322.127,3.80964,43.3081,123.311,31.7287,162.47,176.92,41.1521,13.0217,44.0696,78.5378,315.369,374.599,54.5531,107.2,3.16333,48.5815,37.0507,35.2025,86.172,0.842436,7.36032,139.061,357.421,121.387,36.9188,306.995,191.864,70.2758,204.671,44.0087,187.132,333.701,15.6202,1056.68,2417.26,334.547,8.18798,120.77,247.892,10.4693,49.2464,18.0787,1.86582,82.9101
206.165333333,10.8696,240.888,277.132,59.3876,125.681,135.893,17.4412,22.8116,21.7947,148.463,44.1152,106.137,4.07811,925.228,2596.22,306.074,67.8524,278.979,176.545,285.473,29.0629,46.2371,235.527,148.507,31.0987,258.273,234.56,15.5687,58.9168,139.803,119.351,121.526,209.675,82.9796,22.6564,53.544,43.8783,706.016,1018.12,89.455,57.3722,14.1422,20.2896,102.302,32.4151,61.337,24.8879,10.758,52.6652,420.018,351.514,62.9166,177.978,209.719,7.79787,186.843,90.3054,93.5093,273.951,58.7048,264.366,1126.84,345.776,0.494909,4.94294,223.215,35.2724,115.244,9.23949,4.10942,147.747,102.081,124.423,674.626,284.36,0.711843,5.32431,33.6297,12.6274,84.5889,172.525,149.213,635.37,7.23657,8594.24,20509.4,2192.36,127.476,535.264,53.5176,244.337,59.3822,11.4204,62.8177,110.285,2.70776,284.506,199.545,37.7129,146.07,179.385,16.2576,143.741,176.772,39.1648,100.984,143.61,2.1044,350.222,621.789,77.6283,85.8298,125.635,149.789,150.101,5.31417,53.6311,163.378,146.125,14.3623,767.225,273.915,10.9109,64.7594,80.9773,16.9026,139.437,102.06,45.7772,16.0733,12.6198,40.2417,254.406,430.806,14.566,109.879,4.54719,64.3944,32.9817,63.0842,102.53,1.39994,3.62055,94.0249,368.801,142.969,46.4617,251.419,202.068,63.3052,154.127,17.6586,119.584,336.687,19.8751,891.378,2831.62,535.285,3.07643,44.6256,287.691,5.53407,48.1976,15.1049,2.36041,104.822
207.530666667,29.4988,235.736,280.939,52.1545,146.637,146.867,4.82808,15.9958,27.0541,215.93,173.072,159.987,1.21691,1087.1,2688.31,226.701,107.375,233.218,93.1714,268.146,20.0912,70.5683,252.892,58.6897,88.9866,382.063,279.032,22.7708,116.423,69.1877,162.016,221.028,147.322,85.4832,76.8608,46.4576,23.8368,577.688,965.28,123.963,84.3477,75.3699,29.2732,133.85,24.5439,73.0223,5.70129,40.5407,31.3106,384.785,492.395,124.488,85.796,241.806,39.3381,275.475,191.064,16.6311,301.748,85.5837,216.111,1345.97,561.46,20.1188,44.6885,327.203,61.9005,149.934,1.23906,2.77509,190.328,112.775,140.425,588.421,273.534,0.285991,10.2151,31.587,24.849,103.932,195.328,239.985,487.597,7.78811,7925.98,21277.2,2228.83,16.4867,692.538,166.829,296.955,38.6943,10.1181,60.5911,70.22,12.3766,255.64,176.496,40.1438,202.469,155.855,5.12241,105.848,271.565,102.595,256.572,197.208,1.2433,404.441,636.698,53.1662,125.671,85.66,122.803,155.87,0.918909,76.731,156.761,82.1423,103.487,941.032,269.247,26.3432,103.997,30.9465,28.0229,158.558,53.5669,63.88,48.3907,3.54899,19.6479,228.777,407.099,29.995,135.63,45.3963,75.7669,21.8796,104.61,141.776,14.7862,18.9715,42.4713,371.346,198.684,47.6596,196.926,221.452,100.302,137.482,9.08054,63.6304,363.878,39.957,779.537,3319.31,824.183,42.1227,15.3109,355.735,54.6694,52.2702,13.1232,20.6544,133.094
208.896000000,38.4439,232.652,274.163,29.3482,166.265,170.955,9.2664,18.5302,38.5119,291.908,374.489,298.924,46.3366,1484.14,2850.11,152.087,205.6,195.302,52.6936,230.671,28.0008,98.278,282.888,3.61997,191.396,581.109,402.612,67.9457,177.126,16.705,205.776,352.015,108.968,83.9328,188.803,112.046,12.4091,583.531,802.358,168.684,140.012,198.018,89.6211,217.564,83.3247,98.0371,10.8398,89.9046,18.6993,380.525,688.339,195.793,24.9274,266.685,129.369,379.635,309.855,6.34099,345.633,131.832,176.504,1573.67,850.437,105.74,148.155,491.761,216.752,222.596,20.2045,29.8475,235.272,128.735,129.35,502.464,262.071,3.96481,17.0965,23.6903,39.1059,117.045,199.668,419.689,528.217,2.43847,8145.01,22171.4,2605.99,45.0479,843.142,389.875,355.471,48.9146,14.0526,68.4143,51.4539,22.3478,239.548,167.913,31.0651,276.006,147.16,2.43873,116.158,398.431,234.673,473.372,331.981,26.7821,559.09,658.495,16.7119,185.427,75.3223,117.374,152.791,3.87535,98.9408,153.64,31.128,279.946,1196.92,356.018,64.366,147.01,5.62885,52.8036,212.975,68.274,99.4367,125.871,49.8696,29.5712,266.528,308.958,84.0003,200.432,139.907,82.5694,11.2113,146.829,199.928,50.7602,57.9019,6.21864,382.819,291.964,34.8864,161.862,244.007,162.117,154.944,19.7224,67.9111,416.279,62.8094,768.239,3789.66,1255.53,125.573,58.8666,454.054,170.977,69.6474,20.1518,64.7775,169.001
210.261333333,31.6354,227.519,251.049,9.01648,183.574,207.338,35.967,33.035,59.0697,370.936,573.112,510.183,210.572,2050.46,3051.28,154.462,303.458,203.329,67.893,161.969,56.2217,145.141,307.014,16.5207,312.867,842.418,598.871,162.646,214.768,1.52086,243.686,489.762,111.9,95.3285,320.72,267.165,54.7193,745.615,587.129,199.708,245.08,343.917,205.59,352.597,220.902,141.911,42.3521,138.123,33.3699,431.675,887.725,266.554,20.4162,282.517,244.312,467.408,420.714,79.4325,410.36,184.567,181.13,1776.98,1182.83,242.63,295.234,691.646,494.05,340.607,74.789,82.8618,271.872,149.418,91.7176,430.697,222.962,20.7535,26.4685,11.7874,59.8019,98.7528,210.161,606.363,714.931,24.4023,9048.28,23168.3,3361.94,232.091,930.422,685.599,402.449,72.4584,21.3697,78.1455,44.8018,20.294,235,179.482,28.4256,347.434,171.277,7.03819,166.185,518.497,424.447,676.233,529.246,133.938,783.63,678.505,0.765645,240.875,115.666,145.577,128.097,15.2993,125.336,149.147,22.3354,486.716,1513.32,566.14,139.831,167.345,10.578,82.1474,308.937,144.392,153.186,233.252,165.906,105.514,380.705,175.545,159.421,314.571,267.767,93.9436,6.98378,180.074,259.087,111.298,115.029,8.64053,418.197,396.469,22.2642,149.654,257.798,209.307,197.362,55.9227,146.275,482.636,88.3167,837.13,4168.61,1814.69,237.712,161.684,571.292,342.455,107.588,42.4337,121.348,206.797
211.626666667,19.603,205.757,218.221,8.02081,185.881,252.268,86.7475,51.0764,81.0315,434.477,726.481,703.681,506.216,2683.64,3241.43,247.772,336.04,282.29,119.862,82.248,99.738,206.294,321.925,79.7953,430.369,1110.45,817.363,291.36,222.062,20.3157,284.016,580.036,167.155,134.499,414.356,471.356,227.868,1041.84,416.788,212.201,388.726,447.149,357.619,527.832,406.259,207.243,85.1493,164.076,89.3034,531.01,1016.35,338.818,66.2785,285.284,325.961,527.25,480.358,211.716,502.884,223.539,229.245,1913.41,1512.21,379.467,428.181,897.363,827.75,491.681,154.022,142.418,294.23,166.492,58.134,371.584,155.323,55.172,34.8634,4.76283,82.1103,61.6668,218.601,740.221,910.043,192.704,10138.4,24104.3,4364.33,442.84,1015.19,911.896,430.683,93.3352,27.1383,81.2975,44.1851,13.9256,220.913,207.668,60.7521,391.059,208.345,28.7886,244.55,581.221,611.14,829.272,708.059,339.247,1021.35,691.85,20.8898,261.018,218.562,198.523,85.2208,34.5089,143.182,153.189,51.5249,662.094,1828.67,871.913,251.84,160.097,28.2989,121.066,425.725,261.165,223.303,327.804,330.964,291.624,560.386,72.6499,241.288,460.405,391.449,113.609,16.8174,188.983,304.714,183.554,173.021,65.2507,476.71,465.442,30.9962,156.087,246.644,213.868,244.699,121.286,268.57,551.742,119.152,914.897,4419.25,2376.15,353.688,284.316,685.972,516.242,169.291,81.7501,166.47,231.885
212.992000000,16.645,166.941,174.082,34.448,175.107,280.023,151.074,74.1113,96.9658,448.662,819.795,780.759,857.156,3257.44,3329.81,391.65,313.722,410.883,182.593,21.5878,152.786,258.507,322.783,163.328,505.246,1306.84,1014.55,388.111,217.781,57.8001,300.515,631.77,232.412,182.803,463.85,631.752,561.482,1449.03,358.418,234.396,501.763,495.699,486.81,695.106,604.15,271.174,120.83,167.633,170.336,642.311,1030.51,395.709,142.601,272.438,330.296,554.749,459.592,355.73,606.764,242.428,292.529,1961.94,1745.56,469.299,492.142,1061.91,1114.94,638.206,236.74,192.152,282.925,179.313,64.2496,325.498,78.5945,100.864,46.5729,8.33684,95.1636,30.2892,201.827,806.153,999.045,522.332,10933,24698.2,5322.7,571.355,1100.37,940.233,454.93,96.6657,30.5158,76.3594,43.9626,14.2401,191.253,229.494,139.765,395.136,228.214,72.4607,318.998,582.498,697.204,920.943,781.469,585.861,1235.32,680.068,59.7227,253.71,362.755,260.524,37.81,59.9969,138.857,165.377,104.651,738.99,2077.5,1203.28,358.706,141.984,40.5575,168.407,549.206,369.407,285.156,387.764,482.543,592.732,805.27,50.0165,317.154,582.221,492.669,132.473,33.7002,181.595,309.127,251.174,217.018,158.806,542.717,469.877,65.5452,170.504,206.598,175.758,279.69,196.344,390.017,618.627,145.497,948.561,4524.14,2730.8,460.493,369.908,759.209,654.415,227.817,126.119,193.508,221.489
214.357333333,25.8685,125.14,118.585,80.709,155.854,267.872,222.972,92.2545,94.1122,422.954,802.18,741.308,1100.14,3637.3,3260.65,497.684,285.445,514.865,255.11,3.28076,222.052,268.338,299.801,241.223,503.562,1371.37,1152.42,398.038,206.27,98.5322,274.652,653.883,277.573,201.149,495.004,653.072,970.538,1972.89,465.126,277.525,505.226,519.101,501.171,829.957,773.428,299.061,137.775,151.788,234.902,732.336,929.326,403.257,235.18,236.38,271.529,528.395,373.924,462.216,667.95,263.861,324.442,1914.43,1822.03,459.32,495.899,1087.64,1301.31,725.243,284.583,234.327,218.627,195.279,136.514,290.679,22.8019,139.12,59.009,24.032,108.629,7.06972,169.248,778.428,977.559,834.575,11225.5,24546.5,5934.39,635.341,1072.75,816.029,435.211,91.0749,28.0973,66.086,41.7932,23.293,151.354,228.637,239.241,369.907,206.79,134.682,362.463,517.828,649.364,917.396,732.332,767.851,1392.38,632.293,88.5796,238.182,487.877,330.244,7.69021,89.3361,109.39,173.744,162.181,695.881,2185.28,1482.78,414.736,119.09,39.1763,210.361,673.468,429.193,295.972,426.718,533.476,944.442,1145.29,138.911,356.945,629.891,562.177,139.148,47.325,162.406,268.344,289.883,238.096,246.762,585.647,426.065,100.983,183.404,153.344,120.494,281.663,251.465,491.632,639.415,171.149,924.177,4449.61,2758.93,507.004,401.229,735.326,744.786,257.21,149.204,213.688,160.964
215.722666667,41.3941,87.8881,66.8142,125.238,126,221.186,280.084,107.264,68.2154,378.191,654.625,629.635,1112.5,3713.71,3050.68,480.408,264.321,531.845,347.638,49.7459,292.743,222.496,259.598,279.719,430.553,1283.34,1188.83,321.461,187.819,123.103,221.207,632.971,293.13,181.051,495.886,534.714,1327.14,2547.12,768.396,320.353,399.641,516.767,388.065,917.403,845.94,291.409,125.114,122.881,256.733,754.21,759.143,340.389,319.853,187.266,187.696,454.132,248.451,494.197,662.848,283.513,292.393,1775.39,1746.47,342.73,454.026,943.843,1346.72,724.34,273.494,261.795,123.843,213.085,256.167,269.778,5.31964,159.81,73.0642,42.2839,115.281,9.97463,144.914,633.347,928.427,896.466,10992.1,23360,5998.45,625.981,922.045,588.943,381.721,74.3858,22.5587,49.4519,40.4677,34.881,106.828,204.297,313.847,327.73,145.056,201.223,361.207,395.408,501.991,801.63,599.976,796.17,1470.62,553.709,89.9157,212.819,543.062,413.405,13.9408,113.199,65.693,172.118,200.746,560.12,2124.35,1616.48,400.033,94.9934,25.4198,246.618,760.851,434.957,246.173,443.22,453.035,1266.42,1570.43,341.69,334.736,596.314,582.961,129.643,53.638,129.036,202.403,279.831,232.901,289.816,585.558,352.808,113.524,187.807,106.869,71.6407,252.157,259.197,544.256,607.675,179.045,833.039,4180.82,2500.01,450.409,383.168,599.758,783.704,241.137,148.874,218.909,82.3684
217.088000000,54.5297,60.3079,30.411,148.306,89.361,160.052,304.588,115.186,36.4943,316.811,435.579,484.89,895.855,3458.69,2723.53,343.334,235.115,460.728,444.196,156.263,352.635,140.104,213.352,263.239,308.039,1081.97,1100.72,205.873,161.247,123.125,153.367,581.651,271.528,136.025,457.956,341.578,1526.26,3051.56,1217.29,338.674,252.714,476.964,221.396,916.791,816.418,242.394,93.0907,85.756,233.521,683.261,575.141,222.542,369.962,142.084,121.243,354.148,125.293,441.726,594.116,280.933,200.934,1574.67,1547.93,177.793,376.953,685.129,1237.91,643.992,209.384,262.518,42.6127,226.78,375.344,260.965,26.6288,160.811,82.74,51.8462,117.575,43.1411,125.001,426.138,918.377,642.495,10245.8,21106.9,5511.82,501.359,735.843,317.702,317.184,52.175,14.1205,32.5407,38.2102,39.699,67.795,159.056,333.815,275.318,72.7671,247.636,315.227,251.14,314.68,608.229,435.598,669.345,1456.9,457.861,65.3232,172.551,518.44,495.481,62.9755,129.815,23.2832,166.041,200.256,388.372,1910.66,1560.71,322.181,74.1175,9.00399,264.497,788.115,398.845,163.225,432.994,284.596,1492.42,2006.54,619.294,256.407,503.683,551.009,105.634,48.0828,91.507,128.042,228.611,201.498,272.695,534.461,270.272,94.1769,177.766,78.9044,47.972,198.302,220.683,520.082,542.742,152.234,695.796,3736.4,2082.12,299.377,329.451,400.249,769.673,188.553,134.758,200.913,23.3491
218.453333333,54.4479,46.3632,15.2173,144.351,52.5964,107.581,286.458,118.65,20.7112,234.353,235.46,331.299,561.065,2956.79,2286.66,180.798,181.061,346.612,504.027,301.083,387.29,63.5013,165.05,204.982,171.889,830.974,906.102,109.618,130.941,102.136,93.6189,504.028,230.299,82.6583,399.744,150.214,1532.85,3347.97,1680.76,330.846,140.908,406.581,82.0515,826.68,703.289,166.206,55.7777,51.1187,174.658,544.082,407.831,100.789,365.86,116.892,97.2685,255.96,36.7774,334.308,478.318,245.202,100.801,1327.48,1282.46,49.5437,274.801,410.769,1001.68,523.692,120.531,235.408,5.6732,231.719,445.78,256.594,68.9886,143.782,86.5036,46.9087,115.996,95.0604,94.6869,257.925,923.706,256.393,9063.87,17954.9,4688.81,276.847,577.11,109.148,232.53,38.2725,7.61127,16.7798,34.6767,32.7668,38.6699,106.99,291.911,224.267,20.3431,252.336,244.671,123.964,147.097,407.954,275.847,471.934,1346.25,367.029,34.8036,114.414,444.883,545.251,143.726,138.26,2.30211,155.59,164.539,234.712,1600.1,1331.05,218.246,56.6949,0.616093,254.352,748.085,344.766,88.3396,404.295,111.904,1579.67,2349.2,892.763,152.998,393.034,479.248,71.6778,32.9182,57.5816,63.761,159.166,151.405,208.254,442.783,192.405,55.5728,149.706,68.719,51.5319,140.777,147.403,433.103,448.167,104.778,561.534,3155.85,1643.08,122.694,253.208,226.534,686.951,138.647,112.753,171.274,0.938684
219.818666667,42.8694,41.891,19.4497,122.093,25.7203,70.1633,240.895,112.33,26.2491,157.861,95.576,190.923,280.328,2308.73,1807.4,76.8794,110.875,225.839,504.088,446.412,378.241,26.0925,122.868,129.797,71.1849,573.366,672.066,64.4358,98.8394,76.186,60.1027,409.909,184.224,49.2046,332.665,28.374,1381.27,3342.86,1989.63,321.465,103.249,326.025,21.9325,682.672,534.437,92.1243,26.9713,23.5926,106.316,378.608,276.616,24.3457,306.01,122.163,106.727,174.149,1.64061,218.039,340.024,183.707,50.7822,1049.52,1003,19.1234,169.61,186.761,729.848,389.657,43.2441,198.303,12.669,226.202,444.481,246.539,102.734,121.159,77.5247,34.7859,100.69,150.918,65.128,182.359,858.72,50.9663,7585.82,14255.5,3802.86,77.4182,442.151,16.1103,145.607,33.9498,3.36978,7.61401,26.6612,19.9379,19.392,60.6298,213.737,178.313,1.52884,223.727,163.272,43.5281,45.6583,243.58,157.868,308.661,1146.87,305.407,17.1917,52.6519,353.863,538.472,231.989,136.164,7.67752,140.951,114.715,145.66,1239.11,1013.06,125.475,40.4317,4.82561,223.302,642.684,295.88,59.7465,362.25,17.5664,1525.79,2491.44,1076.91,69.5488,303.193,382.281,39.2535,16.9147,29.7889,21.8733,98.484,92.5723,127.593,334.374,127.517,20.9855,106.675,70.9366,67.1748,90.7678,69.121,321.373,325.575,68.3449,475.297,2498.44,1268.02,17.0738,171.615,118.078,572.957,107.357,89.947,147.496,7.99435
221.184000000,31.0804,38.855,33.3717,93.3994,16.504,48.7755,179.063,101.952,46.025,98.9396,23.2952,92.0153,153.405,1643.37,1345.29,64.2144,53.1405,117.063,457.925,521.427,343.923,26.9915,89.3856,68.2971,24.6908,353.062,456.443,64.317,71.0688,60.2051,55.8005,306.386,149.49,52.3607,259.135,2.42608,1164.68,2999.78,2036.99,334.734,122.978,260.96,52.8442,508.806,362.188,42.735,8.82763,6.34063,52.3559,232.349,181.584,7.34609,224.7,141.937,119.826,117.059,12.9314,130.038,198.179,124.512,64.7984,774.02,743.911,73.7205,91.0311,56.6197,480.04,273.491,8.93783,158.879,45.4331,213.299,377.948,222.387,108.027,98.3847,59.0262,15.6417,90.4359,168.299,61.7525,183.33,696.167,203.713,6005.37,10426.5,3061.09,43.8197,312.896,1.29853,91.4203,32.3253,2.65782,1.78471,16.9784,9.65551,7.49886,27.1557,135.259,137.415,13.3636,177.359,97.1485,9.57466,6.39493,139.201,101.899,231.477,894.218,276.165,18.4652,11.6708,257.532,485.781,282.726,129.733,28.121,120.574,77.2578,125.376,880.05,699.71,65.992,24.3716,17.6203,183.458,491.296,263.775,86.2505,309.179,35.9065,1367.13,2370.73,1114.66,45.063,243.628,281.076,18.708,5.14479,12.2472,3.66335,56.0305,43.0433,63.0407,229.254,80.8377,5.63532,65.3956,69.5572,76.8004,52.4192,25.2384,209.918,192.898,65.3889,444.963,1832.52,982.882,24.9875,113.358,78.215,447.892,107.261,75.9815,127.567,29.4451
222.549333333,20.0345,36.7559,45.0505,67.2781,19.2259,39.2714,115.621,91.509,66.0949,56.9186,5.35183,43.7957,154.387,1079.44,939.224,110.072,21.2923,49.8121,371.032,500.186,291.796,50.2828,65.9671,33.9158,20.7915,197.279,282.175,84.6887,56.7534,53.6003,66.125,208.346,128.36,79.3337,185.162,56.5604,943.725,2400.3,1805.38,376.934,161.868,216.679,124.364,350.787,218.88,19.0208,1.43677,0.83043,22.5522,125.769,118.611,31.1378,151.68,152.006,118.745,82.933,36.0317,74.1704,89.4088,82.3537,109.748,528.475,531.152,143.677,48.4504,20.1841,281.684,194.542,18.6756,118.929,82.52,187.595,282.165,175.519,89.5291,71.8792,38.5354,3.50694,74.0827,158.069,68.9452,211.264,515.885,575.79,4497.31,6926.11,2484.7,167.478,206.617,25.8184,55.8464,30.1865,3.05366,0.649859,9.16737,3.09059,1.8959,9.58994,77.2298,99.3263,41.7108,127.046,61.8218,4.49512,3.21785,86.8806,94.7629,228.882,634.785,262.077,29.4674,0.125325,178.833,391.742,277.453,117.146,49.4919,96.4208,61.4438,141.54,572.172,443.286,43.1943,11.4868,31.4033,136.446,334.513,238.891,141.096,250.325,138.467,1150.06,1999.88,1009.42,84.0216,202.402,192.455,14.5265,0.518747,3.62773,0.0725664,30.8999,17.0966,31.0187,137.754,56.2066,6.89126,35.1977,58.3541,71.2602,30.4226,15.5853,117.357,89.6056,79.3943,421.422,1240.6,771.684,102.078,85.0053,95.5457,319.74,128.607,75.7086,101.828,52.8948
223.914666667,12.3991,33.2322,46.2019,46.539,23.6909,33.722,65.5548,76.9321,70.2915,34.5814,13.481,30.7067,184.849,668.306,615.959,149.786,9.7619,29.5446,262.153,400.979,229.075,73.2701,47.7027,22.8513,29.0783,103.871,158.644,94.4367,51.6236,49.374,74.2586,128.619,108.735,98.4695,127.546,132.408,741.692,1691.28,1383.28,420.743,184.881,187.42,169.756,229.031,120.724,12.819,0.467814,1.43387,10.7691,60.4177,80.8952,56.3661,103.142,130.948,101.148,61.3177,45.9851,38.8814,30.3278,56.332,136.289,336.493,362.525,166.182,30.6942,29.1352,158.677,138.577,46.2078,83.3344,102.166,151.791,183.885,116.052,58.7204,45.0906,22.6729,0.355127,55.5424,126.36,82.0589,218.348,385.778,863.053,3128.7,4177.39,1930.7,311.679,133.84,54.5168,32.6896,23.337,3.22074,1.01018,4.5961,1.33924,0.696755,3.51816,40.0047,68.5002,62.9632,85.4146,48.6791,8.6778,11.3701,63.293,101.444,236.491,420.037,234.885,39.4238,7.36981,124.954,276.854,223.364,98.2823,58.9679,69.4161,60.2737,148.965,342.42,259.145,41.3307,4.95532,34.3706,93.3266,199.498,207.248,177.11,202.579,243.891,914.268,1468.95,815.987,151.446,164.066,127.971,17.0856,0.0153828,1.19071,2.70785,17.7788,9.72767,23.2387,74.5167,43.329,12.1694,17.6386,38.6728,53.736,20.358,20.8323,56.6557,34.8369,78.9981,358.076,778.131,591.401,168.085,76.7897,125.818,215.388,137.321,77.0572,75.1179,62.6734
225.280000000,9.10423,26.0443,36.4765,31.6201,23.1569,23.7757,36.0719,55.0922,53.4007,29.6198,18.6493,33.8328,171.357,397.257,376.239,139.604,9.07695,32.206,169.063,256.648,173.579,73.3577,33.2772,19.8784,25.5805,53.3985,84.0816,75.832,46.3796,42.429,62.3607,77.2221,81.7156,88.9568,92.4951,166.813,552.856,1032.55,918.211,414.289,178.84,159.077,160.19,138.405,66.745,10.2538,0.186835,1.11379,5.96086,29.7857,52.9577,58.1363,73.8504,86.8814,70.2231,47.8846,34.3475,16.913,9.08283,37.4754,111.536,207.087,226.686,129.228,29.4509,35.0629,93.1971,94.5344,59.3336,60.8196,88.7727,111.585,103.793,60.323,27.9219,23.5215,13.912,3.05942,38.6563,80.9825,99.3471,178.754,320.276,861.28,1953.08,2303.82,1314.61,359.061,95.8,54.5086,25.685,12.1467,2.99755,0.769367,2.60609,1.56088,0.441137,2.1945,20.5874,46.0552,58.4437,58.2182,39.0518,11.3913,15.4081,49.37,98.5989,201.868,271.413,177.949,42.5125,15.0542,93.0187,167.735,143.244,79.1696,49.1804,44.9165,58.3675,120.878,189.522,143.246,37.7591,5.24022,22.9453,53.2664,110.214,157.033,168.189,167.276,280.353,675.4,928.529,591.505,197.867,124.36,84.4139,16.2598,0.00608988,0.931611,4.30922,11.1599,10.2849,21.6944,40.0442,30.0033,12.9584,9.5333,19.5506,30.0733,19.8532,21.3942,27.1539,13.0323,54.673,246.142,461.7,409.429,176.842,78.5848,120.496,148.063,114.839,71.4419,52.5993,49.68
226.645333333,7.1287,16.5288,23.3652,20.6928,15.5416,13.7144,18.6287,29.3106,33.7033,26.1566,16.7736,36.9182,121.053,216.553,207.767,97.3443,12.7876,28.9324,101.701,141.016,110.64,55.5449,23.2982,13.69,14.3261,25.3424,40.5534,43.9212,35.967,32.4773,37.3492,44.2545,51.2214,57.0157,69.8812,148.779,351.637,552.605,528.864,317.842,156.31,117.919,111.171,78.7655,34.3326,6.40543,0.112843,0.0940425,2.51914,14.8824,30.9648,41.8821,47.8914,47.4987,40.3589,30.302,18.7644,6.53186,1.96414,20.1948,66.2152,114.664,121.093,77.1617,32.3561,30.1352,52.7116,59.3057,48.4517,46.3782,58.4645,65.2241,51.1745,24.3433,8.29621,8.55342,7.94728,7.06596,22.7604,52.832,85.0701,126.955,263.102,618.019,1053.45,1135.34,744.383,290.494,81.1935,34.8531,18.5039,6.89638,2.12658,1.09964,1.3612,1.37086,0.159692,1.65197,11.4126,26.851,38.5446,38.4636,25.9772,12.6482,14.7365,36.9973,79.9405,137.471,162.975,113.598,37.9533,20.4774,59.9979,89.1295,77.5406,49.6295,31.2352,28.3999,43.4629,75.0306,95.2146,71.6453,27.7836,8.85204,10.3252,21.5153,55.9123,99.8185,120.23,136.613,238.453,430.139,515.873,376.558,183.923,91.9889,49.2572,12.7079,0.295496,1.20651,3.7124,7.18222,10.1607,16.5468,21.513,17.3831,8.80927,4.25178,7.91364,14.9843,17.0891,17.0996,13.6885,2.66443,27.5786,134.829,248.303,241.67,141.1,78.3455,86.0356,97.1492,78.0808,51.7375,35.9435,26.6929