TIME,A,Bb,B,C,C#,D,Eb,E,F,F#,G,Ab
0.000000000,0,0,0,0,0,0,0,0,0,0,0,0
0.042666667,0.174074,1.2276,0.711473,0.109143,0.40067,0.972014,1.64226,0.40322,0.390786,1.51876,0.820389,0.219682
0.085333333,0.258294,1.76981,0.673061,0.300086,0.481971,0.756649,1.89199,0,0.162068,0.898569,0.845826,0.243492
0.128000000,0.41421,1.96526,0.476466,0.31576,0.309085,0.579798,2.08772,0,0.00791689,0.843123,1.08072,0.405293
0.170666667,0.367736,1.89468,0.398447,0.274842,0.305488,0.368019,2.35209,0.041884,0.0694281,0.787241,1.12224,0.474905
0.213333333,0.273795,1.81036,0.275815,0.232023,0.240704,0.149838,2.70372,0,0.0246326,0.654971,1.05607,0.532282
0.256000000,0.21902,1.72993,0.244546,0.00737121,0.26285,0.0371356,3.09483,0,0.00622397,0.382428,1.15917,0.530152
0.298666667,0.1512,1.98385,0.00711645,0.0583401,0.260857,0.294998,3.14446,0,0.154288,0.163138,1.61505,0.44128
0.341333333,0.00941008,2.11282,0.103465,0.232838,0.11853,0.189549,3.26978,0.0803112,0.328181,0.145905,1.6445,0.0357089
0.384000000,0.00455108,2.03872,0.121627,0.232561,0.0881249,0.196893,3.28577,0.0934665,0.426706,0.160027,1.56002,0.0260304
0.426666667,0.0343737,2.05601,0.126255,0.230536,0.0640116,0.209117,3.26995,0.122241,0.457933,0.163035,1.51544,0.0251181
0.469333333,0.0812443,2.02526,0.14161,0.233377,0.0538742,0.199445,3.28788,0.107527,0.484523,0.175109,1.4925,0.0146992
0.512000000,0.161092,1.94098,0.10999,0.2248,0.125734,0.231628,3.2998,0.0339404,0.459082,0.0553264,1.39676,0.0427958
0.554666667,0.226265,2.02083,0.0805682,0.045376,0.271771,0.214509,3.16717,0,0.199649,0.184772,1.28397,0.442992
0.597333333,0.312329,2.01964,0.14778,0.0930487,0.278327,0.0315948,3.20725,0,0.00364016,0.41767,1.0563,0.472445
0.640000000,0.369153,2.08784,0.132433,0.233351,0.29066,0.0337109,2.94494,0.0412767,0.0682516,0.737213,1.00432,0.452318
0.682666667,0.269843,2.0415,0.120999,0.250436,0.529508,0.118988,2.88557,0.291007,0.352513,0.85086,0.962359,0.377794
0.725333333,0.23191,2.00135,0.138166,0.178223,0.3997,0.034541,2.96598,0,0.0518969,0.739542,0.94765,0.487442
0.768000000,0.226892,1.99099,0.0706509,0.0751246,0.278229,0.1399,3.06858,0,0.00351553,0.339119,1.16531,0.490104
0.810666667,0.107583,2.14775,0.360553,0.217583,0.0993968,0.453946,3.11557,0,0.362347,0.0905252,1.28129,0.161935
0.853333333,0.0474334,2.37059,0.347112,0.228803,0,0.353703,2.99073,0.0011737,0.883956,0.126034,1.10476,0.146909
0.896000000,0.050277,2.60463,0.0947243,0.329093,0.00563999,0.689087,2.47319,0.00194576,1.70629,0.112078,0.609119,0.179765
0.938666667,0.130476,3.23539,0.0476274,0.300904,0.0152899,1.46964,1.509,0.0157449,2.18994,0.0371907,0.123991,0.158254
0.981333333,0.0777684,3.57311,0.0289705,0.264232,0.0115237,1.93897,0.764116,0.0604204,2.30113,0.0100563,0,0.148907
1.024000000,0.0555467,3.26012,0.0367283,0.013748,0.219556,2.20245,0.795565,0.0325401,2.21523,0.0858722,0.0487717,0.431521
1.066666667,0.0101326,3.44641,0.214638,0.0017664,0.224129,1.68883,0.768353,0.25201,1.67,0.218423,0.0763757,0.301602
1.109333333,0.0353148,3.41528,0.356761,0.00972943,0.172333,1.73519,0.381833,0.264406,1.34889,0.643667,0.126867,0.349445
1.152000000,0.0475147,3.30335,0.322748,0.012613,0.171989,1.66494,0.449554,0.142707,1.19593,0.738001,0.200653,0.415211
1.194666667,0.129789,3.37689,0.211647,0.0129493,0.172737,1.57151,0.42708,0.0244575,1.2578,0.74998,0.209115,0.456366
1.237333333,0.135298,3.52353,0.162388,0.0206784,0.169236,1.88969,0.527272,0.028361,1.42766,0.578025,0.174537,0.426857
1.280000000,0.0248344,3.4171,0.0196979,0.24147,0.138552,2.22058,0.537749,0.0595092,2.03517,0.0554353,0.156064,0.416918
1.322666667,0,3.48542,0.0112188,0.408112,0,1.97745,0.532073,0.0515965,2.06889,0.101787,0.123534,0.200644
1.365333333,0,3.40547,0.0404798,0.41004,0,2.02379,0.467202,0.0562866,2.0779,0.118807,0.0707857,0.194861
1.408000000,0.011777,3.40163,0.0451208,0.433581,0,2.06243,0.438797,0.0618748,2.13319,0.0943602,0.0189951,0.189494
1.450666667,0.0221981,3.44683,0.0496178,0.461523,0,2.01701,0.436539,0.0735724,2.25843,0.0457204,0,0.188802
1.493333333,0.0481481,3.28621,0.04272,0.470367,0.0482662,1.94145,0.482303,0.0437191,2.34095,0.00382463,0,0.366479
1.536000000,0.0274819,3.46314,0.220783,0.028784,0.137514,1.5793,0.728923,0.330008,1.69134,0.206242,0.064669,0.225652
1.578666667,0.0720132,3.14792,0.286867,0.0274588,0.15385,1.44242,0.545608,0.31999,1.12132,0.628346,0.105107,0.227412
1.621333333,0.210636,2.70639,0.291486,0.017066,0.135065,1.28215,0.611163,0.353218,0.741481,1.27214,0.653855,0.225656
1.664000000,0.19593,2.72571,0.506561,0.0160489,0.0910657,1.40296,0.452973,0.232298,0.729121,1.20654,0.527694,0.333645
1.706666667,0,3.17886,0.369035,0.0312436,0.0844161,1.93128,0.305131,0.083765,1.09846,1.0143,0.240511,0.364757
1.749333333,0,3.73538,0.175604,0.0826282,0.0921073,2.29184,0.0365194,0.148127,2.01656,0.135015,0.168959,0.329693
1.792000000,0,3.73286,0,0.205383,0,2.05009,0.252892,0.0375183,2.34592,0.0790423,0.142804,0.122454
1.834666667,0.0164412,3.60575,0,0.206202,0,2.05681,0.340946,0.0474897,2.33803,0.113432,0.0922067,0.117209
1.877333333,0.0132974,3.59922,0,0.203877,0,2.08014,0.326983,0.0550412,2.29424,0.107995,0.0328407,0.124827
1.920000000,0.0250816,3.6159,0.000344865,0.202437,0,2.10038,0.305984,0.0626801,2.29397,0.0649431,0,0.134314
1.962666667,0.0386998,3.64297,0.0220673,0.201115,0,2.10071,0.316441,0.0592553,2.35116,0.0184298,2.13557e-05,0.139522
2.005333333,0.0407603,3.64615,0.0592141,0.0821382,0.0927613,2.13748,0.163187,0.223347,2.21777,0.0389859,0.00938028,0.324522
2.048000000,0.21741,2.64678,0.294745,0.0133011,0.318239,0.827708,1.10025,0.212767,1.34698,0.908449,0.481292,0.278881
2.090666667,0.183743,1.81311,0.737823,0.0785945,0.491662,0.414021,1.17775,0.0946744,1.13914,0.860788,1.51107,0.363353
2.133333333,0.0865649,1.50606,1.26832,0.186595,0.41775,0.991982,0.750119,0.0211522,0.81052,0.432304,2.14939,0.452363
2.176000000,0.0232175,1.33792,1.37786,0.181095,0.190496,1.83894,0.298225,0,0.897535,0.142635,2.48176,0.46452
2.218666667,0.0181612,1.30072,1.15684,0.135999,0.0906184,2.56735,0.0318097,0,1.07442,0.0916453,2.94675,0.3681
2.261333333,0.0698048,1.763,1.08751,0.225669,0.00125042,2.45337,0.0215042,0,1.16357,0.034747,3.10224,0.225929
2.304000000,0.0440404,1.75258,0.993138,0.228313,0,2.37309,0.246693,0,1.09852,0.0403323,3.0668,0.0720614
2.346666667,0.0277551,1.74975,1.03914,0.233554,0,2.34194,0.249647,0.0183685,1.03615,0.0248655,3.08663,0.0865622
2.389333333,0.00121684,1.72338,1.0852,0.238807,0,2.35203,0.22942,0.0159331,0.921517,0.0195118,3.2033,0.120231
2.432000000,0.0345449,1.68646,1.09819,0.239073,0,2.34334,0.2287,0.00801085,0.839772,0.0354459,3.22707,0.10458
2.474666667,0.0322345,1.63239,1.21184,0.222153,0.0122954,2.38796,0.20159,0,0.86278,0.0753555,3.11624,0.163511
2.517333333,0.104958,1.72072,1.24572,0.127778,0.130487,2.25419,0.149509,0,0.628792,0.197703,3.01319,0.236032
2.560000000,0.209871,1.92128,0.777532,0.0571743,0.32914,1.85579,0.333191,0,0.638303,0.253389,2.50508,0.209734
2.602666667,0.317814,2.09721,0.400645,0.112952,0.43394,1.46565,0.65254,0,0.528157,0.336246,2.25073,0.278646
2.645333333,0.278578,2.17256,0.234107,0.0165179,0.348878,1.48239,0.595406,0,0.573545,0.450819,2.42488,0.285627
2.688000000,0.121082,1.84681,0.184017,0.0809762,0.179032,2.09261,0.10437,0,0.661625,0.202067,2.87251,0.267566
2.730666667,0,1.67396,0.822103,0.195108,0.0373215,2.4342,0.0431753,0,0.865444,0.0456272,3.16993,0.235632
2.773333333,0,2.04642,0.849593,0.233866,0,2.26708,0.00248097,0,0.804608,0.0594826,3.15053,0.0377226
2.816000000,0,2.06388,0.865696,0.235267,0.0101266,2.29854,0.110527,0,0.83011,0.0579802,3.0669,0.0149969
2.858666667,0,2.05977,0.853595,0.228885,0.0105745,2.2814,0.124943,0,0.882719,0.0447903,3.05949,0.022038
2.901333333,0,2.01867,0.88032,0.22436,0,2.25971,0.129843,0,0.925823,0.0419204,3.06369,0.0304174
2.944000000,0,1.9194,0.895793,0.224651,0,2.28332,0.145565,0,1.0079,0.0516519,3.05708,0.0232909
2.986666667,0,1.65125,1.09567,0.153469,0.160473,2.50327,0.0588121,0,0.980468,0.0491728,3.12052,0.22731
3.029333333,0.181097,1.69953,1.04229,0.0409839,0.264386,2.37628,0.199836,0,0.463347,0.139808,2.58246,0.238436
3.072000000,0.228334,1.55256,1.25277,0.135668,0.309303,2.05226,0.29025,0,0.147952,0.253787,2.32022,0.264287
3.114666667,0.198962,1.44292,1.38383,0.0804623,0.169258,2.04287,0.288748,0,0.252616,0.497854,2.33043,0.294924
3.157333333,0.141757,1.56111,1.31742,0.0857216,0.0927806,2.32807,0.0687629,0,0.390169,0.503293,2.26962,0.347401
3.200000000,0.0138255,1.55816,1.07314,0.154052,0.0847367,2.74476,0.0397777,0,0.59149,0.0966916,2.6957,0.321311
3.242666667,0.0171627,1.52803,0.901863,0.233378,0,2.41292,0.0173194,0,0.979358,0.0602359,3.05107,0.111404
3.285333333,0,1.45138,0.839205,0.217875,0,2.33013,0.10836,0.000796922,1.03129,0.0730301,3.03366,0.0152955
3.328000000,0,1.44116,0.847047,0.218214,0,2.31928,0.0786699,0.047517,0.968919,0.0678153,3.10294,0.0187441
3.370666667,0,1.44944,0.88135,0.217772,0,2.32747,0.0689323,0.0485527,0.991765,0.0586802,3.11831,0.0251019
3.413333333,0,1.43602,0.921601,0.21849,0,2.33804,0.104941,0.00367599,1.06328,0.0567385,3.0817,0.0240851
3.456000000,0.0362516,1.39102,0.957398,0.187195,0.0464209,2.43688,0.0754053,0,0.987152,0.051919,3.07778,0.194466
3.498666667,0,1.78466,1.10876,0.0630185,0.131483,2.29903,0.0460803,0,0.60562,0.16965,3.26711,0.248671
3.541333333,0,1.71187,1.01519,0.0802195,0.166615,1.9246,0.460396,0,0.59048,0.433523,2.96885,0.252273
3.584000000,0,1.5121,0.564491,0.121725,0.421748,1.74586,1.02663,0,0.762956,0.61777,2.69497,0.260831
3.626666667,0,1.68649,0.0444397,0.0377835,0.292626,1.90861,0.603134,0,0.822989,0.72901,2.78325,0.318171
3.669333333,0,1.93417,0.429514,0.0759225,0.117024,2.29377,0.0687579,0.0181836,0.759286,0.410071,2.88046,0.311386
3.712000000,0,1.9018,0.610919,0.193856,0.0477487,2.33351,0.014331,0.0580127,0.883164,0.0599575,2.93639,0.119021
3.754666667,0,1.94817,0.726535,0.218925,0,2.26058,0.0358346,0.00326722,0.9169,0.0848754,3.05109,0.0182152
3.797333333,0,1.8608,0.700631,0.220356,0,2.25028,0.0952679,0.0578827,0.938022,0.0887627,3.0439,0.0127222
3.840000000,0,1.82798,0.730665,0.221592,0,2.21287,0.0930403,0,1.01855,0.0787617,3.03249,0.0161208
3.882666667,0,1.82278,0.732519,0.224685,0,2.22729,0.0956953,0,1.01891,0.0677333,3.02087,0.0173948
3.925333333,0,1.72847,0.731232,0.226896,0,2.28416,0.091213,0,0.935193,0.056988,3.0401,0.0185536
3.968000000,0,1.83081,0.877645,0.141693,0.154143,2.42353,0.124301,0,0.687824,0.0454879,2.75178,0.183358
4.010666667,0,1.90984,1.06477,0.0631549,0.171211,2.43446,0.170797,0,0.604725,0.906238,1.69259,0.292771
4.053333333,0,1.74825,1.16133,0.196842,0.44166,2.35613,0.319826,0.000393403,0.549024,1.07481,1.55266,0.301662
4.096000000,0,1.78065,1.33956,0.196592,0.622595,2.31332,0.208023,0,0.635657,1.03264,1.51106,0.334337
4.138666667,0,1.8597,1.41177,0.212908,0.55717,2.37323,0.0466902,0,0.779057,0.935792,1.51018,0.336795
4.181333333,0,2.02573,1.19556,0.219039,0.0113435,2.12597,0.0209034,0,0.907921,0.226239,2.05598,0.284752
4.224000000,0,1.85287,0.701448,0.236568,0,1.99319,0,0,1.09346,0.0796293,2.92618,0.0194284
4.266666667,0,1.86774,0.734113,0.215151,0,2.09084,0,0,1.14617,0.0918254,2.95931,0.0165832
4.309333333,0,1.86449,0.747889,0.216986,0,2.13478,0,0,1.09714,0.0848436,3.00105,0.0211374
4.352000000,0,1.86397,0.739851,0.216781,0,2.13784,0,0,1.07727,0.0716276,3.0233,0.0249951
4.394666667,0,1.85976,0.746361,0.215206,0.0147413,2.10908,0,0,1.06788,0.0616349,3.02273,0.0253631
4.437333333,0.00359542,1.57199,0.929717,0.213194,0.00327189,2.00557,0.132414,0,1.13202,0.0530032,2.8769,0.114691
4.480000000,0.107244,1.77061,1.25089,0.20004,0.188781,1.94387,0.27025,0,0.836706,0.052139,2.3937,0.226837
4.522666667,0.0589267,1.96752,1.02736,0.184886,0.386709,1.90562,0.249746,0.0786964,0.493293,0.320324,2.27884,0.265817
4.565333333,0.0613693,2.00652,0.542093,0.187649,0.409628,1.94461,0.140345,0.255527,0.355913,0.514489,2.28153,0.313275
4.608000000,0.0521611,1.81271,0.123986,0.21515,0.318406,1.94301,0.0899485,0.313876,0.440655,0.69013,2.20225,0.334985
4.650666667,0.00756745,1.70321,0.4778,0.271957,0.130254,1.93236,0.176084,0.0662865,0.524979,0.562906,2.154,0.32407
4.693333333,0,1.81262,0.793782,0.277956,0,1.96663,0.0102834,0,0.569749,0.0827117,2.72551,0.110205
4.736000000,0,1.82014,0.674845,0.223171,0,2.08766,0.00100088,0,0.735141,0.10998,2.99981,0.0126616
4.778666667,0.00774825,1.69344,0.671453,0.228395,0,2.09784,0.0486633,0,0.776615,0.106952,2.98268,0.013272
4.821333333,0.0101028,1.79679,0.685049,0.232465,0,2.10165,0.0304398,0,0.752056,0.0860101,2.9758,0.01953
4.864000000,0,1.57115,0.69945,0.225503,0,2.16786,0.0711293,0,0.873639,0.0728949,2.96554,0.0191978
4.906666667,0,1.57574,0.706343,0.2318,0,2.11095,0.00353193,0,0.820355,0.0638104,2.96441,0.0255689
4.949333333,0,1.90508,0.899956,0.238777,0.11828,2.03667,0.0263062,0,0.490742,0.0464432,2.21184,0.164616
4.992000000,0.0207684,1.95603,0.693711,0.175786,0.273106,2.1195,0.165969,0.0742325,0.525962,0.334028,1.7215,0.216847
5.034666667,0.0302572,2.11799,0.826076,0.145161,0.194278,2.06079,0.174625,0.196116,0.55252,0.471583,1.57656,0.332084
5.077333333,0.0392204,2.20231,1.05074,0.153726,0.123431,2.09466,0.285003,0.178991,0.494459,0.410229,1.49615,0.388882
5.120000000,0.0656237,2.21433,1.16248,0.201396,0.0658134,2.09521,0.374367,0.0155902,0.407831,0.248033,1.57298,0.352449
5.162666667,0.0452079,1.99562,1.08661,0.271709,0,1.84764,0.39569,0,0.46525,0.115941,1.95049,0.143276
5.205333333,0.0525122,1.8011,0.702825,0.286138,0,1.91854,0.143592,0,0.79431,0.127761,2.76962,0.000711681
5.248000000,0.0690559,1.80507,0.672579,0.239916,0,1.97019,0,0,0.752108,0.125166,2.83714,0.0151801
5.290666667,0.0458516,1.80201,0.657304,0.239068,0,1.95019,0,0,0.7223,0.0999814,2.872,0.0219981
5.333333333,0.0668133,1.81395,0.659353,0.251362,0,1.90173,0,0,0.745,0.0792911,2.87589,0.0241951
5.376000000,0.0943334,1.81755,0.649829,0.249929,0.00704468,1.91328,0,0,0.796284,0.0643319,2.86658,0.0255345
5.418666667,0,1.86153,0.836675,0.244255,0.065446,1.65641,0.0957061,0,0.625211,0.0520276,2.53452,0.0968468
5.461333333,0,1.79823,1.09279,0.236772,0.140645,1.64526,0.646108,0,0.447322,0.0408989,1.99761,0.286334
5.504000000,0.104825,1.71064,1.0441,0.240819,0.272344,1.95611,0.805606,0.238557,0.445769,0.0660437,1.55058,0.474418
5.546666667,0.168612,1.79291,0.713836,0.210667,0.267897,2.03207,0.970306,0.24826,0.489064,0.331786,1.36088,0.550355
5.589333333,0.187418,2.03537,0.56024,0.205066,0.0551087,2.01314,0.83702,0.0488949,0.427335,0.33424,1.47044,0.556962
5.632000000,0.160245,1.98198,0.773818,0.258449,0.0393024,1.67741,0.710444,0,0.309587,0.150689,2.06237,0.451623
5.674666667,0.0761229,1.84689,0.817022,0.296136,0,1.81329,0.0328044,0,0.35494,0.0969947,2.71495,0.148505
5.717333333,0.11289,1.85194,0.718863,0.240066,0,1.68202,0,0,0.546837,0.12213,2.89911,0.159664
5.760000000,0.0481946,1.82073,0.668465,0.241768,0,1.72445,0,0,0.427598,0.0887915,2.87308,0.0551302
5.802666667,0.0204341,1.81266,0.652664,0.241286,0.0181579,1.80723,0,0,0.439308,0.0765525,2.89482,0.0259378
5.845333333,0.0258143,1.80019,0.645997,0.254571,0.0764128,1.87174,0,0,0.420496,0.0619822,2.88544,0.0223256
5.888000000,0,1.95397,0.727092,0.244201,0.112832,1.61607,0,0,0.298236,0.0499948,2.86792,0.0201172
5.930666667,0,1.93963,0.826389,0.243734,0.129925,1.80124,0.260319,0,0.224199,0.564042,2.44242,0.206052
5.973333333,0,1.58428,0.738067,0.359757,0.151715,1.70522,0.571948,0.211206,0.40725,0.789334,2.27323,0.311596
6.016000000,0.125977,1.50785,1.10834,0.46522,0.0610194,1.27552,0.600082,0,0.414068,0.782005,2.27782,0.428483
6.058666667,0.181405,1.62532,1.39942,0.511325,0.0639955,1.1508,0.769434,0,0.291197,0.5562,2.20665,0.367921
6.101333333,0.172825,1.71916,1.42823,0.407188,0,1.47962,0.683331,0,0.402003,0.29726,2.13322,0.359285
6.144000000,0.0287627,1.89334,1.15725,0.296004,0,1.62508,0.187677,0,0.458623,0.225004,2.20104,0.252378
6.186666667,0,1.99574,0.69368,0.248656,0,1.51208,0,0,0.790159,0.00384766,2.95639,0.163947
6.229333333,0,1.8498,0.690699,0.239848,0,1.6188,0,0,0.836283,0.00410751,2.90668,0.122323
6.272000000,0,1.74878,0.669602,0.23878,0,1.69626,0,0,0.87182,0.0283932,2.8645,0.063304
6.314666667,0,1.70256,0.650041,0.241401,0,1.73295,0,0,0.85946,0.0571005,2.8788,0.039864
6.357333333,0,1.68538,0.646781,0.242228,0,1.7391,0,0,0.857372,0.0590627,2.87261,0.0312359
6.400000000,0,1.92495,1.0546,0.24525,0.0416019,1.95841,0.255563,0,0.562098,0.125948,2.30459,0.04315
6.442666667,0,2.026,1.23997,0.229443,0.013586,2.5226,0.329945,0,0.584303,0.391636,1.68317,0.159266
6.485333333,0.0215045,1.93231,1.19966,0.210989,0.0379063,2.64319,0.430502,0,0.589013,0.626543,1.68047,0.306186
6.528000000,0.193678,1.83666,0.859799,0.211512,0,2.56443,0.706762,0,0.605884,0.720095,1.60754,0.166527
6.570666667,0.154561,1.8542,0.458265,0.225075,0,2.32595,0.754956,0,0.575348,0.772944,1.4921,0.170629
6.613333333,0.00304309,1.92752,0.634044,0.235693,0,1.97464,0.535556,0,0.545329,0.517665,1.59365,0.172209
6.656000000,0,2.06264,0.892599,0.291003,0,1.58199,0,0,0.607118,0.284472,2.09865,0.128397
6.698666667,0,2.06619,0.60848,0.236342,0,1.44339,0,0,0.820394,0.0173025,2.7964,0.0983438
6.741333333,0,1.99883,0.638585,0.2391,0,1.43428,0,0,0.75903,0.00434122,2.86143,0.0750106
6.784000000,0,1.94606,0.637459,0.241193,0,1.44065,0,0,0.767675,0.0194495,2.87267,0.0596487
6.826666667,0,1.88186,0.627386,0.269449,0.00388248,1.44914,0,0,0.805031,0.0483353,2.84167,0.0450528
6.869333333,0,1.9308,0.874718,0.245693,0.0136844,1.47727,0.00359426,0,0.668254,0.124046,2.47402,0.0332765
6.912000000,0,2.13526,0.561431,0.254122,0.0559637,1.6565,0.152113,0,0.481973,0.433607,2.22697,0.039215
6.954666667,0,2.13126,0.147308,0.29874,0.0745161,1.67665,0.292087,0,0.472824,0.61733,2.27247,0.0755313
6.997333333,0.060788,2.02503,0.349181,0.282744,0.171106,1.68211,0.505937,0,0.499834,0.615038,2.23278,0.0793128
7.040000000,0.0345491,1.77265,0.785885,0.286909,0.230309,1.73349,0.586448,0,0.557618,0.486769,2.12145,0.105099
7.082666667,0,1.55794,0.990651,0.26906,0.167965,1.87629,0.341596,0,0.541006,0.42883,2.13948,0.162861
7.125333333,0,1.45028,1.03311,0.272081,0,2.05791,0.0145422,0,0.524364,0.327072,2.25097,0.115755
7.168000000,0,0.890791,0.677716,0.209857,0,2.15229,0,0,0.992551,0.0288336,2.8556,0.0703935
7.210666667,0,0.813504,0.666517,0.231452,0,2.05528,0,0,0.783073,0.0151113,2.96153,0.0529688
7.253333333,0,1.04421,0.679279,0.237534,0,1.84207,0,0,0.769895,0.0105064,3.0036,0.0563084
7.296000000,0,1.12384,0.683478,0.236783,0.0118006,1.76841,0,0,0.879188,0.0329593,2.96809,0.0507493
7.338666667,0,1.09773,0.681184,0.246032,0.00430978,1.76717,0,0,0.929507,0.0523983,2.83325,0.0386724
7.381333333,0,1.28811,1.0069,0.277215,0.357529,1.96366,0.0213694,0.0973455,0.64999,0.058997,2.19288,0.0328663
7.424000000,0,1.07651,1.16907,0.548448,0.474093,1.79309,0.481522,0.223822,0.60125,0.17222,1.84899,0.128134
7.466666667,0.000892099,1.3649,1.16226,0.576233,0.426,1.7257,0.697222,0.211217,0.438417,0.243314,1.80899,0.181299
7.509333333,0.0103647,1.56518,1.00109,0.594866,0.302133,1.66982,0.771459,0,0.380536,0.285434,1.79566,0.168107
7.552000000,0,1.62409,0.681533,0.598566,0.133937,1.60081,0.79439,0,0.482916,0.356577,1.7512,0.16045
7.594666667,0,1.55922,0.731693,0.338865,0,1.46442,0.837767,0,0.58554,0.345966,1.93188,0.113717
7.637333333,0,1.92908,0.761829,0.26437,0,1.54096,0,0,0.811628,0.0405208,2.2996,0.0615869
7.680000000,0,1.89377,0.61571,0.242487,0,1.43867,0,0,0.852284,0.0446732,2.60974,0.0346941
7.722666667,0,1.85504,0.670117,0.244674,0,1.40471,0,0,0.806144,0.032938,2.67251,0.0358184
7.765333333,0,1.79826,0.758453,0.244855,0,1.39582,0,0,0.823433,0.0260426,2.70816,0.0472834
7.808000000,0,1.7265,0.85525,0.245329,0,1.39356,0,0,0.843278,0.0376213,2.77402,0.0434188
7.850666667,0,1.54377,0.92057,0.249729,0.00656125,1.59562,0.0788667,0,0.716374,0.334447,2.18918,0.0294855
7.893333333,0,1.95902,0.397832,0.247906,0.0239268,1.89901,0.255533,0,0.65204,0.540207,1.6422,0.0246377
7.936000000,0,2.25362,0.198101,0.255039,0.0347581,2.23874,0.356848,0.0373608,0.605976,0.902569,1.32719,0.211708
7.978666667,0,2.13737,0.0941708,0.287493,0.0986551,2.3025,0.778078,0.0139906,0.675351,1.19024,1.09081,0.151962
8.021333333,0,2.28563,0.110691,0.245979,0.115733,2.06205,0.738032,0,0.600558,1.21822,1.19318,0.172747
8.064000000,0,2.36195,0.520999,0.255287,0,1.90098,0.426906,0,0.644716,0.889332,1.41653,0.312823
8.106666667,0,2.17124,0.762648,0.290453,0,1.56271,0.159071,0,0.612396,0.391567,2.04488,0.0636016
8.149333333,0,2.2062,0.485801,0.239784,0,1.3732,0,0,0.882801,0.0583622,2.21124,0.0292946
8.192000000,0,2.0805,0.547036,0.243326,0,1.36241,0,0,0.768287,0.060344,2.29187,0.0265357
8.234666667,0,2.01807,0.602985,0.244797,0,1.30803,0,0,0.798693,0.0458502,2.53138,0.0296388
8.277333333,0,2.00989,0.61252,0.243678,0,1.24609,0,0,0.920225,0.0364176,2.65589,0.0379442
8.320000000,0,1.94011,0.651722,0.246338,0,1.47984,0.0619764,0,0.751377,0.0437419,2.10479,0.0336461
8.362666667,0,1.81157,0.993302,0.324443,0.0778821,1.66366,0.443364,0,0.547807,0.0558222,2.0895,0.0243737
8.405333333,0,1.91411,1.11402,0.334998,0.040081,1.69782,0.424523,0,0.563011,0.0850293,2.05561,0.0638882
8.448000000,0.00911426,1.74264,1.1212,0.36334,0.021809,1.3747,0.362559,0,0.76413,0.202391,2.00227,0.113978
8.490666667,0,1.82848,0.969011,0.308586,0.0229417,1.36116,0.282108,0,0.901889,0.17833,1.92013,0.184043
8.533333333,0,1.8249,0.765049,0.30124,0,1.60384,0.208904,0,0.992641,0.21192,1.8103,0.202402
8.576000000,0,1.78469,0.776537,0.314108,0,1.63879,0.0685786,0,0.995731,0.233987,1.81203,0.145937
8.618666667,0,1.81446,0.789131,0.293222,0,1.40111,0.0022367,0,0.750017,0.06734,1.99653,0.14023
8.661333333,0,1.82749,0.642278,0.251405,0,1.26644,0.0560435,0,0.755612,0.0787238,2.2659,0.0206483
8.704000000,0,1.74878,0.674725,0.252391,0,1.25232,0.0559482,0,0.785304,0.0703584,2.40453,0.0249618
8.746666667,0,1.66447,0.667684,0.281172,0,1.25575,0.032976,0,0.856907,0.0537292,2.376,0.0268684
8.789333333,0,1.48076,0.674467,0.251666,0.00147691,1.29655,0.0084754,0,0.957544,0.0528957,2.34776,0.0278621
8.832000000,0,1.61903,0.566653,0.293161,0.0506136,1.38347,0.513039,0.061253,0.717561,0.0505797,2.22449,0.0176951
8.874666667,0,2.04067,0.0173957,0.247023,0.0782235,1.55936,0.84577,0,0.622578,0.447268,1.83525,0.00493997
8.917333333,0,2.2432,0,0.320663,0.158769,1.65881,1.02693,0.0941949,0.728162,0.649165,1.76698,0.0108817
8.960000000,0,2.28661,0,0.2851,0.454836,1.74616,1.05949,0.109238,0.844156,0.69495,1.80229,0.0804919
9.002666667,0,2.46292,0,0.251541,0.138115,1.81499,0.719084,0.0475888,0.857655,0.668897,1.76608,0.113589
9.045333333,0,2.42709,0.0826337,0.232031,0,1.80769,0.518701,0,0.889463,0.458626,1.72933,0.0814305
9.088000000,0,2.11776,0.626645,0.2818,0,1.60604,0.117009,0,0.652937,0.069042,2.14507,0.0872757
9.130666667,0,2.05353,0.513406,0.245203,0,1.36715,0.0910701,0,0.592944,0.0908202,2.3713,0.0168959
9.173333333,0,1.95691,0.555428,0.247592,0,1.35177,0.085223,0,0.536995,0.092049,2.63805,0.0187335
9.216000000,0,1.87457,0.721703,0.248918,0,1.4104,0.0516991,0,0.571579,0.0755549,2.60983,0.0230074
9.258666667,0,1.74966,0.851913,0.250062,0,1.44634,0.0266656,0,0.600017,0.175907,2.6161,0.0257855
9.301333333,0,1.59991,0.849636,0.249922,0.0380163,1.62976,0.233397,0,0.517823,0.102534,2.26749,0.0216771
9.344000000,0,1.49795,0.936143,0.25682,0.310479,1.75349,0.372719,0.172138,0.584577,0.189164,2.18275,0.0157744
9.386666667,0,1.47291,1.13927,0.485103,0.419613,1.30343,0.63336,0.203733,0.783643,0.314681,1.87219,0.0207722
9.429333333,0.0378034,1.58005,1.04873,0.488728,0.335712,0.829999,0.60453,0.212609,0.92168,0.548379,1.65755,0.116489
9.472000000,0.031177,1.60533,0.876957,0.460041,0.312981,0.829104,0.585051,0.200816,0.990789,0.636743,1.46994,0.145526
9.514666667,0.0247223,1.58496,0.722548,0.43591,0.176033,1.11676,0.610063,0.0995523,0.977497,0.576823,1.50596,0.124275
9.557333333,0,1.68688,0.79793,0.301275,0,1.37015,0.312066,0,0.942224,0.373262,1.7529,0.0316042
9.600000000,0,1.74402,0.789656,0.302187,0,1.43067,0.0146027,0,0.682907,0.097914,1.99454,0.0141749
9.642666667,0,1.67702,0.925861,0.252848,0,1.487,0.0666451,0,0.694239,0.183136,2.14513,0.0142313
9.685333333,0,1.50341,0.944092,0.254866,0,1.41391,0.0522147,0,0.743831,0.268392,2.38998,0.0198028
9.728000000,0,1.48607,0.907342,0.255004,0,1.31911,0.023428,0,0.802182,0.173674,2.5762,0.0231937
9.770666667,0,1.48064,0.903224,0.254379,0,1.32122,0,0,0.846159,0.0955366,2.62143,0.0257774
9.813333333,0,1.81808,0.556293,0.301607,0.0304069,1.45636,0.833358,0,0.696068,0.0463031,2.01669,0.0235868
9.856000000,0,2.32755,0,0.291129,0.195166,1.34033,1.19542,0.0489205,0.613453,0.0519037,1.65542,0.114324
9.898666667,0.00153951,2.29867,0,0.239828,0.250901,0.849794,1.94887,0.255509,0.6281,0.00383721,1.51206,0.348844
9.941333333,0.0364752,2.40457,0,0.228307,0.298896,0.695762,2.20947,0.230445,0.551318,0.00387472,1.54189,0.451601
9.984000000,0.0478391,2.52629,0,0.210906,0.268508,0.457733,2.39841,0,0.487441,0.00406424,1.53642,0.445816
10.026666667,0.0327948,2.37569,0,0.202828,0.056128,0.329847,2.85205,0,0.531902,0.00416234,1.51732,0.294371
10.069333333,0.0364032,2.2627,0,0.217888,0.0565163,0.306526,3.056,0,0.589875,0.067396,1.54692,0.149344
10.112000000,0.0252782,2.11167,0,0.231005,0.0523233,0.308194,3.23316,0,0.635024,0.108376,1.5361,0.00845155
10.154666667,0.0228254,2.05744,0,0.234936,0.0534375,0.301136,3.25344,0,0.664067,0.123861,1.54851,0
10.197333333,0.0210434,2.0679,0.00453286,0.234823,0.0625823,0.294105,3.24973,0,0.678435,0.12369,1.57961,0
10.240000000,0.0244803,2.07984,0.00273629,0.23543,0.0645707,0.290475,3.22122,0,0.683363,0.108824,1.58788,0.0350792
10.282666667,0.0323019,2.06476,0,0.230172,0.0733688,0.291857,3.19164,0,0.688835,0.0930452,1.55702,0.0292062
10.325333333,0.0419107,2.12685,0.0171814,0.213102,0.0186465,0.317461,3.13989,0,0.691432,0.0266315,1.4301,0.0595465
10.368000000,0.223021,2.19187,0.0215586,0.248019,0.00406116,0.359206,2.97519,0,0.638919,0.245082,1.28653,0.212255
10.410666667,0.19556,2.52165,0,0.354128,0.36484,0.478977,2.40439,0.14855,0.806844,0.338203,1.38601,0.205076
10.453333333,0.0891999,2.38665,0,0.32196,0.363533,0.36779,2.42273,0.266947,0.89953,0.396583,1.44693,0.187932
10.496000000,0.0535473,2.01472,0,0.23203,0.0684729,0.327572,2.75409,0,0.571826,0.257048,1.45556,0.251539
10.538666667,0.0550656,1.8891,0.0121035,0.243067,0.117412,0.331061,2.84129,0,0.55732,0.0466454,1.47573,0.23306
10.581333333,0.00824221,1.99083,0.37956,0.230523,0.108395,0.377144,3.00533,0,0.732938,0.0874054,1.35852,0.045878
10.624000000,0.0690901,2.23619,0.209573,0.222633,0.0622681,0.44132,2.83579,0,1.3967,0.131882,1.03667,0.0927367
10.666666667,0.103228,2.81798,0.0460066,0.214574,0.00674502,0.971396,2.11677,0,1.98939,0.0820765,0.4436,0.0795653
10.709333333,0.107893,3.38843,0.0294945,0.209709,0.01303,1.6911,1.09319,0.00826296,2.25092,0.0259496,0.0391909,0.0951371
10.752000000,0.0578295,3.61631,0,0.212923,0,1.92501,0.597677,0.0544994,2.32274,0,0,0.104732
10.794666667,0.0406267,3.74056,0.0427518,0.211839,0,1.90678,0.520152,0.0477966,2.22698,0,0.000740046,0.115396
10.837333333,0,3.9863,0.12635,0.222446,0,1.78321,0.229495,0.240172,2.0012,0.00818771,0.00210872,0.132438
10.880000000,0,4.04056,0.148279,0.232208,0,1.78386,0.158818,0.208101,1.70973,0.0148616,0.0776117,0.304827
10.922666667,0.000790764,3.89703,0.0361583,0.232296,0,1.91509,0.178833,0.0260696,1.40873,0.0156355,0.14371,0.41262
10.965333333,0.0937472,3.9113,0,0.22928,0,2.00684,0.168209,0,1.57968,0.019518,0.150258,0.291535
11.008000000,0.0842187,3.92285,0,0.2176,0,1.98592,0.198765,0,1.88364,0.0362403,0.159177,0.222382
11.050666667,0,3.62716,0,0.20817,0,1.95846,0.442303,0,2.00044,0.0667553,0.151503,0.156498
11.093333333,0,3.5197,0.00785001,0.20942,0,1.99707,0.498659,0.0522667,2.05944,0.101261,0.111522,0.136076
11.136000000,0,3.48091,0.0211319,0.210386,0,2.02782,0.520491,0.0571494,2.11752,0.104556,0.0566646,0.126287
11.178666667,0.0107066,3.49376,0.0178318,0.20909,0,2.05622,0.529201,0.0586446,2.19948,0.0767622,0.0037968,0.126746
11.221333333,0.0285469,3.56703,0.0365959,0.207542,0,2.04702,0.514975,0.0548377,2.28074,0.0182499,0.00032306,0.138957
11.264000000,0.0513124,3.65374,0.0310823,0.20488,0,2.01861,0.43189,0.0533782,2.30181,0.000967064,0.000186358,0.14015
11.306666667,0.0209119,3.99222,0,0.20874,0,1.90609,0,0.42658,2.11462,0.00032333,0,0.0689978
11.349333333,0.080316,3.80694,0,0.217619,0.0230564,1.78095,0,0.307927,1.61921,0.299569,0,0.0514038
11.392000000,0.165633,3.4969,0,0.232644,0.0205711,1.53341,0.0837127,0.29804,1.29293,0.768993,0.246444,0.0267882
11.434666667,0.0340234,3.60546,0.0561845,0.231543,0,1.53125,0,0.258894,1.30108,0.706158,0.232951,0.158743
11.477333333,0,3.92315,0.0699774,0.21508,0,1.84976,0,0.157998,2.00492,0.0306308,0.166303,0.167518
11.520000000,0,4.00607,0.0278562,0.20419,0,1.92967,0.0265809,0.204111,2.16237,0.0458371,0.140175,0.132663
11.562666667,0,3.71858,0,0.197131,0,1.92084,0.369832,0.0400447,2.22981,0.0880748,0.132801,0.0848047
11.605333333,0.0201901,3.70518,0,0.197554,0,1.9546,0.383929,0.0353632,2.25966,0.104559,0.0719588,0.0860124
11.648000000,0.00890835,3.70606,0,0.198159,0,1.99449,0.350714,0.0521302,2.28687,0.0948429,0.0195988,0.0972584
11.690666667,0.0332471,3.7431,0.0123693,0.199677,0,2.02147,0.307925,0.0505291,2.32302,0.0385273,0.00053952,0.120141
11.733333333,0.045348,3.76934,0.0262215,0.201079,0,2.02397,0.277746,0.0486005,2.35293,0.00196442,0.000482621,0.129968
11.776000000,0.0430481,3.89219,0.0747556,0.201402,0,1.91826,0.0278535,0.351043,2.35244,0.101452,0.0689246,0.0371129
11.818666667,0.182435,3.09133,0.316068,0.206663,0.0542123,1.52185,0.413333,0.143481,2.4336,0.196657,1.05444,0.0658589
11.861333333,0.0587312,2.02513,0.898021,0.282572,0.0441902,1.44814,0.355975,0.0841105,2.342,0.0745485,2.29567,0.247614
11.904000000,0.0061969,1.69074,1.0928,0.34698,0.0134831,2.12331,0.0088973,0,2.00336,0.00188171,2.81071,0.220101
11.946666667,0,1.73508,0.939899,0.293778,0.006584,2.39331,0.00659132,0,1.74142,0.00989397,3.00066,0.146
11.989333333,0.00244962,2.09883,0.821398,0.209986,0,2.37595,0,0,1.5041,0.0248777,3.119,0.108874
12.032000000,0.00809802,2.18512,0.804418,0.224527,0,2.35433,0.060552,0,1.331,0.0302796,3.12009,0.0641436
12.074666667,0.0301107,1.96709,0.87409,0.229561,0,2.33534,0.224195,0,1.30131,0.0233237,3.07214,0.0217671
12.117333333,0.0194819,1.83313,0.984259,0.229876,0,2.32995,0.225816,0,1.28392,0.0109427,3.10965,0.0234811
12.160000000,0.00383889,1.68238,1.11962,0.22812,0,2.35653,0.233913,0,1.24105,0.0191595,3.15117,0.024638
12.202666667,0.00493473,1.53792,1.2091,0.227068,0,2.3606,0.240501,0,1.2007,0.0357304,3.16679,0.0100761
12.245333333,0.010951,1.49447,1.26488,0.225016,0,2.33654,0.059449,0,1.22064,0.0467143,3.19325,0.0291804
12.288000000,0.00119799,1.12821,1.29217,0.249975,0.0655372,2.45042,0.00716235,0.0378518,1.33071,0.0613621,3.12641,0.0202178
12.330666667,0.0433881,0.85934,1.24209,0.196585,0.131861,2.58672,0.0166662,0.0381602,1.31178,0.0790119,3.07689,0.0126416
12.373333333,0.0655333,1.06979,0.980046,0.268011,0.0453932,2.55005,0.0202264,0.00687653,1.2815,0.0880572,3.1324,0.0193341
12.416000000,0.0416366,1.34102,0.586516,0.229623,0.0114302,2.51595,0.0167908,0,1.29824,0.0664303,3.09307,0.0419008
12.458666667,0,1.58612,0.641255,0.215746,0,2.42363,0.00838168,0,1.2222,0.0418238,3.13605,0.0767115
12.501333333,0,2.01495,0.845518,0.235677,0,2.3255,0,0,1.11707,0.0390422,3.2001,0.0597006
12.544000000,0,2.09232,0.834822,0.224401,0,2.32739,0.199897,0,1.15503,0.0438649,3.09272,0.0119488
12.586666667,0,2.16096,0.83023,0.227965,0,2.30927,0.200806,0,1.1726,0.0383664,3.067,0.00831914
12.629333333,0,2.19584,0.85314,0.228027,0,2.2749,0.188571,0,1.13025,0.0293397,3.10943,0.0251946
12.672000000,0,2.16815,0.87471,0.225242,0,2.27033,0.193728,0,1.14157,0.0325872,3.11505,0.0215941
12.714666667,0,2.13453,0.896989,0.227309,0,2.30773,0.14836,0,1.14416,0.0428196,3.11189,0.0175328
12.757333333,0,2.0446,0.870318,0.229253,0.0529267,2.39031,0.0211014,0,1.03184,0.0552173,3.1351,0.0196953
12.800000000,0.0176925,2.0529,0.758761,0.22171,0.111173,2.55149,0.0156087,0.000408327,0.742148,0.0627534,2.82231,0.0393422
12.842666667,0.0388699,2.38651,0.705608,0.362446,0.0637219,2.4161,0.0485295,0.00133998,0.523652,0.0725578,2.40543,0.0571759
12.885333333,0.0221056,2.52801,0.628134,0.271346,0,2.3064,0.0161794,0.000246475,0.607478,0.261083,2.24237,0.0725459
12.928000000,0,2.40527,0.64662,0.246298,0,2.46097,0.00613167,0,0.8233,0.0576927,2.52404,0.0768705
12.970666667,0,2.05933,0.668071,0.240807,0,2.37242,0,0,1.1953,0.0476259,2.93529,0.0611491
13.013333333,0,1.9318,0.649679,0.209047,0,2.2944,0,0,1.35755,0.0590283,2.98825,0.0285958
13.056000000,0,1.82639,0.716141,0.204357,0,2.29145,0.0442516,0,1.34866,0.0641099,3.02748,0.0214801
13.098666667,0,1.7364,0.742505,0.205597,0,2.31036,0.0753633,0,1.28663,0.0552277,3.08301,0.0202168
13.141333333,0,1.69969,0.734246,0.21152,0,2.32176,0.0884152,0,1.30248,0.0453384,3.07562,0.0253414
13.184000000,0,1.68431,0.758891,0.214263,0.00520726,2.31197,0.108809,0,1.31615,0.0461102,3.04756,0.0219915
13.226666667,0,1.6844,0.801427,0.227897,0.00461018,2.28989,0.0517828,0,1.24795,0.0544733,3.05821,0.0233297
13.269333333,0,1.79613,0.86797,0.259178,0,2.11672,0.130421,0,1.18506,0.0597139,3.05888,0.0134044
13.312000000,0,1.84851,0.815988,0.354268,0.0702352,1.83977,0.213611,0,1.2569,0.061522,2.8523,0.0373442
13.354666667,0,1.80804,0.568403,0.438247,0.325433,1.78318,0.275563,0,1.2784,0.0458041,2.63855,0.0732626
13.397333333,0,2.05812,0.160291,0.299291,0.158108,1.73004,0.054675,0.0309146,1.22532,0.0318451,2.68425,0.0948602
13.440000000,0,2.06717,0.117003,0.258368,0,1.90247,0.00308578,0.0395389,1.1577,0.043085,2.79082,0.0692876
13.482666667,0,2.37876,0.267652,0.240114,0,2.163,0,0.0545511,0.849306,0.0629374,2.84959,0.0277168
13.525333333,0,2.28674,0.40714,0.238816,0,2.2065,0.0406023,0,0.786705,0.0763504,2.83574,0.0176159
13.568000000,0,2.17249,0.51097,0.239166,0,2.1844,0.0297876,0,0.850408,0.073271,2.84178,0.0197952
13.610666667,0,2.05294,0.597167,0.239366,0,2.15746,0,0,0.97933,0.0596328,2.86089,0.0262582
13.653333333,0,1.94751,0.625244,0.238557,0.00614658,2.19949,0,0,1.02998,0.0495167,2.88909,0.0271867
13.696000000,0,1.79415,0.619468,0.234895,0.0451215,2.2404,0,0,0.988607,0.0476023,2.91642,0.0271753
13.738666667,0,2.06489,0.399229,0.239679,0.0705496,2.20089,0.000570596,0,0.751783,0.0438176,2.68187,0.020162
13.781333333,0,2.27549,0.308768,0.297109,0.408763,2.1078,0.0948233,0.0440525,0.841732,0.353972,1.8851,0.0460849
13.824000000,0,2.36894,0.525095,0.384166,0.536946,2.23609,0.0679971,0.0256656,0.789193,0.5603,1.56185,0.112397
13.866666667,0,2.4374,0.634969,0.35703,0.575098,2.29916,0.0187043,0,0.880656,0.599704,1.58722,0.149763
13.909333333,0,2.42963,0.58405,0.242214,0.598834,2.20649,0.0164624,0,1.11015,0.283844,2.01336,0.0762849
13.952000000,0,2.18826,0.504972,0.236805,0,2.18392,0.00383301,0,0.961764,0.0594399,2.88192,0.0236461
13.994666667,0,2.13034,0.6145,0.22017,0,2.25913,0,0,0.885271,0.0832304,3.06533,0.0172564
14.037333333,0,1.88779,0.714795,0.211538,0,2.31601,0,0,0.975259,0.0905253,3.09797,0.0184067
14.080000000,0,1.77411,0.767413,0.214623,0,2.32611,0,0,1.04279,0.0779089,3.11531,0.0219087
14.122666667,0,1.73363,0.835911,0.213803,0.0200843,2.30919,0,0,1.10266,0.0595785,3.12577,0.0231264
14.165333333,0,1.72191,0.872732,0.213134,0.0221167,2.27243,0,0,1.12005,0.0515393,3.12657,0.0241323
14.208000000,0.0145855,1.75894,0.767046,0.251453,0.011587,2.29554,0.00434591,0,0.99916,0.0460659,2.99153,0.0208484
14.250666667,0.0845601,1.95286,0.628926,0.248464,0.0313955,2.30629,0.0228121,0,0.855209,0.0268778,2.79241,0.0668558
14.293333333,0.141002,2.35748,0.434158,0.219582,0.0558744,2.18445,0.0320369,0.200845,0.796896,0.00124945,2.61351,0.133403
14.336000000,0.169842,2.52503,0.236357,0.222667,0.0471382,2.09136,0.0570851,0.285501,0.750266,0.000637685,2.51551,0.17911
14.378666667,0.0698673,2.49925,0.144752,0.236427,0.0337231,2.01711,0.130741,0.197502,0.841192,0.0446372,2.46405,0.1592
14.421333333,0,2.3522,0.274029,0.276289,0,2.03941,0.242158,0,0.88188,0.0534716,2.66019,0.0484562
14.464000000,0,2.1076,0.579911,0.265821,0,2.15474,0,0,0.963626,0.0876333,3.04225,0.0149726
14.506666667,0,2.07158,0.632678,0.228781,0,2.1418,0.00117114,0,0.961707,0.103988,3.05612,0.0138699
14.549333333,0.0181079,2.08406,0.661844,0.230515,0,2.10071,0.0247869,0,0.93206,0.0959266,3.03206,0.0165289
14.592000000,0.0139416,2.10222,0.669586,0.225462,0,2.09672,0.0329526,0,0.945071,0.0786887,3.02483,0.0196233
14.634666667,0,2.08308,0.67364,0.220915,0,2.12166,0.0381101,0,0.979955,0.0632442,3.02956,0.0215522
14.677333333,0,1.87861,0.649277,0.222503,0.0680215,2.1257,0.0988666,0,0.899513,0.0503985,3.01772,0.0142961
14.720000000,0,1.85813,0.471255,0.206173,0.114411,2.33875,0.204415,0,0.723063,0.0346263,2.25199,0.0441245
14.762666667,0,1.93031,0.164714,0.172078,0.0856724,2.38867,0.0902683,0.250466,0.674743,0.275632,1.8947,0.179965
14.805333333,0.0363838,1.9825,0.200305,0.193878,0.0554459,2.28194,0.0885113,0.288496,0.708709,0.317777,1.88223,0.320714
14.848000000,0.0511669,1.97631,0.391279,0.232842,0.0121205,2.16835,0.257708,0.204426,0.627416,0.297114,1.72671,0.35867
14.890666667,0.0544199,1.9037,0.593751,0.29221,0,2.04446,0.406028,0.00991117,0.535837,0.165201,1.67631,0.248535
14.933333333,0,1.81852,0.518173,0.293973,0,1.84868,0.391403,0,0.562318,0.0930534,2.58315,0.0191011
14.976000000,0.0769526,2.0153,0.569669,0.250503,0,1.87663,0,0,0.587223,0.123895,2.81758,0.0114128
15.018666667,0.0782373,1.96646,0.561954,0.24299,0,1.88833,0,0,0.514013,0.112271,2.81983,0.0176689
15.061333333,0.0866487,1.90264,0.6127,0.245587,0,1.8548,0,0,0.493853,0.0907254,2.81673,0.0224169
15.104000000,0.0927045,1.80742,0.689223,0.246886,0,1.82115,0,0,0.56685,0.0731041,2.83038,0.0250785
15.146666667,0.0829556,1.50176,0.689951,0.231227,0,1.88273,0,0,0.762873,0.0664118,2.83158,0.0274814
15.189333333,0,1.75038,1.0318,0.24035,0.00575708,1.62469,0.109232,0,0.445799,0.0499015,2.65628,0.151638
15.232000000,0,1.54744,1.24692,0.262518,0.0341903,1.80358,0.345957,0.181967,0.136391,0.507002,1.73136,0.270916
15.274666667,0.0672174,1.4251,1.19564,0.230203,0.00882284,1.93474,0.483111,0.343344,0.162459,0.776852,1.36724,0.466337
15.317333333,0.141347,1.44229,0.998761,0.222771,0,1.99758,0.513467,0.229412,0.211234,0.817005,1.09286,0.484517
15.360000000,0.197488,1.61992,0.849177,0.273332,0,1.99456,0.262536,0,0.29135,0.583923,0.977899,0.46868
15.402666667,0.142707,1.75756,0.803409,0.297628,0,1.79843,0.193948,0,0.416074,0.175573,1.82968,0.255397
15.445333333,0.11373,1.93693,0.572958,0.295672,0,1.65637,0,0,0.589111,0.101757,2.61727,0.12711
15.488000000,0.11932,1.91452,0.556528,0.247755,0,1.64482,0,0,0.60466,0.113986,2.57185,0.106183
15.530666667,0.154016,1.90219,0.61771,0.24793,0,1.68993,0,0,0.602643,0.0869244,2.51962,0.0346931
15.573333333,0.147982,1.80883,0.637897,0.247169,0,1.73805,0,0,0.660908,0.0749531,2.54911,0.0260794
15.616000000,0.12295,1.74334,0.637998,0.247058,0.00333746,1.73428,0,0,0.702846,0.0642185,2.6034,0.0260635
15.658666667,0,1.61669,0.657451,0.249285,0.0762678,1.56925,0.0112294,0,0.685061,0.0542508,2.66465,0.066345
15.701333333,0,1.76132,0.429502,0.248001,0.137398,1.20761,0.559305,0.152313,0.644593,0.05739,2.29256,0.220812
15.744000000,0.016212,1.67374,0.232642,0.293055,0.167256,1.08926,0.608592,0.283821,0.679761,0.197946,2.22163,0.355517
15.786666667,0.229098,1.64759,0.674999,0.322386,0.170724,0.535441,0.62397,0,0.607836,0.197045,2.16621,0.412805
15.829333333,0.186402,1.70759,0.989648,0.335274,0.112333,0.781635,0.692967,0,0.447156,0.0891194,1.97054,0.37621
15.872000000,0.133767,1.76807,0.93959,0.335565,0.0237848,1.08972,0.668073,0,0.422086,0.00153415,1.94921,0.382753
15.914666667,0.00940475,2.1266,0.59685,0.301251,0,1.41511,3.44654e-05,0,0.44086,0.00339291,2.35768,0.189786
15.957333333,0.0625869,2.03709,0.594747,0.247466,0,1.5365,0,0,0.652696,0.00429292,2.49958,0.15715
16.000000000,0.047794,1.94959,0.621106,0.24863,0,1.5292,0,0,0.619556,0.00575431,2.48303,0.100355
16.042666667,0.0372685,1.81714,0.633454,0.251155,0,1.51265,0,0,0.644084,0.0495045,2.50917,0.0502181
16.085333333,0.0632287,1.75595,0.660102,0.252011,0,1.53707,0,0,0.686736,0.0646656,2.53119,0.0377944
16.128000000,0,1.71602,0.690078,0.25271,0.0193474,1.52358,0,0,0.691129,0.057413,2.50235,0.0317764
16.170666667,0,2.00613,1.12082,0.282154,0.0312043,1.67321,0.1988,0,0.480475,0.164269,1.57336,0.133333
16.213333333,0.0118986,2.2154,1.04838,0.214409,0.00177209,1.95816,0.440839,0.0573397,0.450547,0.363009,1.20027,0.257079
16.256000000,0.166145,2.14295,0.840516,0.204278,0.00624635,2.00848,0.692857,0,0.45516,0.515451,1.16281,0.26265
16.298666667,0.228312,2.01166,0.53898,0.220789,0,2.01518,0.854905,0,0.475535,0.63527,1.01955,0.213933
16.341333333,0.0847391,2.06348,0.295456,0.238166,0,1.92059,0.651399,0,0.439698,0.657914,0.929864,0.312025
16.384000000,0.000225083,2.30068,0.377833,0.28322,0,1.66517,0.23973,0,0.355688,0.381224,1.23493,0.223908
16.426666667,0,2.38405,0.290851,0.275366,0,1.43391,0.0309869,0,0.70332,0.0103905,2.35686,0.124282
16.469333333,0.0238729,2.29232,0.376321,0.245166,0,1.49593,0.0133239,0,0.664764,0.0217046,2.38821,0.094892
16.512000000,0.0415018,2.25876,0.444486,0.247096,0,1.5156,0,0,0.619105,0.0181488,2.3609,0.0688953
16.554666667,0.0268096,2.17666,0.467956,0.248564,0,1.51154,0,0,0.642475,0.0343748,2.35603,0.0535095
16.597333333,0.0185192,2.10573,0.500026,0.268609,0,1.50043,0,0,0.696971,0.0522565,2.34506,0.0425405
16.640000000,0,2.15229,0.600149,0.27895,0.0549425,1.51758,0.269992,0.0291385,0.512511,0.202681,1.65187,0.0459818
16.682666667,0,1.96878,0.212947,0.28016,0.0464988,1.56195,0.727064,0,0.510378,0.497794,1.55304,0.169726
16.725333333,0.0123002,1.81228,0.181776,0.248646,0.0436748,1.54359,1.0463,0,0.382022,0.639744,1.5561,0.218031
16.768000000,0.0969624,1.65597,0.477997,0.264876,0.0236337,1.51626,1.2499,0,0.339223,0.625826,1.49433,0.234824
16.810666667,0,1.60282,0.813962,0.315397,0.00352706,1.47785,1.17494,0,0.352295,0.506294,1.41975,0.291886
16.853333333,0,1.69227,0.97108,0.295622,0,1.59352,0.66598,0,0.352596,0.303589,1.49543,0.302413
16.896000000,0,1.77998,0.867397,0.300333,0,1.5458,0,0,0.454141,0.0590807,1.85957,0.113186
16.938666667,0,1.8589,0.681648,0.238499,0,1.43934,0,0,0.758176,0.0175067,2.34574,0.0659478
16.981333333,0,1.78482,0.645437,0.248309,0,1.44846,0,0,0.692407,0.0276005,2.35118,0.0576153
17.024000000,0,1.46029,0.657763,0.249357,0,1.48429,0,0,0.738006,0.0183361,2.39253,0.0597028
17.066666667,0,1.4533,0.681719,0.25014,0.00392061,1.48584,0,0,0.7744,0.0434521,2.46318,0.0484844
17.109333333,0,1.54982,0.951042,0.253618,0,1.56765,0.00605353,0,0.684796,0.0554702,1.988,0.0467462
17.152000000,0,1.68374,1.30199,0.291797,0.0399501,1.47277,0.363048,0,0.530078,0.31705,1.51767,0.194421
17.194666667,0,1.51186,1.39869,0.504462,0.0845433,1.54434,0.932468,0,0.424912,0.517246,1.22581,0.266328
17.237333333,0.0168627,1.50172,1.28807,0.449412,0.0704801,1.53674,1.07882,0,0.343964,0.630333,1.05834,0.283943
17.280000000,0,1.53277,0.942397,0.485449,0.0174045,1.46674,1.08072,0.0510255,0.417628,0.785258,0.990642,0.257752
17.322666667,0,1.67605,0.721509,0.479394,0,1.35514,1.00191,0.0387503,0.497321,0.731557,1.03025,0.211875
17.365333333,0,2.39698,0.492431,0.282587,0,1.46233,0.210389,0.0233222,0.411198,0.452033,1.38231,0.0891078
17.408000000,0,2.41949,0.349416,0.235891,0,1.34934,0.0540841,0,0.734863,0.0438628,2.34333,0.0522099
17.450666667,0,2.28676,0.545789,0.24166,0,1.38882,0.0443976,0,0.599052,0.0434132,2.25228,0.0331515
17.493333333,0,2.25833,0.658729,0.243712,0,1.4372,0.00530151,0,0.585019,0.0301625,2.20069,0.0427417
17.536000000,0,2.14546,0.643395,0.268567,0,1.43268,0,0,0.656766,0.0306676,2.28504,0.0475519
17.578666667,0,2.05014,0.655535,0.245411,0,1.39109,0,0,0.746674,0.0427768,2.3057,0.0406982
17.621333333,0,2.25511,0.796224,0.26204,0.0899625,1.58677,0.1415,0,0.550973,0.329223,1.51768,0.0272151
17.664000000,0,2.463,0.134258,0.187361,0.158695,1.76248,0.534945,0.107568,0.603456,0.83963,0.97787,0.0618338
17.706666667,0.00216207,2.29724,0.176038,0.186546,0.160501,1.86322,0.808013,0.0848221,0.7429,1.06154,0.734464,0.293212
17.749333333,0.0765709,1.93743,0.0838725,0.18695,0.270338,1.72519,1.25783,0.0232288,0.824571,1.21553,0.684678,0.210734
17.792000000,0.0394027,1.9036,0.329133,0.218611,0.220876,1.68404,1.08151,0,0.764911,1.07645,0.976765,0.230347
17.834666667,0,2.14368,0.676401,0.245862,0,1.60368,0.747387,0,0.576988,0.669295,1.36364,0.190303
17.877333333,0,2.2547,0.608277,0.293154,0,1.44389,0.193055,0,0.595775,0.36593,1.96941,0.0495751
17.920000000,0,2.1092,0.640112,0.245592,0,1.28011,0.0318197,0,0.733794,0.0607136,2.26476,0.0276276
17.962666667,0,1.9858,0.766062,0.246834,0,1.38565,0,0,0.778655,0.055793,2.10611,0.0269447
18.005333333,0,1.95061,0.833098,0.284604,0,1.44332,0,0,0.806867,0.0436266,1.99348,0.0343768
18.048000000,0,1.94688,0.883504,0.246528,0,1.38004,0,0,0.828074,0.0645918,2.13439,0.0373904
18.090666667,0.120806,1.9387,0.822464,0.249248,0.0207026,1.55739,0.047515,0,0.684738,0.0460448,1.96581,0.0501348
18.133333333,0.0702558,2.10469,1.06628,0.318798,0.0146049,1.69479,0.0180443,0,0.547005,0.06079,1.88105,0.129792
18.176000000,0.0605101,2.00485,1.22529,0.335003,0.0762167,1.67117,0.0267946,0,0.644502,0.146968,1.68175,0.192391
18.218666667,0.0601388,2.00293,1.05822,0.327717,0.0572873,1.46149,0.0286685,0,0.749378,0.322113,1.53906,0.246267
18.261333333,0,2.08223,0.661723,0.312822,0.0313785,1.5864,0.0261812,0.0762473,0.838715,0.362667,1.45141,0.346068
18.304000000,0,2.13943,0.361276,0.308722,0.0575661,1.75962,0.0168936,0.0905548,0.889796,0.402951,1.39033,0.297565
18.346666667,0,2.40882,0.370728,0.302241,0,1.56993,0.00153333,0.0624726,0.917252,0.344609,1.47223,0.149916
18.389333333,0,2.3418,0.50815,0.245606,0.00353316,1.39858,0.0470066,0,0.700817,0.106416,1.74146,0.0237385
18.432000000,0,2.1983,0.70455,0.248376,0,1.40714,0.00713481,0,0.567287,0.383597,1.99205,0.0222912
18.474666667,0,2.1792,0.78728,0.249584,0.00272375,1.36749,0,0,0.606656,0.349013,2.15169,0.0256607
18.517333333,0,2.15745,0.743034,0.279938,0,1.29972,0,0,0.724793,0.220871,2.21598,0.0274159
18.560000000,0,2.18179,0.730116,0.247305,0,1.33346,0,0,0.771674,0.201824,1.98587,0.0303148
18.602666667,0,2.39761,0.558891,0.266426,0.118739,1.47111,0.117522,0,0.504272,0.401655,1.47249,0.0387834
18.645333333,0,2.519,0.175802,0.293984,0.166617,1.55227,0.240651,0.00730785,0.76128,1.04593,1.24378,0.118183
18.688000000,0,2.48175,0.132586,0.271562,0.190916,1.75354,0.339235,0.0390154,0.817767,1.23781,1.21635,0.191682
18.730666667,0,2.53124,0.099083,0.209052,0.230247,1.85815,0.29288,0.0451596,0.76876,1.30692,1.18549,0.281242
18.773333333,0,2.62618,0.062011,0.217319,0,1.80024,0.171115,0.0246697,0.679464,1.2292,1.07594,0.281797
18.816000000,0,2.65743,0.0135522,0.231253,0,1.69536,0.0617416,0,0.595528,0.867527,1.05618,0.139432
18.858666667,0,2.4763,0.165296,0.277862,0,1.58503,0.0198335,0,0.259564,0.500186,1.3928,0.019855
18.901333333,0,2.43668,0.21456,0.24301,0,1.52072,0.0246226,0.00928255,0.153727,0.0912783,1.62517,0.0157678
18.944000000,0,2.47863,0.322375,0.240983,0,1.40926,0.0114423,0,0.277832,0.0859597,1.63941,0.0205438
18.986666667,0,2.50297,0.35516,0.238841,0.0101857,1.364,0.00451066,0,0.349387,0.066438,1.76738,0.023958
19.029333333,0,2.45825,0.389584,0.238306,0.0136836,1.35781,0,0,0.378725,0.0528478,2.00697,0.0260577
19.072000000,0,2.50514,0.563502,0.262376,0.113637,1.45428,0.180678,0,0.0825431,0.103569,1.59797,0.0149734
19.114666667,0,1.97111,1.02868,0.307589,0.260014,1.2774,0.718928,0.111855,0.334271,0.295919,1.36712,0.161846
19.157333333,0.0631946,1.89727,1.10109,0.412467,0.306405,0.807654,0.869888,0.184545,0.58708,0.475905,1.11291,0.211148
19.200000000,0.0810929,2.35536,0.924346,0.409307,0.358282,0.654173,0.800738,0.197315,0.675497,0.632451,0.843511,0.27847
19.242666667,0.0572225,2.8009,0.218268,0.417336,0.288658,0.64564,0.781035,0.256186,0.746865,0.788331,0.738365,0.245755
19.285333333,0.006398,2.83745,0.0141321,0.409023,0.0792517,1.06691,0.658745,0.122292,0.866793,0.618077,0.896844,0.127062
19.328000000,0,2.73268,0.0813883,0.281776,0,1.40841,0.155629,0,0.78235,0.365556,1.20364,0.0193359
19.370666667,0,2.43572,0.334435,0.24444,0,1.52498,0.018225,0,0.600533,0.283378,1.33525,0.0123194
19.413333333,0,2.4115,0.482342,0.245337,0,1.52973,0,0,0.550471,0.459474,1.49538,0.0162499
19.456000000,0,2.40589,0.476329,0.245494,0,1.47661,0.00975484,0,0.55368,0.328434,1.64547,0.0217236
19.498666667,0,2.41685,0.433485,0.244875,0.00345592,1.41241,0.0147394,0,0.574384,0.143129,1.75934,0.0246725
19.541333333,0,2.50692,0.265763,0.24232,0.0181663,1.49176,0.0483965,0,0.61743,0.055029,1.52792,0.0389284
19.584000000,0,2.83634,0.0265643,0.264264,0.15139,1.41432,1.13961,0.00481174,0.496841,0.03833,1.58696,0.160411
19.626666667,0,2.70146,0.018824,0.21115,0.210533,1.24875,1.60567,0.0420219,0.525618,0.0251758,1.57039,0.351304
19.669333333,0.00545141,2.49518,0,0.204316,0.381557,0.807508,2.25637,0.163025,0.454177,0.00716521,1.72384,0.452448
19.712000000,0.0443378,2.39187,0,0.216202,0.457937,0.630898,2.45961,0.0662911,0.324183,0.0149978,1.80737,0.502718
19.754666667,0.0569516,2.34128,0,0.225329,0.290714,0.354289,2.74532,0,0.198868,0.075461,1.70162,0.44027
19.797333333,0.0475637,2.37139,0.00383841,0.232887,0.0463838,0.311212,3.0449,0,0.137145,0.183379,1.47339,0.244555
19.840000000,0.0639132,2.22386,0.00580279,0.232846,0.0611506,0.297111,3.30953,0.0472763,0.150942,0.305411,1.43493,0.0477911
19.882666667,0.00699762,2.14294,0.00894938,0.237765,0.0860161,0.282413,3.39989,0.0701082,0.114636,0.365631,1.44718,0.0102599
19.925333333,0.00474169,2.15573,0.0112926,0.242656,0.111552,0.264169,3.40853,0.0903915,0.0470203,0.411886,1.45966,0.0233972
19.968000000,0,2.13876,0.00934504,0.240963,0.134071,0.231346,3.45044,0.12217,0.0732222,0.41148,1.4994,0.018947
20.010666667,0,2.10912,0.0038949,0.23157,0.145391,0.188291,3.48117,0.153068,0.247973,0.353565,1.5117,0.0150175
20.053333333,0.0323572,2.03395,0.0241759,0.229941,0.163678,0.149636,3.47057,0.137428,0.370115,0.264062,1.48047,0.027541
20.096000000,0.103246,2.08954,0.0998265,0.219869,0.132963,0.254847,3.35455,0.0409953,0.422416,0.172705,1.3009,0.264491
20.138666667,0.21582,2.34483,0.110494,0.509988,0.213963,0.508817,2.83753,0.0161845,0.738296,0.156716,1.11656,0.517058
20.181333333,0.171604,2.55794,0.0472014,0.529474,0.248864,0.571786,2.54111,0.156807,0.676022,0.175453,1.06972,0.457463
20.224000000,0.0432454,2.55155,0.0323726,0.563797,0.282474,0.484488,2.50669,0.109373,1.05933,0.205272,1.05786,0.356474
20.266666667,0.0503273,2.22653,0.0510396,0.371496,0.0211033,0.369421,2.895,0,0.606096,0.0550799,1.17118,0.303942
20.309333333,0.100559,2.26614,0.0782218,0.265498,0.0157426,0.344088,3.07164,0,0.508263,0.0585365,1.27065,0.119135
20.352000000,0.0792675,2.22072,0.405154,0.207941,0.004084,0.390383,3.06766,0,1.00836,0.112255,1.13958,0.0661811
20.394666667,0.0997253,2.3922,0.139247,0.252735,0,0.578799,2.702,0,1.8472,0.132066,0.773244,0.140755
20.437333333,0.128259,3.13661,0.0329289,0.314701,0.0136125,1.16663,1.7387,0,2.30448,0.0646304,0.257016,0.111536
20.480000000,0.0915831,3.6284,0.0288157,0.365789,0.0171908,1.74866,0.831148,0.0188341,2.3885,0.00979692,0,0.130798
20.522666667,0.05164,3.72021,0.032458,0.352081,0,1.90012,0.508037,0.0307029,2.47206,0.0196071,0.0369969,0.139913
20.565333333,0,3.89963,0.060374,0.267052,0,1.84412,0.448738,0.179106,2.33532,0.00257028,0.0568698,0.121083
20.608000000,0,4.00273,0.13821,0.190499,0.0176269,1.74571,0.331269,0.267284,2.14511,0.0112518,0.0262527,0.220339
20.650666667,0,3.94134,0.131035,0.177936,0.070578,1.71638,0.305021,0.206857,1.90096,0.0130863,0.11053,0.35642
20.693333333,0.0327089,3.90273,0,0.166521,0.106182,1.85488,0.30394,0.187644,1.69975,0.0127997,0.146826,0.407162
20.736000000,0.106702,4.08456,0,0.173598,0.0224115,2.0258,0.200847,0,1.65586,0.0194121,0.150514,0.360976
20.778666667,0.0541325,4.05122,0,0.186043,0,1.97674,0.230865,0.0739661,1.77195,0.0427693,0.15818,0.239526
20.821333333,0,3.73814,0.0134996,0.18558,0,1.98744,0.475951,0.0513153,1.94398,0.0780041,0.138653,0.199133
20.864000000,0,3.69867,0.0340442,0.221799,0,1.99477,0.491041,0.0487381,2.02503,0.104618,0.0920828,0.185028
20.906666667,0,3.67702,0.0432363,0.275029,0,2.00326,0.51866,0.0496209,2.06239,0.0961371,0.0352763,0.174041
20.949333333,0.0109689,3.7185,0.0412316,0.324403,0,2.0077,0.513078,0.0591891,2.05043,0.0580541,0,0.171245
20.992000000,0.0344201,3.79116,0.0492207,0.343717,0,2.00782,0.484021,0.0569018,2.06927,0.0102129,0,0.174741
21.034666667,0.0437287,3.91548,0.0149564,0.323833,0,1.99867,0.292219,0.140906,2.10566,0.000313265,0.000371955,0.161749
21.077333333,0.0413,4.05713,0,0.189686,0.018808,1.91447,0.00645548,0.390058,2.01732,0,0.0024003,0.255824
21.120000000,0.123224,3.96263,0,0.188748,0.0484664,1.6194,0.0575416,0.37612,1.56785,0.451261,0.0521394,0.261883
21.162666667,0.166973,3.9472,0,0.192983,0.0159691,1.3567,0.0101065,0.301444,1.53091,0.763758,0.223975,0.304321
21.205333333,0,3.97364,0.100368,0.187943,0.000156376,1.54106,0.0052941,0.159905,1.69206,0.459125,0.161193,0.332998
21.248000000,0,3.94813,0.0663051,0.190169,0,1.9673,0.00143428,0.183653,2.22592,0.0298243,0.142139,0.232019
21.290666667,0,3.69623,0.00489329,0.189178,8.0945e-05,2.0277,0.102197,0.136936,2.32342,0.0555478,0.14601,0.184
21.333333333,0,3.26665,0,0.188067,0,2.05485,0.35783,0.0653361,2.455,0.0950454,0.115034,0.172128
21.376000000,0.012188,3.2908,0,0.188314,0,2.0904,0.376737,0.0671864,2.4409,0.102313,0.0567668,0.168397
21.418666667,0.0144991,3.47197,0,0.187966,0,2.11408,0.367665,0.0690458,2.418,0.0795028,0.00673451,0.163043
21.461333333,0.0384704,3.60029,0.0155439,0.187571,0,2.12377,0.333615,0.0540524,2.43845,0.0239585,0.000433262,0.184797
21.504000000,0.0490828,3.66404,0.0352075,0.186484,0,2.1303,0.240263,0.0562895,2.46294,0.0017496,0.000304406,0.209723
21.546666667,0.0782468,3.58748,0.118515,0.182029,0,2.05727,0.0038406,0.263457,2.39877,0.142226,0.405334,0.151747
21.589333333,0.14738,2.4146,0.627471,0.181067,0.174009,1.56738,0.184694,0.0416881,2.6584,0.0937092,1.71652,0.191509
21.632000000,0.0828106,2.01849,1.0086,0.288488,0.0654178,1.70797,0.101703,0.0438269,2.36911,0.00356758,2.58231,0.291989
21.674666667,0.0458156,2.00982,1.00241,0.324094,0,2.2467,0.0097532,0.0367112,1.96585,0.0011672,2.86787,0.236026
21.717333333,0.0184225,2.13483,0.901245,0.256481,0,2.34461,0.00102369,0.0627583,1.6743,0.0144051,3.0626,0.153715
21.760000000,0.0325312,2.36187,0.760596,0.226238,0,2.33365,0,0.047462,1.40279,0.0263807,3.16166,0.0954071
21.802666667,0.0529083,2.34975,0.721732,0.228868,0,2.33313,0.223781,0,1.20723,0.0273966,3.08739,0.036678
21.845333333,0.0712228,2.33472,0.729232,0.228859,0,2.29434,0.25523,0,1.20581,0.0156272,3.05423,0.0199026
21.888000000,0.0558783,2.35105,0.740822,0.229923,0,2.28429,0.218521,0,1.1798,0.00789641,3.10246,0.03095
21.930666667,0.0558362,2.32792,0.739448,0.23055,0.0032154,2.27725,0.222102,0,1.10321,0.023345,3.13633,0.0211037
21.973333333,0.0621382,2.28971,0.770667,0.229134,0.000332063,2.27996,0.219173,0,1.06204,0.0389659,3.13815,0.0118607
22.016000000,0.0587815,2.45368,0.812705,0.240693,0,2.26867,0.009902,0,0.961698,0.0533044,3.15834,0.0382772
22.058666667,0.028975,2.19135,0.920928,0.26852,0,2.42743,0,0.046574,1.09708,0.0809352,3.04389,0.0215381
22.101333333,0.0763858,2.00955,0.910024,0.313483,0,2.52594,0,0.0483054,1.06479,0.0908782,2.98876,0.0158388
22.144000000,0.102455,1.92633,0.657193,0.309646,0,2.49515,0,0,1.17272,0.0764988,2.953,0.0233813
22.186666667,0.0272133,1.97709,0.309239,0.254238,0,2.43354,0,0,1.23774,0.0496582,2.9358,0.0636288
22.229333333,0,2.10612,0.363813,0.237616,0,2.36456,0,0,1.16325,0.0362949,3.02651,0.0771332
22.272000000,0,2.08297,0.595427,0.226791,0,2.3535,0,0,1.14992,0.0409039,3.06538,0.0525739
22.314666667,0,1.9808,0.624448,0.221015,0,2.39192,0.173494,0,1.21518,0.0456445,2.96808,0.0126209
22.357333333,0,1.95253,0.66215,0.218524,0,2.37777,0.18838,0,1.22786,0.0340663,2.97618,0.0139582
22.400000000,0,2.00107,0.664951,0.220351,0,2.33974,0.163809,0,1.18898,0.0292626,3.00787,0.0296053
22.442666667,0,2.05388,0.678863,0.223042,0,2.33587,0.140845,0,1.21255,0.0399426,3.01651,0.029169
22.485333333,0,2.15317,0.644422,0.226639,0,2.3487,0,0,1.15123,0.0527317,3.08453,0.0347943
22.528000000,0,2.21054,0.280582,0.252064,0.0700744,2.44566,0,0,0.933936,0.0564924,3.00136,0.0209305
22.570666667,0,2.32987,0.258713,0.296659,0.0973313,2.5822,0.00305525,0,0.734533,0.0613402,2.50649,0.0168158
22.613333333,0,2.44621,0.303566,0.273664,0.0146784,2.46021,0.110773,0,0.718334,0.285565,2.32742,0.0272577
22.656000000,0,2.54142,0.216738,0.227071,0,2.52344,0.0570686,0,0.679502,0.436464,2.2647,0.0599655
22.698666667,0,2.5049,0.219699,0.230861,0,2.48869,0,0.0167705,0.719928,0.0459396,2.77117,0.0762373
22.741333333,0,2.30146,0.468641,0.227765,0,2.35382,0,0.0385723,0.895138,0.0463872,3.07986,0.0511786
22.784000000,0,2.08606,0.658166,0.220924,0,2.29952,0,0.0376794,0.966213,0.0584631,3.13433,0.0271864
22.826666667,0,1.94475,0.794929,0.220529,0,2.32343,0.0628131,0,0.91415,0.0578017,3.18648,0.0194764
22.869333333,0,1.75998,0.934505,0.225597,0,2.34502,0.106753,0,0.919091,0.0466214,3.22023,0.0175186
22.912000000,0,1.52383,1.0939,0.227843,0,2.34302,0.13746,0,1.04765,0.0412753,3.19907,0.0195394
22.954666667,0.000321327,1.37274,1.19085,0.229555,0,2.32975,0.148068,0,1.07627,0.0449452,3.17648,0.0170185
22.997333333,0,1.06705,1.29401,0.235493,0.0397006,2.28604,0.0211493,0,1.01782,0.0510049,3.29421,0.0181512
23.040000000,0,1.25226,1.24617,0.239624,0.0346512,2.01145,0.153808,0,1.16523,0.0557372,3.22432,0.0188054
23.082666667,0,1.56482,0.97531,0.312528,0.0214868,1.61965,0.306606,0,1.33523,0.0480768,2.94014,0.0291716
23.125333333,0,1.67639,0.657407,0.291126,0.0138217,1.43807,0.355637,0,1.46309,0.0291437,2.78235,0.0582576
23.168000000,0,1.78224,0.438331,0.246088,0.0103257,1.76267,0.160457,0,1.40355,0.032166,2.76544,0.0857295
23.210666667,0,1.89515,0.38636,0.243182,0,2.22096,0,0,1.18652,0.0480771,2.93646,0.0570903
23.253333333,0,2.05608,0.473599,0.238539,0,2.32704,0,0,0.895564,0.0657259,2.98482,0.0250376
23.296000000,0,2.0617,0.55864,0.237915,0,2.31675,0,0,0.821593,0.0742519,2.99895,0.0209073
23.338666667,0,1.9531,0.623946,0.23519,0,2.28489,0.0453334,0,0.932397,0.0674891,2.99164,0.0202653
23.381333333,0,1.7858,0.63589,0.231002,0,2.29834,0.10347,0,1.05476,0.0552744,2.98911,0.0177234
23.424000000,0,1.66046,0.650535,0.22502,0,2.3579,0.150601,0,1.08814,0.0515421,3.00059,0.0159594
23.466666667,0,1.59905,0.551889,0.241693,0.0294164,2.38548,0.0938003,0,1.02448,0.0536664,3.03382,0.0174089
23.509333333,0,2.06873,0,0.24952,0.0514967,2.24902,0.0312069,0.0124551,1.23948,0.0572037,2.52762,0.0178187
23.552000000,0,2.48347,0,0.332903,0.381722,1.91127,0.0258734,0.146782,1.13502,0.318203,2.32716,0.0175998
23.594666667,0,2.66795,0,0.366206,0.388035,1.83948,0.0409621,0.159534,1.05642,0.566527,2.07129,0.0670791
23.637333333,0,2.72047,0,0.273931,0.451662,1.91855,0.0139698,0.10926,1.1569,0.423706,2.02286,0.0934093
23.680000000,0,2.66587,0,0.197675,0.347127,2.02995,0.000889042,0.00519046,1.28026,0.075076,2.28518,0.0593822
23.722666667,0,2.52845,0.203291,0.21209,0,2.10227,0,0.0476562,0.983525,0.0698755,2.84093,0.0220812
23.765333333,0.022427,2.3414,0.41083,0.221304,0,2.19234,0.0619399,0,0.893205,0.0852391,2.923,0.0121384
23.808000000,0.0174774,2.25447,0.496247,0.222138,0,2.23591,0.0295088,0,0.977505,0.0838636,2.97009,0.0178008
23.850666667,0.0124266,2.24843,0.558119,0.216054,0,2.24984,0,0,1.0245,0.0689825,3.01421,0.0232221
23.893333333,0.0157086,2.22337,0.580095,0.208909,0,2.24028,0,0,1.05821,0.0559917,3.03588,0.0255958
23.936000000,0.022742,2.13485,0.571429,0.205053,0.000990612,2.25661,0.00437526,0,1.11409,0.0518473,3.04837,0.0263528
23.978666667,0,1.93409,0.728496,0.216372,0.110722,2.26911,0.046091,0,1.06082,0.0357864,2.99206,0.0157257
24.021333333,0,1.88035,0.757459,0.23349,0.125731,2.12921,0,0.0452679,1.07434,0.0214457,2.91128,0.031775
24.064000000,0,1.90947,0.707501,0.245672,0.0718121,1.96204,0,0.206554,1.30681,0.0067939,2.79807,0.0938657
24.106666667,0.0160733,1.85448,0.588451,0.27423,0.235669,1.8644,0,0.198746,1.44255,0.103254,2.71329,0.121841
24.149333333,0.00542054,1.98611,0.288387,0.260679,0.191963,2.02256,0,0.116255,1.39024,0.0312393,2.76502,0.0924923
24.192000000,0,2.36156,0.0187576,0.250054,0,2.30153,0,0,1.26793,0.0619901,2.97592,0.0215934
24.234666667,0.0460627,2.46769,0.125012,0.227044,0,2.24714,0,0,1.00118,0.0918612,3.09009,0.0128142
24.277333333,0.0734961,2.40089,0.216097,0.229887,0,2.19084,0,0,0.989178,0.0996276,3.08347,0.0152695
24.320000000,0.0584394,2.40128,0.326493,0.231265,0,2.17065,0,0,0.946836,0.0864679,3.0826,0.0198237
24.362666667,0.040905,2.35384,0.418052,0.231688,0.00178696,2.20925,0,0,0.898546,0.0680658,3.08821,0.023321
24.405333333,0.0482356,2.25078,0.474923,0.231425,0.016075,2.23788,0,0,0.920904,0.0546111,3.09875,0.0248287
24.448000000,0.0548609,2.09643,0.426435,0.233487,0.0717943,2.255,0.0876469,0,0.823953,0.0444957,3.05936,0.0162966
24.490666667,0,2.45955,0,0.232709,0.0443754,2.31139,0.0690344,0.118922,0.774997,0.02995,2.77158,0.0401495
24.533333333,0.0116827,2.68879,0,0.23396,0.0288094,2.24063,0.0554211,0.344799,0.807504,0.00258451,2.22922,0.126874
24.576000000,0.0415608,2.64588,0,0.238809,0.0103166,2.25818,0.0562202,0.406295,0.908855,0.00284964,1.83372,0.196031
24.618666667,0.0430687,2.41062,0.118522,0.246889,0,2.1133,0.227556,0.338274,0.94262,0.00317581,1.90479,0.184266
24.661333333,0.0297715,2.06086,0.500238,0.285174,0,1.98921,0.475452,0.0469726,0.966544,0.0554522,2.38195,0.0863358
24.704000000,0.113618,1.87709,0.615342,0.288944,0,1.87782,0.19143,0,0.996354,0.107983,2.7761,0.00374345
24.746666667,0.126534,1.85054,0.631002,0.233543,0,1.88482,0,0,0.970989,0.122687,2.88749,0.0135805
24.789333333,0.115269,1.8131,0.684354,0.226452,0,1.87129,0,0,1.03394,0.105471,2.84916,0.0207233
24.832000000,0.115373,1.76607,0.652008,0.234709,0.00348883,1.83134,0,0,1.08513,0.0845993,2.82927,0.0233548
24.874666667,0.132304,1.59201,0.63906,0.229581,0.0264289,1.85775,0,0,1.17207,0.0721747,2.84057,0.024111
24.917333333,0.149942,1.61153,0.688253,0.225067,0.081218,1.86101,0,0,1.07328,0.0589626,2.82259,0.0238152
24.960000000,0,1.56249,0.982649,0.239203,0.0801067,1.69508,0.146377,0,0.903811,0.0461812,2.47993,0.0321339
25.002666667,0.0220562,1.48054,1.15572,0.246889,0,1.73232,0.324272,0.272855,0.78609,0.384342,1.92464,0.172721
25.045333333,0.095611,1.53995,1.07837,0.244729,0,1.79878,0.423796,0.345562,0.819412,0.512538,1.6075,0.330286
25.088000000,0.158316,1.60616,0.880179,0.244933,0,1.88657,0.396012,0.205075,0.866456,0.545881,1.41805,0.3261
25.130666667,0.185694,1.75298,0.623874,0.247927,0,1.7251,0.215192,0,0.944342,0.432673,1.6238,0.295322
25.173333333,0.10794,2.25967,0.281246,0.289045,0,1.68646,0.00816228,0,0.912733,0.0855042,2.4347,0.146897
25.216000000,0.125847,2.33513,0.329483,0.243516,0,1.60089,0,0,0.952219,0.129764,2.62885,0.122644
25.258666667,0.118387,2.3306,0.34364,0.240662,0,1.60451,0,0,0.895113,0.107103,2.57313,0.057508
25.301333333,0.11831,2.30443,0.461616,0.241416,0,1.62236,0,0,0.897248,0.0849945,2.60845,0.0250477
25.344000000,0.140369,2.1879,0.501686,0.242529,0,1.63203,0,0,0.936046,0.0724391,2.63131,0.0258405
25.386666667,0.174631,2.122,0.502599,0.242226,0,1.6015,0,0,0.944264,0.0609982,2.6324,0.0269706
25.429333333,0.0741846,1.9738,0.376869,0.271714,0.0370585,1.47406,0.20624,0,0.753525,0.0509539,2.49428,0.0174813
25.472000000,0,1.88914,0,0.302531,0.118245,1.30295,0.83711,0.129351,0.766054,0.211088,1.75996,0.0802181
25.514666667,0.0571889,2.06157,0,0.333663,0.0896437,0.895535,0.646497,0.187962,0.869122,0.347009,1.8181,0.237512
25.557333333,0.250321,2.10695,0,0.30643,0.0562115,0.540107,0.684426,0,0.852109,0.382722,1.89996,0.235971
25.600000000,0.191908,2.09499,0.19333,0.300984,0.0697568,1.09939,0.701356,0,0.684276,0.267647,1.87475,0.216402
25.642666667,0.0935605,2.17624,0.475262,0.259621,0,1.32332,0.471832,0,0.65906,0.0087662,2.31546,0.242596
25.685333333,0.0768285,2.42609,0.457413,0.251176,0,1.62323,0,0,0.777268,0.00411167,2.91019,0.1817
25.728000000,0.0662339,2.33017,0.547944,0.224079,0,1.79907,0,0,0.823436,0.00415303,2.97143,0.14722
25.770666667,0.0450402,2.22505,0.517719,0.228555,0,1.86531,0,0,0.811717,0.0238188,3.01593,0.0754309
25.813333333,0.0566825,2.13021,0.506659,0.23282,0,1.89028,0,0,0.813917,0.0589621,3.0549,0.0409712
25.856000000,0.0672618,2.06012,0.500835,0.239965,0.0011578,1.9388,0,0,0.799038,0.0620908,3.06195,0.0339993
25.898666667,0,2.01912,0.54235,0.241153,0.0111407,1.70356,0.0274994,0,0.715981,0.0553387,2.94188,0.0277758
25.941333333,0,1.97396,0.813567,0.248478,0.0142255,1.57901,0.128278,0,0.521138,0.366863,2.14519,0.0389347
25.984000000,0,2.31307,0.63263,0.244025,0,1.68627,0.248036,0.173208,0.518078,0.597915,1.83588,0.0630151
26.026666667,0.178618,2.42081,0.510407,0.24193,0,1.73257,0.557792,0,0.501637,0.766291,1.65516,0.026986
26.069333333,0.212043,2.4527,0.347919,0.23817,0,1.63085,0.632003,0,0.529762,0.841622,1.57322,0.0844795
26.112000000,0.028011,2.53823,0.291437,0.235676,0,1.55576,0.390143,0,0.552366,0.778776,1.61527,0.203733
26.154666667,0,2.35771,0.624035,0.299222,0,1.41182,0.0431243,0,0.613589,0.300096,2.34351,0.161736
26.197333333,0.157919,2.34601,0.459385,0.23611,0,1.35627,0.0310284,0,0.921154,0.0136511,2.81825,0.119281
26.240000000,0.181919,2.38984,0.51234,0.234599,0,1.34908,0.0469831,0,0.914363,0.00459238,2.80482,0.0876472
26.282666667,0.213935,2.35643,0.474135,0.235718,0,1.35675,0.0432906,0,0.855021,0.0154272,2.81094,0.0623207
26.325333333,0.240783,2.26402,0.46292,0.25319,0.00507383,1.36722,0.0233462,0,0.833403,0.0446947,2.81203,0.0465335
26.368000000,0.233775,2.17978,0.503049,0.255336,0.00481471,1.38724,0.00850624,0,0.745766,0.0557591,2.85009,0.0360911
26.410666667,0,1.98046,0.564475,0.269104,0.0897706,1.38461,0.524898,0,0.589693,0.320281,2.01976,0.0247795
26.453333333,0,2.04167,0.0112474,0.327911,0.0114961,1.45403,0.651225,0,0.587636,0.508245,2.00102,0.0156613
26.496000000,0.0370128,1.95064,0,0.309594,0.0654897,1.36347,0.851956,0,0.580773,0.551826,1.89065,0
26.538666667,0.105492,1.83374,0,0.315149,0.215844,1.22102,1.01084,0,0.617937,0.55686,1.63856,0.0203783
26.581333333,0,1.81876,0,0.323836,0,1.45083,0.945559,0,0.579168,0.503717,1.54651,0.106969
26.624000000,0,1.86674,0.362879,0.302601,0,1.56207,0.636622,0,0.483786,0.278028,1.60422,0.125734
26.666666667,0,2.12188,0.380053,0.28112,0,1.37979,0.103417,0,0.570353,0.0175233,2.60436,0.0874033
26.709333333,0,2.11314,0.494286,0.246704,0,1.40471,0,0,0.571051,0.0230901,2.60138,0.0629643
26.752000000,0.0520863,2.06126,0.573306,0.247903,0,1.46376,0,0,0.578682,0.026653,2.53273,0.0589618
26.794666667,0.0913081,1.9347,0.716331,0.24916,0,1.50756,0,0,0.658706,0.0192024,2.52603,0.057172
26.837333333,0.0989641,1.79447,0.737283,0.273406,0.0101867,1.51132,0,0,0.777542,0.0423769,2.55807,0.0448466
26.880000000,0,1.72339,0.935645,0.25539,0.0623432,1.42327,0.1287,0,0.546747,0.114424,2.15018,0.0350655
26.922666667,0,1.59813,1.07204,0.45574,0.0885847,1.2435,0.706181,0.0737513,0.612221,0.25637,1.65257,0.0215497
26.965333333,0,1.41789,1.0871,0.614036,0.0670586,1.25439,1.09003,0.0916834,0.600058,0.328844,1.46473,0.0296173
27.008000000,0.0116213,1.29678,1.05884,0.556371,0.0155272,1.30606,1.21036,0,0.492328,0.376941,1.1994,0.0509084
27.050666667,0,1.34846,0.871085,0.553796,0,1.27185,1.12571,0,0.408775,0.476012,1.17263,0.0716553
27.093333333,0,1.44908,0.73957,0.486347,0,1.23658,0.975033,0,0.45795,0.497693,1.20297,0.105676
27.136000000,0,2.09056,0.591595,0.299102,0,1.44532,0.0684914,0,0.375848,0.35445,1.55864,0.0727667
27.178666667,0,2.09784,0.530146,0.248453,0,1.32788,0.0469387,0,0.675522,0.0406547,2.19996,0.0464446
27.221333333,0,2.06708,0.706389,0.25158,0,1.40071,0.0308387,0,0.570117,0.0317466,2.18879,0.0377683
27.264000000,0,2.0167,0.791355,0.251351,0,1.43132,0.0287483,0,0.622337,0.0212266,2.14291,0.0497007
27.306666667,0,1.90283,0.796017,0.27866,0.018115,1.43043,0.0136867,0,0.681982,0.0302438,2.19277,0.0477311
27.349333333,0,1.76842,0.880197,0.253667,0.0185294,1.40976,0,0,0.651544,0.142859,2.24057,0.0388217
27.392000000,0,2.1216,0.71038,0.252178,0.118571,1.67835,0.156464,0,0.542031,0.605871,1.32548,0.0258616
27.434666667,0,2.38114,0.0392545,0.265269,0.155325,1.61679,0.476701,0,0.751519,1.1281,0.997995,0.0808135
27.477333333,0.0125154,2.08702,0,0.364112,0.140162,1.54256,0.71862,0,0.903753,1.25324,0.753155,0.206233
27.520000000,0.0708765,1.9672,0,0.2508,0.121719,1.41072,0.662202,0,0.920911,1.27477,0.683924,0.240741
27.562666667,0,1.87559,0,0.250437,0,1.5221,0.463738,0,0.833369,1.20259,0.746394,0.208475
27.605333333,0,2.01159,0.570714,0.250945,0,1.40638,0.239014,0,0.661051,0.631416,1.11702,0.10428
27.648000000,0,2.03243,0.497559,0.254075,0,1.49135,0.033994,0,0.452462,0.0552905,1.58698,0.0372157
27.690666667,0,1.94537,0.742054,0.253868,0,1.45031,0.0585211,0,0.503136,0.0615681,1.86226,0.0269379
27.733333333,0,1.89204,0.819996,0.254664,0,1.36964,0.0430263,0,0.576206,0.20964,1.96625,0.0287546
27.776000000,0,1.82032,0.915209,0.293612,0.0160475,1.37399,0,0,0.624951,0.236052,1.96139,0.0406439
27.818666667,0,1.78394,0.969355,0.281635,0.00946422,1.39034,0,0,0.71245,0.247626,1.97396,0.0372333
27.861333333,0,1.85354,0.936074,0.256959,0.0919716,1.52066,0,0,0.527276,0.0468726,1.63302,0.0228109
27.904000000,0,1.98095,1.11273,0.309113,0.126082,1.57983,0,0,0.682709,0.0673788,1.51362,0.0109325
27.946666667,0,1.82374,1.24268,0.434858,0,1.5586,0.0249855,0,0.901721,0.286331,1.26961,0.0204081
27.989333333,0,1.84537,1.12293,0.45819,0,1.61248,0.0262099,0.101836,1.02983,0.336205,0.996822,0.0960733
28.032000000,0,1.87847,0.819622,0.456045,0,1.65665,0.0443164,0.166139,1.1556,0.400094,0.785642,0.145724
28.074666667,0,2.03634,0.434068,0.425612,0,1.69057,0.0512349,0.119817,1.26346,0.422303,0.803232,0.104505
28.117333333,0,2.21002,0.287681,0.286905,0,1.45822,0.0947278,0.0157531,1.04735,0.467736,1.28876,0.0278493
28.160000000,0,2.32114,0.402038,0.248964,0,1.43325,0,0,0.670931,0.365375,1.60793,0.0240973
28.202666667,0,2.30889,0.528331,0.250447,0,1.44181,0.00514098,0,0.622169,0.434994,1.47136,0.0235924
28.245333333,0,2.2615,0.550312,0.251044,0,1.42827,0.00783494,0,0.653195,0.38266,1.49738,0.0268086
28.288000000,0,2.18587,0.585936,0.251795,0,1.41138,0.00822833,0,0.667856,0.288918,1.53676,0.0286448
28.330666667,0,2.10987,0.38694,0.253231,0.0340389,1.38461,0.0621401,0.0476855,0.593498,0.0466574,1.74132,0.0287083
28.373333333,0,1.85625,0.0237305,0.259816,0.151073,1.6517,0.317754,0.0117469,0.786015,0.0424692,1.24048,0.00840424
28.416000000,0,1.8468,0,0.252475,0.191323,1.89423,0.447184,0.00784532,1.16405,0.283261,1.10586,0.0126894
28.458666667,0,1.83365,0,0.252955,0.0717571,2.08824,0.416859,0.036815,1.30768,0.42698,1.10505,0.0718893
28.501333333,0.00404088,1.86346,0,0.251729,0,2.09282,0.381165,0.0380014,1.24239,0.489015,1.0616,0.112046
28.544000000,0,1.84451,0,0.251525,0,1.94233,0.338682,0.0269246,1.16175,0.486981,1.07527,0.0981766
28.586666667,0,1.72221,0.670509,0.281823,0,1.62446,0.125847,0,1.00345,0.245006,1.36432,0.0399901
28.629333333,0,1.83689,0.67633,0.254353,0,1.42555,0,0,0.657563,0.0819653,1.59452,0.196035
28.672000000,0,1.7713,0.853929,0.255076,0,1.45655,0,0,0.617551,0.151166,1.70486,0.34117
28.714666667,0,1.64714,0.894313,0.256724,0,1.45286,0,0,0.663416,0.225919,1.80351,0.360356
28.757333333,0,1.43552,0.94241,0.257097,0.0233248,1.4474,0,0,0.795081,0.232465,1.88502,0.273659
28.800000000,0,1.43854,0.969248,0.25668,0.021997,1.40311,0,0,0.8188,0.254613,2.05896,0.0274349
28.842666667,0,1.72364,0.940194,0.287656,0.100679,1.42735,0.129335,0.0609171,0.571174,0.0419507,1.53867,0.0165753
28.885333333,0,1.53191,1.17823,0.315563,0.203549,1.14305,0.669253,0,1.02505,0.259229,1.10153,0.00735734
28.928000000,0,1.58041,1.10929,0.312207,0.286757,0.710814,0.758717,0.0636549,1.29945,0.605666,0.835794,0.066207
28.970666667,0.012209,1.68479,1.0339,0.254335,0.395267,0.680083,0.662147,0.0215793,1.44087,0.698045,0.766958,0.13404
29.013333333,0.00169982,1.68213,0.968993,0.252382,0.297265,0.625028,0.552458,0,1.4412,0.613576,0.829385,0.172684
29.056000000,0,1.95333,0.709305,0.249738,0.0513604,1.10226,0.358492,0,1.37279,0.44605,1.05945,0.161509
29.098666667,0,2.3325,0.342997,0.291046,0,1.43432,0.019844,0,0.837241,0.332569,1.39335,0.0208449
29.141333333,0,2.22664,0.453988,0.247292,0,1.46312,0.0294567,0,0.589622,0.28024,1.84199,0.0124577
29.184000000,0,2.26082,0.599456,0.247475,0,1.41783,0.0205054,0,0.642815,0.228835,1.81685,0.0183768
29.226666667,0,2.20189,0.693099,0.283183,0,1.37447,0.0242149,0,0.690779,0.110491,1.82583,0.0839091
29.269333333,0,2.11384,0.698602,0.249484,0,1.33316,0,0,0.753872,0.0638432,1.96338,0.0935306
29.312000000,0.122283,2.1348,0.473606,0.2866,0.032704,1.5041,0.471675,0.0617389,0.656981,0.0518728,1.87193,0.0223498
29.354666667,0,2.77521,0,0.296175,0.251199,1.36635,1.07925,0.0188793,0.866119,0.0325687,1.85276,0.00385557
29.397333333,0,2.66748,0,0.242901,0.419501,1.11247,1.59881,0.306475,0.992848,0.00354608,1.78629,0.0940748
29.440000000,0.0576684,2.34442,0,0.245197,0.595884,0.607524,2.24506,0.302963,0.999044,0.032587,2.01454,0.190874
29.482666667,0.076604,2.01144,0,0.239559,0.603723,0.392814,2.48662,0.176215,1.13042,0.0449558,2.084,0.21383
29.525333333,0.0649593,1.90789,0,0.236404,0.276878,0.252638,2.88632,0,0.997683,0.0323499,1.88763,0.231992
29.568000000,0.118489,2.0165,0.0188355,0.23046,0.140303,0.23913,3.15673,0.00147428,0.766165,0.0626417,1.76315,0.11284
29.610666667,0.205105,1.96195,0.0324197,0.253772,0.108893,0.216422,3.35251,0.0185568,0.78918,0.103084,1.67018,0.0119693
29.653333333,0.0409206,1.98785,0.0441317,0.220833,0.116788,0.188368,3.3872,0.0201606,0.784281,0.121143,1.63451,0.000316464
29.696000000,0.0428773,2.01566,0.0452699,0.219228,0.0969803,0.183754,3.38571,0.0075303,0.777353,0.122603,1.61848,0
29.738666667,0.0496248,2.03911,0.0629133,0.21979,0.0905548,0.187025,3.3834,0.0108103,0.775237,0.11563,1.61013,0.0016022
29.781333333,0.0501729,2.07745,0.0586752,0.218079,0.0921147,0.190646,3.36622,0.010696,0.785934,0.106482,1.57579,0.0265531
29.824000000,0.0672701,2.15498,0.0872445,0.218843,0.0895362,0.224651,3.2684,0.0156536,0.834758,0.0222521,1.4942,0.0394564
29.866666667,0.195917,2.24793,0.09388,0.341678,0.0229916,0.258642,3.06823,0.0115859,0.845432,0.240105,1.34111,0.0519662
29.909333333,0.222346,2.54777,0.0529369,0.551143,0.299532,0.333987,2.55788,0.125428,1.02727,0.53458,1.3169,0.157069
29.952000000,0.118162,2.48375,0.038575,0.559492,0.31256,0.347664,2.58408,0.231577,1.12176,0.40464,1.2276,0.180554
29.994666667,0.0175662,2.4627,0.0612263,0.616617,0.282086,0.28285,2.58746,0,1.33359,0.578942,1.11675,0.217665
30.037333333,0.0634591,2.25002,0.0853157,0.361572,0.0152478,0.251207,3.01492,0,0.859371,0.140911,1.16475,0.240657
30.080000000,0.103728,2.21054,0.249402,0.270409,0.0430387,0.234228,3.21144,0,0.973294,0.0745598,1.08372,0.0669024
30.122666667,0.0633052,2.28034,0.309341,0.286225,0.0186861,0.274867,3.06014,0,1.53375,0.124664,0.862392,0.102324
30.165333333,0.034696,2.5639,0.0885903,0.388599,0.0238796,0.685789,2.41238,0.00975206,2.30765,0.114254,0.46451,0.126033
30.208000000,0.118702,3.26202,0.0313201,0.423684,0.0143758,1.40451,1.31678,0.00620924,2.55619,0.0477903,0.118344,0.141517
30.250666667,0.0705262,3.62087,0.0247066,0.419735,0.0140601,1.82063,0.645443,0.0443052,2.55494,0.000589943,0,0.170763
30.293333333,0.0549821,3.66361,0.0567826,0.374929,0,1.94054,0.564867,0.0504594,2.53686,0.000747106,0,0.182923
30.336000000,0,3.87439,0.0767912,0.330223,0,1.8105,0.352921,0.186552,2.38596,0.000167109,0.0758518,0.138931
30.378666667,0,4.00817,0.137497,0.284849,0,1.48481,0.270024,0.303701,2.24827,0.0183015,0.114601,0.17023
30.421333333,0,3.99097,0.0877284,0.219495,0.00835248,1.39415,0.317056,0.524435,2.05264,0.015013,0.134958,0.233961
30.464000000,0.0969414,4.00117,0,0.218452,0,1.55411,0.279287,0.486752,1.99112,0.0131374,0.153162,0.250269
30.506666667,0.0875041,4.06562,0,0.237588,0,1.8645,0.190289,0,2.09104,0.0249905,0.156381,0.28417
30.549333333,0,3.92278,0.0168316,0.27078,0,1.89487,0.343544,0.0331676,2.13651,0.0518124,0.156232,0.209534
30.592000000,0,3.71635,0.027288,0.290301,0,1.91915,0.510819,0.0442727,2.15868,0.0888829,0.126057,0.206036
30.634666667,0,3.67153,0.0587669,0.311483,0,1.94197,0.522121,0.0460372,2.10328,0.106783,0.0766976,0.212207
30.677333333,0.00650038,3.665,0.0534154,0.351015,0,1.9817,0.505053,0.0569898,2.15698,0.0908883,0.0213069,0.205095
30.720000000,0.0170322,3.70496,0.0514221,0.404478,0,1.99108,0.466735,0.060695,2.26029,0.0381378,0,0.21387
30.762666667,0.0477328,3.7687,0.0570926,0.434109,0,1.98086,0.410575,0.0501558,2.3115,0.00086127,0,0.227832
30.805333333,0.0331675,4.02401,0.0217619,0.345268,0,1.94729,0.108693,0.291999,2.20327,0.0194447,0,0.165212
30.848000000,0.0662654,4.09084,0.0142347,0.205177,0.00583565,1.77872,0.132483,0.323546,2.04143,0.0308032,0,0.147616
30.890666667,0.144386,4.04781,0.025357,0.206987,0.00704814,1.34331,0.389255,0.226846,1.84706,0.59327,0.0349672,0.111589
30.933333333,0.0936056,4.04431,0.0619004,0.207979,0,1.00763,0.35323,0.0542076,1.89006,0.847697,0.158802,0.236976
30.976000000,0,4.19949,0.140584,0.206039,0,1.39572,0.183438,0.0242477,2.3498,0.0465986,0.149426,0.250446
31.018666667,0,4.25902,0.0749133,0.289656,0,1.77917,0.0432054,0.0912518,2.49475,0.0322723,0.136892,0.20211
31.061333333,0,4.00375,0.011263,0.336717,0,1.82889,0.273235,0.0220817,2.49412,0.073109,0.143771,0.133322
31.104000000,0.0170566,3.90354,0.0129452,0.328373,0,1.86183,0.359357,0.0362177,2.46605,0.104357,0.0904109,0.142895
31.146666667,0.00681473,3.87331,0.0102871,0.276027,0,1.91136,0.356894,0.0501732,2.4854,0.103476,0.0372882,0.13974
31.189333333,0.0232918,3.91493,0.00469398,0.247919,0,1.95993,0.319993,0.0519434,2.50864,0.0618308,7.58036e-05,0.15481
31.232000000,0.0361176,3.93779,0.029282,0.254994,0,1.97367,0.304756,0.0478973,2.51796,0.0128962,0,0.174337
31.274666667,0.0410389,4.0407,0.0364407,0.254383,0,1.98744,0.0991626,0.186585,2.52874,0.121999,0,0.129795
31.317333333,0.133415,3.81882,0.315045,0.199585,0.160381,1.93178,0,0.168904,2.56427,0.268952,0.572864,0.097705
31.360000000,0.353854,2.63037,0.727907,0.195988,0.353657,1.39221,0.0118909,0.0839487,2.73305,0.0896514,1.84924,0.287884
31.402666667,0.311859,2.111,0.946294,0.321541,0.108494,1.92466,0,0.00434607,2.3782,0.101226,2.56499,0.339025
31.445333333,0.139391,1.94561,1.0142,0.342971,0,2.39531,0,0.00346583,1.93466,0.104263,2.88351,0.288519
31.488000000,0.213375,2.46098,0.780328,0.253201,0,2.37847,0,0,1.2605,0.132117,3.20469,0.207986
31.530666667,0.274932,2.4978,0.750453,0.223257,0,2.36066,0,0,0.956128,0.15919,3.34281,0.161626
31.573333333,0.312152,2.03508,0.905255,0.227475,0,2.37834,0.246147,0,0.941197,0.160434,3.31764,0.124678
31.616000000,0.297367,1.63778,1.03197,0.230876,0,2.36335,0.247989,0.0130562,0.982166,0.151736,3.40054,0.133873
31.658666667,0.266012,1.55984,1.12379,0.231813,0,2.3385,0.236897,0,0.880398,0.128657,3.47782,0.143996
31.701333333,0.255301,1.69938,1.16925,0.228888,0,2.26123,0.274455,0.0102282,0.727826,0.122933,3.50242,0.122071
31.744000000,0.298741,1.93548,1.14553,0.224394,0,2.19705,0.242761,0.039485,0.679942,0.127068,3.48126,0.0854868
31.786666667,0.202027,2.18255,1.0634,0.250784,0.0239207,2.31034,0.0159582,0.0861612,0.627448,0.195187,3.35583,0.0338142
31.829333333,0.180401,1.95322,1.12015,0.215845,0.00834954,2.46054,0,0.120468,0.840323,0.232942,3.22625,0.0187947
31.872000000,0.195216,1.97524,0.955187,0.24932,0.0179914,2.68477,0,0.0743125,0.835176,0.230288,2.99745,0.0165226
31.914666667,0.176243,1.94708,0.562272,0.229186,0.0100848,2.74151,0,0.0557024,0.976035,0.209125,2.81935,0.0248144
31.957333333,0.108856,2.08462,0.268384,0.211753,0,2.60582,0,0.0561926,0.910496,0.160471,2.88402,0.0767632
32.000000000,0.136261,2.66256,0.375459,0.217725,0,2.41128,0,0.0589089,0.62874,0.0843568,3.03758,0.0729419
32.042666667,0.152136,2.70814,0.511297,0.215622,0,2.36493,0.0901073,0.0582264,0.701494,0.0531798,3.09912,0.0540756
32.085333333,0.153986,2.47909,0.627596,0.212077,0,2.39206,0.183686,0.0559938,0.847773,0.0478218,3.08319,0.0278323
32.128000000,0.138335,2.37415,0.759991,0.205857,0,2.37494,0.184323,0.0199296,0.926313,0.0408738,3.12417,0.0515687
32.170666667,0.159402,2.37654,0.757052,0.208419,0,2.32098,0.168402,0.00862197,0.939884,0.048988,3.16689,0.0721616
32.213333333,0.186104,2.39532,0.739684,0.211786,0,2.31514,0.177693,0.0231001,0.974179,0.0609428,3.16589,0.0746044
32.256000000,0.204906,2.47695,0.632388,0.215853,0.0628548,2.3526,0.00329635,0.00270299,0.928541,0.0472208,3.21149,0.0723323
32.298666667,0.105338,2.44904,0.22885,0.221877,0.109988,2.57397,0.0208488,0,0.858319,0.0557536,2.94997,0.0514013
32.341333333,0,2.46293,0.308931,0.220354,0.124696,2.74058,0.0283798,0,0.866954,0.0750871,2.52682,0.034288
32.384000000,0,2.47897,0.443112,0.212804,0.00217401,2.70064,0.069964,0,0.918141,0.296054,2.45284,0.133116
32.426666667,0,2.20677,0.983226,0.197066,0,2.73697,0.00671416,0,0.889995,0.261514,2.56576,0.0763148
32.469333333,0,1.61058,1.39382,0.20724,0,2.51025,0,0,0.90914,0.0964537,3.25984,0.102555
32.512000000,0.0839107,1.11501,1.64213,0.216775,0,2.42266,0.0103116,0.0222374,1.08217,0.0585923,3.36959,0.0961045
32.554666667,0.058736,0.783228,1.70518,0.201946,0.136415,2.4339,0.197192,0.0339223,0.902354,0.0470908,3.22987,0.1801
32.597333333,0,1.0366,1.43644,0.227731,0.160842,2.45049,0.213394,0.0388405,0.599314,0.0349314,3.17648,0.238018
32.640000000,0.00669325,1.18988,1.30346,0.234455,0.120135,2.46855,0.196276,0.0379109,0.605892,0.0694523,3.15303,0.268406
32.682666667,0.114641,1.16004,1.5238,0.230634,0.130764,2.42059,0.148568,0.0300878,0.82301,0.0219519,3.16182,0.221573
32.725333333,0.155364,0.962463,1.75157,0.212288,0.0181231,2.45876,0.178298,0.0514891,1.0316,0.107838,3.18354,0.0128354
32.768000000,0.0988315,0.773603,1.5916,0.194409,0.150101,2.53775,0.125529,0.0778458,1.05138,0.180994,3.22826,0
32.810666667,0.173435,0.807383,1.21291,0.203402,0.217479,2.11771,0.402347,0.277836,1.06217,0.200927,2.86436,0.032926
32.853333333,0.338774,1.13329,1.01001,0.224263,0.380608,1.53113,0.923491,0.198161,1.07874,0.172697,2.25087,0.0805311
32.896000000,0.329572,1.23859,0.889945,0.362783,0.330245,1.73857,1.08132,0.0892385,1.05936,0.128121,1.75065,0.173982
32.938666667,0.125639,1.49626,0.696113,0.394408,0.123849,2.37721,0.463364,0.052366,1.00588,0.0926818,2.06077,0.118668
32.981333333,0.00271896,2.08157,0.811126,0.331898,0.242686,2.28331,0.176865,0.051318,0.72261,0.0589882,2.53325,0.0402525
33.024000000,0,2.09751,1.00993,0.245531,0.263558,2.31017,0.0711394,0.0368259,0.683364,0.0523149,2.74494,0.12202
33.066666667,0.0857086,2.01298,0.98361,0.250195,0.217911,2.32864,0.0256342,0.0296478,0.660875,0.0506981,2.97019,0.0749893
33.109333333,0.144638,2.14131,0.780988,0.24332,0.0254081,2.25887,0,0.0313257,0.731286,0.0761478,3.09125,0.0614804
33.152000000,0.141813,2.12472,0.770682,0.429103,0,2.26625,0,0.0370495,0.861948,0.0772985,3.04677,0.0489676
33.194666667,0.143641,2.03654,0.843512,0.560168,0,2.27979,0,0.00476566,0.90537,0.0483609,2.97417,0.0449063
33.237333333,0.155428,2.17394,0.515928,0.29164,0.172643,2.31395,0.0292206,0.0889841,0.742502,0.00638567,3.01209,0.0478514
33.280000000,0.129591,2.37609,0.156353,0.299525,0.220349,2.30627,0.363603,0.266197,0.830277,0.222144,2.45014,0.0305287
33.322666667,0.249763,2.42798,0.00215513,0.341723,0.250596,1.99489,0.393651,0.283595,0.765657,0.314581,2.51983,0.0720199
33.365333333,0.256633,2.50506,0,0.290648,0.304399,1.91588,0.2776,0.277559,0.743519,0.332073,2.539,0.141138
33.408000000,0.112205,2.55401,0.0768401,0.221162,0.316524,2.29022,0.184533,0.224541,0.889491,0.179134,2.45469,0.125549
33.450666667,0.0332219,2.6748,0.213105,0.244379,0.0180997,2.24147,0.0045233,0,0.939494,0.0545828,2.62759,0.0518373
33.493333333,0.114529,2.59491,0.286375,0.237092,0,2.16628,0.00126903,0,0.765113,0.0740653,3.02514,0.0197233
33.536000000,0.134929,2.60906,0.400965,0.227553,0,2.17629,0.024981,0,0.759155,0.0848545,3.00987,0.0150825
33.578666667,0.158322,2.59316,0.510947,0.227784,0,2.17019,0.00415013,0,0.826101,0.0776857,3.0236,0.0215494
33.621333333,0.203881,2.52479,0.615445,0.229408,0.0249038,2.13398,0.0186361,0.00139601,0.866958,0.0578754,3.02228,0.0215995
33.664000000,0.220007,2.42773,0.658261,0.225519,0.00554426,2.08472,0.0542935,0.00527093,0.938842,0.050295,3.01648,0.0203672
33.706666667,0.229807,2.26677,0.656699,0.226225,0.0255172,2.16592,0.0431028,0.0486369,0.870306,0.0468221,2.97436,0.0201097
33.749333333,0.277818,1.72236,0.921593,0.220924,0.0955205,2.19451,0.108329,0.127283,0.746866,0.0355654,2.51618,0.18557
33.792000000,0.274931,1.62305,0.932602,0.100616,0.114007,2.00068,0.258408,0.55947,0.742811,0.00776685,2.03751,0.280938
33.834666667,0.303592,1.47709,0.874873,0.0805691,0.24738,1.70502,0.303846,0.763456,0.864064,0,1.91481,0.332153
33.877333333,0.254597,1.58037,0.783016,0.226147,0.429523,1.70699,0.283981,0.776403,0.928179,0,1.71971,0.322122
33.920000000,0.186339,1.58807,0.620075,0.346859,0.209451,1.88516,0.287912,0.584141,0.962479,0.0424783,1.64421,0.258612
33.962666667,0.0853416,1.94704,0.607269,0.25834,0,1.96679,0,0.0540892,0.732366,0.0733458,2.60426,0.0610383
34.005333333,0.128781,2.18726,0.58673,0.236478,0,1.97724,0,0.0563198,0.747608,0.0940299,2.76201,0.0132196
34.048000000,0.194456,2.18546,0.627523,0.2347,0,1.91994,0,0.0506675,0.806777,0.0947582,2.76531,0.0178962
34.090666667,0.209433,2.04002,0.68354,0.242762,0,1.91707,0,0.0368663,0.878191,0.0795667,2.8079,0.02239
34.133333333,0.203535,1.94113,0.741891,0.230112,0,1.97551,0,0.0219662,0.939569,0.0636809,2.85814,0.0250933
34.176000000,0.241231,1.87781,0.797549,0.23207,0.00044534,1.98851,0,0.00495154,0.987084,0.0563438,2.8646,0.0255459
34.218666667,0.186044,1.79451,0.478928,0.242968,0.00935969,1.93506,0.0417442,0,0.776054,0.042277,2.72721,0.0475275
34.261333333,0.0179538,2.58615,0,0.227908,0.0385694,1.98572,0.0536047,0.17526,0.574095,0.0121166,2.31859,0.140858
34.304000000,0.0306043,2.92058,0,0.21119,0.00916963,2.19747,0.0255185,0.313657,0.594092,0.00268063,2.01391,0.283638
34.346666667,0.0216426,2.91325,0,0.213111,0.00847725,2.27382,0.12914,0.334347,0.677876,0.00176909,1.9364,0.344551
34.389333333,0.0147091,2.70635,0,0.224347,0.0119364,2.1129,0.386996,0.275218,0.68682,0.00135363,2.14595,0.2633
34.432000000,0.038952,2.26382,0.0256111,0.237667,0,1.96531,0.542677,0.0217247,0.753326,0.0722318,2.69334,0.0493428
34.474666667,0.118836,2.31919,0.273777,0.24962,0,2.01981,0.167776,0,0.661246,0.115778,2.98024,0.00240916
34.517333333,0.136027,2.35968,0.372353,0.234542,0,2.06397,0.00603777,0,0.552713,0.117711,3.0503,0.0147438
34.560000000,0.136196,2.38221,0.444491,0.235897,0,2.06952,0,0,0.535721,0.0974632,3.09915,0.0203065
34.602666667,0.136007,2.33755,0.510044,0.236284,0,2.08216,0,0,0.585579,0.0777667,3.15015,0.0228243
34.645333333,0.15125,2.20676,0.542002,0.235972,0,2.15259,0,0,0.648571,0.0624643,3.1797,0.0251549
34.688000000,0.300766,1.84574,0.618864,0.226216,0.0193527,2.3308,0.251278,0.048472,0.413428,0.170347,2.78924,0.0687557
34.730666667,0.132578,1.38325,1.00072,0.099102,0.209639,2.43411,0.522673,0.184016,0.416757,0.132335,1.7057,0.274193
34.773333333,0.121573,1.34936,1.06781,0.0385376,0.193302,2.45619,0.596998,0.453996,0.51917,0.27054,1.51791,0.470352
34.816000000,0.15224,1.25425,1.09188,0.0269581,0.0921755,2.54539,0.807287,0.501327,0.626332,0.333806,1.3053,0.569829
34.858666667,0.241855,1.41025,1.08533,0.0671905,0.0293802,2.69955,0.594957,0.266537,0.667705,0.258885,1.16072,0.572255
34.901333333,0.306467,1.62584,0.924114,0.222242,0,2.45382,0.314486,0.134285,0.629848,0.0584612,1.52861,0.526452
34.944000000,0.158211,1.75442,0.727874,0.292347,0,2.01084,0.0196848,0.0552857,0.584166,0.104258,2.40166,0.327174
34.986666667,0.249758,1.86282,0.677948,0.247156,0,1.75996,0,0.0575354,0.61461,0.13152,2.71517,0.200222
35.029333333,0.205335,1.8819,0.706045,0.23044,0,1.69603,0.000595192,0.0550252,0.743268,0.0964613,2.7092,0.0347951
35.072000000,0.1199,1.7677,0.721747,0.22706,0,1.73187,0,0.0458469,0.904257,0.0794525,2.77013,0.0247386
35.114666667,0.188625,1.53384,0.737892,0.221812,0,1.77925,0,0.0278292,1.03497,0.0738241,2.79517,0.0260781
35.157333333,0.217485,1.49893,0.747754,0.227924,0.0660678,1.70068,0,0.00344982,0.963044,0.0597562,2.82787,0.0249695
35.200000000,0.0783334,1.63804,0.600722,0.238079,0.128011,1.2707,0.199976,0,0.742316,0.153891,2.44527,0.0944246
35.242666667,0.00242403,1.90028,0.0193411,0.392558,0.201352,0.992167,0.605638,0.225116,0.621098,0.76616,1.85846,0.296702
35.285333333,0.166064,2.19443,0,0.295243,0.167766,0.541395,0.335582,0.115985,0.614323,0.868153,1.85068,0.485992
35.328000000,0.247642,2.31168,0,0.241984,0.156612,0.57235,0.456562,0,0.530049,0.838705,1.76638,0.404568
35.370666667,0.17406,2.40669,0.036338,0.201214,0.0899156,1.05653,0.52921,0,0.433988,0.717349,1.61369,0.307504
35.413333333,0.0542773,2.62002,0.274984,0.215569,0,1.53891,0.0208667,0,0.47892,0.0667527,2.50446,0.213908
35.456000000,0.270756,2.53604,0.286772,0.217522,0,1.55475,0,0,0.67069,0.00385062,2.73147,0.176133
35.498666667,0.261456,2.48103,0.360832,0.227807,0,1.58394,0,0,0.660189,0.00384717,2.69099,0.125236
35.541333333,0.247707,2.42081,0.447361,0.231072,0,1.59396,0,0,0.622313,0.0425017,2.7303,0.0547858
35.584000000,0.240071,2.34559,0.512074,0.246249,0.0206325,1.62462,0,0,0.625237,0.0600569,2.79426,0.0357957
35.626666667,0.301266,2.24232,0.530755,0.255973,0.00775016,1.65329,0,0.0401923,0.606455,0.0578697,2.84406,0.0314959
35.669333333,0.46365,1.88849,0.664132,0.10396,0.148921,1.98679,0.496907,0.0467271,0.336778,0.100135,1.98837,0.0254293
35.712000000,0.379693,1.51309,1.02248,0,0.196002,2.20199,0.436429,0.0594567,0.42679,0.215362,1.65841,0.285285
35.754666667,0.454871,1.37131,1.06509,0,0.323043,2.17611,0.683897,0.16624,0.456011,0.286255,1.54552,0.344384
35.797333333,0.610625,1.18489,1.02277,0,0.403123,2.20196,0.903369,0.0474333,0.508103,0.284012,1.4548,0.275212
35.840000000,0.537771,1.3863,0.699261,0.0365499,0.437233,2.34849,0.864059,0.0484044,0.503061,0.195803,1.49559,0.151595
35.882666667,0.319788,2.06245,0.341561,0.0433668,0.256572,2.30726,0.660124,0.0637958,0.350133,0.0357955,1.93799,0.18733
35.925333333,0.0486808,2.34564,0.356571,0.239291,0,2.09708,0.194906,0.0597394,0.435503,0,2.39553,0.356783
35.968000000,0.0214129,2.54226,0.0301863,0.231271,0,1.72983,0,0.0661328,0.514679,0.0183206,2.68492,0.444966
36.010666667,0.257761,2.61296,0.116021,0.234203,0,1.66046,0.0128839,0.0586615,0.5014,0.000200966,2.82867,0.0933769
36.053333333,0.271838,2.56119,0.231645,0.23455,0.0301028,1.62596,0.00848416,0.0516229,0.547048,0.0190861,2.8073,0.115636
36.096000000,0.250764,2.42315,0.349719,0.236589,0.0435423,1.5618,0,0.0351089,0.639432,0.0430555,2.84098,0.0663212
36.138666667,0.211687,2.31251,0.429193,0.237208,0.0742227,1.46506,0,0.0442153,0.683456,0.0449301,2.79462,0.0274457
36.181333333,0,2.65234,0.198457,0.276625,0.167846,1.56429,0.0792397,0.0101561,0.420196,0.502748,2.01889,0.123393
36.224000000,0.0384229,2.75637,0,0.167961,0.177968,1.45354,0.0887376,0.00255912,0.382597,0.609333,1.98652,0.193814
36.266666667,0.140741,2.61769,0,0.190943,0.274217,1.23889,0.3623,0.00243037,0.418424,0.670202,1.72524,0.163231
36.309333333,0.084849,2.40333,0,0.250141,0.197796,1.27521,0.509915,0.0033809,0.518806,0.632687,1.47399,0.211519
36.352000000,0,2.31472,0.616936,0.266488,0,1.48286,0.361534,0.00229599,0.545456,0.348875,1.46928,0.30693
36.394666667,0,2.06738,0.857794,0.290275,0.0121852,1.44269,0.0565919,0,0.668469,0.146065,1.71663,0.188642
36.437333333,0.184055,2.07719,0.518409,0.243492,0,1.3761,0.0428366,0,0.765016,0.0168634,2.43941,0.0792707
36.480000000,0.231189,2.0738,0.597903,0.245913,0,1.40155,0,0,0.703458,0.0208733,2.5147,0.0606783
36.522666667,0.238488,1.9133,0.611582,0.24894,0,1.42279,0,0,0.7396,0.0209667,2.55944,0.0609059
36.565333333,0.2333,1.7743,0.633448,0.289944,0,1.46179,0,0,0.794865,0.0293958,2.57509,0.0538497
36.608000000,0.463247,1.5965,0.686381,0.286386,0.00555163,1.55709,0.000842745,0.0464525,0.709416,0.0500517,2.31209,0.0487165
36.650666667,0.379532,1.5043,0.908893,0.247672,0.0892256,1.93842,0.339422,0.0524134,0.51523,0.134029,1.78688,0.128839
36.693333333,0.290938,1.16182,1.24003,0.207147,0.114169,1.95755,1.15516,0.0533027,0.421137,0.215624,1.50925,0.124838
36.736000000,0.30217,1.12288,1.19277,0.17863,0.150942,1.9821,1.34985,0.0534451,0.448343,0.230395,1.3337,0.127092
36.778666667,0.273981,1.13867,1.01159,0.194147,0.0905501,2.0717,1.35778,0.053931,0.601211,0.194024,1.19264,0.150429
36.821333333,0.249994,1.24809,0.758163,0.199579,0.0614763,2.06497,1.22442,0.0542118,0.67522,0.132612,1.20967,0.203291
36.864000000,0.303571,1.91361,0.321126,0.234604,0.00829957,2.01152,0.807611,0.053791,0.467421,0.0373461,1.31021,0.204701
36.906666667,0,2.3526,0.234864,0.244474,0,1.68559,0.116988,0.0592011,0.399611,0.07395,1.61099,0.341875
36.949333333,0.0540347,2.42381,0.194475,0.248065,0,1.54097,0,0.0620494,0.360407,0.0391046,1.8296,0.386741
36.992000000,0.0259177,2.47587,0.33644,0.247426,0,1.4244,0.0221581,0.0577747,0.382633,0.0263561,2.15109,0.0730133
37.034666667,0,2.35619,0.445694,0.270235,0,1.37265,0.00703782,0.0478647,0.448035,0.0220857,2.02913,0.324812
37.077333333,0.0553882,2.23655,0.574376,0.27699,0.0320742,1.4919,0,0.0314332,0.488662,0.126319,1.88407,0.418445
37.120000000,0.0170461,2.25665,0.641029,0.252175,0.0460722,1.57174,0.0406348,0.000930521,0.426369,0.440459,1.60002,0.0312325
37.162666667,0,2.41588,0.0142939,0.234423,0.0386127,1.59106,0.145457,0.104383,0.481949,0.822621,1.15398,0.0483638
37.205333333,0.0043472,2.36807,0.0296311,0.234226,0.0729607,1.50471,0.431276,0.200277,0.59126,1.04524,0.902797,0.25611
37.248000000,0,2.11534,0,0.22646,0.188674,1.38257,0.90354,0.105752,0.692277,1.19279,0.858994,0.287214
37.290666667,0,2.21565,0,0.178358,0.135042,1.413,0.77158,0.120633,0.669905,1.20728,0.965082,0.322359
37.333333333,0,2.40349,0,0.201697,0,1.52487,0.3681,0.0982616,0.698722,1.00992,1.15136,0.353773
37.376000000,0,2.5681,0.299317,0.275121,0,1.41849,0.112307,0.0719098,0.47605,0.445092,1.75397,0.11101
37.418666667,0,2.42382,0.398629,0.231815,0,1.3837,0.0992346,0,0.49202,0.058886,2.584,0.0297174
37.461333333,0.0634023,2.37898,0.553654,0.234505,0.00712215,1.34377,0.075815,0,0.551228,0.0564895,2.65282,0.0270028
37.504000000,0.0968785,2.40214,0.593836,0.236426,0,1.35406,0.0719294,0,0.613663,0.0430385,2.64535,0.0335284
37.546666667,0.0873089,2.36342,0.614129,0.237978,0.0267972,1.41193,0.0299131,0,0.611119,0.0922804,2.63351,0.036798
37.589333333,0.480623,2.24243,0.451464,0.240137,0.0181563,1.56832,0.173752,0.0466349,0.26004,0.0418355,2.15466,0.092752
37.632000000,0.501912,1.80693,0.54131,0.240049,0.161918,1.80473,0.322427,0.0479612,0.244902,0.189333,2.1045,0.140708
37.674666667,0.540683,1.7638,0.559751,0.177828,0.306185,1.61025,0.498393,0.0470765,0.361414,0.184152,1.90518,0.103971
37.717333333,0.574917,1.94232,0.506558,0.227198,0.342128,1.45753,0.577816,0.0844995,0.585808,0.186719,1.4835,0.10115
37.760000000,0.57473,2.08137,0.425847,0.126872,0.323456,1.46291,0.553718,0.127028,0.659936,0.19621,1.42714,0.288478
37.802666667,0.534698,2.15703,0.378287,0.108896,0.238379,1.57647,0.493377,0.15763,0.727811,0.214126,1.43774,0.25021
37.845333333,0.356539,2.23953,0.494328,0.221532,0.034033,1.89875,0.355116,0.125004,0.753444,0.0637935,1.79028,0.239675
37.888000000,0,2.27917,0.641006,0.265973,0,1.71266,0,0.0610814,0.570058,0.0648673,2.0322,0.452529
37.930666667,0,2.35398,0.457376,0.244073,0,1.46506,0,0.0649874,0.556514,0.0763647,2.14671,0.418415
37.973333333,0.128213,2.35909,0.442804,0.24211,0,1.40883,0.0125133,0.0582959,0.504505,0.0661256,2.29716,0.292676
38.016000000,0.107197,2.30402,0.440848,0.241404,0,1.36074,0.0219893,0.0496913,0.560239,0.0506433,2.16846,0.362823
38.058666667,0.0402661,2.27361,0.544807,0.240043,0,1.35903,0.0444054,0.0364152,0.642073,0.0453546,2.01378,0.365828
38.101333333,0,2.40818,0.709555,0.266561,0.10828,1.36166,0.478874,0,0.510397,0.392453,1.9423,0.0065091
38.144000000,0,2.11691,0.0748249,0.32464,0.182068,1.62572,0.67133,0,0.695803,0.900286,1.55036,0.0458473
38.186666667,0.0102071,2.01119,0.00230568,0.283632,0.15254,1.70865,0.737416,0,0.797222,1.23311,1.53594,0.0852083
38.229333333,0.0122084,2.01625,0,0.235185,0.313269,1.87704,0.883527,0,0.798485,1.35097,1.36997,0.155052
38.272000000,0,2.18136,0,0.213079,0.0977216,1.73939,0.737941,0,0.713666,1.19195,1.21512,0.193994
38.314666667,0,2.14953,0,0.235674,0,1.62811,0.585688,0,0.604452,0.86272,1.22519,0.144707
38.357333333,0,2.2068,0.429681,0.277174,0,1.55081,0.11484,0,0.304833,0.338779,1.62882,0.0250693
38.400000000,0,2.22239,0.458014,0.249535,0,1.37656,0.0438504,0,0.248859,0.167968,2.15895,0.0174365
38.442666667,0,2.1386,0.541055,0.250163,0,1.34716,0.0710397,0,0.254887,0.088743,2.23334,0.0197808
38.485333333,0,2.0765,0.68467,0.251823,0,1.35283,0.0762746,0,0.294732,0.0745683,2.17361,0.0238181
38.528000000,0,1.90747,0.833277,0.253674,0.00333514,1.38236,0.0422442,0,0.392392,0.077576,2.02872,0.0268798
38.570666667,0.402903,1.74507,0.681293,0.252656,0.0121566,1.69068,0.10548,0.0482099,0.279952,0.136535,1.79521,0.267462
38.613333333,0.304672,1.54212,0.867863,0.210898,0.13155,1.79004,0.343519,0.318926,0.545754,0.158158,1.66381,0.281883
38.656000000,0.250803,1.42948,1.00922,0.152126,0.449026,1.57992,0.567648,0.581905,1.03245,0.105706,1.29251,0.249199
38.698666667,0.374403,1.48493,0.961011,0.150003,0.59528,1.38438,0.476114,0.636503,1.14803,0.223803,1.064,0.305557
38.741333333,0.382629,1.52391,0.918449,0.160998,0.593475,1.45118,0.371055,0.580098,1.22472,0.198357,0.944861,0.345411
38.784000000,0.185246,1.5677,0.872768,0.233862,0.452132,1.8264,0.262059,0.39257,1.26042,0.0552774,0.951203,0.341181
38.826666667,0.0933627,1.85691,0.583951,0.295104,0,1.85272,0.0613946,0.119219,0.984169,0.0658822,1.29661,0.33651
38.869333333,0,2.05239,0.466382,0.284264,0,1.62055,0,0.0593098,0.293777,0.0935231,1.5402,0.470359
38.912000000,0.0819339,2.10258,0.433815,0.251365,0,1.57629,0,0.0566114,0.328601,0.102012,1.70938,0.342432
38.954666667,0,2.08394,0.567613,0.251699,0,1.489,0,0.0502704,0.396936,0.0920438,1.76509,0.317427
38.997333333,0,2.01939,0.604746,0.249878,0.0174102,1.45403,0,0.0371466,0.575183,0.0706174,1.59833,0.418573
39.040000000,0,1.87441,0.721678,0.252565,0.028801,1.5181,0,0.0219916,0.533195,0.056819,1.58655,0.42803
39.082666667,0,2.30275,0.441146,0.282898,0.0674673,1.44608,0.745312,0,0.549181,0.0408174,1.93025,0.0380228
39.125333333,0,2.56077,0,0.244506,0.275085,1.36465,1.26675,0.0970303,0.537497,0.0729758,1.86605,0.0900742
39.168000000,0.0364041,2.26829,0,0.228321,0.475486,0.840455,2.13037,0.330391,0.57517,0.168163,1.8191,0.180661
39.210666667,0.0682292,2.0165,0,0.214667,0.505172,0.581518,2.5779,0.337234,0.601855,0.221529,1.83614,0.255309
39.253333333,0.147049,2.07605,0,0.218853,0.398189,0.292492,2.78162,0.154682,0.578381,0.239506,1.73425,0.312268
39.296000000,0.0590783,2.31807,0.00126506,0.225615,0.135358,0.188784,3.22591,0.157463,0.234057,0.25279,1.47478,0.284292
39.338666667,0.0457398,2.21353,0.00569331,0.223835,0.153016,0.149816,3.50135,0.239179,0.248471,0.334688,1.44324,0.0897201
39.381333333,0.153743,2.08854,0.0182628,0.221349,0.131057,0.11628,3.64028,0.260782,0.388333,0.354807,1.39095,0.0209723
39.424000000,0.126615,2.02998,0.0295119,0.221332,0.141527,0.0814625,3.65587,0.259773,0.526369,0.330062,1.36589,0.015321
39.466666667,0.0865589,2.03486,0.032885,0.219732,0.15592,0.028706,3.67782,0.252064,0.623074,0.291982,1.37118,0.0128501
39.509333333,0.0843126,2.03134,0.0475398,0.218856,0.161197,0,3.69275,0.234131,0.674271,0.261638,1.36694,0.00433112
39.552000000,0.102241,2.04255,0.0442405,0.210514,0.0956806,0.00471988,3.6036,0.332351,0.66322,0.225715,1.34612,0.00661352
39.594666667,0.171191,1.89545,0.10677,0.171014,0.0481215,0.0794167,3.44563,0.178307,0.757993,0.245762,1.22814,0.0097068
39.637333333,0.560423,1.82308,0.202119,0.145974,0.0545286,0.141014,3.24695,0.0476622,0.670606,0.236817,1.07233,0.130886
39.680000000,0.589768,2.06839,0.124645,0.274326,0.352606,0.271976,2.61504,0.215906,1.09397,0.355662,1.01949,0.195092
39.722666667,0.492581,1.99349,0.0962423,0.389736,0.328087,0.394468,2.50896,0.248866,1.11331,0.357555,0.966235,0.205404
39.765333333,0.375144,1.73885,0.0466311,0.290794,0,0.472251,2.80489,0.0484269,0.833799,0.303443,1.10577,0.278634
39.808000000,0.129676,2.05265,0.0898032,0.228579,0,0.356964,2.96049,0.0791808,0.528234,0.0941081,1.3403,0.20704
39.850666667,0.0384371,2.26263,0.441503,0.213241,0.00326491,0.353888,3.05432,0.0768638,0.711151,0.112767,1.20212,0.0700342
39.893333333,0.104512,2.28552,0.227455,0.250212,0,0.485259,2.84647,0.0442935,1.57638,0.135091,0.833834,0.166208
39.936000000,0.103357,2.95848,0.0641023,0.30156,0.00452357,1.00358,2.04361,0.0225718,2.19331,0.11364,0.289295,0.144048
39.978666667,0.10558,3.52078,0.0441067,0.340252,0.0136469,1.66359,1.00923,0.0187771,2.35824,0.0320932,0,0.156353
40.021333333,0.059272,3.69153,0.0257522,0.334312,0,1.89957,0.525347,0.0559924,2.44367,0.000909263,0,0.154622
40.064000000,0.0396946,3.77578,0.0632675,0.281092,0,1.92142,0.51991,0.0461415,2.37111,0.000502473,0,0.14159
40.106666667,0,3.96318,0.116471,0.230493,0,1.78541,0.294973,0.239894,2.2512,0.00871207,0,0.172682
40.149333333,0,3.9339,0.137941,0.216383,0.00776127,1.45587,0.276068,0.266647,1.99782,0.0183944,0.0872634,0.282988
40.192000000,0.00427386,3.7874,0.0258975,0.218523,0.0134479,1.52478,0.27797,0.363589,1.85237,0.0135705,0.16546,0.381347
40.234666667,0.103464,3.90599,0,0.257767,0,1.81803,0.139098,0.084375,1.91517,0.01417,0.160737,0.344989
40.277333333,0.0786167,3.98934,0.0134913,0.320864,0,1.89887,0.164651,0,2.09189,0.0326283,0.159421,0.252178
40.320000000,0,3.60496,0.00574684,0.29083,0,1.85953,0.462293,0.0163269,2.14412,0.0636249,0.149162,0.238574
40.362666667,0,3.33791,0.0235908,0.29788,0,1.83343,0.526355,0.0552266,2.05276,0.0804176,0.126377,0.419991
40.405333333,0,3.31752,0.0575007,0.286435,0.01319,1.89414,0.43673,0.0948648,1.94119,0.122149,0.143127,0.480882
40.448000000,0.0337638,3.32793,0.0662179,0.259466,0.0779059,1.96002,0.431292,0.0699322,2.0678,0.205474,0.272919,0.440369
40.490666667,0.0294695,3.41432,0.028065,0.273687,0.179587,2.08757,0.385187,0.0266213,2.23968,0.113122,0.0461048,0.345225
40.533333333,0,3.51189,0.00289029,0.29873,0.140137,1.98715,0.357149,0.0546954,2.23206,0.119663,0,0.116993
40.576000000,3.81076e-05,3.50712,0.00844191,0.183053,0.0340448,1.96623,0.21183,0.32805,2.2231,0.178861,0.0176903,0.0833345
40.618666667,0.000272238,3.55432,0.0238476,0.130391,0.0585943,1.70932,0.0942823,0.326306,1.98854,0.134376,0.0305306,0.0981218
40.661333333,0.318699,3.43713,0.0200314,0.131092,0.0559718,1.21931,0.515811,0.241948,1.52122,0.707339,0.0838775,0.0835277
40.704000000,0.129308,3.45974,0.0814451,0.171538,0.0660734,1.29283,0.287163,0.0992531,1.83622,0.284363,0.268176,0.247535
40.746666667,0,3.77501,0.1329,0.196945,0.0245908,1.87175,0.00926763,0.0592508,2.15074,0.0447608,0.217422,0.161855
40.789333333,0,3.79768,0.0150807,0.261677,0.0278645,2.00694,0.00655697,0.0662917,2.33032,0.142919,0.163698,0.168019
40.832000000,0,3.82448,0.0348332,0.292172,0.158785,2.03018,0.0243052,0.115803,2.35461,0.134488,0.144717,0.215449
40.874666667,0,4.05542,0.00698134,0.210335,0.280028,1.91674,0.0202731,0.0315638,2.37435,0.103136,0.116304,0.182202
40.917333333,0,4.03288,0.00692828,0.200943,0.112205,1.71628,0.0850215,0.0180492,2.41635,0.187803,0.0906629,0.0960096
40.960000000,4.62483e-05,3.98538,0.00278013,0.197188,0,1.78811,0.136908,0.0288292,2.45016,0.103731,0.000375701,0.0940833
41.002666667,0.000277841,4.02891,0.00157025,0.198356,0,1.7918,0.14784,0.0232381,2.43645,0.0298614,0.00037505,0.0945204
41.045333333,0.000397138,4.05256,0.00342185,0.200436,0,1.83115,0,0.0681416,2.43329,0.0136597,0.0168807,0.0941979
41.088000000,0.16885,2.97494,0.420624,0.180679,0,1.72146,0.227635,0.0950594,2.85653,0.217322,0.857731,0.130285
41.130666667,0.520683,2.44116,0.674431,0.256437,0,1.44756,0.138572,0.0650981,2.74945,0.116134,1.80441,0.312208
41.173333333,0.267204,2.13007,0.847714,0.336419,0,2.21171,0.000440307,0,2.48033,0,2.39555,0.290311
41.216000000,0.122079,1.94177,0.969635,0.306403,0,2.42465,0,0,2.14483,0.00771239,2.80681,0.185173
41.258666667,0.130594,2.11674,0.966991,0.222809,0,2.38023,0,0,1.66228,0.027699,3.11152,0.112216
41.301333333,0.14572,2.04795,0.997782,0.219201,0,2.36088,0.100576,0,1.4938,0.0308063,3.16627,0.0637312
41.344000000,0.154398,1.66588,1.13987,0.212228,0,2.32527,0.249531,0,1.59309,0.0215735,3.14488,0.0365199
41.386666667,0.126988,1.6276,1.16805,0.217452,0,2.30057,0.24084,0,1.53527,0.00688883,3.17625,0.0373042
41.429333333,0.10402,1.69514,1.14118,0.218511,0,2.31104,0.242493,0,1.3911,0.0179237,3.20169,0.0334238
41.472000000,0.10709,1.76077,1.11892,0.217095,0,2.31921,0.248988,0,1.2647,0.0379714,3.20844,0.0105488
41.514666667,0.102724,2.02531,1.08319,0.22564,0,2.27854,0.0911984,0.0567326,1.10595,0.0482366,3.18762,0.0281647
41.557333333,0.169109,2.10785,0.960908,0.28638,0,2.37286,0,0.0998649,1.1337,0.0711129,3.06283,0.0244554
41.600000000,0.294317,2.11331,0.831422,0.284759,0,2.41413,0.0520525,0.101567,1.11574,0.0892636,2.90437,0.017013
41.642666667,0.335981,1.97699,0.654708,0.318518,0,2.45911,0.0717322,0.0618431,1.10376,0.0863623,2.66758,0.01876
41.685333333,0.334749,1.87184,0.416405,0.250933,0,2.48063,0.0297279,0.0527817,1.15697,0.0631961,2.61498,0.0438434
41.728000000,0.200524,1.89917,0.491184,0.23008,0,2.4128,0,0.0721191,1.07111,0.0423672,2.86403,0.0816316
41.770666667,0,2.20561,0.769822,0.215269,0,2.32,0,0.0901964,1.10934,0.037897,3.0516,0.0633287
41.813333333,0,2.1943,0.750163,0.209544,0,2.34606,0.102573,0.0755989,1.19628,0.0428669,2.96743,0.0236874
41.856000000,0,2.18735,0.743548,0.211823,0,2.35117,0.172249,0.0644339,1.22879,0.0355867,2.92021,0.0125871
41.898666667,0.0152244,2.23525,0.770562,0.215896,0,2.31543,0.172614,0.0506568,1.20193,0.0253527,2.93131,0.026988
41.941333333,0.0271286,2.30595,0.769107,0.219802,0,2.28031,0.167044,0.00203833,1.17832,0.0327987,2.95005,0.026717
41.984000000,0.0145612,2.37924,0.707539,0.223557,0,2.30012,0.151528,0,1.15285,0.0455869,2.95881,0.0220411
42.026666667,0.0163623,2.57308,0.402079,0.230781,0.0399409,2.35126,0.00366049,0,1.01029,0.0535102,3.00951,0.0240389
42.069333333,0,2.63498,0.316402,0.231778,0.00818891,2.49709,0.000531712,0,0.814739,0.0617989,2.68144,0.0216558
42.112000000,0,2.58512,0.325452,0.24559,0,2.50119,0.143617,0,0.709646,0.0700348,2.29482,0.0191334
42.154666667,0,2.65754,0.284025,0.225395,0,2.52117,0.114211,0,0.62431,0.206989,2.07103,0.0494915
42.197333333,0,2.67395,0.195974,0.230343,0,2.58035,0.0607933,0.0036867,0.502413,0.06464,2.2015,0.0704884
42.240000000,0,2.56834,0.232326,0.231402,0,2.40376,0,0,0.612054,0.0426471,2.78223,0.0604944
42.282666667,0.0252279,2.43688,0.376457,0.229522,0,2.32688,0,0,0.627652,0.0536612,2.8876,0.0286436
42.325333333,0.0247772,2.32038,0.450455,0.229436,0,2.32458,0.126472,0,0.625005,0.0570247,2.88837,0.0147881
42.368000000,0.00889812,2.33883,0.507252,0.22723,0.00723869,2.34568,0.131132,0,0.577863,0.0470663,2.93898,0.0153921
42.410666667,0.0102526,2.37849,0.536857,0.227447,0.0135442,2.35084,0.130978,0,0.590802,0.0380736,2.95127,0.0227768
42.453333333,0.0288236,2.39422,0.529602,0.227715,0.0188615,2.3336,0.157106,0,0.615743,0.0396973,2.91873,0.0184636
42.496000000,0.123106,2.30564,0.552001,0.244572,0.00335279,2.36089,0.0206469,0.0548687,0.565291,0.188637,2.91361,0.0280303
42.538666667,0.125968,1.80231,0.796328,0.272377,0.00179286,2.36192,0.158524,0.0559869,0.784584,0.216962,2.72352,0.0110086
42.581333333,0.11077,1.59667,0.957012,0.334324,0.0332597,1.94656,0.470332,0.0568604,1.05674,0.202374,2.11687,0.134034
42.624000000,0.230001,1.93144,0.769831,0.303613,0.0328483,1.63825,0.698608,0.0550378,1.06298,0.200956,1.58834,0.210658
42.666666667,0.281194,2.37317,0.332425,0.2877,0.0197873,1.631,0.634201,0.0537007,0.946992,0.242359,1.57678,0.244304
42.709333333,0.231364,2.54197,0.188773,0.247834,0,2.01344,0.146638,0.0530025,0.876328,0.0792049,2.24093,0.117223
42.752000000,0.118547,2.65082,0.313425,0.232671,0,2.1684,0,0.0385354,0.737877,0.0601239,2.6611,0.027353
42.794666667,0.0859113,2.56499,0.458302,0.234909,0,2.19023,0.02807,0.0211187,0.802355,0.0730097,2.70371,0.019373
42.837333333,0.0872981,2.49233,0.50452,0.236655,0,2.14983,0.0602323,0.0103058,0.818586,0.0696645,2.72031,0.0180893
42.880000000,0.0929793,2.47007,0.491849,0.235516,0,2.12405,0.0782471,0.00144105,0.890432,0.0557294,2.72944,0.018798
42.922666667,0.0648546,2.5023,0.475215,0.234258,0,2.18651,0.0986443,0,0.883516,0.0472715,2.7544,0.0174316
42.965333333,0.0650064,2.4652,0.457488,0.233693,0.0189683,2.21622,0.101332,0,0.859909,0.0476245,2.77402,0.0181971
43.008000000,0.0628033,2.49255,0.2697,0.234186,0.072253,2.20625,0.0306538,0,0.923121,0.0553609,2.52202,0.0170368
43.050666667,0.0506571,2.24836,0.0867754,0.234851,0.408927,1.98745,0.257778,0.00529466,1.25061,0.437454,2.2379,0.00794574
43.093333333,0.107223,2.01307,0.0426179,0.236961,0.49597,1.87506,0.490201,0.0130571,1.23785,0.46909,2.20664,0.0433491
43.136000000,0.0915579,1.88529,0.029621,0.237529,0.534094,1.91675,0.367611,0.000114564,1.24002,0.492295,2.12547,0.0882717
43.178666667,0,2.13799,0.176115,0.233937,0.482016,1.95696,0.0825162,0.0422862,1.20032,0.374091,2.09234,0.0729902
43.221333333,0,2.44393,0.231107,0.23784,0.0255616,1.93313,0,0.0294767,0.689072,0.0692727,2.54576,0.0254067
43.264000000,0.0613105,2.39475,0.343908,0.233597,0,2.09881,0,0,0.508938,0.0821098,2.73323,0.0187038
43.306666667,0.0621605,2.34126,0.499702,0.23405,0,2.16478,0,0,0.603672,0.0863144,2.80698,0.0186038
43.349333333,0.0482352,2.36077,0.499905,0.233173,0,2.18326,0.00287841,0,0.681964,0.0743082,2.87729,0.0223856
43.392000000,0.0618328,2.39796,0.457967,0.232827,0,2.16753,0.0218255,0,0.702167,0.0586963,2.89222,0.0232019
43.434666667,0.126809,2.43157,0.44739,0.232723,0.00715591,2.14357,0,0.00192717,0.674432,0.0512754,2.89668,0.0261109
43.477333333,0.303828,2.33433,0.595654,0.236541,0.141406,2.239,0,0.0466768,0.494325,0.0363245,2.79099,0.0251162
43.520000000,0.275913,2.18592,0.736714,0.240617,0.200431,2.29876,0.125965,0.133693,0.652276,0.0533573,2.28413,0.239156
43.562666667,0.242272,1.99711,0.695525,0.240464,0.158462,2.11889,0.213579,0.316765,0.964925,0.0100911,1.95793,0.321846
43.605333333,0.265643,1.82002,0.432053,0.27579,0.436989,1.83429,0.269464,0.344923,1.15121,7.99057e-05,1.71587,0.346477
43.648000000,0.229787,1.89377,0.124832,0.309788,0.517927,1.88169,0.262774,0.284791,1.19605,0.0123278,1.54357,0.326157
43.690666667,0.20372,2.23278,0.0210929,0.332014,0.132531,1.9376,0.174232,0.0618212,1.09807,0.0620999,1.85912,0.251747
43.733333333,0,2.48488,0.15056,0.247139,0,1.85433,0.0120416,0.0261408,0.738859,0.0865572,2.5934,0.0987855
43.776000000,0.11574,2.40651,0.245535,0.230983,0,1.92586,0.0849385,0.0497137,0.743105,0.100477,2.67972,0.00652718
43.818666667,0.146528,2.45608,0.311394,0.232534,0,1.8813,0.055561,0.0482819,0.753725,0.0936976,2.71452,0.0145289
43.861333333,0.0955061,2.4762,0.337351,0.242433,0,1.94583,0.0111873,0,0.769213,0.0755532,2.75428,0.022108
43.904000000,0.0783015,2.45313,0.31269,0.233968,0,2.01442,0.00182206,0,0.801487,0.0603873,2.78572,0.0251744
43.946666667,0.108437,2.32898,0.31697,0.236255,0,2.03912,0.0591939,0,0.770972,0.0539732,2.80361,0.0208099
43.989333333,0,2.12671,0,0.242196,0.0237799,2.01508,0.0446233,0,0.743174,0.0345605,2.59736,0.028824
44.032000000,0,2.3228,0,0.244727,0,1.95261,0.00244886,0.176799,0.700994,0.0037819,2.14614,0.0956375
44.074666667,0.0137811,2.36465,0,0.243678,0,2.08549,0.003576,0.291564,0.784391,0.00339249,1.86819,0.221945
44.117333333,0.0225275,2.24423,0,0.236447,0,2.16416,0.111844,0.275201,0.768096,0.00285321,2.02877,0.254463
44.160000000,0.0278571,1.90428,0.276245,0.262518,0,2.15392,0.386508,0.0732292,0.654612,0.0212892,2.60822,0.134268
44.202666667,0,1.54384,0.597357,0.254649,0,2.29768,0.298944,0,0.664881,0.0937099,3.07404,0.0157723
44.245333333,0,1.60889,0.69391,0.207023,0,2.34451,0,0,0.68386,0.124797,3.19128,0.011283
44.288000000,0.0135417,1.59847,0.669064,0.203909,0,2.34896,0,0,0.748604,0.116097,3.1528,0.0175281
44.330666667,0.0196165,1.65392,0.648123,0.206191,0,2.27765,0,0,0.791813,0.0947224,3.13437,0.0223681
44.373333333,0.0321677,1.80597,0.664714,0.214694,0,2.18718,0,0,0.83033,0.0725812,3.10518,0.0247937
44.416000000,0.128344,1.75566,0.668143,0.221124,0,2.17289,0,0.0137246,0.816443,0.0603334,3.06267,0.0266765
44.458666667,0.176932,1.55328,0.798447,0.232789,0.0723748,2.20023,0.360826,0.0489969,0.465169,0.113458,2.45416,0.199526
44.501333333,0.185202,1.4726,0.919891,0.257865,0.214836,2.41654,0.694577,0.225738,0.332646,0.0878614,1.60792,0.301942
44.544000000,0.24495,1.35667,0.856693,0.225288,0.196898,2.4716,0.81259,0.408002,0.373953,0.185438,1.51291,0.472143
44.586666667,0.222855,1.47154,0.724078,0.228579,0.130686,2.52196,0.85539,0.312008,0.403412,0.177851,1.38444,0.506561
44.629333333,0.277357,1.75441,0.54714,0.235154,0.0377978,2.44428,0.638601,0.0937327,0.507554,0.0318221,1.37111,0.51187
44.672000000,0.353218,2.05203,0.346916,0.250917,0,2.02181,0.502765,0.0483871,0.516357,0.0314693,2.30658,0.366238
44.714666667,0.0516399,2.16001,0.373473,0.271491,0,1.87892,0,0.0207461,0.661296,0.113202,2.70924,0.363925
44.757333333,0.0739027,2.1844,0.404032,0.240638,0,1.78144,0,0.0141468,0.814148,0.118787,2.83636,0.0861826
44.800000000,0,2.23642,0.494217,0.239326,0,1.77126,0,0.00877362,0.843148,0.0890068,2.86877,0.0271993
44.842666667,0,2.16074,0.531117,0.23846,0,1.79985,0,0.000723631,0.899953,0.0764644,2.86342,0.0253067
44.885333333,0.0881547,2.06532,0.546183,0.237732,0,1.85612,0,0,0.909074,0.0650701,2.82523,0.0267677
44.928000000,0.0119379,1.92585,0.523556,0.243285,0.00684918,1.68293,0,0,0.787843,0.0553635,2.91994,0.0288851
44.970666667,0,1.99166,0,0.373948,0,1.1626,0.650928,0.246628,0.645173,0.507596,2.01932,0.0625137
45.013333333,0.0250878,2.28926,0,0.526827,0,0.915958,0.471964,0.314422,0.588268,0.639524,1.91202,0.177674
45.056000000,0.180917,2.42957,0,0.490517,0,0.409224,0.388198,0.131198,0.506785,0.696262,1.88203,0.25591
45.098666667,0.197599,2.45818,0,0.451123,0,0.677438,0.487284,0.0477612,0.477815,0.649725,1.83311,0.209182
45.141333333,0.150944,2.37421,0.104735,0.31377,0,1.04731,0.579407,0.0516033,0.586303,0.496091,1.88139,0.254249
45.184000000,0.0163267,2.49459,0.137015,0.297796,0,1.45985,0.0766422,0,0.629606,0.00354976,2.7609,0.191244
45.226666667,0.106423,2.50818,0.135857,0.240993,0,1.51026,0,0,0.711949,0.00372097,2.77187,0.16181
45.269333333,0.114283,2.48258,0.204726,0.240931,0,1.51142,0,0,0.698382,0.0151804,2.71053,0.0989546
45.312000000,0.126009,2.40621,0.294008,0.241876,0.0107392,1.50402,0,0,0.742158,0.0491626,2.71238,0.0460803
45.354666667,0.169841,2.32943,0.341742,0.242656,0.0239105,1.53779,0,0,0.745059,0.0561279,2.72962,0.0321517
45.397333333,0.416501,2.34111,0.358144,0.242447,0.0571029,1.59913,0.093814,0.0312071,0.501292,0.0505118,2.43682,0.025132
45.440000000,0.541485,2.14279,0.475114,0.241858,0.0696793,1.69557,0.875858,0.0450159,0.376426,0.0526913,1.83283,0.0883207
45.482666667,0.433505,1.77118,0.774301,0.232726,0.015731,2.13686,0.775057,0.0468559,0.560381,0.108332,1.39688,0.244577
45.525333333,0.584925,1.36548,0.798474,0.234638,0.0208119,2.29069,0.916748,0.0471897,0.658038,0.154979,1.29177,0.312145
45.568000000,0.608568,1.30576,0.646755,0.24379,0.0081073,2.33924,1.09092,0.0475194,0.667879,0.13882,1.09052,0.296445
45.610666667,0.455059,1.48599,0.411191,0.248127,0,2.26935,0.964457,0.0478219,0.602624,0.0775899,1.06988,0.314947
45.653333333,0.313606,1.88664,0.341978,0.291274,0,1.879,0.626817,0.0465099,0.551156,0.00501958,1.65544,0.332284
45.696000000,0,2.11961,0.388738,0.287844,0,1.51187,0.0203665,0.0245774,0.622649,0.0269763,1.91951,0.500136
45.738666667,0.0306797,2.17969,0.419128,0.24869,0,1.52693,0,0.0192444,0.625695,0.00390384,2.27749,0.229355
45.781333333,0.133603,2.10011,0.516993,0.248586,0,1.50419,0.0103399,0.00698741,0.71931,0.0200464,2.3334,0.0706119
45.824000000,0.135889,1.91178,0.580876,0.249384,0,1.49831,0,0.000447281,0.848847,0.0361149,2.27064,0.100899
45.866666667,0.0670682,1.81844,0.62518,0.27591,0.00186985,1.48634,0,0,0.897052,0.0527525,2.36724,0.117789
45.909333333,0,1.71351,0.631116,0.286402,0.0580309,1.51257,0.126737,0.0475095,0.716022,0.0515823,1.90551,0.0228859
45.952000000,0,2.17214,0,0.301059,0.0272896,1.54201,0.387221,0,0.450173,0.420272,1.63755,0.0181396
45.994666667,0,2.46512,0,0.251684,0,1.4442,0.577776,0,0.460314,0.495744,1.68475,0.0065014
46.037333333,0.0922496,2.43374,0,0.280995,0,1.35486,0.819973,0,0.415005,0.526745,1.55874,0
46.080000000,0,2.4065,0,0.31152,0,1.38816,0.830873,0,0.430488,0.500759,1.4743,0.0752043
46.122666667,0,2.42167,0,0.279,0,1.53278,0.591364,0,0.438199,0.469892,1.61316,0.129299
46.165333333,0,2.45768,0.126481,0.284324,0,1.37766,0.111801,0,0.466047,0.0231733,2.39753,0.0964325
46.208000000,0,2.44732,0.190754,0.24117,0,1.31805,0.0779787,0,0.55282,0.0185308,2.71728,0.0669666
46.250666667,0,2.4134,0.287318,0.243507,0,1.31367,0.0931372,0,0.519987,0.0283664,2.829,0.057955
46.293333333,0,2.35826,0.35322,0.244974,0,1.37976,0.100033,0,0.502481,0.0236626,2.88712,0.0587781
46.336000000,0,2.22052,0.380462,0.245417,0,1.4858,0.0903494,0,0.53986,0.0380746,2.91561,0.0492813
46.378666667,0.377694,2.00948,0.374586,0.274485,0.0212091,1.85799,0.463509,0.0379564,0.251963,0.0488269,2.16392,0.0342603
46.421333333,0.312646,1.63304,0.738473,0.316421,0.194371,2.04808,0.619878,0.0505052,0.186333,0.179436,2.07626,0.0257524
46.464000000,0.304319,1.05592,0.905317,0.530816,0.254457,2.0918,1.16677,0.145685,0.0395505,0.265239,1.7794,0.0282581
46.506666667,0.330417,1.04313,0.912452,0.508672,0.170017,2.11199,1.3023,0.0510873,0.0185692,0.266474,1.36461,0.0519635
46.549333333,0.306013,1.11251,0.747058,0.48824,0.106961,2.09307,1.33405,0.0509181,0.211538,0.217214,1.248,0.0765369
46.592000000,0.302425,1.20539,0.591513,0.452933,0,2.00484,1.35153,0.0501654,0.39153,0.106305,1.30305,0.171491
46.634666667,0.272482,1.78095,0.490401,0.296407,0,1.88507,0.64791,0.0466588,0.335613,0.0373427,1.73908,0.214791
46.677333333,0,1.87737,0.602953,0.251356,0,1.58304,0.0263831,0.025499,0.448207,0.0430517,1.82845,0.546564
46.720000000,0,1.94216,0.603365,0.249523,0,1.47255,0,0.0192797,0.558255,0.0403277,2.15193,0.240609
46.762666667,0,1.8427,0.653555,0.250913,0,1.42253,0,0.00945517,0.643675,0.0260122,2.27294,0.050832
46.805333333,0,1.50482,0.650278,0.253342,0,1.3988,0.00507746,0.00311991,0.792599,0.0330871,2.19767,0.18968
46.848000000,0,1.48822,0.659289,0.251767,0,1.39186,0.00925214,3.76515e-06,0.836758,0.0483163,2.33172,0.208815
46.890666667,0,1.83742,0.700096,0.292213,0.0629251,1.52495,0.0179326,0,0.533935,0.0800731,1.62663,0.0274162
46.933333333,0,2.25112,0.0364667,0.249436,0.0449024,1.52086,0.20538,0.0531144,0.545936,0.587416,1.2259,0.0454443
46.976000000,0,2.34214,0,0.327274,0.0940273,1.46901,0.505479,0.000901291,0.571193,0.848872,0.989172,0.196279
47.018666667,0,2.24206,0,0.235708,0.169526,1.35283,0.937385,0,0.760521,0.967919,0.852474,0.13614
47.061333333,0,2.44485,0,0.2156,0.0384411,1.3942,0.560075,0,0.80198,0.902247,0.875869,0.197208
47.104000000,0,2.53908,0.00442738,0.214232,0,1.42234,0.303548,0,0.777049,0.611143,1.10897,0.170576
47.146666667,0,2.45886,0.272795,0.272513,0,1.43821,0.0727586,0,0.597092,0.153569,1.64571,0.0486469
47.189333333,0,2.41026,0.292963,0.238636,0,1.30242,0.0482712,0,0.603002,0.060296,2.20621,0.0286235
47.232000000,0,2.39828,0.407487,0.240016,0,1.28822,0,0,0.670354,0.0527781,2.28895,0.122914
47.274666667,0,2.38378,0.518617,0.260356,0,1.28324,0.0053495,0,0.685712,0.0386985,2.36789,0.1224
47.317333333,0,2.32103,0.631322,0.25814,0.0184256,1.29753,0,0,0.701835,0.0452988,2.4606,0.0372841
47.360000000,0.468091,2.18089,0.447794,0.239318,0.0382084,1.68137,0.398244,0.0489805,0.329276,0.0448622,1.98332,0.131989
47.402666667,0.419137,1.70392,0.725328,0.27385,0.076485,2.02535,0.415769,0.0504759,0.545182,0.0583654,1.93331,0.123981
47.445333333,0.382699,1.47626,0.827652,0.159843,0.281853,2.07495,0.355506,0.0509805,0.772425,0.0748231,1.80001,0.0944128
47.488000000,0.38409,1.33269,0.770125,0.118138,0.432833,1.98932,0.363119,0.0510665,0.964272,0.0562418,1.71905,0.08041
47.530666667,0.357949,1.31987,0.680956,0.161685,0.514285,2.11216,0.423351,0.0517073,1.06795,0.122756,1.7389,0.16337
47.573333333,0.317375,2.18182,0.0871059,0.218494,0.355356,2.22881,0.50977,0.052624,1.00023,0.0607035,1.84492,0.150003
47.616000000,0.0961428,2.49684,0,0.237875,0,2.22155,0.35686,0.0577528,0.842704,0.0564503,2.05289,0.171903
47.658666667,0,2.44281,0,0.235265,0,1.80242,0.0150088,0.0491316,0.637897,0.0700388,2.08711,0.481632
47.701333333,0,2.46386,0,0.238578,0,1.523,0.0427825,0.0429136,0.598477,0.0748423,2.29324,0.307315
47.744000000,0,2.45462,0.0733678,0.239302,0,1.52298,0.0459202,0.0278654,0.598994,0.0623936,2.20017,0.401127
47.786666667,0,2.4515,0.226327,0.239703,0.0210411,1.46727,0.0322966,0.014685,0.616061,0.0450152,2.10836,0.4096
47.829333333,0,2.36957,0.344614,0.239396,0,1.35443,0.0270833,0.00369551,0.716622,0.0440174,2.18356,0.265039
47.872000000,0,2.41625,0.19757,0.277641,0.101371,1.57594,0.14636,0,0.668233,0.170935,1.76321,0.0129296
47.914666667,0,2.50404,0.026805,0.223452,0.0284219,1.65549,0.137839,0,1.042,0.742015,1.65921,0.0205859
47.957333333,0,2.47985,0.0563609,0.225717,0.0448157,1.77108,0.256858,0,1.08121,0.915443,1.50677,0.0560302
48.000000000,0,2.4754,0.053687,0.229048,0.0187392,1.84543,0.222954,0,1.14812,0.937266,1.27069,0.12069
48.042666667,0,2.44556,0.0322938,0.232132,0,1.76686,0.0789529,0,1.19007,0.878665,1.07988,0.115852
48.085333333,0,2.1894,0.853849,0.239438,0,1.69027,0.00244278,0,1.12212,0.436693,1.09435,0.0614351
48.128000000,0,2.0761,0.720077,0.313545,0,1.66578,0.100335,0.404668,0.580606,0.136239,1.17705,0.317755
48.170666667,0,2.23333,0.561812,0.409532,0.235022,1.81,0.333416,0.529803,0.449984,0.58103,0.726312,0.312935
48.213333333,0,2.22197,0.506313,0.449922,0.0912909,1.67436,0.3231,0.51711,0.464522,0.617707,0.60355,0.279949
48.256000000,0,2.11117,0.495172,0.468516,0.254124,1.63105,0.290227,0.53838,0.400587,0.769616,0.604723,0.217814
48.298666667,0,2.05381,0.371864,0.472019,0.408703,1.62192,0.213078,0.472092,0.468883,0.641516,0.755761,0.0566003
48.341333333,0.276867,1.62612,0.83798,0.26221,0.434676,1.6779,0.267025,0.107777,0.566922,0.0938241,1.18966,0.038733
48.384000000,0.339985,1.46722,0.799792,0.245221,0.234605,1.65997,0.608333,0.30606,0.62712,0.0987956,1.40504,0.222613
48.426666667,0.374349,1.24383,0.6946,0.202361,0.213563,1.39691,0.827714,0.66018,0.892669,0.142522,1.27948,0.241117
48.469333333,0.595967,1.31811,0.626918,0.19428,0.469707,0.92876,0.78366,0.69863,1.05333,0.10938,1.07548,0.286845
48.512000000,0.541801,1.29733,0.443269,0.251471,0.231267,1.10776,0.771413,0.662774,1.1235,0.169857,0.942263,0.311428
48.554666667,0.285251,1.59901,0.535215,0.332903,0.114512,1.69706,0.371181,0.49835,1.00258,0.0802193,0.983073,0.223059
48.597333333,0,1.84048,0.623695,0.357734,0.0475013,1.41788,0.166487,0.714772,0.588094,0.302613,0.977334,0.309599
48.640000000,0,1.76243,0.988178,0.401431,0.0939413,1.60697,0.225758,0.623344,0.55637,0.326898,0.923191,0.182534
48.682666667,0,2.03958,0.71929,0.41296,0.264559,1.54929,0.195715,0.571018,0.465871,0.215256,0.82854,0.0672991
48.725333333,0,2.25613,0.469418,0.429577,0.261555,1.34142,0.118994,0.207689,0.404268,0.14677,1.30557,0
48.768000000,4.581e-05,2.23821,0.545614,0.858292,0,1.42128,0,0.0667615,0.547321,0.327497,1.31657,0.257523
48.810666667,0.000235912,2.17246,0.524685,0.894415,0,1.37505,0.0757219,0.0869665,0.488628,0.28632,1.28245,0.0519195
48.853333333,0.000289573,2.5322,0.000860493,0.364843,0.179453,1.32814,1.03509,0.0320469,0.47075,0.00803014,1.58829,0.00398138
48.896000000,0,2.54819,0,0.284203,0.154427,1.25142,1.55098,0.224927,0.490215,0.00114784,1.60049,0.141875
48.938666667,0.015967,2.4139,0,0.229964,0.281936,0.783893,2.19826,0.32131,0.48419,0.00104888,1.79434,0.29247
48.981333333,0.0468053,2.44161,0,0.210759,0.362564,0.579191,2.44607,0.312267,0.526853,0.0016431,1.85306,0.338505
49.024000000,0.0447752,2.45253,0,0.197634,0.174766,0.325047,2.74032,0,0.53211,0.00275939,1.69675,0.315873
49.066666667,0.0441955,2.39597,0.0211344,0.199395,0.106982,0.278571,3.03783,0,0.596736,0.0246319,1.59041,0.190727
49.109333333,0.0306041,2.24712,0.0292262,0.208391,0.106603,0.282633,3.24938,0,0.582184,0.109347,1.55439,0.0291555
49.152000000,0.0285031,2.16374,0.0322473,0.21536,0.114024,0.276011,3.30863,0.00186559,0.551382,0.156271,1.56716,0.00178972
49.194666667,0.0253279,2.13947,0.0370257,0.219617,0.124373,0.261763,3.34241,0.0140515,0.574145,0.173733,1.58138,0
49.237333333,0.0231916,2.12879,0.0438378,0.222666,0.141944,0.227186,3.38694,0.0372715,0.639705,0.169764,1.57943,0.0337838
49.280000000,0.0576127,2.08353,0.0532582,0.223414,0.161032,0.170878,3.43929,0.0982466,0.699074,0.151657,1.54973,0.0316423
49.322666667,0.061607,1.97705,0.051513,0.197052,0.0672083,0.327258,3.25536,0.0581971,0.665911,0.141609,1.51127,0.0129831
49.365333333,0.396501,1.60398,0.154587,0.0662005,0.0773491,0.303411,3.1551,0.054505,0.752919,0.144092,1.33796,0.0432933
49.408000000,0.661223,1.55662,0.24647,0.226791,0.130372,0.192549,2.98583,0.064435,0.691307,0.130159,1.11991,0.170595
49.450666667,0.618239,1.934,0.171501,0.242576,0.417751,0.223938,2.39723,0.331156,0.91265,0.123328,1.17505,0.15575
49.493333333,0.498081,1.80635,0.173101,0.275814,0.508309,0.114541,2.39524,0.4336,1.14114,0.135413,1.15914,0.183677
49.536000000,0.385096,1.58508,0.294312,0.103888,0.0305676,0.239073,2.72938,0.123114,0.730256,0.0557839,1.3789,0.226011
49.578666667,0.160792,2.06659,0.175545,0.259483,0,0.32376,2.97946,0.0608143,0.713944,0.0575443,1.4041,0.111396
49.621333333,0.0769827,2.39987,0.394175,0.208718,0,0.31598,3.02317,0.0635977,1.05742,0.104679,1.2485,0.0556423
49.664000000,0.0346292,2.63888,0.13606,0.348774,0,0.499726,2.67776,0.0607176,1.76069,0.125635,0.847081,0.133919
49.706666667,0.123793,3.24911,0.0325251,0.383871,0.0128245,1.08961,1.73836,0.0517299,2.30585,0.0558788,0.24943,0.112557
49.749333333,0.0907383,3.70373,0.0435378,0.391164,0.0153196,1.66495,0.818038,0.0541541,2.41426,0.00136878,0,0.126207
49.792000000,0.0473504,3.79837,0.0218048,0.358449,0,1.84526,0.611157,0.0681295,2.44525,0.0114656,0,0.122249
49.834666667,0,3.909,0.0670151,0.257932,0.0308139,1.89335,0.459295,0.215625,2.43953,0.00109277,0.0266259,0.164239
49.877333333,0,3.88599,0.138945,0.183243,0.072095,1.74267,0.459481,0.295976,2.29656,0.00671188,0.0252806,0.258572
49.920000000,0,3.73696,0.128715,0.193312,0.0833477,1.6545,0.521149,0.247069,2.1382,0.0146786,0.109893,0.383705
49.962666667,0.0343584,3.68578,0,0.216837,0.0485578,1.7885,0.539491,0.205273,1.98824,0.0175782,0.150728,0.435561
50.005333333,0.103106,3.89128,0,0.244101,0,1.94114,0.368203,0.00929899,1.98634,0.0213681,0.150879,0.375019
50.048000000,0.0435377,3.95251,0.0161877,0.327228,0,1.89464,0.286259,0.0922313,2.06737,0.0422297,0.157128,0.246668
50.090666667,0,3.67308,0.0255577,0.367852,0,1.88886,0.482387,0.0430753,2.1546,0.0804267,0.136614,0.188903
50.133333333,0,3.62581,0.0444193,0.369688,0,1.89883,0.490005,0.0459061,2.16758,0.103255,0.0910752,0.190844
50.176000000,0.00258686,3.59522,0.0483885,0.373216,0,1.92926,0.498718,0.0487947,2.10814,0.0898285,0.0372765,0.194282
50.218666667,0.0146447,3.63507,0.0503261,0.389884,0,1.94837,0.477323,0.0486403,2.05771,0.0469856,0,0.193373
50.261333333,0.037057,3.66036,0.0354905,0.421004,0,1.92752,0.438152,0.0886874,2.0899,0,0,0.189027
50.304000000,0.0494885,3.45466,0.00759009,0.373956,0.0280363,1.97509,0.401416,0.12795,2.15626,0.179053,0.00343098,0.108185
50.346666667,0.122587,3.36044,0.0470866,0.0369517,0.0860458,1.75801,0.00127974,0.487339,2.11291,0.159532,0.0386957,0.100439
50.389333333,0.543347,3.15606,0.137602,0.0176618,0.161915,1.38707,0,0.430273,1.37154,0.57695,0.0497731,0.100682
50.432000000,0.635548,3.06972,0.174204,0.0410476,0.138892,1.3293,0,0.368182,1.1308,0.931152,0.19149,0.179768
50.474666667,0.288399,3.09027,0.293384,0.105173,0.181777,1.86958,0,0.244104,1.56895,0.537848,0.189983,0.283145
50.517333333,0,3.48398,0.163931,0.182206,0.0813401,2.23925,0,0.239086,2.05509,0.0744866,0.181154,0.22823
50.560000000,0,3.73058,0.0047624,0.215902,0,1.93582,0.183428,0.073481,2.05845,0.0557921,0.170505,0.130403
50.602666667,0.000910853,3.66732,0,0.208744,0,1.85182,0.338411,0.0866103,2.24868,0.0964642,0.111115,0.0928599
50.645333333,0.0160997,3.70846,0,0.222666,0,1.87103,0.329748,0.0872317,2.26295,0.100337,0.051982,0.110463
50.688000000,0.0169435,3.7573,0,0.207275,0,1.91063,0.310603,0.0901281,2.21146,0.0749054,0.00337073,0.105889
50.730666667,0.0386747,3.8398,0.0210844,0.206783,0,1.93168,0.30063,0.0666101,2.16722,0.0203807,9.11357e-05,0.133635
50.773333333,0.050473,3.89764,0.0404672,0.206392,0,1.93735,0.228971,0.0362187,2.19567,8.39869e-05,0,0.140055
50.816000000,0.083197,3.81615,0.118976,0.190539,0.0186369,1.97833,0.0534672,0.253909,2.25059,0.246948,0.369905,0.139032
50.858666667,0.163299,2.57857,0.760926,0.157933,0.24829,1.57472,0.291914,0.0408028,2.50912,0.155346,1.64186,0.23502
50.901333333,0.211819,1.98477,0.873154,0.271635,0.173446,1.86465,0.195861,0.00252338,2.26699,0.0309737,2.50617,0.322117
50.944000000,0.0988083,1.70215,0.893097,0.341188,0.0328666,2.40938,0.012424,0,1.89858,0.0010039,2.83734,0.299834
50.986666667,0.0869256,1.89779,0.742308,0.286272,0.00330592,2.48823,0.00512628,0,1.47477,0.0122973,3.01898,0.246761
51.029333333,0.121194,2.27948,0.686036,0.233603,0,2.3981,0,0,1.06316,0.0256179,3.11002,0.184894
51.072000000,0.191977,2.02513,0.790222,0.226056,0,2.39726,0.188415,0,1.05143,0.0429454,3.08997,0.0975969
51.114666667,0.182102,1.72229,0.859753,0.221684,0,2.38732,0.219088,0,1.23491,0.0154567,3.05494,0.0771416
51.157333333,0.160444,1.69992,0.897712,0.226907,0,2.39649,0.218359,0,1.21932,0.00644383,3.08276,0.0785741
51.200000000,0.157261,1.701,0.935377,0.230233,0,2.41543,0.236554,0,1.10751,0.0230823,3.10533,0.0688717
51.242666667,0.123736,1.79289,0.928875,0.22563,0,2.37565,0.247694,0.0764546,0.940686,0.0400836,3.11221,0.0363807
51.285333333,0.0444287,2.02001,0.965009,0.211289,0.0661983,2.55794,0.0140182,0.0553674,0.904096,0.173465,3.0162,0.038444
51.328000000,0.34659,2.21921,0.823405,0.0525729,0.11714,2.17052,0.0178097,0.0632153,0.934158,0.206404,2.74809,0.0217511
51.370666667,0.497901,2.21435,0.553637,0.121418,0.119676,2.03868,0.0538488,0.0452803,0.83556,0.226937,2.36301,0.0158025
51.413333333,0.510556,2.22316,0.264751,0.120345,0.115973,2.05314,0.0525124,0.0448115,0.934367,0.195391,2.09116,0.0217842
51.456000000,0.429721,2.2841,0.161803,0.059471,0.107088,2.26861,0,0.0460587,0.974018,0.136,2.29116,0.0643149
51.498666667,0.218354,2.31246,0.338135,0.210097,0.0430539,2.4783,0,0.0507554,0.904478,0.0646589,2.71488,0.0765386
51.541333333,0.0246451,2.57051,0.494368,0.234352,0,2.32316,0,0.0528531,0.715231,0.0421941,2.8674,0.0509553
51.584000000,0,2.44369,0.483789,0.232909,0,2.33982,0.128139,0.0906385,0.826978,0.0409767,2.79064,0.0154821
51.626666667,0,2.26388,0.592789,0.222955,0,2.35285,0.155476,0.0942127,0.968818,0.0323173,2.79415,0.0190651
51.669333333,0.00318179,2.09798,0.666219,0.216206,0,2.32304,0.154382,0.0448027,1.069,0.0272969,2.82938,0.0293676
51.712000000,0.0021198,2.08149,0.714708,0.217204,0,2.3277,0.177932,0.0340416,1.09589,0.0354247,2.81421,0.0230653
51.754666667,0,2.18241,0.653906,0.224969,0,2.36012,0.0206553,0,1.02803,0.0479127,2.85903,0.0351444
51.797333333,0,1.85069,0.571681,0.200066,0.0178723,2.56773,0.0180042,0,0.97615,0.0608339,2.76412,0.164867
51.840000000,0,1.62214,0.707868,0.149252,0.0655725,2.80774,0.182767,0,0.780595,0.118225,2.28023,0.227677
51.882666667,0,1.57715,0.860547,0.15006,0.0704986,2.7309,0.204574,0,0.679489,0.373668,1.99689,0.294834
51.925333333,0,1.55345,0.925976,0.165048,0.0474232,2.77662,0.161456,0.0644476,0.719593,0.552082,1.98476,0.294618
51.968000000,0,1.60104,0.850426,0.22281,0.00778197,2.63557,0.0817505,0.0924381,0.814017,0.109421,2.47946,0.256705
52.010666667,0,1.942,0.602322,0.229024,0,2.31649,0.000933814,0.0697888,0.850257,0.047115,2.83969,0.0911169
52.053333333,0.00726199,2.14816,0.582119,0.23098,0,2.26002,0,0.0391701,0.817677,0.0600177,2.86408,0.0267804
52.096000000,0.021012,2.06468,0.650621,0.228011,0,2.292,0.0277911,0,0.835299,0.0618367,2.8784,0.0230463
52.138666667,0.0167571,1.88563,0.686736,0.225104,0,2.33432,0.0616285,0,0.912625,0.0528038,2.89854,0.022223
52.181333333,0.0223067,1.77705,0.761374,0.224278,0,2.3383,0.0893099,0,1.01574,0.047163,2.89734,0.0265983
52.224000000,0,1.62855,0.800342,0.21979,0,2.37973,0.0908685,0.0988838,0.989433,0.0445625,2.89974,0.0245231
52.266666667,0.12098,1.47821,0.98637,0.161508,0.0692078,2.49222,0.0384446,0.0540241,0.837625,0.228983,2.83828,0.0199499
52.309333333,0.196589,1.41484,1.08767,0.0777526,0.0890708,1.91035,0.252837,0.0716984,0.852072,0.236761,2.27215,0.0598055
52.352000000,0.23588,1.35975,1.09846,0.0958549,0.191314,1.5335,0.441237,0.144071,1.0359,0.230958,1.82926,0.102397
52.394666667,0.270412,1.38337,0.881308,0.0475398,0.408965,1.51108,0.387546,0.198163,1.0801,0.224246,1.78171,0.142464
52.437333333,0.212701,1.60072,0.693134,0.0264746,0.1536,1.82703,0.0889276,0.238818,0.942998,0.195417,1.99319,0.181424
52.480000000,0.0831956,2.03603,0.550926,0.144549,0.00228858,2.1623,0,0.0864856,0.74634,0.109685,2.51488,0.0786155
52.522666667,0,2.31843,0.468284,0.223215,0,2.13463,0,0.0625458,0.731127,0.0636034,2.71279,0.0248315
52.565333333,0.0136751,2.15797,0.517126,0.236691,0,2.19603,0.132316,0.0656824,0.724368,0.0718,2.66121,0.00969387
52.608000000,0,2.02748,0.631662,0.237262,0,2.11784,0.126669,0.0625593,0.790878,0.0632335,2.69056,0.0128232
52.650666667,0,2.01453,0.682698,0.235946,0,2.11093,0.0776608,0.054106,0.837049,0.0519666,2.71919,0.0193813
52.693333333,0.014736,2.00371,0.677908,0.234759,0,2.19594,0.0682494,0.0426492,0.815897,0.0464174,2.72062,0.0218548
52.736000000,0.0374254,2.01103,0.627347,0.232527,0.00157432,2.21189,0.00387382,0.00512942,0.75537,0.0537673,2.71611,0.0279567
52.778666667,0,2.43839,0.511885,0.17775,0.0698278,2.22525,0.0366779,0,0.942536,0.158721,2.04357,0.0784884
52.821333333,0,2.46721,0.486741,0.307513,0.498544,2.20507,0.170876,0.100067,0.812569,0.457709,1.40313,0.0953083
52.864000000,0,2.37069,0.73773,0.335275,0.542599,2.23488,0.124781,0.055686,0.811924,0.450939,1.34709,0.151943
52.906666667,0,2.34504,0.818868,0.34619,0.530547,2.22261,0.0226304,0.0825744,0.917361,0.355191,1.45071,0.153835
52.949333333,0,2.29723,0.718407,0.224659,0.48614,2.04693,0.016448,0.0842193,1.19026,0.0771654,2.25715,0.0689666
52.992000000,0,2.10611,0.454619,0.244305,0,2.1253,0,0.0527405,1.05432,0.0677302,2.96612,0.021699
53.034666667,0,2.03269,0.602807,0.224289,0,2.18754,0,0,1.08917,0.0858717,3.01935,0.0167171
53.077333333,0,2.02661,0.671504,0.220518,0,2.20639,0,0.00340991,1.12313,0.084872,3.00945,0.0191035
53.120000000,0,2.02914,0.658941,0.221498,0,2.18601,0,0.00392888,1.16043,0.0728095,2.97581,0.0232368
53.162666667,0,2.02105,0.677569,0.215401,0,2.13772,0,0,1.18519,0.0598344,2.94533,0.0247884
53.205333333,0.139574,1.89844,0.724387,0.212719,0,2.14862,0,0.0515656,1.08706,0.0510339,2.862,0.02396
53.248000000,0.264446,1.67764,0.842927,0.14756,0.0376307,2.11484,0.0708861,0.096182,0.851076,0.0446607,2.22555,0.308565
53.290666667,0.303318,1.65492,0.873574,0.0390166,0.0737772,1.84173,0.0700679,0.185217,0.853068,0.0262795,1.92577,0.358093
53.333333333,0.332456,1.65917,0.697032,0.0160265,0.116496,1.64646,0,0.370921,1.02208,0.0052729,1.79111,0.402557
53.376000000,0.365519,1.6723,0.360488,0.0371212,0.209408,1.52445,0,0.45612,1.12476,0.00182626,1.63897,0.409572
53.418666667,0.264305,1.71185,0.213348,0.104983,0.223614,1.77869,0,0.409456,1.14561,0.0249973,1.66115,0.359319
53.461333333,0.234457,2.01768,0.460056,0.264512,0,1.95337,0,0.131305,0.9212,0.0668759,2.07412,0.248379
53.504000000,0,2.26113,0.495442,0.240383,0,1.80679,0,0.0602913,0.76312,0.0944802,2.40864,0.203529
53.546666667,0.20936,2.27121,0.509162,0.238704,0,1.75937,0.00153842,0.0571477,0.799235,0.0997481,2.53616,0.0153058
53.589333333,0.228645,2.26636,0.583511,0.236787,0,1.7675,0,0.0520863,0.849192,0.085284,2.59826,0.0208311
53.632000000,0.20101,2.26802,0.579769,0.235419,0.034952,1.83087,0,0.046534,0.811376,0.0649671,2.61489,0.0218738
53.674666667,0.163655,2.22427,0.552264,0.236956,0.0196607,1.85946,0,0.0384181,0.771067,0.0543212,2.64093,0.0240733
53.717333333,0,1.99329,0.543924,0.264741,0.0117544,1.77168,0.0760515,0.0239749,0.702793,0.0461171,2.54139,0.0192341
53.760000000,0,2.22414,0.16907,0.258276,0.0635993,2.0617,0.154269,0.128188,0.512231,0.330046,1.56534,0.0351469
53.802666667,0,2.51072,0.096951,0.205131,0.0826071,2.15027,0.078051,0.255977,0.467288,0.449312,1.48307,0.16899
53.845333333,0.0121245,2.55549,0.0798151,0.197911,0.0652585,2.18025,0.200889,0.263341,0.423572,0.512136,1.34745,0.247798
53.888000000,0.0195919,2.50938,0.0537045,0.213447,0.0175368,2.10524,0.349869,0.17039,0.32806,0.55654,1.30937,0.22922
53.930666667,0.0294834,2.46304,0.0670191,0.270424,0,1.92838,0.453854,0.0159454,0.213455,0.350484,1.48026,0.101194
53.973333333,0.0794204,2.41066,0.096802,0.286316,0,1.67172,0.17766,0,0.248171,0.113748,2.35237,0.00344298
54.016000000,0.152323,2.43194,0.22045,0.239814,0,1.66961,0,0.00407516,0.218641,0.124859,2.42541,0.0122221
54.058666667,0.153683,2.43217,0.272952,0.238203,0,1.66407,0.021546,0.0113071,0.23252,0.103218,2.38183,0.0180608
54.101333333,0.150002,2.44545,0.316289,0.236,0,1.63422,0.00558654,0.0114489,0.292913,0.0823846,2.40195,0.023074
54.144000000,0.140948,2.43624,0.328178,0.23456,0,1.62648,0,0.0051571,0.373569,0.0660146,2.43381,0.0259614
54.186666667,0.456114,2.28071,0.417624,0.231383,0.0325307,1.85635,0.0454026,0.0464459,0.201977,0.250098,1.91075,0.122929
54.229333333,0.432313,1.87833,0.684959,0.078618,0.128075,1.61347,0.642286,0.105691,0.197593,0.207871,1.59197,0.191949
54.272000000,0.641721,1.41127,0.830376,0.0430733,0.0652326,1.64303,1.09316,0.453279,0.406922,0.14523,0.94962,0.336258
54.314666667,0.735503,1.64172,0.550118,0.00465667,0.0644842,1.83225,1.23227,0.605974,0.412796,0.200082,0.624553,0.469476
54.357333333,0.517255,2.07457,0.238856,0.0165167,0.0606697,1.88132,1.1303,0.524855,0.406522,0.166073,0.424682,0.452204
54.400000000,0.588902,2.26012,0.253386,0.135874,0.0375239,1.73412,0.783617,0.312706,0.439259,0.0802837,0.953561,0.476362
54.442666667,0.388506,2.33567,0.380663,0.279273,0,1.93331,0.283819,0.0980671,0.502449,0.0762962,1.63432,0.355562
54.485333333,0.00638009,2.38435,0.296785,0.246231,0,1.64167,0,0.0617131,0.445812,0.122211,1.90277,0.573468
54.528000000,0.177383,2.42272,0.314912,0.244214,0,1.55188,0,0.0603682,0.436022,0.0965954,2.20968,0.285783
54.570666667,0.13697,2.42625,0.319189,0.242307,0,1.55989,0,0.0604368,0.489322,0.0810839,2.19141,0.276657
54.613333333,0.0201242,2.44397,0.31843,0.240665,0,1.56146,0,0.0586002,0.510997,0.0710837,2.07594,0.312376
54.656000000,0.0128409,2.44135,0.335813,0.240981,0,1.54985,0,0.0424558,0.511075,0.0600604,2.16324,0.142746
54.698666667,0,2.60885,0.509691,0.238034,0.0377541,1.45224,0.0187123,0.0297344,0.424474,0.213594,1.85811,0.0265494
54.741333333,0,2.07067,0.365378,0.365711,0.0489534,1.30016,0.625866,0.366961,0.517918,0.549774,1.54739,0.143135
54.784000000,0.0934895,1.58302,0.682515,0.385724,0.0427369,1.09246,0.560125,0.241764,0.61071,0.630104,1.60336,0.297964
54.826666667,0.227251,1.61348,1.03651,0.389913,0.0728335,0.64067,0.697155,0.0315481,0.402673,0.561031,1.648,0.272484
54.869333333,0.187776,1.75606,1.0666,0.350764,0.0471975,1.06963,0.647202,0.0375221,0.194138,0.431662,1.41462,0.270711
54.912000000,0.0746995,2.29218,0.475424,0.273131,0,1.22355,0.539572,0.0464674,0.0438909,0.392563,1.44147,0.269519
54.954666667,0.0026578,2.50534,0.191456,0.277131,0,1.43512,0,0.00227761,0.124477,0.00400391,2.15067,0.176386
54.997333333,0,2.4118,0.358081,0.243269,0,1.39564,0,0.0170445,0.143682,0.00362537,2.29686,0.139333
55.040000000,0,2.35576,0.43263,0.242737,0,1.43349,0,0.0253915,0.173512,0.0116042,2.30181,0.0771713
55.082666667,0,2.30863,0.407223,0.242461,0,1.45704,0,0.0238734,0.253335,0.0528735,2.34234,0.041215
55.125333333,0.0267104,2.30255,0.385337,0.242465,0.0090171,1.48181,0,0.0131606,0.290079,0.0591026,2.38355,0.03191
55.168000000,0.487794,2.09083,0.462537,0.287019,0.0156547,1.87995,0.34219,0.0492233,0.0686162,0.275994,1.71943,0.0257153
55.210666667,0.471939,2.06397,0.687582,0.172661,0.0719945,1.98447,0.824322,0.04892,0.0873559,0.263195,1.45219,0.043736
55.253333333,0.413971,1.94,0.713257,0,0.0793213,2.22795,0.998112,0.0542876,0.421423,0.32463,1.09408,0.147549
55.296000000,0.588532,1.75821,0.574276,0,0.078762,2.34357,1.12066,0.0501217,0.475119,0.364553,0.962165,0
55.338666667,0.560652,1.65879,0.395101,0,0.0723964,2.56669,1.04349,0.0510909,0.489399,0.344028,0.795718,0.0615119
55.381333333,0.351219,1.98016,0.231004,0.121172,0.0411167,2.47995,0.760282,0.0547908,0.400501,0.154815,0.891767,0.169423
55.424000000,0.248074,2.40741,0.284375,0.274175,0,1.94789,0.409697,0.0542967,0.354589,0.000320775,1.45246,0.20594
55.466666667,0,2.51158,0.184619,0.238133,0.0275853,1.65393,0,0.0586965,0.243051,0.0342278,1.49565,0.586616
55.509333333,0.325055,2.51056,0.304803,0.237478,0,1.57943,0.00158531,0.376609,0.264985,0.010762,1.67254,0.196133
55.552000000,0.278393,2.48205,0.303827,0.238662,0,1.56054,0,0.620302,0.276839,0.0309094,1.60201,0.245093
55.594666667,0.129752,2.43387,0.29443,0.239887,0,1.52957,0,0.480994,0.349861,0.042414,1.61266,0.288882
55.637333333,0.0650922,2.39686,0.316497,0.239352,0,1.50527,0,0.0370006,0.542935,0.0527695,1.78816,0.167174
55.680000000,0,2.41066,0.289209,0.275523,0.0546007,1.61559,0.174394,0.0165318,0.400235,0.144057,1.71647,0.0278541
55.722666667,0.0288151,2.16598,0,0.33779,0.00955202,1.69238,0.455249,0.0189761,0.34954,0.376589,1.74283,0.0316942
55.765333333,0.109753,2.0506,0.044561,0.30656,0.0301631,1.65561,0.759079,0.0177169,0.262208,0.490889,1.80635,0.0453222
55.808000000,0.137442,1.93386,0.275275,0.268838,0.0393625,1.68761,0.982235,0.0160921,0.251635,0.460974,1.84299,0.0665495
55.850666667,0.0084469,1.98153,0.506699,0.26452,0.0226248,1.76686,0.875814,0.0130327,0.246621,0.379261,1.96144,0.120758
55.893333333,0,2.01302,0.7489,0.287081,0,1.83681,0.520126,0.00493924,0.237053,0.122078,2.10384,0.111357
55.936000000,0,1.79947,0.840752,0.328036,0.172636,1.61621,0.0501916,0.590541,0.282587,0.125004,2.02402,0.731298
55.978666667,0,1.58286,0.715381,0.392252,0.541943,1.57112,0.318213,0.642084,0.166215,0.414995,1.82929,0.578176
56.021333333,0,1.64735,0.763506,0.410586,0.611054,1.56798,0.324446,0.773011,0.14609,0.402506,1.69309,0.504486
56.064000000,0,1.6659,0.816207,0.449308,0.637796,1.62801,0.336266,0.76327,0.242993,0.313481,1.64172,0.429127
56.106666667,0,1.67234,1.10929,0.406285,0.544627,1.59538,0.204265,0.565195,0.361249,0.0928843,1.66258,0.379403
56.149333333,0.309078,1.49144,0.973152,0.298128,0.270209,1.98228,0.4006,0.0853596,0.372205,0.268744,1.7789,0.00419507
56.192000000,0.369423,1.28369,1.00862,0.113377,0.489492,1.92937,1.02138,0.238081,0.413839,0.238615,1.6529,0.00889753
56.234666667,0.422749,1.09514,0.915982,0.128531,0.451597,1.78684,1.31031,0.358823,0.420609,0.205316,1.51283,0.147342
56.277333333,0.336782,1.13384,0.814521,0.141893,0.392523,1.92545,1.22386,0.15016,0.596163,0.181724,1.44733,0.253803
56.320000000,0.249401,1.17162,0.711561,0.319467,0.310367,2.19198,1.1246,0.0818645,0.826552,0.162057,1.06797,0.177086
56.362666667,0.195966,1.56114,0.930397,0.352888,0.0971557,2.1387,0.682177,0.0740542,0.756451,0.13421,1.24041,0.169822
56.405333333,0,2.04755,1.09345,0.405861,0.243103,1.55931,0.186514,0.341231,0.267173,0.307518,1.41876,0.363769
56.448000000,0,2.01021,1.07099,0.402938,0.345632,1.51649,0.112835,0.455936,0.375044,0.205837,1.46789,0.201417
56.490666667,0,2.05418,1.07364,0.397026,0.422026,1.453,0.0198747,0.218529,0.405593,0.0925108,1.42826,0.0630975
56.533333333,0.231101,2.13452,0.679915,0.381447,0.28134,1.65046,0.00744499,0.0573949,0.295059,0.0767391,1.65628,0.062219
56.576000000,0.313959,2.13523,0.520069,0.960254,0,1.6021,0,0.177794,0.42165,0.0246726,1.47203,0.201988
56.618666667,0.0161299,2.0493,0.79107,0.911903,0.00689143,1.55613,0,0.0565031,0.496588,0.105258,1.50169,0.0889545
56.661333333,0.000390366,2.51453,0.194933,0.486286,0.1332,1.68502,0.0686143,0.111577,0.313547,0.466028,1.3881,0.0100255
56.704000000,0,2.72421,0.042006,0.477863,0,2.22393,0.204007,0.199908,0.357257,0.747928,0.874909,0.136946
56.746666667,0,2.55056,0.00851392,0.411343,0,2.44914,0.651848,0.175388,0.396172,1.06504,0.712905,0.187176
56.789333333,0,2.58567,0.00463814,0.319405,0.00178673,2.24269,0.790597,0.0605293,0.39327,1.20451,0.716835,0.165407
56.832000000,0,2.74902,0.0172932,0.240923,0,2.02866,0.386711,0.0327819,0.421768,1.045,0.975693,0.266057
56.874666667,0,2.68607,0.0435301,0.283321,0,1.70946,0.184298,0.0188557,0.529655,0.590691,1.36801,0.0990843
56.917333333,0.0107525,2.5146,0,0.288455,0,1.51982,0.0857569,0.0114084,0.606851,0.0584757,1.62196,0.0663611
56.960000000,0.192241,2.50567,0.0903473,0.24037,0,1.51044,0.0620415,0.0201865,0.409193,0.0620363,1.62686,0.0825401
57.002666667,0.265341,2.51937,0.197319,0.240533,0,1.50403,0.00362733,0.0224412,0.440805,0.0515326,1.67397,0.0908263
57.045333333,0.258498,2.48792,0.254878,0.241224,0,1.47434,0,0.0199221,0.489523,0.0403436,1.70329,0.10821
57.088000000,0.181561,2.43629,0.29825,0.241848,0,1.47579,0.0157259,0.0199612,0.500033,0.0413966,1.72983,0.0342359
57.130666667,0.46558,2.37282,0.348701,0.273962,0.0991008,1.71175,0.468233,0.0472421,0.382961,0.044389,1.61317,0.149157
57.173333333,0.35467,1.82811,0.931011,0.221882,0.133541,1.98296,0.365029,0.0679861,0.691116,0.0563846,1.47581,0.170913
57.216000000,0.311964,1.42713,0.997716,0.195251,0.100099,2.04077,0.509337,0.083295,0.998301,0.0631336,1.2761,0.176599
57.258666667,0.312836,1.53184,0.892549,0.18217,0.0737143,1.94086,0.452759,0.096313,1.07876,0.0315005,1.25101,0.215532
57.301333333,0.293958,1.64737,0.700724,0.24942,0.0189561,2.06501,0.306177,0.0938588,1.04757,0.0353229,1.32309,0.288111
57.344000000,0.227982,1.73493,0.441237,0.289791,0,2.17155,0.184938,0.0841698,0.987338,0.039604,1.3518,0.270972
57.386666667,0,2.12699,0.382073,0.27633,0.00210297,1.84665,0.038416,0.0556247,0.654724,0.0597273,1.40198,0.303882
57.429333333,0.109412,2.18095,0.343683,0.24851,0,1.67467,0.0131689,0.0444224,0.437665,0.0762975,1.36379,0.449684
57.472000000,0.331021,2.17221,0.439146,0.248595,0,1.59935,0.0258955,0.0386173,0.427686,0.0740097,1.39209,0.35708
57.514666667,0.252704,1.98286,0.553355,0.250409,0,1.62952,0.0311646,0.0381176,0.46651,0.0584179,1.38576,0.46359
57.557333333,0.180084,1.82034,0.609037,0.252854,0,1.63546,0,0.0327884,0.497595,0.0492351,1.41911,0.447845
57.600000000,0,1.67333,0.908197,0.25499,0.0364784,1.668,0.0811372,0.0165837,0.582559,0.181734,1.39769,0.0791193
57.642666667,0,2.02538,0.201327,0.261108,0.0999692,1.79781,0.16608,0.0327669,0.626006,0.710334,0.959339,0.0122601
57.685333333,0,2.21795,0.00185339,0.30422,0.136145,1.86737,0.42865,0.116108,0.808567,0.998557,0.900118,0.0156825
57.728000000,0,2.27893,0,0.309842,0.491515,1.91827,0.589809,0.116223,0.842848,1.03855,0.936392,0.0699419
57.770666667,0,2.42848,0,0.244094,0.253193,1.93404,0.36246,0.0457759,0.901254,1.05792,0.995,0.127321
57.813333333,0,2.47033,0,0.231283,0,1.87636,0.251845,0.0190413,0.897711,0.933024,0.978799,0.107843
57.856000000,0,2.47329,0.0261331,0.242352,0,1.89179,0.137818,0.000483004,0.789598,0.477339,1.20463,0.0352926
57.898666667,0,2.39066,0.0705092,0.280511,0,1.55,0.135664,0.00306781,0.405258,0.0885565,1.61481,0.0163736
57.941333333,0.0905215,2.35031,0.184767,0.245798,0,1.50042,0.219728,0.012389,0.30076,0.0953203,1.73924,0.0159644
57.984000000,0.152826,2.33378,0.246463,0.24652,0,1.49384,0.278124,0.0145867,0.309435,0.0848218,1.81284,0.0214835
58.026666667,0.142855,2.31118,0.276552,0.247263,0,1.46921,0.279117,0.0106715,0.340342,0.0653563,1.90155,0.0246965
58.069333333,0.119753,2.20945,0.282464,0.248128,0,1.46242,0.26756,0.0161611,0.349731,0.0552078,1.96866,0.120233
58.112000000,0.312327,2.03589,0.463792,0.285339,0.139021,2.03045,0.608256,0.0470523,0.199172,0.0915253,2.00992,0.22321
58.154666667,0.209105,1.48486,0.851707,0.31667,0.398434,1.8753,0.569635,0.327676,0.411256,0.124218,1.96219,0.199939
58.197333333,0.246733,1.39101,0.785649,0.367686,0.574071,1.67826,0.597298,0.521596,0.538705,0.102072,1.71294,0.240748
58.240000000,0.284569,1.42569,0.616618,0.35354,0.571629,1.57454,0.561599,0.533684,0.654051,0.0927253,1.45712,0.294148
58.282666667,0.214283,1.47146,0.35853,0.35452,0.462306,1.7976,0.565058,0.438695,0.817662,0.0635153,1.20819,0.290511
58.325333333,0.114226,1.70207,0.320225,0.345691,0.0520071,1.88822,0.489709,0.072318,0.936705,0.0644557,1.18636,0.254423
58.368000000,0,1.89804,0.542213,0.310125,0,1.81341,0.109966,0.0413227,0.596115,0.0887388,1.38816,0.370886
58.410666667,0.0745129,1.90593,0.508854,0.252134,0,1.71295,0.100136,0.0301813,0.498947,0.110059,1.40544,0.429765
58.453333333,0.171435,1.87713,0.63056,0.251682,0,1.7078,0.175304,0.0300317,0.333524,0.103932,1.43352,0.365704
58.496000000,0.0898529,1.70262,0.650111,0.288512,0,1.72583,0.145782,0.0292174,0.404169,0.085263,1.40627,0.425201
58.538666667,0.00442916,1.50959,0.655583,0.254086,0,1.69259,0.0669609,0.0217797,0.551283,0.0709676,1.46314,0.36764
58.581333333,0.00350417,1.72093,0.873415,0.29983,0.016184,1.73972,0.0688492,0.00195429,0.614039,0.345251,1.38131,0.0333056
58.624000000,0.109567,2.26205,0,0.27145,0.14306,1.76615,0.188197,0.0714704,0.441812,0.629602,0.972321,0.0159335
58.666666667,0.245883,2.38647,0,0.241433,0.0654783,1.06272,0.885319,0.3694,0.362639,0.675323,0.855827,0.376571
58.709333333,0.303307,2.39373,0,0.23067,0.0539611,0.980952,1.41956,0.354431,0.33071,0.620344,0.945292,0.457224
58.752000000,0.312014,2.34513,0,0.221599,0.0640563,0.784453,1.90396,0.229867,0.411225,0.501718,0.984187,0.482489
58.794666667,0.209087,2.06408,0,0.221272,0,0.42189,2.51653,0.00588122,0.482854,0.249584,0.927858,0.337691
58.837333333,0.0196972,1.95495,0,0.227608,0,0.375089,2.85228,0,0.531483,0.0523448,1.23777,0.194382
58.880000000,0.044924,1.85252,0,0.238364,0,0.359923,3.08202,0.00372261,0.566632,0.10185,1.31546,0.00992975
58.922666667,0.0534333,1.82025,0.014574,0.23623,0,0.353591,3.09128,0.0166245,0.591218,0.124618,1.32496,0
58.965333333,0.0589935,1.80956,0.0171958,0.23471,0,0.346031,3.09348,0.0193874,0.620805,0.127638,1.33951,0.000289665
59.008000000,0.0541432,1.83852,0.0163905,0.234685,0,0.338174,3.1051,0.0125732,0.637124,0.11868,1.38663,0
59.050666667,0.0743817,1.82615,0.0172017,0.23265,0,0.339403,3.01627,0.0385747,0.61631,0.105463,1.36414,0.0744952
59.093333333,0.69544,1.73254,0.0277924,0.228531,0.00751012,0.426667,2.92544,0.0425719,0.489283,0.000860122,0.979183,0.0357581
59.136000000,0.842907,1.59013,0.0666965,0.146041,0.0470625,0.4282,2.73727,0.0422599,0.49668,0.0205894,0.953904,0.125945
59.178666667,0.870182,1.64821,0.0730699,0.0999474,0.25589,0.362836,2.4074,0.074148,0.55596,0.0249648,1.05829,0.247874
59.221333333,0.866871,1.5812,0.0600705,0.147256,0.58227,0.408144,2.27103,0.0487558,0.912732,0.0476671,1.19731,0.240938
59.264000000,0.829942,1.48078,0.0185876,0.192038,0.41278,0.427633,2.37361,0.0442733,0.559774,0.0438069,1.36722,0.246586
59.306666667,0.61784,1.46744,0.00561845,0.234465,0.145247,0.377218,2.56473,0.0454792,0.44606,0.0356824,1.42922,0.277481
59.349333333,0.0182017,1.54264,0.249632,0.255824,0.0625966,0.399094,2.77583,0.0377447,0.865871,0.0670126,1.26939,0.258512
59.392000000,0.286172,1.65536,0.274049,0.232464,0.00408319,0.397185,2.79033,0.0333544,1.26335,0.113351,1.07179,0.157651
59.434666667,0.119505,1.97197,0.0918574,0.221493,0.00379866,0.755598,2.34707,0.0402043,1.80306,0.0978375,0.567062,0.198168
59.477333333,0.122585,2.73103,0.0221364,0.210948,0.0138797,1.48472,1.32007,0.0418099,2.22272,0.0253413,0.111306,0.175581
59.520000000,0.0707062,3.17096,0,0.206905,0.011113,1.75551,0.693548,0.0797692,2.29658,0,0.000172222,0.101531
59.562666667,0.0556506,3.28807,0.0450757,0.210561,0,1.81261,0.486318,0.0192185,2.2812,0,0,0.0785286
59.605333333,0,3.41086,0.113771,0.229194,0,1.92375,0.0430183,0.279319,2.01901,0.000521312,0,0
59.648000000,0,3.32479,0.172602,0.237373,0,1.96253,0,0.266471,1.66722,0.0116763,0.0458599,0.0615523
59.690666667,0,3.2403,0.126358,0.237986,0,1.87475,0,0.16106,1.63223,0.0765125,0.117849,0.13403
59.733333333,0.0672982,3.17489,0.0111222,0.237786,0,1.85762,0,0.0483352,1.8226,0.170572,0.140707,0.139436
59.776000000,0.100862,3.1437,0.0112121,0.238408,0,1.68694,0,0.0189077,1.90086,0.234388,0.152546,0.095342
59.818666667,0.0181005,3.25941,0,0.236018,0,1.37622,0.15372,0.0435509,1.97725,0.0569196,0.157432,0.132017
59.861333333,0,3.11609,0.000350401,0.230746,0,1.36347,0.451394,0.00991878,2.05938,0.0948455,0.128418,0.129163
59.904000000,0,3.09599,0.0211673,0.223928,0,1.43155,0.461261,0.0216633,2.12189,0.111165,0.0730344,0.166675
59.946666667,0.0153566,3.10104,0.0176418,0.220847,0,1.47372,0.434961,0.0264648,2.17713,0.0901365,0.0202608,0.179167
59.989333333,0.0262202,3.12985,0.0199964,0.218693,0,1.45274,0.421077,0.0192725,2.22548,0.0427077,0.00064476,0.145662
60.032000000,0.0552419,3.01352,0.0310582,0.217807,0,1.64981,0.403501,0.0369775,2.3059,0.00264473,0.000428851,0.159722
60.074666667,0.213415,3.05285,0.0584499,0.241592,0,1.75605,0.117218,0.414566,1.72961,0.0281659,0.000251502,0.203503
60.117333333,0.261984,2.99591,0.0912834,0.241482,0.0155402,1.99818,0.119876,0.331103,1.57478,0.00731399,0.0118641,0.228999
60.160000000,0.416392,2.85939,0.072634,0.233596,0.0321322,2.19519,0.166408,0.367863,0.912858,0.518187,0.176677,0.220239
60.202666667,0.360942,2.94194,0.085411,0.234688,0,2.13945,0.0916978,0.339168,0.848084,0.434628,0.198931,0.318791
60.245333333,0.202754,3.02028,0.114545,0.243373,0,2.02828,0.0793725,0.230893,1.23447,0.0474464,0.168097,0.378974
60.288000000,0.112057,3.01433,0.037442,0.242402,0,1.7626,0.0347686,0.249347,1.7287,0.0471515,0.139335,0.362699
60.330666667,0,2.92513,0,0.226167,0,1.29323,0.288535,0.0223588,2.25115,0.0761948,0.143588,0.373051
60.373333333,0.0177691,2.86842,0.0154231,0.220372,0,1.48915,0.395085,0.0262602,2.30375,0.10549,0.0932351,0.27564
60.416000000,0.0151816,2.85895,0.0186629,0.22096,0,1.55864,0.414707,0.0287856,2.25254,0.103106,0.0364257,0.273657
60.458666667,0.0306016,2.88239,0.0326674,0.218028,0,1.56588,0.358403,0.0245439,2.30664,0.0621954,0.00212057,0.259701
60.501333333,0.0431601,2.90423,0.0335887,0.212321,0,1.50978,0.321079,0.0118266,2.43209,0.0270405,0.000602903,0.184673
60.544000000,0.0502045,3.03382,0.0316081,0.221886,0,1.33038,0.168035,0.11648,2.34441,0.198188,0.000452991,0
60.586666667,0.179906,2.64437,0.219105,0.252112,0,0.973618,0.89276,0.128462,1.5316,0.594732,0.23806,0
60.629333333,0.115856,2.5656,0.270581,0.351416,0,1.03721,0.825664,0.068651,1.02795,0.578189,0.887936,0.146642
60.672000000,0.0245903,2.47196,0.278616,0.431346,0,1.37177,0.596395,0.0422035,0.755191,0.375197,1.49556,0.199766
60.714666667,0.00183412,2.42373,0.239463,0.387192,0.00416888,1.66092,0.270707,0.0128429,0.846728,0.186723,1.8489,0.165168
60.757333333,0,2.57058,0.0804478,0.248093,0,1.99555,0,0.0580508,0.964076,0.0309161,2.34051,0.117841
60.800000000,0,2.58954,0.144816,0.211486,0,2.18554,0,0,1.22282,0.0366076,2.74256,0.0773543
60.842666667,0,2.21924,0.36692,0.214629,0,2.22057,0.277208,0.00125458,1.27571,0.034242,2.71933,0.015398
60.885333333,0,1.91987,0.539288,0.218434,0,2.16768,0.283548,0.00989442,1.31716,0.0205655,2.80842,0.0101802
60.928000000,0,1.73344,0.55434,0.224903,0,2.2507,0.245178,0.0702684,1.29038,0.0152622,2.90801,0.0267067
60.970666667,0,1.6661,0.574123,0.226999,0,2.35754,0.240678,0.0608239,1.22752,0.0308506,2.96714,0.0160838
61.013333333,0.165731,1.81694,0.493372,0.232525,0,2.38305,0.232098,0.0977705,1.03592,0.0431801,2.70832,0.0152033
61.056000000,0.423045,2.09804,0.0594259,0.331796,0.0621602,1.92346,0.641753,0.103499,0.691156,0.0557654,2.02342,0.0403943
61.098666667,0.448632,2.34528,0.0836085,0.323861,0.218713,1.9774,0.69898,0.0495417,0.697063,0.0725963,1.69441,0.0319486
61.141333333,0.434079,2.47819,0.140992,0.375107,0.201447,2.12394,0.652705,0.0495623,0.598653,0.0837557,1.34067,0.189269
61.184000000,0.431315,2.56878,0.158507,0.251527,0.21165,2.06981,0.730274,0.0492867,0.588374,0.066581,1.41086,0.0398442
61.226666667,0.441116,2.59509,0.16622,0.28303,0.114785,1.89978,0.71431,0.0484044,0.625913,0.0439384,1.78707,0.114757
61.269333333,0.313159,2.50175,0.168922,0.282049,0,1.93511,0.49934,0.0439835,0.474422,0.0373354,2.32743,0.183477
61.312000000,0.0170933,2.17943,0.418207,0.238284,0,2.14659,0.145285,0.0256661,0.787827,0.0403212,2.38652,0.36198
61.354666667,0.237176,2.02265,0.440303,0.233996,0,2.17023,0.225459,0.0940527,0.970018,0.0418154,2.25855,0.0855083
61.397333333,0.299301,1.95131,0.475876,0.226701,0,2.01125,0.226504,0.0933979,1.03275,0.0411615,2.14517,0.0918486
61.440000000,0.28368,1.88957,0.542144,0.216727,0,1.9429,0.224585,0.0292484,1.11406,0.0458868,2.15718,0.0922479
61.482666667,0.185633,1.99886,0.482769,0.214162,0,2.07439,0.205352,0.0149642,1.17989,0.051193,2.3775,0.0463901
61.525333333,0.0874791,2.03139,0.513266,0.255433,0.0414118,2.08982,0.122873,0.00184548,0.806792,0.0570844,2.33438,0.0222894
61.568000000,0.113698,1.96529,0.660801,0.303247,0.00956921,2.02194,0.514079,0.0170777,0.593357,0.0883844,2.09204,0.0172712
61.610666667,0.118716,1.86891,0.668179,0.454295,0.0245262,1.98558,0.607736,0.0233332,0.579377,0.14202,1.86132,0.0090808
61.653333333,0.0983985,1.79044,0.704578,0.384365,0,2.03871,0.592032,0.0226896,0.765768,0.242717,1.61252,0.0219206
61.696000000,0.0777484,1.80236,0.726461,0.343551,0,2.02038,0.484729,0.0146637,0.831327,0.287231,1.39032,0.0714262
61.738666667,0.00550082,1.93502,0.64738,0.322039,0,1.99782,0.218013,0.00322314,0.732957,0.143173,1.36535,0.0732955
61.781333333,0,2.24758,0.284262,0.280982,0,1.78946,0,0,0.660992,0.0470628,1.87788,0.0348239
61.824000000,0.14521,2.23957,0.326619,0.23942,0,1.82586,0.139421,0.00911347,0.688458,0.0524704,1.86478,0.0127311
61.866666667,0.248556,2.15269,0.401879,0.243309,0,1.8644,0.159644,0.0155093,0.565378,0.0519146,1.89845,0.0119723
61.909333333,0.224091,2.00318,0.506238,0.245017,0,1.88864,0.140832,0.014248,0.625991,0.0516384,1.96785,0.0163067
61.952000000,0.0885378,1.87458,0.609155,0.242877,0,1.86575,0.115204,0.00730995,0.864368,0.0513596,1.99098,0.0498884
61.994666667,0.359391,1.69837,0.666911,0.248595,0.00239953,1.9631,0.118856,0.0434093,0.567508,0.0523791,1.64644,0.160398
62.037333333,0.303033,1.63185,0.66175,0.307602,0.0707953,2.2876,0.353604,0.0551795,0.275765,0.160133,1.57497,0.170424
62.080000000,0.211543,1.54361,0.133974,0.337922,0.308572,2.18658,0.551605,0.108396,0.534274,0.183409,1.48025,0.156953
62.122666667,0.180891,1.43083,0,0.379554,0.654984,2.05314,0.782932,0.105603,0.877033,0.244966,1.45136,0.165426
62.165333333,0.170431,1.56631,0,0.365965,0.555178,2.03605,0.576448,0.0777698,0.926138,0.252783,1.39322,0.211469
62.208000000,0.186551,1.76738,0,0.315324,0.114619,2.16292,0.297786,0.0517211,0.808479,0.0858795,1.30714,0.248811
62.250666667,0.0690073,1.94167,0.350453,0.30667,0,2.05222,0.104433,0.0424868,0.555054,0.0549439,1.36489,0.286
62.293333333,0,1.94779,0.438588,0.248768,0,1.80645,0.0315115,0.0248151,0.489269,0.0618042,1.43517,0.415113
62.336000000,0.221205,1.8618,0.511905,0.248456,0,1.79125,0.0815971,0.0315406,0.585589,0.0588105,1.39646,0.23242
62.378666667,0.206058,1.8239,0.603972,0.247188,0,1.79285,0.0697579,0.0355594,0.671592,0.0549826,1.4083,0.245833
62.421333333,0.126297,1.75774,0.670806,0.246819,0,1.81638,0.0703684,0.0317242,0.740088,0.0523141,1.44665,0.231938
62.464000000,0,1.72902,0.652558,0.246692,0,1.79292,0.067936,0.0166565,0.821201,0.0513149,1.68692,0.129033
62.506666667,0,1.94514,0.839919,0.293655,0.0428194,1.79921,0.045605,0.0147711,0.461119,0.277072,1.42281,0.0196874
62.549333333,0,2.06914,0.948178,0.249305,0.105029,1.73983,0.117476,0.035498,0.749943,0.684259,0.909259,0.0152922
62.592000000,0,1.97201,1.03358,0.250304,0.216943,1.56527,0.0989544,0.0402647,0.830479,0.799855,0.725879,0.0280027
62.634666667,0,1.82002,1.08642,0.285252,0.565919,1.5309,0.0667039,0.0348073,0.911253,0.787007,0.618754,0.0492557
62.677333333,0,1.77913,1.10054,0.281624,0.415137,1.5339,0.030513,0.0223383,0.991452,0.741019,0.683045,0.0319918
62.720000000,0,1.92508,0.899311,0.375558,0.0201868,1.59817,0,0.00579709,0.721151,0.355011,0.985921,0.016892
62.762666667,0,2.02553,0.466903,0.324987,0,1.63438,0,9.6314e-05,0.560743,0.0678493,1.44923,0.0694246
62.805333333,0,1.98233,0.529676,0.248832,0,1.69428,0,0.0113336,0.562579,0.0637956,1.67626,0.0535004
62.848000000,0.0326539,1.91742,0.60345,0.249061,0,1.73325,0.0576709,0.0163373,0.607137,0.0560687,1.66653,0.0560953
62.890666667,0.015301,1.80267,0.614444,0.249671,0,1.73847,0.0899257,0.0153462,0.695004,0.0535139,1.65455,0.0943342
62.933333333,0.00284195,1.77768,0.625276,0.249245,0,1.69977,0.0767919,0.00816339,0.794889,0.0526084,1.7548,0.106463
62.976000000,0.354479,1.62534,0.664912,0.299835,0.06234,1.80944,0.277849,0.0394034,0.473496,0.0476231,1.38628,0.296706
63.018666667,0.356058,1.76932,0.602006,0.31111,0.138682,1.95157,0.668935,0.046014,0.555414,0.0340268,1.32815,0.260637
63.061333333,0.338119,1.98952,0.0824913,0.348537,0.124945,2.06435,0.674948,0.0786873,0.762508,0.0224528,1.21417,0.269716
63.104000000,0.332794,1.94542,0.00192567,0.369181,0.0226935,2.05761,0.664516,0.134778,0.880533,0.00529219,1.07608,0.249677
63.146666667,0.310954,1.82925,0.0573027,0.394371,0.0170256,2.04069,0.654826,0.109772,0.977537,0.0279247,0.966015,0.21015
63.189333333,0.296525,1.96536,0.0963529,0.405968,0,1.97271,0.58889,0.0507135,0.930664,0.0617469,1.05736,0.190966
63.232000000,0.151178,2.21511,0.238795,0.311309,0,1.88348,0.26411,0.0299199,0.653297,0.0711081,1.38701,0.202481
63.274666667,0.171505,2.25465,0.278407,0.301196,0,1.77237,0,0.0217768,0.46219,0.0652105,1.30191,0.417536
63.317333333,0.33836,2.24068,0.356533,0.248066,0,1.75761,0.0487309,0.0288747,0.415727,0.0570624,1.34847,0.366502
63.360000000,0.334595,2.19646,0.441141,0.284295,0.0120874,1.79157,0.0519769,0.0307605,0.414315,0.0542245,1.33372,0.378606
63.402666667,0.2909,2.13201,0.466424,0.249163,0.0140589,1.77143,0.0071952,0.0245402,0.501379,0.0531966,1.38594,0.360133
63.445333333,0.169177,2.0631,0.493891,0.247939,0,1.72073,0,0.00861374,0.714364,0.0533368,1.50549,0.159102
63.488000000,0,1.86189,0.652283,0.290378,0.0452893,1.79133,0.130006,0.00933982,0.59095,0.0418685,1.289,0.0191055
63.530666667,0,1.82795,0.68984,0.263251,0.122392,1.99951,0.245134,0.0244059,0.562652,0.134987,0.950829,0.0467516
63.573333333,0.0297383,1.73143,0.747979,0.290004,0.0727452,1.7615,0.357405,0.161157,0.599824,0.370023,0.945451,0.0715411
63.616000000,0.0464911,1.63658,0.861835,0.358561,0.0105242,1.75701,0.540585,0.191435,0.512168,0.217917,0.895319,0.0134442
63.658666667,0.00326443,1.59604,1.02441,0.394134,0,1.99936,0.469483,0.0644216,0.424523,0.217245,0.903976,0.0107554
63.701333333,0,1.65945,0.945413,0.381734,0,1.80347,0.174928,0.00118768,0.390525,0.255894,1.28747,0.00675535
63.744000000,0,1.73955,0.722625,0.360995,0,1.67514,0.0543308,0.376862,0.382262,0.088665,1.25042,0.382139
63.786666667,0,1.78816,0.615169,0.38903,0.199672,1.79234,0.220346,0.401344,0.27427,0.656627,0.841959,0.403859
63.829333333,0,1.85056,0.712845,0.391965,0.215161,1.75804,0.205696,0.51517,0.266704,0.589136,0.749142,0.373387
63.872000000,0,1.80214,1.0026,0.411154,0.184949,1.8478,0.201928,0.442794,0.405832,0.491048,0.697655,0.283214
63.914666667,0,1.70801,1.17181,0.369075,0.199846,1.86107,0.130076,0.277882,0.576508,0.297214,0.798044,0.147176
63.957333333,0.292626,1.46873,0.924551,0.263049,0.446409,1.8744,0.266836,0.0573889,0.417759,0.000977358,1.27556,0.163321
64.000000000,0.271545,1.32351,0.697642,0.303378,0.208303,1.91869,0.697338,0.268214,0.364138,0.0498587,1.35001,0.290658
64.042666667,0.415556,1.23941,0.388443,0.331898,0.160694,2.20808,1.15858,0.576243,0.279045,0.0458132,1.17991,0.308361
64.085333333,0.494183,1.12546,0.414271,0.34523,0.203014,2.31221,1.48211,0.336631,0.273245,0.0601389,1.01776,0.266219
64.128000000,0.301259,1.26824,0.25027,0.325607,0.141689,2.28881,1.31748,0.300609,0.702991,0.0510437,0.794632,0.159766
64.170666667,0.135125,1.63911,0.661014,0.333131,0.0152939,1.97343,0.336239,0.191665,0.854425,0.0829313,0.923318,0.120097
64.213333333,0,1.6518,1.10555,0.396228,0.0217451,1.57777,0.109421,0.375858,0.608244,0.135789,0.925692,0.169745
64.256000000,0,1.71978,1.25268,0.297793,0.0223072,1.69694,0.0954539,0.407173,0.615167,0.153868,0.880808,0.0681176
64.298666667,0.0847859,1.91447,0.997589,0.290781,0.270114,1.7867,0.13444,0.504285,0.492152,0.0584183,0.944367,0.0196027
64.341333333,0.333889,2.05379,0.68222,0.273308,0.304567,1.64703,0.0950521,0.486873,0.455325,0.00132942,1.31286,0.24797
64.384000000,0.255213,2.01358,0.588851,0.812619,0,1.55849,0.0570196,0.385181,0.489745,0.00160978,1.23274,0.247825
64.426666667,0.0443269,1.94002,0.682705,0.797906,0,1.51192,0,0.0475658,0.741267,0.0532858,1.305,0.0993035
64.469333333,0,2.0245,0.412152,0.390752,0.0864561,1.54462,0.390917,0.253528,0.5634,0.0625572,1.70027,0.00085081
64.512000000,0,1.82033,0.360892,0.353212,0.14996,1.45776,0.974895,0.310066,0.604986,0.0518063,1.65764,0.0294485
64.554666667,0.0124431,1.64336,0.58663,0.509234,0.098061,1.28775,1.16669,0.322661,0.55745,0.138308,1.5726,0
64.597333333,0.0355969,1.6196,0.799383,0.561739,0.150664,1.21675,1.15175,0.246272,0.473952,0.06428,1.63003,0.0145563
64.640000000,0,1.67962,0.885905,0.476445,0.0543554,1.4523,0.935392,0.0440225,0.622334,0.0630407,1.84741,0.0238374
64.682666667,0,2.12949,0.634449,0.333332,0,1.49131,0.3098,0.00460127,0.626213,0.0579745,2.15895,0.0252095
64.725333333,0.0296275,2.07531,0.538186,0.243606,0,1.5567,0,0.00534162,0.770597,0.0556757,1.99119,0.0711307
64.768000000,0.306999,1.95787,0.630979,0.246921,0,1.5227,0.152326,0.0140616,0.664032,0.0555746,1.95516,0.0356134
64.810666667,0.365792,1.90117,0.637214,0.248306,0,1.4848,0.256174,0.0191312,0.621951,0.0553174,1.92286,0.0279981
64.853333333,0.283584,1.88227,0.625836,0.247794,0,1.49192,0.205067,0.0168991,0.681103,0.0545814,1.94275,0.0302244
64.896000000,0.138463,1.86663,0.649485,0.287441,0,1.54016,0.00848933,0.0101389,0.760074,0.0533299,1.95207,0.0291975
64.938666667,0.493189,1.74686,0.57574,0.252415,0.0841756,1.71655,0.494922,0.140132,0.51789,0.0447425,1.87567,0.0259874
64.981333333,0.394234,1.7424,0.698016,0.252164,0.210508,2.14227,0.469043,0.137829,0.741351,0.174089,1.22996,0.029401
65.024000000,0.367786,1.75181,0.710672,0.2683,0.308664,2.17901,0.433656,0.0503858,0.93314,0.255926,0.883225,0.237883
65.066666667,0.356323,1.84515,0.440025,0.345875,0.0931407,2.28481,0.398903,0.0719501,0.944259,0.166558,0.73657,0.361682
65.109333333,0.32529,1.88448,0.316301,0.343737,0.0454563,2.35896,0.444968,0.0679026,1.01502,0.0739977,0.865325,0.123443
65.152000000,0.357458,2.17178,0.206733,0.343325,0,2.05124,0.439664,0.049796,0.843001,0.045156,1.29577,0.0364215
65.194666667,0.028153,2.30624,0.465988,0.279235,0,1.77148,0.114547,0.0472607,0.60322,0.051614,1.63416,0.236118
65.237333333,0.453162,2.23558,0.447514,0.246211,0,1.5859,0.026762,0.0400859,0.424134,0.0537973,1.61857,0.248994
65.280000000,0.50743,2.16453,0.510833,0.24762,0,1.52191,0.189496,0.0425392,0.450534,0.0539711,1.63916,0.203247
65.322666667,0.487235,2.13528,0.550822,0.248771,0,1.50197,0.250948,0.0430185,0.44582,0.0539922,1.65603,0.206778
65.365333333,0.447763,2.09041,0.535937,0.249253,0.0121338,1.49815,0.223921,0.0396051,0.456329,0.0516496,1.67741,0.18815
65.408000000,0.328329,2.01583,0.54074,0.289117,0.00919909,1.52906,0.084192,0.0207011,0.605429,0.0508093,1.69088,0.0630971
65.450666667,0.259284,2.36398,0.206346,0.298989,0.0623804,1.64355,0.257455,0.0622926,0.379329,0.155327,1.65068,0.0268927
65.493333333,0.280629,2.56431,0,0.346777,0.19437,1.64822,0.405844,0.0417108,0.314194,0.240404,1.59706,0.0139752
65.536000000,0.308212,2.62921,0.014525,0.436657,0.153221,1.63508,0.424447,0.041261,0.31229,0.264528,1.44888,0.00840772
65.578666667,0.299417,2.6398,0.0794581,0.436138,0.0947955,1.66452,0.32277,0.0416569,0.360065,0.294025,1.3419,0.012551
65.621333333,0.251074,2.55125,0.108195,0.35891,0.0240711,1.75553,0.250489,0.031088,0.428003,0.317383,1.32417,0.0183965
65.664000000,0.195124,2.45008,0.176096,0.27541,0,1.71017,0.0887108,0.00814868,0.414006,0.282609,1.42511,0.0229194
65.706666667,0.295311,2.39391,0.185429,0.243984,0,1.60644,0.040589,0.0208433,0.220239,0.0536815,1.51129,0.0438625
65.749333333,0.477662,2.33248,0.259319,0.245223,0,1.60973,0.127179,0.0312187,0.127012,0.0540561,1.52919,0.0269169
65.792000000,0.499939,2.31894,0.315762,0.24446,0,1.60306,0.159566,0.0341083,0.0788819,0.0537896,1.54882,0.0272284
65.834666667,0.406894,2.30727,0.351685,0.279068,0.014356,1.59797,0.128854,0.0328384,0.0516551,0.0529906,1.53127,0.134732
65.877333333,0.172104,2.29134,0.3784,0.243588,0.0147667,1.52235,0.0529221,0.0357984,0.0725308,0.0513984,1.59213,0.142091
65.920000000,0.445978,2.06631,0.526184,0.287793,0.0610059,1.85819,0.536038,0.0487773,0.0182536,0.247821,1.50378,0.0294641
65.962666667,0.35977,1.43194,0.821946,0.315742,0.271041,1.88089,1.06242,0.116079,0.29576,0.230254,1.30712,0.0443132
66.005333333,0.393901,1.60337,0.7161,0.457352,0.286939,1.66465,1.24868,0.257726,0.343408,0.229683,1.17048,0.0136056
66.048000000,0.4083,2.03027,0.332831,0.47708,0.24109,1.66284,1.26571,0.31667,0.39111,0.219557,0.978511,0.00757947
66.090666667,0.374415,2.23471,0.185813,0.435189,0.191033,1.79941,1.14732,0.280255,0.514308,0.185852,0.906584,0.0179548
66.133333333,0.397445,2.51293,0.187478,0.314066,0,1.86282,0.592759,0.0475316,0.600481,0.0488917,1.21487,0.0772059
66.176000000,0,2.47794,0.184596,0.24394,0,1.69941,0.109158,0.0512665,0.556676,0.0515637,1.37708,0.353547
66.218666667,0.437036,2.42007,0.26993,0.244207,0,1.69844,0.169768,0.0485341,0.373324,0.0538162,1.41261,0.304192
66.261333333,0.450273,2.35843,0.316322,0.245185,0,1.70506,0.263075,0.04921,0.382663,0.0535979,1.44595,0.268188
66.304000000,0.428726,2.36127,0.296667,0.244606,0,1.6872,0.280023,0.0494861,0.380818,0.0530752,1.48516,0.267696
66.346666667,0.392972,2.35823,0.285921,0.244066,0.0156092,1.64509,0.240067,0.0482698,0.377636,0.0509292,1.51675,0.239265
66.389333333,0.308918,2.37011,0.418094,0.246239,0.0285958,1.62273,0.101671,0.0362727,0.388451,0.0509409,1.5136,0.0373216
66.432000000,0.160801,2.45778,0.286764,0.243137,0.111446,1.85751,0.326443,0.0516773,0.468977,0.374636,1.19672,0.0255068
66.474666667,0.106493,1.98518,0.0216836,0.259613,0.200883,2.0489,0.546957,0.254443,0.697067,0.755489,1.06741,0.00739143
66.517333333,0.12104,1.93472,0.190112,0.313703,0.207554,2.26355,0.424092,0.313344,0.732134,0.778493,0.95926,0.00946299
66.560000000,0.0747925,1.90011,0.663148,0.349531,0.0771879,2.04369,0.521341,0.0723696,0.65931,0.723408,0.950089,0.00197229
66.602666667,0.123697,2.50013,0.416053,0.263602,0,1.89218,0.379069,0.047056,0.46194,0.568578,1.08091,0.0137268
66.645333333,0.166207,2.47959,0.300808,0.23859,0,1.6538,0.0757154,0.0191885,0.36753,0.26086,1.43652,0.0290147
66.688000000,0.24366,2.4061,0.273294,0.240754,0,1.54868,0.0162606,0.146304,0.241518,0.0524216,1.56498,0.100862
66.730666667,0.392843,2.35201,0.421253,0.242642,0.0164367,1.55386,0.0430358,0.375433,0.160919,0.0517369,1.63108,0.0255295
66.773333333,0.369887,2.30695,0.430565,0.243393,0,1.54603,0.0617296,0.396354,0.16637,0.0545961,1.68522,0.10972
66.816000000,0.230645,2.31598,0.417392,0.243214,0.0190186,1.52055,0.00859477,0.30372,0.170941,0.0534661,1.74689,0.289226
66.858666667,0.247005,2.28004,0.41632,0.279934,0.012674,1.5492,0.110596,0.0472899,0.197283,0.051468,1.77263,0.24777
66.901333333,0.420956,2.11087,0.560081,0.27977,0.0943468,1.90404,0.718757,0.0494473,0.176452,0.181636,1.77506,0.0735888
66.944000000,0.407285,2.00118,0.659773,0.269969,0.282287,1.98062,0.590501,0.049585,0.202236,0.157848,1.67256,0.0815555
66.986666667,0.371587,1.76098,0.606988,0.309878,0.290383,2.022,0.692551,0.0504153,0.462639,0.132195,1.28588,0.0781682
67.029333333,0.334461,1.71967,0.450709,0.350439,0.104275,1.97928,0.655347,0.180821,0.770311,0.112148,0.905693,0.114931
67.072000000,0.405954,2.25886,0.332458,0.319591,0.0369287,1.61508,0.637292,0.383514,0.74054,0.0734971,0.587559,0.164759
67.114666667,0.526979,2.62744,0.480643,0.376544,0.0276766,1.16414,0.374414,0.339644,0.575595,0.0102626,0.252744,0.212007
67.157333333,0.463521,2.68991,0.436942,0.578548,0.468612,0.750174,0.111115,0.0498226,0.325095,0.0175151,0.24632,0.280405
67.200000000,0.57037,2.21602,0.197514,0.583826,0.53883,0.94658,0.865488,0.0435579,0.362359,0.0684539,0.187644,0.10201
67.242666667,0.49578,2.03509,0,0.364956,0.415361,0.937856,1.342,1.28482,0.440915,0.105995,0.144881,0
67.285333333,0.270253,2.32727,0,0.237305,0.101461,0.747973,0.817961,1.34993,1.40733,0.0878242,0.153181,0.0233438
67.328000000,0,2.22716,0,0.239297,0.0996307,0.526108,0.352174,0.590062,1.43444,1.05549,0.393967,0.0227193
67.370666667,0,2.1075,0,0.242118,0.234617,0.850585,0.313399,0.192548,0.645286,0.880392,1.16876,0.242279
67.413333333,0.291425,1.63436,0,0.235546,0.0765678,0.894505,0.97555,0.425007,0.371446,0.396621,0.988477,0.621344
67.456000000,0.476356,1.8228,0.01557,0.386919,0.129137,0.840755,1.0672,0.919483,0.267157,0.226264,0.620058,0.520382
67.498666667,0.599124,2.26104,0.0732676,0.468078,0.224389,0.910705,0.77198,0.770188,0.571012,0.1769,0.527106,0.196682
67.541333333,0.355198,2.53967,0.541342,0.479908,0.000512366,0.787858,0.657824,0.249413,0.561783,0.628494,0.382107,0.0808137
67.584000000,0.162081,1.58282,1.26682,1.17071,0,0.641356,0.857574,0.0941359,0.436498,0.633394,0.399561,0
67.626666667,0.0769409,0.923679,0.645979,2.18602,0.815318,0.535235,0.253193,0.387871,0.316873,0.193943,0.661537,0.176939
67.669333333,0.179315,0.568289,0.204862,1.17056,1.89831,1.33132,0.174098,0.185941,0.889665,0.115818,0.242321,0.357335
67.712000000,0.787285,0.512099,0.179208,0.237126,1.06124,3.10044,0.0235873,0.0779049,0.942444,0.602712,0.336259,0.190662
67.754666667,0.966295,1.01326,0.0132656,0.30387,0.252383,3.91018,0,0.0537703,0.275883,0.425032,0.358039,0.66663
67.797333333,0.8888,1.31039,0,0.31593,0,4.11382,0,0.052163,0.247086,0.527558,0.193157,0.28487
67.840000000,0.979752,1.39894,0,0.317014,0,4.14175,0,0.0513371,0.249931,0.766318,0.122866,0.283677
67.882666667,1.04902,0.616135,0.138731,0.292527,0.32676,4.10016,0.102949,0.202209,0.47815,0.975015,0.543974,0.118274
67.925333333,1.06592,0.589451,0.411609,0.33302,0.327968,3.92814,0.026123,0.144117,0.673872,1.02821,0.818998,0
67.968000000,1.00407,0.861514,0.450538,0.33544,0.198392,3.88268,0,0.0512451,0.499407,0.999505,0.702222,0.0788181
68.010666667,0.778552,1.28957,0.470288,0.430843,0.0800644,3.97167,0,0.0504366,0.433451,0.946908,0.635643,0.0431796
68.053333333,0.677038,1.61186,0.303436,0.275598,0,3.83551,0,0.0505254,0.328007,0.962722,0.753328,0
68.096000000,0.595051,2.07889,0.207118,0.289951,0,3.88113,0,0.0510555,0.351931,0.862276,0.388378,0
68.138666667,0.578132,2.17858,0.117268,0.290283,0,3.91403,0,0.0510665,0.338348,0.922683,0.0623467,0.00994243
68.181333333,0.604578,2.2608,0.119873,0.276997,0,3.75245,0,0.0508029,0.32657,0.676517,0.339471,0.158688
68.224000000,0.494104,2.25087,0,0.28008,0,4.07194,0,0.0507313,0.326646,0.78532,0.019931,0
68.266666667,0.512379,2.28845,0,0.298256,0,4.03492,0,0.0506242,0.335029,0.783421,0.117747,0
68.309333333,0.531156,2.21192,0,0.317555,0,4.04776,0,0.0502585,0.368451,0.77697,0.105011,0
68.352000000,0.456161,1.95414,0,0.305878,0,4.07031,0,0.101366,0.799825,0.880897,0.104628,0
68.394666667,0.569889,2.18175,0,0.266727,0,3.93003,0.417913,0.258525,0.536125,0.596689,0.0805035,0.00353243
68.437333333,0.176938,3.03052,0,0.197355,0,3.43182,0.674764,0.0973943,0.884438,0.254652,0.239485,0.0399147
68.480000000,0,3.0346,0,0.177863,0,2.14992,1.58761,0.0934245,1.02442,0.0922289,0.543049,0.016868
68.522666667,0,2.8656,0,0.162925,0,0.942827,2.57021,0.130572,1.09658,0.0333293,0.659023,0.0155364
68.565333333,0.128593,2.93183,0,0.162886,0,0.31388,2.62139,0.0574482,1.01724,0.000675785,0.781601,0.157786
68.608000000,0.0174073,2.84238,0.00541431,0.164932,0,0.450731,2.75559,0.0693742,0.930424,0.0029909,0.800037,0.0993967
68.650666667,0.0227865,2.83552,0.00720568,0.175099,0,0.354177,2.72239,0.0771087,0.816963,0.0268233,0.820544,0.117163
68.693333333,0.148016,2.82255,0,0.175194,0,0.329589,2.71922,0.0720226,0.90756,0.00537486,0.827442,0.0866421
68.736000000,0.247705,2.86179,0,0.159873,0,0.411372,2.74004,0.0661408,1.04813,0.000759401,0.825771,0.0298552
68.778666667,0.307736,2.88286,0,0.156436,0,0.287217,2.73514,0.0626822,1.09606,0.000748935,0.825063,0.0260802
68.821333333,0.300915,2.86665,0,0.155195,0,0.303201,2.6946,0.0614083,1.14937,0.000638741,0.827548,0.0165121
68.864000000,0.220899,2.63778,0.0145424,0.103631,0.00988349,0.394624,2.68881,0.0650426,1.19564,0.0372125,0.803794,0
68.906666667,0.114808,2.50683,0.0811428,0.0253234,0.0313821,0.44462,2.61801,0.0949888,0.975099,0.111594,0.811301,0
68.949333333,0.0912658,2.43996,0.121332,0,0.0408078,0.515842,2.49251,0.152332,0.809673,0.127952,0.91492,0.0632336
68.992000000,0.0548225,2.39797,0.101085,0.0490033,0.103854,0.522368,2.51596,0.168007,0.831505,0.114024,1.01355,0.0481249
69.034666667,0,2.52056,0.0139112,0.147255,0.0418847,0.491007,2.62178,0.147196,0.900775,0.0647926,1.00034,0
69.077333333,0.0490086,2.8698,0.00356399,0.169451,0,0.356049,2.57913,0.0787042,1.0337,0.000346379,0.881781,0.0139399
69.120000000,0.0954424,3.19306,0.189036,0.17286,0,0.383199,2.31862,0.0588802,1.55197,0.00118284,0.595832,0.0303448
69.162666667,0.0194201,3.33279,0.104574,0.27007,0,0.444624,1.5686,0.0712071,2.63901,0.00127792,0.150006,0.0232654
69.205333333,0.172249,3.22534,0.049955,0.645033,0,0.536122,0.9225,0.0733781,3.08091,0.00623703,0,0.0106474
69.248000000,0.454155,2.91976,0.0268834,0.823907,0,0.509871,0.684557,0.0560246,3.26284,0.00461232,0,0
69.290666667,0.448685,3.07341,0.00938993,0.881013,0,0.429193,0.624818,0.0563851,3.21448,0.000954927,0,0
69.333333333,0.417754,3.13091,0.000278439,0.858753,0,0.471005,0.603,0.0624437,3.16657,0.000465092,0,0
69.376000000,0.406923,3.13695,0.0010819,0.829262,0,0.498347,0.590392,0.0686524,3.15403,0.000258059,0,0
69.418666667,0.436564,3.07872,0.00219655,0.873321,0,0.49145,0.58305,0.068172,3.15546,0.00542547,0,0
69.461333333,0.444952,3.03301,0.00286578,0.916832,0,0.563709,0.57587,0.0670937,3.06873,0.0131924,0,0.00577143
69.504000000,0.463054,3.01583,0.00839295,0.955703,0,0.542296,0.573105,0.0645651,3.12252,0.00584271,0,0.0100907
69.546666667,0.511575,3.00667,0.00920375,1.02622,0,0.438558,0.563565,0.0586709,3.20295,0.00289789,0,0.0115447
69.589333333,0.546443,2.92668,0.00811305,1.08232,0,0.387864,0.551157,0.0486848,3.24879,0.00299609,0,0.0101532
69.632000000,0.564486,2.81206,0.00447841,1.12459,0,0.380897,0.545299,0.0583823,3.20514,0.00555148,0,0.00747219
69.674666667,0.574009,2.61924,0.00498493,1.18384,0,0.366677,0.549422,0.058194,3.218,0.010604,0,0.0107878
69.717333333,0.586929,2.46134,0.00687393,1.24255,0,0.283885,0.575081,0.0564075,3.28609,0.0134658,0,0.0126951
69.760000000,0.59797,2.36266,0.00626819,1.284,0,0.196507,0.598741,0.0525646,3.36389,0.00741034,0,0.00941261
69.802666667,0.597102,2.19175,0.0116931,1.30239,0.00467627,0.234334,0.61985,0.056459,3.38534,0.0297709,0,0
69.845333333,0.600832,2.15204,0.0539835,1.14142,0.0526731,0.257006,0.621205,0.0543136,3.34694,0.167251,0,0
69.888000000,0.543161,2.4701,0.0818637,0.862307,0.0587399,0.420086,0.585756,0.0522432,3.21065,0.171833,0,0
69.930666667,0.5474,2.53818,0.105567,0.650347,0.0572085,0.497642,0.583347,0.0599218,3.16743,0.161081,0,0
69.973333333,0.574891,2.43809,0.11611,0.664153,0.0482895,0.540269,0.572723,0.0694106,3.21861,0.13836,0,0
70.016000000,0.59484,2.50741,0.0764478,0.826496,0.0206448,0.520087,0.557273,0.0641705,3.20671,0.0703541,0,0
70.058666667,0.582407,2.73638,0.00774641,0.915156,0,0.415153,0.548157,0.0591455,3.18464,0.00966076,0,0
70.101333333,0.575992,2.88293,0.00240826,0.922643,0,0.38833,0.544921,0.0581805,3.15953,0.00310968,0,0
70.144000000,0.588624,2.83556,0.0030182,0.96084,0.00040657,0.375443,0.542701,0.0542503,3.12679,0.00652142,0,0
70.186666667,0.598706,2.80583,0.00255477,1.01796,0.00359468,0.350415,0.544809,0.0479699,3.09044,0.0088852,0,0
70.229333333,0.608513,2.82001,0.00599721,1.01645,0,0.298038,0.549038,0.0456167,3.1301,0.00409447,0,0
70.272000000,0.627266,3.17505,0.0187032,1.04286,0,0.203715,0.0909954,0.0298716,3.12835,0.00216586,0,0
70.314666667,0.513179,2.74218,0,1.04503,0.241852,0.648552,0.552274,0.0515478,3.24981,0.00182479,0,0
70.357333333,0.425581,2.61293,0,1.09871,0.0586754,1.91273,0.275986,0.0428025,3.06374,0.268839,0.397429,0
70.400000000,0.486068,2.46332,0,0.5331,0.112612,2.83063,0,0.0451364,2.39715,0.253535,0.970943,0.125986
70.442666667,0.692976,2.17243,0.0458961,0.183788,0,2.98105,0.0425445,0.0446809,1.49891,0.438962,1.81025,0.036616
70.485333333,0.668332,2.40216,0.275214,0.247782,0,3.05243,0.11787,0.0431563,1.03662,0.435978,2.07952,0.0184753
70.528000000,0.808617,2.58145,0,0.182089,0,2.93771,0,0.0388662,0.911195,0.509228,2.2635,0.0354675
70.570666667,0.897141,2.52455,0,0.21062,0,2.89553,0,0.0317051,0.854496,0.569814,2.30092,0.0437021
70.613333333,0.961235,2.42304,0.00574256,0.225642,0,2.88815,0,0.0364282,0.713378,0.609271,2.35167,0.04258
70.656000000,0.983641,2.351,0.0100424,0.227284,0,2.87755,0,0.03388,0.623738,0.630924,2.4086,0.039659
70.698666667,1.00188,2.29013,4.56347e-05,0.219698,0,2.87193,0,0.0348593,0.586719,0.63152,2.44156,0.0313284
70.741333333,1.00987,2.20857,0,0.210875,0,2.89592,0,0.0324617,0.569363,0.609394,2.39949,0.0232878
70.784000000,0.925531,2.04949,0.00741343,0.226023,0,2.93568,0,0.0520754,0.520542,0.633648,2.25569,0
70.826666667,1.00634,1.78703,0.0524068,0.0937577,0,3.046,0,0.0530514,0.485454,0.935425,2.18847,0
70.869333333,1.09887,1.68567,0.11792,0.0154714,0,3.10387,0,0.0531904,0.303085,1.00573,2.11502,9.5809e-05
70.912000000,1.14494,1.5414,0.0800911,0.0135123,0,3.13996,0,0.0533368,0.322695,0.981769,2.03808,0.000151069
70.954666667,1.10689,1.50947,0.0611224,0.0189267,0,3.15759,0,0.0534175,0.327136,0.937393,2.02794,0.00433519
70.997333333,1.02548,1.47059,0.0818651,0.201664,0,3.10429,0,0.0535869,0.303565,0.777095,2.07435,0.00735436
71.040000000,1.06465,1.55416,0,0.288824,0,3.02081,0.00351663,0.0538436,0.273741,0.660718,2.05986,0.00713284
71.082666667,1.02962,1.81819,0.0044818,0.288381,0,3.01544,0.0131728,0.0558998,0.315504,0.638868,2.00191,0.00585252
71.125333333,0.964675,2.02756,0.00119329,0.281588,0,2.98986,0.00524886,0.0528579,0.308366,0.64021,1.94087,0.00432109
71.168000000,0.914227,2.13147,0,0.280228,0,2.98082,0.000955373,0.0469075,0.301863,0.647949,1.92246,0.00273885
71.210666667,0.913416,2.15463,0,0.28887,0,2.99402,0,0.040095,0.302968,0.663095,1.92125,0.00316789
71.253333333,0.963142,2.12484,0,0.293535,0,3.02979,0,0.0306274,0.303163,0.679086,1.90151,0.00504812
71.296000000,1.00607,2.08019,0,0.295981,0,3.06308,0,0.044674,0.287923,0.661451,1.87187,0.00623616
71.338666667,0.972425,2.11531,0,0.297277,0,3.05222,0,0.0475414,0.287747,0.661973,1.85541,0.00660787
71.381333333,0.875255,2.23959,0,0.295656,0,3.02223,0,0.0448432,0.296727,0.690286,1.83026,0.00711316
71.424000000,0.775882,2.36823,0,0.296162,0,3.03678,0,0.041945,0.278519,0.710884,1.78019,0.00638571
71.466666667,0.763177,2.36325,0,0.309682,0,3.04103,0,0.0367596,0.286847,0.72149,1.75861,0.0038669
71.509333333,0.791106,2.19833,0,0.326435,0,3.0401,0,0.0222637,0.369484,0.749979,1.78509,0.00277463
71.552000000,0.815153,2.03728,0,0.338135,0,3.03626,0,0.0139594,0.368606,0.766742,1.83025,0.00357384
71.594666667,0.847148,1.93721,0,0.348648,0,3.04255,0,0.0181403,0.297272,0.768538,1.84775,0.00381814
71.637333333,0.873976,1.79368,0,0.356587,0,3.05525,0,0.0222584,0.299519,0.759746,1.85579,0.00369341
71.680000000,0.9011,1.70975,0,0.352215,0,3.09581,0,0.0213803,0.290356,0.757696,1.85006,0.00610703
71.722666667,0.926029,1.77876,0,0.348994,0,3.11083,0,0.0164936,0.312075,0.754856,1.81098,0.00805918
71.765333333,0.815455,1.7608,0,0.340118,0,3.11884,0,0.0487754,0.318549,0.744619,1.75714,0.00508486
71.808000000,0.823773,1.89106,0.0249109,0.281964,0,3.22364,0,0.0500214,0.280651,1.04532,1.60651,0
71.850666667,0.72796,2.13033,0.0529412,0.197846,0,3.33345,0,0.0510058,0.118844,1.19973,1.30694,0.000856134
71.893333333,0.554902,2.31698,0.0493214,0.207983,0,3.41592,0,0.0505879,0.0984179,1.15853,1.09657,0
71.936000000,0.476535,2.38933,0.0239339,0.268978,0,3.37302,0,0.0491088,0.211334,0.9816,1.12598,0
71.978666667,0.50969,2.3999,0.00490889,0.315298,0,3.27335,0,0.0482345,0.287445,0.754154,1.22488,0.00622385
72.021333333,0.546962,2.46314,0,0.325769,0,3.20195,0,0.0507094,0.278092,0.746693,1.3264,0.00624421
72.064000000,0.519476,2.41283,0,0.331889,0,3.1816,0.00130687,0.0528132,0.309327,0.764095,1.38232,0.00412523
72.106666667,0.530402,2.38849,0,0.34129,0,3.15536,0,0.0479077,0.314796,0.774376,1.41279,0.00512439
72.149333333,0.570687,2.34928,0,0.347052,0,3.14536,0,0.0363033,0.314406,0.774504,1.44023,0.00284396
72.192000000,0.607038,2.30326,0,0.351461,0,3.14033,0,0.0282734,0.315493,0.769941,1.48142,0.00162483
72.234666667,0.609221,2.26476,0,0.350725,0,3.13468,0,0.0313253,0.316612,0.774679,1.53385,0.00308571
72.277333333,0.579225,2.18223,0,0.344811,0,3.14829,0,0.0418977,0.299564,0.779525,1.56052,0.00448604
72.320000000,0.596877,2.10522,0,0.350239,0,3.17243,0,0.0449146,0.336538,0.78269,1.51173,0.00567734
72.362666667,0.68369,2.21202,0,0.343813,0,3.21779,0,0.0406797,0.385503,0.777725,1.36293,0.0060868
72.405333333,0.772155,2.21686,0,0.332251,0,3.28249,0,0.0354388,0.396913,0.769346,1.20835,0.00630701
72.448000000,0.813791,2.24788,0,0.328475,0,3.3123,0,0.030147,0.36075,0.759836,1.1544,0.0093676
72.490666667,0.873059,2.19382,0,0.330205,0,3.30944,0,0.0279165,0.355321,0.749931,1.18746,0.0110205
72.533333333,0.955011,2.03912,0,0.332405,0,3.28704,0,0.0267571,0.341495,0.744039,1.28136,0.00950097
72.576000000,1.02294,1.85319,0,0.34331,0,3.27626,0,0.0225767,0.374618,0.73192,1.34334,0.0109809
72.618666667,1.05469,1.63986,0,0.352345,0,3.28143,0,0.0193011,0.405989,0.715749,1.34632,0.0132555
72.661333333,1.05467,1.39549,0,0.355802,0,3.29966,0,0.023777,0.452659,0.710334,1.34648,0.0161035
72.704000000,1.05478,1.23202,0,0.359645,0,3.30836,0,0.0345578,0.454067,0.703442,1.36693,0.0193302
72.746666667,1.02826,1.02183,0,0.337402,0,3.42273,0,0.0521879,0.348997,0.738717,1.29084,0.0217772
72.789333333,0.875679,1.25246,0.137175,0.307248,0,3.86947,0,0.052558,0.419362,0.730265,0.987812,0
72.832000000,0.765954,1.74188,0.13998,0.275444,0,3.89954,0,0.0518958,0.438381,0.729415,0.718055,0
72.874666667,0.678737,2.01172,0.122608,0.279486,0,3.87386,0,0.0512094,0.438175,0.712174,0.654108,0
72.917333333,0.661691,2.04669,0.00232155,0.314182,0,3.85727,0,0.0513767,0.435747,0.687368,0.716023,0
72.960000000,0.68514,2.07236,0,0.353444,0,3.78812,0,0.0510543,0.396534,0.776998,0.83834,0
73.002666667,0.713987,2.10068,0,0.365665,0,3.70533,0.000971732,0.0522456,0.348524,0.672363,0.981431,0
73.045333333,0.730349,2.08071,0,0.359356,0,3.69543,0.00229208,0.0527702,0.373104,0.674952,1.04596,0
73.088000000,0.761497,2.03309,0,0.358565,0,3.69319,0,0.0475353,0.411066,0.67363,1.05279,0
73.130666667,0.78678,1.9601,0,0.360018,0,3.68071,0,0.0398363,0.416969,0.670519,1.08556,0
73.173333333,0.81576,1.82784,0,0.362559,0,3.67477,0,0.0315944,0.387803,0.671161,1.14362,0
73.216000000,0.835393,1.66222,0,0.359215,0,3.69119,0,0.0333012,0.367757,0.677792,1.16248,0
73.258666667,0.848528,1.71983,0.100047,0.35205,0,3.74884,0,0.0437106,0.338236,0.651634,1.04913,0
73.301333333,0.830919,1.85079,0.14911,0.360566,0,3.78229,0,0.0456495,0.351544,0.637685,0.910953,0
73.344000000,0.722463,2.01182,0.176836,0.364505,0,3.79979,0,0.037134,0.356425,0.635079,0.800414,0
73.386666667,0.604094,2.13396,0.161839,0.351465,0,3.82656,0,0.0277378,0.3486,0.643279,0.702403,0
73.429333333,0.544263,2.14178,0.130436,0.346516,0,3.84719,0,0.0258522,0.293525,0.652815,0.671287,0
73.472000000,0.52399,2.03221,0.105873,0.348644,0,3.85453,0,0.0276857,0.275541,0.655355,0.70066,0
73.514666667,0.509868,2.03685,0,0.349148,0,3.85737,0,0.0261154,0.285124,0.679475,0.68053,0
73.557333333,0.499208,2.15213,0,0.353744,0,3.86037,0,0.0247949,0.329411,0.679325,0.591134,0
73.600000000,0.492151,2.20125,0,0.362988,0,3.84922,0,0.025993,0.353612,0.681976,0.537183,0
73.642666667,0.483614,2.14817,0,0.362698,0,3.85969,0,0.0255017,0.373107,0.682618,0.532657,0
73.685333333,0.482898,2.13382,0,0.364877,0,3.86973,0,0.0378001,0.301821,0.700323,0.528365,0
73.728000000,0.464293,2.15746,0,0.351192,0,3.92685,0,0.0500164,0.278259,0.740016,0.510884,0
73.770666667,0.395697,2.15416,0.110414,0.318972,0,3.99806,0,0.0508407,0.19,0.892838,0.562787,0
73.813333333,0.249931,2.21963,0.138028,0.294728,0,3.99805,0,0.0512068,0.00943823,0.968166,0.602916,0
73.856000000,0.240673,2.33381,0.129274,0.290188,0,3.96736,0,0.0510232,0.000132867,0.963782,0.558946,0
73.898666667,0.267224,2.34594,0.11306,0.29807,0,3.95804,0,0.0505136,6.74731e-05,0.940502,0.509302,0
73.941333333,0.304542,2.29252,0.111931,0.307778,0,3.91861,0,0.0485581,0.000144493,0.818657,0.511922,0
73.984000000,0.319191,2.29582,0,0.329253,0,3.89297,0.00134307,0.0426901,0.0197333,0.702624,0.536314,0
74.026666667,0.315304,2.2935,0,0.339013,0,3.8955,0.00203475,0.0412393,0.048939,0.719078,0.538376,0
74.069333333,0.346234,2.32492,0.115413,0.340007,0,3.87282,0,0.0373848,0.0976895,0.681378,0.547919,0
74.112000000,0.37132,2.35745,0.128453,0.337508,0,3.8558,0,0.0321224,0.135817,0.659109,0.576905,0
74.154666667,0.391712,2.31871,0,0.338032,0,3.8593,0,0.0254282,0.166555,0.691006,0.588052,0
74.197333333,0.417583,2.26597,0,0.332884,0,3.88042,0,0.0270167,0.157135,0.702474,0.551649,0
74.240000000,0.420228,2.27077,0,0.32792,0,3.93314,0,0.0335507,0.209166,0.692638,0.402973,0
74.282666667,0.432126,2.22097,0.191523,0.329497,0,4.03802,0,0.0323404,0.287881,0.633946,0.110687,0
74.325333333,0.44225,2.18413,0.215541,0.323945,0,4.03911,0,0.0198921,0.359671,0.655288,0.0828765,0
74.368000000,0.404555,2.29276,0.178258,0.315861,0,4.04695,0,0.00832786,0.405437,0.679003,0.000189967,0
74.410666667,0.362725,2.29209,0.140662,0.323467,0,4.0468,0,0.00586479,0.428397,0.693035,0.000172068,0
74.453333333,0.325204,2.21859,0.132702,0.335662,0,4.02366,0,0.0096232,0.437768,0.690829,0.0859069,0
74.496000000,0.289955,2.15326,0.1553,0.343048,0,4.0194,0,0.012184,0.438437,0.673001,0.0937224,0
74.538666667,0.297935,2.2353,0.143019,0.337884,0,3.95442,0,0.0102305,0.420007,0.67989,0.232725,0
74.581333333,0.309231,2.25337,0.16841,0.342073,0,3.89573,0,0.0104241,0.43765,0.671824,0.38021,0
74.624000000,0.316166,2.19008,0.154949,0.355126,0,3.86307,0,0.0146375,0.47267,0.669443,0.486843,0
74.666666667,0.322934,2.14043,0.121348,0.360816,0,3.83402,0,0.0306313,0.394797,0.666983,0.588954,0
74.709333333,0.338823,2.09475,0,0.346863,0,3.84328,0,0.0494601,0.305909,0.803453,0.625264,0
74.752000000,0.342192,2.14656,0.1792,0.31161,0,3.91828,0,0.0499726,0.298912,0.777141,0.495608,0
74.794666667,0.353287,2.24285,0.186482,0.282897,0,3.94907,0,0.049736,0.309159,0.750194,0.31402,0
74.837333333,0.349777,2.33074,0.16861,0.287683,0,3.93582,0,0.0497826,0.317347,0.742074,0.235331,0
74.880000000,0.320616,2.37798,0.147638,0.307482,0,3.91705,0,0.0499607,0.317169,0.752965,0.223594,0
74.922666667,0.306697,2.3949,0,0.314968,0,3.88223,0,0.0432775,0.346548,0.810773,0.322746,0
74.965333333,0.304722,2.39593,0,0.316263,0,3.86303,0.000761769,0.0249948,0.489859,0.713766,0.38921,0
75.008000000,0.309725,2.4127,0,0.316841,0,3.84691,0.000529677,0.0231401,0.468463,0.71527,0.439704,0
75.050666667,0.312459,2.39169,0,0.320545,0,3.87171,0,0.0173321,0.475903,0.724644,0.384071,0
75.093333333,0.310154,2.36952,0,0.33254,0,3.92221,0,0.0130916,0.492012,0.727761,0.259586,0
75.136000000,0.303711,2.3534,0,0.33715,0,3.97012,0,0.0116318,0.489787,0.724363,0.156741,0
75.178666667,0.310566,2.35088,0,0.33637,0,4.02974,0,0.0129197,0.498849,0.710269,0.000248424,0
75.221333333,0.315494,2.3087,0.161267,0.320827,0,4.03464,0,0.0100093,0.532963,0.670324,0.000328547,0
75.264000000,0.322328,2.22551,0.239714,0.306183,0,4.04725,0,0.00513616,0.472411,0.646515,0.000366054,0
75.306666667,0.349649,2.19898,0.239596,0.297698,0,4.05641,0,0.000439667,0.384355,0.641713,0.000354186,0
75.349333333,0.361284,2.13802,0.191428,0.300631,0,4.07703,0,0,0.26778,0.64938,0.000285632,0
75.392000000,0.363977,2.03865,0.164459,0.306648,0,4.09115,0,0.000447907,0.191278,0.655012,0.00021495,0
75.434666667,0.344156,1.89912,0.181011,0.316069,0,4.04347,0,0.00255863,0.184494,0.653777,0.184404,0
75.477333333,0.327735,1.86033,0.176715,0.319631,0,4.01626,0,0.00276669,0.183963,0.655873,0.266608,0
75.520000000,0.30105,1.85663,0.185549,0.325834,0,3.98955,0,0.0018184,0.217069,0.655535,0.330292,0
75.562666667,0.294459,1.72721,0.223278,0.344008,0,3.98725,0,0.00320234,0.282183,0.648187,0.365555,0
75.605333333,0.296107,1.83716,0.176534,0.350756,0,3.97365,0,0.00373528,0.359316,0.656933,0.352708,0
75.648000000,0.297667,2.08766,0.140764,0.345892,0,3.98481,0,0.0246991,0.402694,0.659815,0.219095,0
75.690666667,0.292642,2.15055,0.178067,0.325158,0,4.03167,0,0.0493468,0.284599,0.633423,0.107734,0.0417078
75.733333333,0.260635,2.00422,0.25667,0.291945,0,4.12867,0,0.0512779,0.293117,0.649947,0.0153567,0.0925742
75.776000000,0.237729,2.07698,0.276379,0.272229,0,4.1029,0,0.051409,0.304569,0.73565,0.0196804,0.0974334
75.818666667,0.25467,2.32642,0.225418,0.283189,0,4.02787,0,0.0505617,0.314894,0.722394,0.0146525,0
75.861333333,0.278892,2.39382,0.178676,0.29599,0,3.9982,0,0.0480032,0.318316,0.737472,0.00597338,0
75.904000000,0.288753,2.36722,0.134114,0.304974,0,4.01431,0,0.0327332,0.394971,0.773946,0.000336403,0
75.946666667,0.288736,2.3391,0.130272,0.314183,0,3.98134,0.000288442,0.0195473,0.461904,0.688093,0.103156,0
75.989333333,0.284069,2.41407,0.13759,0.322355,0,3.96946,0,0.0168219,0.431336,0.691402,0.0960601,0
76.032000000,0.2812,2.45514,0.169061,0.31454,0,3.96768,0,0.0118607,0.44426,0.689337,0.098983,0
76.074666667,0.291873,2.41762,0.158956,0.311351,0,3.98149,0,0.0102768,0.475879,0.691794,0.0921733,0
76.117333333,0.314325,2.31932,0.132481,0.317191,0,4.02853,0,0.00920886,0.498668,0.692678,0.000362347,0
76.160000000,0.317783,2.32945,0.132382,0.317094,0,4.0302,0,0.0128,0.486548,0.695703,0.000322731,0
76.202666667,0.319083,2.33526,0.147561,0.312158,0,4.02481,0,0.0178677,0.476461,0.695751,0.000377347,0
76.245333333,0.330512,2.25432,0.202516,0.310293,0,4.01059,0,0.00999928,0.544259,0.672466,0.000503806,0
76.288000000,0.405375,2.16756,0.226553,0.30083,0,4.01217,0,0.000181567,0.589069,0.655778,0.000527527,0
76.330666667,0.61418,2.02949,0.197266,0.288245,0,4.05104,0,0,0.642806,0.641884,0.000469524,0
76.373333333,0.745429,1.89375,0.159853,0.288371,0,4.08688,0,0,0.655169,0.668038,0.000383374,0
76.416000000,0.706494,1.86742,0.155442,0.306946,0,4.0856,0,0,0.658246,0.676151,0.000297633,0
76.458666667,0.641173,1.89298,0.170022,0.334054,0,4.0632,0,0.00140076,0.641207,0.670901,0.000229104,0
76.501333333,0.615396,2.18456,0.161641,0.336675,0,4.03121,0,0.00349212,0.609953,0.652884,0.000247767,0
76.544000000,0.567718,2.25685,0.16163,0.324738,0,4.03163,0,0.00747452,0.597307,0.655935,0.000289921,0.0248854
76.586666667,0.517485,2.23349,0.138962,0.310292,0,4.04813,0,0.0103391,0.601252,0.662943,0.000316963,0.0156967
76.629333333,0.477349,2.16558,0,0.308621,0,4.06572,0,0.032177,0.557166,0.683829,0.000106138,0
76.672000000,0.441077,2.04358,0.195711,0.298815,0,4.08312,0,0.0490123,0.438658,0.731635,0,0
76.714666667,0.338278,2.1016,0.248664,0.282181,0,4.04504,0,0.0495019,0.379309,0.708793,0,0
76.757333333,0.339197,2.28886,0.248795,0.273957,0,3.96828,0,0.0494167,0.371089,0.743444,0.00480347,0
76.800000000,0.319598,2.42417,0.217981,0.296811,0,3.94352,0,0.0495225,0.38377,0.758752,0.00043867,0
76.842666667,0.287316,2.49155,0.173539,0.328202,0,3.95014,0,0.048554,0.413169,0.766753,0,0
76.885333333,0.283234,2.52912,0.143027,0.343954,0,3.95622,0,0.035356,0.470587,0.786812,4.27582e-05,0
76.928000000,0.296785,2.59146,0.132804,0.339801,0,3.95511,0,0.0221839,0.470416,0.717829,0.000254263,0
76.970666667,0.306614,2.55809,0.161599,0.339189,0,3.96665,0,0.0192893,0.442957,0.729178,0.000268284,0
77.013333333,0.310722,2.43961,0.164162,0.334593,0,3.96504,0,0.0149422,0.455778,0.712977,0.0936732,0
77.056000000,0.313796,2.38174,0.150699,0.335186,0,4.01844,0,0.0128523,0.485526,0.683437,0.000311353,0
77.098666667,0.34959,2.36408,0,0.33292,0,4.0253,0,0.0122412,0.490064,0.718967,0.000322437,0
77.141333333,0.354697,2.34504,0.139396,0.323015,0,4.03572,0,0.0128634,0.476283,0.715314,0.000291025,0
77.184000000,0.287322,2.48584,0.126507,0.310013,0,4.00774,0,0.00993728,0.507722,0.758295,0.000341853,0
77.226666667,0.282907,2.65503,0,0.295651,0,3.93213,0,0.00368811,0.456485,0.799895,0.000392368,0
77.269333333,0.27346,2.69587,0,0.280043,0,3.91197,0,0,0.363585,0.796617,0.000436606,0
77.312000000,0.280815,2.67281,0,0.274669,0,3.92825,0,0,0.331916,0.780724,0.000437417,0
77.354666667,0.300386,2.61036,0,0.284889,0,3.94635,0,0,0.341715,0.736414,0.000345674,0
77.397333333,0.30463,2.54101,0,0.306289,0,3.94968,0,0.00150322,0.420137,0.714308,0.000211966,0
77.440000000,0.293539,2.55213,0,0.303479,0,3.94257,0,0.00520266,0.432915,0.735029,0.00020634,0
77.482666667,0.281503,2.63089,0,0.294207,0,3.93342,0,0.00874763,0.433287,0.839271,0.000266675,0
77.525333333,0.277828,2.67485,0,0.292061,0,3.93052,0,0.0121024,0.453482,0.83923,0.000263608,0
77.568000000,0.284836,2.64261,0,0.293417,0,3.94822,0,0.0148664,0.461087,0.819323,0.000274925,0
77.610666667,0.297771,2.60659,0,0.297312,0,3.9654,0,0.0418367,0.379624,0.693247,0,0
77.653333333,0.303483,2.55119,0.17657,0.282376,0,3.88501,0,0.0521175,0.331487,0.660157,0.206381,0
77.696000000,0.280316,2.42359,0.224949,0.263399,0,3.82129,0,0.0533972,0.307428,0.813943,0.278567,0.0188476
77.738666667,0.292475,2.47805,0.22223,0.255709,0,3.7424,0,0.0529447,0.30758,0.840561,0.246819,0.0608904
77.781333333,0.302632,2.56139,0.172531,0.282887,0,3.75231,0,0.0521235,0.312818,0.866372,0.186462,0.0301951
77.824000000,0.305293,2.60831,0,0.316759,0,3.80525,0,0.0498368,0.343019,0.876784,0.139947,0
77.866666667,0.294998,2.61121,0,0.349466,0,3.83312,0,0.0382277,0.414502,0.818314,0.137012,0
77.909333333,0.297582,2.62645,0,0.352829,0,3.8248,0.000692156,0.0282201,0.415527,0.828697,0.206803,0
77.952000000,0.317622,2.6364,0,0.344147,0,3.82456,0,0.0269525,0.412706,0.703707,0.246015,0
77.994666667,0.339689,2.6358,0,0.329232,0,3.86533,0,0.0239251,0.402116,0.689269,0.196183,0
78.037333333,0.347796,2.61267,0,0.323676,0,3.90683,0,0.0221335,0.400622,0.693117,0.134452,0
78.080000000,0.33632,2.55867,0,0.326031,0,3.92284,0,0.0231605,0.418741,0.703885,0.121716,0
78.122666667,0.28008,2.50379,0,0.331575,0,3.92377,0.211969,0.393423,0.413375,0.663228,0.0470798,0.0155906
78.165333333,0.207644,3.18679,0,0.318913,0,3.82649,0.441461,0.145632,0.297031,0.656337,0,0.148531
78.208000000,0,3.30892,0,0.23912,0,3.07185,0.986131,0.108731,0.841268,0.506352,0.0381736,0.141687
78.250666667,0,3.25261,0,0.179509,0,2.26292,1.48206,0.0621148,0.97179,0.258715,0.0456144,0.114869
78.293333333,0.142629,3.11152,0,0.169485,0,1.12524,2.26133,0.0317308,0.872095,0.057075,0.0758394,0.198514
78.336000000,0,3.01475,0.000985282,0.166314,0,0.467895,2.58443,0.0534246,0.950817,0.0101763,0.177157,0.123986
78.378666667,0,3.01387,0.00223362,0.15805,0,0.468084,2.57318,0.0519864,1.0753,0.00893146,0.204015,0.135325
78.421333333,0.0908837,3.00087,9.21758e-05,0.156041,0,0.453955,2.60223,0.050688,1.10957,0.00855877,0.230867,0.134387
78.464000000,0.272324,2.96655,0,0.161696,0,0.428764,2.64936,0.0437182,1.12548,0.00771905,0.275694,0.102581
78.506666667,0.364259,2.9696,0,0.156492,0,0.427873,2.68112,0.0415666,1.12625,0.0216534,0.328376,0.0611639
78.549333333,0.285735,2.99847,0,0.144061,0,0.422401,2.6525,0.0449128,1.11069,0.0324037,0.407066,0.0616383
78.592000000,0.13279,3.01914,0,0.137437,0,0.424733,2.56454,0.0458279,1.07741,0.0424409,0.485614,0.115578
78.634666667,0.013722,3.02167,0,0.142034,0,0.429604,2.49337,0.0452107,1.02056,0.0433468,0.538153,0.144853
78.677333333,0.00519862,3.01032,0,0.145275,0,0.424116,2.44635,0.0312991,1.04097,0.0098522,0.529648,0.157493
78.720000000,0,2.99097,0,0.139879,0,0.442035,2.43897,0.0285576,1.14153,0.00395007,0.425678,0.121084
78.762666667,0.0515399,2.96354,0.00266511,0.139994,0,0.45211,2.46135,0.0353887,1.19089,0.0031882,0.338088,0.0473711
78.805333333,0.106013,3.01888,0.00776756,0.142393,0,0.454013,2.45109,0.0358563,1.23151,0.00353985,0.305223,0.0453215
78.848000000,0.0775946,3.17569,0.0282254,0.127765,0,0.463322,2.42852,0.032913,1.27642,0.00376615,0.252413,0.049052
78.890666667,0.111814,3.37411,0.127021,0.125226,0,0.506357,2.03418,0.0133228,2.08208,0.00280031,0.103839,0.0534675
78.933333333,0.31439,3.19777,0.0358994,0.228991,0,0.603054,1.38946,0.0221156,3.01704,0.00226094,0.000138365,0.0429259
78.976000000,0.533518,3.02805,0.0296374,0.528535,0.00942051,0.692544,0.775615,0.0137316,3.29084,0.0020544,0,0.024846
79.018666667,0.663753,2.96938,0.0218054,0.663351,0.0193167,0.682888,0.656363,0.00127547,3.3105,0.00232168,0,0.00389822
79.061333333,0.589104,2.91526,0.00519389,0.693901,0.0133442,0.648591,0.622024,0.012296,3.33206,0.00279864,0,0
79.104000000,0.583108,2.84143,0.00362264,0.671762,0.00332318,0.668144,0.604777,0.0204679,3.30573,0.00859199,0,0.011207
79.146666667,0.57582,2.76181,0.0547532,0.631927,0,0.692635,0.576508,0.0260294,3.27852,0.0127665,0.000108248,0.0286505
79.189333333,0.578174,2.6704,0.0614631,0.619158,0,0.688287,0.579009,0.030091,3.34986,0.00703975,0.000445574,0.0281121
79.232000000,0.576002,2.72181,0.0329671,0.755575,0.00824929,0.671134,0.582066,0.0302453,3.31419,0.00498806,0.000866209,0.0188977
79.274666667,0.579586,2.55203,0.00706207,0.947873,0.0228872,0.638423,0.569166,0.0258145,3.32052,0.00709198,0.000832693,0.0153735
79.317333333,0.563412,2.58293,0.0106909,1.03009,0.0422917,0.571144,0.559717,0.00530744,3.37936,0.0189101,0.000450127,0.0218328
79.360000000,0.563408,2.67201,0.016306,1.04655,0.0566614,0.50997,0.532933,0.0623969,3.2495,0.0675088,0.0498374,0.0273985
79.402666667,0.575091,2.80914,0.075256,1.04027,0.0760336,0.569522,0.175644,0.0390517,3.18195,0.00811685,0.02051,0.121593
79.445333333,0.647686,2.69463,0.159264,0.941251,0.234911,0.446529,0.167708,0.0594944,3.29215,0.101984,0.198675,0.131142
79.488000000,0.689102,2.55653,0.0314632,1.05741,0.340457,0.395072,0.3379,0.0704294,3.23131,0.227561,0.302904,0.14717
79.530666667,0.699193,2.57325,0.0571593,1.18485,0.285265,0.319108,0.469147,0,3.21701,0.14702,0.126031,0.117463
79.573333333,0.614503,2.7423,0.0496238,1.20931,0.316344,0.290826,0.42453,0,3.18726,0.193493,3.39232e-05,0.115027
79.616000000,0.58073,2.92927,0.0048044,1.20667,0.181365,0.371812,0.311297,0.0311303,3.09567,0.106353,0,0.00370523
79.658666667,0.556956,2.90775,0.000376855,1.11547,0.0128318,0.431797,0.343377,0.0197068,3.09781,0.0324473,0,0
79.701333333,0.536385,3.07614,0.020722,0.819355,0.00595857,0.728298,0.00997191,0.032785,3.10647,0.00272178,0,0
79.744000000,0.5475,3.11385,0.000264333,0.787562,0.145959,0.736314,0.00334269,0.113727,3.02666,0.00282632,0.000139865,0
79.786666667,0.556975,2.87913,0.144157,0.816231,0.196757,0.555711,0.0273267,0.397858,3.08595,0.00237171,0.0876305,0.0272066
79.829333333,0.528796,2.43098,0.448994,0.820706,0.0604293,0.598801,0.00511239,0.262949,3.41367,0.0923712,0.265598,0.0963714
79.872000000,0.534742,2.77659,0.327369,0.82776,0.290124,0.650229,0.00230322,0.0127912,3.30303,0.200422,0.241749,0.149512
79.914666667,0.527815,2.86475,0.0887723,0.827527,0.238583,0.669461,0,0,3.29438,0.180086,0.0833913,0.214006
79.957333333,0.59099,2.93838,0.00263252,0.860796,0.390015,0.495252,0,0,3.21918,0.16146,0,0.235146
80.000000000,0.649645,2.88293,0.000726185,1.10916,0.0644758,0.363809,0.153618,0.000841913,3.13163,0.0720552,0,0.0024275
80.042666667,0.661185,2.9628,0.0012934,1.16084,0,0.337453,0.11117,0.114329,3.09262,0.00316328,0,0.00496425
80.085333333,0.631074,2.60655,0.00203629,1.1094,0.170402,0.377245,0.00952556,0.0785931,3.28401,0.0656166,0.0915744,0
80.128000000,0.742368,2.61061,0.000949367,0.79067,0.164952,0.558869,0.118971,0.0960228,3.23343,0.137003,0.546755,0.0494571
80.170666667,0.609287,2.8263,0.00112073,0.409108,0.0569575,1.07038,0.00706061,0.0404092,3.09869,0.0346686,1.11618,0.189944
80.213333333,0.413363,2.87541,0.125701,0.231941,0,2.11717,0.00165698,0,2.50128,0.0179205,2.03987,0.246703
80.256000000,0.437831,2.82954,0.141309,0.212819,0,2.42367,0.00254446,0.00217288,1.97568,0.00925886,2.5897,0.210161
80.298666667,0.531471,2.77145,0.0304346,0.212972,0,2.4241,0.00870554,0.00368225,1.62281,0.0197087,2.79601,0.160619
80.341333333,0.621896,2.67845,0,0.212769,0,2.41677,0.186057,0,1.39758,0.0209177,2.76651,0.10596
80.384000000,0.647201,2.62138,0.0334825,0.212577,0,2.37036,0.252327,0,1.3596,0.0163651,2.78749,0.0935694
80.426666667,0.552536,2.63019,0.11422,0.207143,0.000912259,2.34013,0.290098,0,1.27619,0.0100571,2.95322,0.104024
80.469333333,0.44004,2.58669,0.181967,0.206741,0.00238978,2.33356,0.349033,0,1.1201,0.0109256,3.0659,0.0968806
80.512000000,0.491177,2.58214,0.141445,0.207923,0.00239418,2.31064,0.3443,0,0.989899,0.0376544,3.03275,0.0749766
80.554666667,0.575723,2.78816,0.113214,0.221359,0.01237,2.27206,0.0338291,0.0448796,0.859067,0.0563609,2.93109,0.0567692
80.597333333,0.441867,2.50759,0.389208,0.268308,0.00203726,2.42623,0,0.0931871,1.01235,0.0891974,2.72001,0.0181861
80.640000000,0.243129,2.14368,0.638674,0.302577,0,2.55647,0,0.0984789,1.01352,0.102624,2.52707,0.0145495
80.682666667,0.0935151,2.0063,0.532003,0.355434,0,2.60248,0,0.0837185,1.19591,0.0828219,2.29934,0.0227569
80.725333333,0.232999,2.05057,0.272146,0.278046,0,2.49998,0.0618891,0.0911938,1.12753,0.0543574,2.34401,0.0716751
80.768000000,0.474786,2.18981,0.164278,0.246781,0,2.41073,0,0.0960579,1.01522,0.0381624,2.54423,0.0824328
80.810666667,0.604231,2.41609,0.149279,0.226819,0,2.31303,0.0115774,0.00934824,0.843862,0.0375858,2.67963,0.0642141
80.853333333,0.697034,2.12321,0.0727781,0.224146,0,2.13897,0.262161,0.00339376,0.824039,0.0394237,2.4937,0.0361611
80.896000000,0.661494,1.76724,0.072098,0.205466,0,2.32454,0.313081,0.00197835,0.830961,0.030624,2.38811,0.0545843
80.938666667,0.640903,1.74476,0.0937037,0.200017,0,2.37396,0.248125,0,0.745853,0.0221734,2.41206,0.076385
80.981333333,0.649395,1.72506,0.254656,0.198614,0,2.27921,0.220469,0.000242636,0.909984,0.0337147,2.49129,0.0742776
81.024000000,0.68772,1.9521,0.401392,0.212844,0.00653562,2.09701,0.243299,0.00118687,0.997177,0.0475327,2.58302,0.067544
81.066666667,0.640326,2.24748,0.0772488,0.227413,0.0152606,2.22955,0.308045,0,0.913673,0.0643781,2.4001,0.0497441
81.109333333,0.460513,2.48656,0.122453,0.228718,0.00774841,2.44299,0.292047,0,0.715769,0.191129,2.22787,0.0312917
81.152000000,0.364866,2.62895,0.0583022,0.225127,0.00358715,2.61524,0.135583,0,0.684169,0.381334,2.13397,0.219977
81.194666667,0.399553,2.64694,0.0042813,0.21955,0.00182757,2.72186,0.00714688,0,0.715471,0.384625,1.97952,0.234727
81.237333333,0.440166,2.66439,0,0.214122,0,2.62694,0.0799801,0,0.759211,0.129389,2.05274,0.0906582
81.280000000,0.504287,2.57341,0,0.222646,0,2.3914,0.180288,0,0.810821,0.0858524,2.5737,0.0547688
81.322666667,0.568165,2.46184,0.0499701,0.214867,0,2.30099,0.194266,0,0.830767,0.107029,2.71722,0.0383925
81.365333333,0.587571,2.40139,0.234806,0.220563,0,2.36888,0.177157,0,0.701194,0.103967,2.84291,0.0475131
81.408000000,0.578716,2.33436,0.416633,0.22346,0.00843762,2.41031,0.157038,0,0.658116,0.110478,2.99532,0.058893
81.450666667,0.613547,2.17835,0.521791,0.226289,0.0142414,2.40966,0.0990465,0.0143892,0.726827,0.117656,3.11679,0.0572137
81.493333333,0.772728,2.10235,0.537744,0.225154,0.0146763,2.36943,0.0519561,0.0181619,0.699778,0.13403,3.12647,0.0372683
81.536000000,0.537876,1.99342,0.576179,0.253412,0.0258544,2.51162,0.0193237,0.0426385,0.598257,0.202839,2.97489,0.020259
81.578666667,0.440946,1.56572,0.66192,0.268028,0.10814,2.31737,0.115024,0.0456349,0.794612,0.178273,2.6571,0.0171565
81.621333333,0.556487,1.46448,0.634165,0.323209,0.220147,1.76904,0.630525,0.0439518,0.967331,0.156876,2.02183,0.00546394
81.664000000,0.579548,1.53058,0.532736,0.29949,0.196613,1.74789,0.684641,0.0436383,1.003,0.125633,1.68248,0.0471196
81.706666667,0.536972,1.67855,0.420938,0.29271,0.052178,1.95668,0.522914,0.0438533,0.964086,0.0903562,1.67861,0.0998384
81.749333333,0.476443,2.00741,0.231455,0.276393,0,2.38822,0.078068,0.0430915,0.717766,0.0463275,2.13245,0.0550257
81.792000000,0.668255,2.09914,0.22858,0.245426,0,2.39915,0,0.013915,0.700195,0.0642804,2.30702,0.0391672
81.834666667,0.697279,2.13236,0.362909,0.240125,0,2.36616,0,0,0.623421,0.0725265,2.30537,0.0739943
81.877333333,0.69947,2.02817,0.533762,0.239601,0,2.29717,0.0629121,0,0.675652,0.0637689,2.27428,0.0803332
81.920000000,0.688648,1.83753,0.554668,0.250314,0.00694418,2.29029,0.102399,0,0.807695,0.0505295,2.26972,0.0960871
81.962666667,0.675344,1.76547,0.583529,0.235879,0,2.33936,0.0915288,0,0.898055,0.0459358,2.37374,0.0940675
82.005333333,0.63349,1.79056,0.427129,0.244094,0.0435387,2.33878,0.00381923,0.0682526,0.891957,0.0455455,2.46379,0.0742681
82.048000000,0.552436,2.03843,0.0482762,0.263651,0.250752,2.17333,0.0153536,0,1.19654,0.0687538,1.96679,0.0358646
82.090666667,0.70439,2.2974,0,0.397805,0.447905,1.77586,0.0883772,0.0710404,1.05823,0.342894,1.72806,0.0459492
82.133333333,0.759421,2.45461,0,0.345913,0.539126,1.62247,0.0283476,0.0387805,1.01984,0.427027,1.54407,0.0949658
82.176000000,0.672232,2.53521,0,0.226482,0.471167,1.79924,0.00652816,0.0188396,1.06782,0.38247,1.40858,0.102367
82.218666667,0.499532,2.62191,0.00698663,0.205909,0.0453451,2.06164,0.037592,0,1.11807,0.150823,1.42895,0.0695365
82.261333333,0.5884,2.70057,0,0.245788,0,2.09546,0.000403346,0,0.817549,0.0670123,1.94004,0.0222158
82.304000000,0.635891,2.63778,0.0605195,0.214345,0,2.15149,0.0245926,0,0.781087,0.0839575,2.11344,0.0149708
82.346666667,0.60327,2.59247,0.139295,0.21446,0,2.26295,0.0538422,0,0.753611,0.0827438,2.19306,0.0154913
82.389333333,0.596957,2.5974,0.219875,0.219527,0.00418097,2.30595,0.0306825,0,0.721663,0.0684214,2.24793,0.0203482
82.432000000,0.651606,2.5282,0.24895,0.221763,0.00712353,2.28141,0.0137344,0,0.791851,0.054487,2.29087,0.0242047
82.474666667,0.676699,2.44424,0.263826,0.226295,0.00892119,2.27542,0.0575386,0.0400448,0.750528,0.0470442,2.29433,0.0202519
82.517333333,0.517719,2.06428,0.509317,0.244253,0.0505986,2.39133,0.0898717,0.0443494,0.723891,0.0381946,2.08787,0.0130992
82.560000000,0.427051,1.70254,0.817423,0.134408,0.11046,2.273,0.00893152,0.27882,1.11183,0.0234326,1.78562,0.0373759
82.602666667,0.377739,1.5229,0.815323,0.0619847,0.464574,1.85403,0.0115381,0.518124,1.2486,0.0871548,1.70011,0.262337
82.645333333,0.57796,1.69038,0.645883,0.10745,0.686697,1.66961,0.0595789,0.503787,1.28244,0.197092,1.57448,0.202494
82.688000000,0.498908,2.22285,0.0452255,0.228919,0.544209,1.97293,0.115901,0.449553,1.20727,0.135182,1.62394,0.0920422
82.730666667,0.523434,2.52633,0.0250751,0.314123,0,2.16429,0.0174861,0.253545,1.0673,0.0722672,1.97183,0.0199016
82.773333333,0.650777,2.43203,0,0.236472,0,2.48289,0.381771,0.0428003,0.512498,0.0928722,2.20925,0.0204517
82.816000000,0.584147,2.31642,0,0.227133,0,2.6224,0.403668,0.0420818,0.514262,0.100432,2.09993,0.0186291
82.858666667,0.596776,2.29818,0,0.228989,0,2.70951,0.239926,0.0264633,0.557721,0.0884178,1.99563,0.0201438
82.901333333,0.642418,2.32972,0,0.228481,0,2.74311,0.144698,0.0127507,0.577799,0.0707277,1.98099,0.0210799
82.944000000,0.680966,2.35121,0,0.227233,0,2.71224,0.143429,0.00618608,0.584505,0.0581958,2.02067,0.0236399
82.986666667,0.484223,2.3677,0,0.23452,0.035692,2.74768,0.155985,0,0.587685,0.0460107,1.99266,0.0236481
83.029333333,0.450978,2.52494,0,0.221624,0.0861545,2.65296,0.157204,0,0.512978,0.0201044,1.85482,0.0537158
83.072000000,0.520644,2.63745,0,0.214362,0.101328,1.89694,0.194711,0,0.558049,0.000797979,1.59192,0.18558
83.114666667,0.696251,2.65221,0,0.265761,0.0824797,1.27361,0.0880771,0.0821976,0.718951,0.00141051,1.27852,0.237815
83.157333333,0.769685,2.47095,0.263654,0.297827,0,1.23312,0.0155146,0.0230814,0.832175,0.0433002,1.21487,0.185414
83.200000000,0.49489,2.29774,0.489974,0.312497,0,1.76698,0.0896704,0,0.78424,0.053995,1.30817,0.0871333
83.242666667,0.634727,1.98152,0.38413,0.300681,0,1.70767,0.238494,0,0.67198,0.108712,1.5778,0.0111499
83.285333333,0.701843,1.97408,0.432248,0.23726,0,1.62268,0.251805,0,0.702522,0.123608,1.67831,0.00696479
83.328000000,0.723304,1.93581,0.463273,0.237488,0,1.72385,0.209794,0,0.663515,0.10918,1.71125,0.0152797
83.370666667,0.760843,1.73939,0.469383,0.266545,0.0145357,1.76679,0.17739,0,0.771787,0.0880237,1.7164,0.0181207
83.413333333,0.782485,1.49173,0.511757,0.265036,0.0183287,1.7927,0.144566,0,0.941176,0.0770975,1.73251,0.020895
83.456000000,0.589024,1.54202,0.59923,0.278147,6.10779e-05,1.89049,0.0732288,0.040073,0.71052,0.0608817,1.72215,0.0243892
83.498666667,0.550972,1.66217,0.807441,0.180659,0.0634453,2.10326,0.194822,0.0703505,0.534913,0.102367,1.54127,0.0392476
83.541333333,0.599067,1.60166,0.972149,0,0.072572,2.41047,0.294876,0.415424,0.876494,0.0903843,1.18706,0.245359
83.584000000,0.647711,1.5353,0.682014,0,0.0722585,2.36331,0.546638,0.760365,0.920105,0.167174,0.983029,0.325685
83.626666667,0.591895,1.53705,0.4139,0.016123,0.0661705,2.29645,0.686359,0.676006,0.918867,0.116541,0.779395,0.314778
83.669333333,0.642826,1.95088,0.116773,0.134656,0.0407071,2.30557,0.485089,0.430792,1.01745,0.0264731,0.706249,0.342807
83.712000000,0.825125,2.28614,0.00964865,0.272599,0,2.04229,0.112251,0.0390048,0.635969,0.095673,1.30764,0.162508
83.754666667,0.893788,2.44401,0,0.244564,0,1.91455,0.00432023,0.0346191,0.414895,0.124428,1.47913,0.106797
83.797333333,0.899886,2.54548,0,0.241832,0,1.83854,0.00597355,0.0334966,0.444784,0.1152,1.42326,0.0509529
83.840000000,0.980108,2.55422,0.0674538,0.240211,0,1.75107,0.047134,0.024976,0.524588,0.0877077,1.40668,0.0214303
83.882666667,0.995459,2.4147,0.15463,0.241347,5.854e-05,1.72998,0.0820905,0.0109871,0.581138,0.0740627,1.44085,0.02325
83.925333333,0.97617,2.30726,0.195252,0.258098,0.0427024,1.75031,0.0881162,0,0.555688,0.0595553,1.48656,0.0222224
83.968000000,0.811637,2.07967,0.0775427,0.23685,0,1.56852,0.129226,0,0.616522,0.0543939,1.48605,0.0200246
84.010666667,0.887493,1.86669,0,0.267144,0.10335,1.32414,0.325131,0.406908,0.871208,0.0807382,1.49743,0.152229
84.053333333,1.06953,1.91654,0,0.199332,0.0663575,0.842695,0.303339,0.275898,0.914755,0.121257,1.65225,0.409716
84.096000000,1.20576,1.97741,0,0.195986,0.0929847,0.762491,0.418968,0,0.75216,0.128923,1.68007,0.42515
84.138666667,1.09415,2.19651,0,0.217835,0.0524516,1.32752,0.384961,0,0.463812,0.0227313,1.57619,0.383382
84.181333333,0.97244,2.49167,0.00163667,0.233094,0.0268256,1.7548,0.0278224,0,0.446093,0.00209554,1.70435,0.253899
84.224000000,1.07145,2.55748,0.122121,0.25836,0,1.60372,0,0,0.510341,0.00238515,1.98665,0.185536
84.266666667,1.13656,2.48176,0.294847,0.218132,0.0278087,1.60077,0,0,0.553683,0.00243719,2.10271,0.150376
84.309333333,1.16604,2.43192,0.304401,0.217295,0.035589,1.62989,0,0,0.582414,0.0169533,2.14983,0.0737878
84.352000000,1.1352,2.38324,0.260064,0.21404,0.0569637,1.74201,0.00420728,0,0.595704,0.0529819,2.18818,0.0342974
84.394666667,1.05366,2.3439,0.237948,0.237113,0.0642073,1.85676,0.00544282,0,0.618229,0.0540833,2.1864,0.0278134
84.437333333,0.705505,2.00472,0.374313,0.151541,0.109908,1.72462,0.198961,0.0407591,0.232289,0.220604,2.05427,0.0183093
84.480000000,0.753547,1.63652,0.574217,0.0629516,0.223594,1.44523,0.78631,0.0422744,0.270802,0.248948,1.58033,0.0417291
84.522666667,0.673439,1.7356,0.510979,0.0136122,0.296019,1.51863,0.880624,0.201339,0.499355,0.306858,1.22499,0.0851102
84.565333333,0.669395,1.90834,0.444695,0.00357289,0.302051,1.49134,1.13063,0.04877,0.533873,0.305254,1.1095,0.0382683
84.608000000,0.791155,2.00955,0.309593,0,0.275581,1.66344,1.15677,0.0686545,0.565536,0.272807,0.999726,0.130614
84.650666667,0.707338,2.15182,0.126829,0,0.168588,1.73274,0.981809,0.13767,0.616326,0.150196,1.059,0.216768
84.693333333,0.735916,2.3764,0.138197,0.0737578,0,1.97301,0.114546,0.0565309,0.551206,0,1.74375,0.160833
84.736000000,0.959785,2.31804,0,0.227896,0.00256999,2.32049,0.294748,0.0429373,0.369652,0.0164012,1.70297,0.139275
84.778666667,0.818412,2.33875,0,0.229642,0,2.73505,0.248194,0.0494493,0.388212,0.0137268,1.40401,0.104047
84.821333333,0.773961,2.26026,0,0.227077,0,2.85938,0.17787,0.0477309,0.435847,0.0018181,1.31384,0.0684107
84.864000000,0.774297,2.11755,0,0.227115,0,2.81581,0.183564,0.0406672,0.450596,0.043345,1.49857,0.0409193
84.906666667,0.872813,2.06398,0,0.225885,0,2.75284,0.165972,0.0282142,0.439216,0.0538174,1.75812,0.0303033
84.949333333,0.72964,1.98781,0.0156257,0.151885,0.102834,2.8139,0.193091,0,0.342581,0.0565064,1.77847,0.0307449
84.992000000,0.708531,1.78954,0,0.0709881,0.0947732,2.42022,0.379008,0,0.417912,0.106349,1.88405,0.0672575
85.034666667,0.905684,1.92833,0,0.0607546,0.148265,1.63305,0.621575,0,0.313488,0.194108,1.81032,0.0621952
85.077333333,0.96021,2.00734,0,0.127037,0.129431,1.55478,0.658535,0,0.251285,0.221855,1.45422,0.068633
85.120000000,0.793218,2.15535,0,0.18708,0.0687953,1.81501,0.239132,0,0.199315,0.0982747,1.33045,0.139138
85.162666667,0.857316,2.20335,0,0.240919,0.00889708,1.86449,0.0954482,0,0.178679,0.0301299,1.46271,0.120613
85.205333333,1.1603,2.16748,0.00925252,0.254675,0.019357,1.60665,0.0726846,0.0108826,0.147773,0.0285945,1.62036,0.0911272
85.248000000,1.24868,2.17206,0.132458,0.234675,0.0289766,1.30484,0.128252,0.0130162,0.0665064,0.0506334,1.61077,0.0571392
85.290666667,1.36795,2.16363,0.351342,0.237413,0,0.870251,0.100171,0.0117648,0.0660571,0.0421259,1.66456,0.0610513
85.333333333,1.41268,2.04637,0.615953,0.25738,0,0.890776,0.081868,0.0120398,0.0770322,0.0301465,1.70638,0.0637668
85.376000000,1.39088,1.8234,0.704478,0.238139,0.00955995,1.04846,0.100406,0.0279196,0.187221,0.048103,1.76268,0.0467041
85.418666667,0.719719,1.60043,0.893996,0.121809,0.107843,1.3635,0.587399,0.0427118,0.12142,0.266702,1.67338,0.0244884
85.461333333,0.725332,1.3099,1.0439,0.18457,0.0933638,1.03614,1.17903,0.0417385,0.252314,0.266446,1.31878,0.181379
85.504000000,0.729479,1.11081,0.992307,0.30964,0.142192,1.10806,1.69648,0.0414012,0.264175,0.281022,1.22311,0.148752
85.546666667,0.727588,1.08118,0.883757,0.278915,0.0964729,1.19771,1.72524,0.0414575,0.321763,0.25258,1.04417,0.141282
85.589333333,0.684107,1.20911,0.751183,0.227606,0.0572667,1.32894,1.56082,0.0416553,0.387138,0.196319,0.988761,0.125902
85.632000000,0.616614,1.61792,0.419895,0.118788,0.0513953,1.84866,1.10368,0.0424812,0.274305,0.143411,0.995543,0.107036
85.674666667,0.803118,2.1595,0.233112,0.158428,0.016584,2.06699,0.0422104,0.0377009,0.111113,0.0724141,1.26746,0.0689644
85.717333333,1.14843,2.14772,0.145538,0.237305,0.0149437,1.82352,0.0036786,0.0387188,0.0829559,0.0453627,1.4352,0.0381878
85.760000000,1.1856,2.20442,0.271682,0.237638,0,1.82142,0.0335716,0.0396982,0.101641,0.0409035,1.47152,0.0304853
85.802666667,1.21097,2.14994,0.413138,0.257454,0,1.80668,0.0633337,0.0385869,0.149056,0.021471,1.49488,0.0445528
85.845333333,1.20651,2.00763,0.461767,0.257115,0.0177591,1.84152,0.0569364,0.0291711,0.240708,0.0319803,1.55788,0.0444114
85.888000000,1.27259,1.90301,0.46857,0.232247,0.0107588,1.84079,0.0418766,0.0177605,0.257382,0.0465169,1.61634,0.0340552
85.930666667,0.845893,1.88352,0.0883902,0.162501,0.186885,2.10644,0.121552,0,0.603588,0.0966027,1.0734,0.108621
85.973333333,0.986417,1.87404,0.0742153,0.0818758,0.220751,2.13108,0.292986,0,0.863003,0.208985,0.834857,0.303358
86.016000000,1.15207,1.65402,0.0114485,0.151894,0.41579,1.99352,0.39831,0,1.0057,0.349211,0.667573,0.433228
86.058666667,1.2232,1.59833,0,0.0852275,0.435485,2.00716,0.43667,0.00278517,1.00866,0.357883,0.587443,0.37706
86.101333333,1.09097,1.72993,0,0.14169,0.222908,2.06965,0.146469,0,0.870393,0.165122,0.639084,0.448352
86.144000000,0.991735,2.08594,0,0.228358,0.0274439,1.74316,0.0618024,0,0.664146,0.0506771,0.985483,0.111641
86.186666667,1.34353,2.1506,0.0339653,0.267641,0,1.63267,0.049699,0.0412182,0.309922,0.0644652,1.35018,0.0307668
86.229333333,1.35224,2.10791,0.258063,0.235496,0,1.6251,0,0.0149741,0.197279,0.0692763,1.4386,0.0254581
86.272000000,1.36467,2.0662,0.411392,0.234404,0,1.6091,0,0.0100158,0.230442,0.0611684,1.46533,0.0255324
86.314666667,1.37285,1.99702,0.540813,0.234826,0,1.5485,0,0.0118031,0.305376,0.0522658,1.49957,0.0350957
86.357333333,1.33357,1.9607,0.592937,0.23537,0,1.5329,0,0.030541,0.32448,0.0437693,1.53466,0.0330313
86.400000000,0.729824,1.81027,0.852834,0.0775564,0.207982,1.61451,0.583587,0.0399792,0.125156,0.23699,1.43151,0.0211231
86.442666667,0.732738,1.84379,0.926144,0.0310565,0.220396,1.48842,0.837762,0.0442751,0.623958,0.233763,1.32484,0.010462
86.485333333,0.55144,1.83374,1.00182,0.0819731,0.160125,1.49657,0.840277,0.0530553,1.02235,0.320668,1.1103,0.0879305
86.528000000,0.516819,1.87199,0.910577,0.079333,0.067025,1.41219,0.829782,0.08182,1.23329,0.300684,0.948832,0.178664
86.570666667,0.692457,1.97802,0.552737,0.0714099,0.0645154,1.48799,0.780529,0.13124,1.23632,0.211976,0.780265,0.151666
86.613333333,0.682717,2.18771,0.193809,0.0602893,0.0550672,1.89244,0.506713,0.166927,1.10226,0.128153,0.875468,0.115336
86.656000000,1.01922,2.24157,0.0770823,0.116047,0.00798837,1.82162,0.254031,0.0320056,0.405549,0.0649883,1.23684,0.0291842
86.698666667,0.987288,1.93995,0.0450848,0.205285,0,2.19392,0.699467,0.0151812,0.410908,0.0796819,1.22147,0.0275465
86.741333333,0.954705,1.98834,0.0564639,0.186828,0,2.61928,0.463282,6.88683e-05,0.41949,0.0745619,1.18898,0.0256944
86.784000000,0.879601,1.98822,0.0490902,0.171857,0,2.79584,0.275043,0,0.434944,0.0569976,1.16893,0.0248798
86.826666667,0.826602,1.97421,0.0508781,0.172457,0,2.86997,0.224918,0,0.439491,0.0452964,1.1952,0.0236821
86.869333333,0.820332,2.00222,0.0204799,0.196396,0,2.88887,0.222403,0,0.439955,0.0467273,1.23503,0.0229131
86.912000000,0.658844,1.71045,0,0.14533,0.158891,2.96763,0.275444,0,0.295142,0.0561031,0.955113,0.167999
86.954666667,0.738332,1.6197,0,0.028024,0.235591,2.47932,0.495103,0,0.120052,0.215695,0.953077,0.25432
86.997333333,0.934056,1.5023,0,0,0.147016,1.91402,0.805593,0,0.435122,0.457858,1.0156,0.357921
87.040000000,1.00832,1.54235,0,0.0172267,0.268558,1.61976,0.702181,0.0251293,0.650513,0.431118,0.969306,0.345125
87.082666667,1.13257,1.59458,0.111069,0.106553,0.101374,1.04362,0.363156,0.0338754,0.593714,0.305529,0.939416,0.294291
87.125333333,1.27377,1.67944,0.376348,0.230297,0,1.62715,0.188916,0.059984,0.245944,0.0567036,0.995873,0.0345411
87.168000000,1.08625,1.81505,0.265598,0.0815747,0.0793038,1.97467,0.237711,0.461712,0.278233,0.254903,0.975618,0.0820547
87.210666667,1.035,1.83034,0.288612,0.0561571,0.325531,2.10631,0.401748,0.732617,0.206343,0.553949,0.686829,0.0856613
87.253333333,0.983498,1.88738,0.39241,0.0958389,0.137009,1.95309,0.382382,0.651453,0.218078,0.534744,0.65783,0.0868133
87.296000000,0.941498,1.90879,0.41581,0.0641208,0.227682,1.97932,0.306504,0.598418,0.236906,0.664248,0.620116,0.144599
87.338666667,0.956507,1.99693,0.342746,0.0101191,0.615473,1.98939,0.185407,0.529574,0.255605,0.343278,0.769417,0.0944173
87.381333333,0.571164,1.46448,0.757013,0.0122354,0.56759,1.72331,0.491537,0.160889,0.227478,0.321825,1.18668,0
87.424000000,0.636254,1.35375,0.748296,0.0439093,0.273471,1.35049,0.791258,0.610388,0.52108,0.2981,1.00207,0
87.466666667,0.815801,1.36715,0.691325,0.0130689,0.443552,1.33755,0.722194,0.705591,0.907713,0.198101,0.780072,0.060645
87.509333333,0.855287,1.42026,0.592598,0,0.38545,1.24592,0.562424,0.86663,0.92079,0.297857,0.647009,0.128767
87.552000000,0.723769,1.45267,0.492367,0.0671364,0.215368,1.67138,0.345033,0.731406,0.70084,0.290457,0.470729,0.121337
87.594666667,0.675036,1.6495,0.672323,0.136898,0.115406,2.0504,0.0782384,0.696162,0.436395,0.193101,0.830884,0.0943524
87.637333333,0.770479,1.47761,0.885795,0.13317,0.0982524,2.28513,0.127645,0.764555,0.347709,0.301724,0.809728,0.244929
87.680000000,0.755904,1.53765,0.986912,0.0885202,0.083043,2.37698,0.0905406,0.674102,0.340312,0.44609,0.797367,0.190534
87.722666667,0.890197,2.01692,0.757817,0.179882,0.268856,2.1915,0.0556494,0.324094,0.329412,0.186961,0.766934,0.11837
87.765333333,1.28908,2.15913,0.473491,0.524739,0.190389,1.54287,0.00312965,0.0532174,0.314031,0.157133,1.12209,0
87.808000000,1.32543,2.10441,0.448961,0.876732,0,1.47846,0,0.111251,0.351032,0.122095,1.21011,0
87.850666667,1.24522,2.00082,0.359271,0.70313,0.107311,1.68243,0.0505336,0.135557,0.354136,0.0661562,1.26582,0.000166428
87.893333333,0.977353,2.11894,0.000454126,0.182035,0.317064,1.96644,0.728929,0.036261,0.426079,0.06812,0.888708,0.0638931
87.936000000,1.05102,1.80111,0,0.00561549,0.149928,1.47248,1.80437,0.243244,0.553681,0.315018,0.92144,0.308903
87.978666667,1.17829,1.66989,0,0.00185638,0.0828796,0.863791,2.11961,0.297671,0.530361,0.407853,1.13799,0.456785
88.021333333,1.22795,1.57397,0,0.0503585,0.162081,0.518315,2.19518,0.246243,0.555443,0.258503,1.29577,0.517543
88.064000000,1.34482,1.39154,0,0.140657,0.173767,0.40168,2.43705,0,0.380494,0.0771251,1.25655,0.382044
88.106666667,1.32131,1.40564,0,0.225797,0.107117,0.305152,2.62536,0,0.475047,0.0660042,1.21605,0.300077
88.149333333,1.50288,1.40733,0,0.229096,0.0704513,0.240274,2.80392,0,0.526369,0.112481,1.17871,0.166206
88.192000000,1.48495,1.44529,0,0.223072,0.0198687,0.226628,2.89788,0,0.553727,0.135724,1.15634,0.00431948
88.234666667,1.48921,1.47904,0,0.221501,0,0.225353,2.8869,0,0.569767,0.139528,1.1645,0.000785628
88.277333333,1.50021,1.51564,0,0.222899,0,0.222821,2.92369,0.00240405,0.507178,0.131035,1.16198,0.00333255
88.320000000,1.2606,1.50426,0,0.224203,0,0.338983,2.85642,0.0301156,0.536803,0.133431,1.11957,0.0962776
88.362666667,0.993241,1.49853,0.0714916,0.00576876,0.0643228,0.138404,3.03855,0.0357583,0.538689,0.229466,1.06864,0.0666972
88.405333333,1.11971,1.4479,0.128321,0,0.0655091,0.0609905,3.02704,0.0380694,0.456686,0.214296,0.826361,0.0692892
88.448000000,0.91919,1.59853,0.0920277,0.12344,0.374574,0.0768625,2.47976,0.0464719,0.792323,0.358851,0.806436,0.183506
88.490666667,0.800126,1.60636,0.114161,0.0623386,0.403486,0.14746,2.28885,0.115205,1.00117,0.308054,0.835505,0.199791
88.533333333,0.982415,1.40945,0.117254,0,0.173021,0.0596008,2.58541,0.0966094,0.668742,0.18863,0.799131,0.22679
88.576000000,1.05881,1.54908,0.155414,0,0.022756,0.0716077,2.6063,0.118676,0.449591,0.131263,0.91602,0.205057
88.618666667,1.21538,1.60514,0.232957,0.182278,0,0.750157,2.68953,0.0312648,0.618042,0.0688316,0.885669,0.0598138
88.661333333,0.949947,1.95753,0.0943379,0.215222,0,2.05021,1.48397,0.0451161,0.71904,0.116914,0.866364,0.0103472
88.704000000,0.913174,2.04913,0,0.209101,0,2.81288,0.793612,0.045383,0.917539,0.112109,0.659495,0
88.746666667,0.956769,2.46607,0.00505189,0.216872,0.0116378,3.2041,0.541808,0.0417401,1.11887,0.0455236,0.242237,0
88.789333333,0.912974,2.69117,0,0.226867,0,3.32074,0.341908,0.0886423,1.34726,0.000619568,0,0
88.832000000,0.799385,2.72898,0.0278858,0.213932,0.00368148,3.32065,0.46138,0.0221187,1.47194,0.00140405,0.000737953,0.0105913
88.874666667,0.601838,2.88579,0.0921144,0.14846,0.0681167,3.16063,0.290364,0.234761,1.55445,0.00196631,0.00148078,0.18105
88.917333333,0.571055,2.91679,0.141942,0.116029,0.0900404,2.68329,0.243454,0.2021,1.43081,0.0148399,0.0985636,0.275592
88.960000000,0.644518,2.8644,0.0876504,0.110892,0.133466,2.1797,0.289187,0.0929108,1.31976,0.0219084,0.17281,0.364993
89.002666667,0.712759,2.8189,0,0.132052,0.112188,2.09707,0.313722,0.0278965,1.39074,0.0290175,0.1937,0.369879
89.045333333,0.714631,2.91154,0,0.182774,0.0455002,2.05141,0.225383,0.0747366,1.41304,0.0300085,0.197034,0.340281
89.088000000,0.755325,2.94533,0,0.226211,0,2.19463,0.249833,0.115903,1.42081,0.0539639,0.183397,0.0210926
89.130666667,0.838318,2.64995,0.0726235,0.211757,0,2.27813,0.439498,0,1.45468,0.0947724,0.153783,0.000537313
89.173333333,0.804135,2.63613,0.106949,0.189831,0,2.20865,0.42596,0,1.60801,0.113737,0.0979406,0.000393821
89.216000000,0.807756,2.65367,0.104286,0.170272,0,2.09055,0.431886,0.010309,1.75501,0.090049,0.031268,0.000359954
89.258666667,0.800178,2.70133,0.104994,0.158913,0,2.16592,0.428524,0.00707605,1.79512,0.0269089,0.000250472,0.0003754
89.301333333,0.520513,2.73952,0.07784,0.189986,0,2.41624,0.387389,0.000683316,1.76964,0.2024,0.0242903,0.000387603
89.344000000,0.531217,2.92337,0.0623126,0.00339153,0.105926,2.12473,0.146709,0.412517,1.41233,0.179204,0.029125,0
89.386666667,0.709345,2.81829,0.0716285,0,0.11938,1.84202,0.337269,0.3366,1.34623,0.152182,0.0237107,0
89.429333333,0.938995,2.80764,0.071706,0,0.12633,1.57255,0.396893,0.295543,0.647988,0.811155,0.208959,0.00594496
89.472000000,0.94951,2.78971,0.0972056,0,0.0994962,1.08168,0.367436,0.299603,0.639039,0.65883,0.211813,0.151014
89.514666667,0.769862,2.83172,0.165292,0,0.0902887,0.686406,0.288149,0.343039,1.45982,0.157699,0.201278,0.167451
89.557333333,0.639397,2.87541,0.150995,0.0888243,0.0342968,1.24941,0.130817,0.372418,1.7044,0.0990596,0.192392,0.0956192
89.600000000,0.830666,2.88775,0.0047025,0.227646,0,1.62681,0.289103,0.0439823,1.95924,0.0798701,0.195728,0
89.642666667,0.881834,2.76783,0,0.228659,0,1.88239,0.335494,0.0447291,2.01759,0.109718,0.111861,0
89.685333333,0.916366,2.78377,0,0.22397,0,1.84788,0.329885,0.0379446,2.07277,0.104971,0.0481208,2.87871e-05
89.728000000,0.970782,2.86234,0,0.220402,0,1.7079,0.313361,0.0237471,2.11687,0.0657633,0.00490205,3.40425e-05
89.770666667,1.04237,2.89537,0.017286,0.221717,0,1.68325,0.29644,0.00442195,2.16368,0.0185088,0,0
89.813333333,0.909226,2.98024,0.041633,0.210889,0.00756642,1.63921,0.0967086,0.16431,2.02124,0.041549,0.000558416,7.36321e-05
89.856000000,1.09836,2.63151,0.231003,0.156207,0.0696625,1.22414,0.542453,0.0464077,1.50539,0.252163,0.398603,0.114959
89.898666667,0.937706,2.37077,0.171946,0.223335,0.0835437,1.40862,0.442016,0,1.05806,0.277443,0.986477,0.290349
89.941333333,0.888229,1.9293,0.45682,0.328321,0.0771325,1.75553,0.204676,0.022503,0.682627,0.154687,1.42924,0.333791
89.984000000,0.768366,1.59373,0.528489,0.347957,0.0762752,2.11878,0.0438502,0,0.669386,0.0662602,1.60676,0.289626
90.026666667,0.685532,1.7275,0.421525,0.281763,0.0069074,2.25928,0.0308889,0,0.773481,0.0269232,1.73224,0.192411
90.069333333,0.820871,2.07569,0.30153,0.256263,0,2.18862,0.000687697,0,0.90047,0.0364045,1.78934,0.0784698
90.112000000,0.993012,1.94239,0.256069,0.232719,0,2.07653,0.231747,0.051103,0.894149,0.0367947,1.78934,0.0228761
90.154666667,1.01622,2.08367,0.234906,0.232912,0,2.03031,0.253688,0.0459553,0.80389,0.0255575,1.82289,0.0160091
90.197333333,0.972998,2.21798,0.185321,0.234319,0,2.13868,0.262737,0,0.691846,0.0241757,1.88161,0.0237498
90.240000000,0.982655,2.27051,0.0969472,0.235883,0,2.20876,0.268475,0,0.536189,0.0394575,1.92918,0.012042
90.282666667,0.546014,2.26211,0.124382,0.26648,0.00467143,2.4137,0.238162,0.0496651,0.221442,0.246847,1.85225,0.0140972
90.325333333,0.721206,2.27004,0.072878,0.17779,0.0819049,1.734,0.809445,0.0653725,0.387323,0.290126,1.65554,0.0201371
90.368000000,0.679555,2.21572,0.0369614,0.0705121,0.0999869,1.6448,1.04511,0.0706547,0.598251,0.302324,1.40842,0.0109211
90.410666667,0.443342,2.24721,0.117811,0.0295732,0.107409,1.85471,0.946957,0.0761439,0.657362,0.268969,1.08008,0.0938595
90.453333333,0.561275,2.07487,0.0762259,0,0.0856139,1.9659,0.899717,0.0835298,0.735356,0.232294,0.971418,0.0388393
90.496000000,0.657781,1.90326,0.03675,0.0288134,0.0769676,2.04286,0.698988,0.0749243,0.694209,0.198432,1.21575,0.0800057
90.538666667,0.655094,2.21509,0.0636911,0.226473,0.0185808,2.20846,0.284228,0.0463504,0.435522,0.0941066,1.46485,0.0687273
90.581333333,0.746643,2.24882,0,0.233884,0,2.38284,0.106001,0.0461641,0.222101,0.0469116,1.5639,0.0294218
90.624000000,0.670256,1.94575,0.0180933,0.238113,0,2.5588,0.239083,0.0467176,0.205936,0.0453624,1.55156,0.0261139
90.666666667,0.733514,1.9019,0,0.239769,0,2.64161,0.271167,0.0340681,0.222042,0.0354484,1.47195,0.0345703
90.709333333,0.785041,2.06684,0,0.248728,0,2.63744,0.255116,0.0350812,0.246882,0.0369912,1.48785,0.0343047
90.752000000,0.776897,2.20154,0,0.241846,0,2.63667,0.25657,0.0333141,0.296157,0.0455806,1.59936,0.0288783
90.794666667,0.56787,2.18102,0.0144996,0.242629,0.00970352,2.63736,0.244725,0,0.382997,0.0547923,1.66701,0.0322103
90.837333333,0.477966,1.76661,0.35503,0.21917,0.0227452,2.60363,0.329862,0,0.362875,0.0653206,1.6179,0.0449956
90.880000000,0.510161,1.69227,0.46855,0.304614,0.0828342,2.20848,0.501058,0,0.268381,0.0637445,1.54264,0.0698631
90.922666667,0.553728,1.68829,0.518005,0.209214,0.0657476,1.92368,0.789126,0,0.469286,0.122441,1.59938,0.0983843
90.965333333,0.538604,1.80718,0.529148,0.205035,0.0507472,2.08214,0.617078,0,0.492705,0.15154,1.84334,0.132386
91.008000000,0.502605,1.8572,0.514656,0.232841,0.00393663,2.58937,0.133687,0,0.421125,0.0481677,2.12027,0.0793613
91.050666667,0.695005,1.85779,0.482547,0.235331,0,2.58167,0.0553837,0,0.551777,0.0560613,2.24371,0.0356728
91.093333333,0.798491,1.75322,0.522777,0.208905,0,2.25909,0.233637,0,0.645203,0.0697739,2.21858,0.00874777
91.136000000,0.803282,1.8193,0.44966,0.210898,0,2.29083,0.208381,0,0.570323,0.0663766,2.24248,0.0107064
91.178666667,0.798472,1.89711,0.405039,0.220602,0,2.39826,0.125401,0,0.548194,0.0549522,2.2309,0.0217835
91.221333333,0.81379,1.95607,0.425481,0.223927,0.0577565,2.42704,0.0517076,0,0.592499,0.0460055,2.21991,0.0301812
91.264000000,0.471374,1.8205,0.57787,0.247151,0,2.63429,0.0270413,0.0415516,0.359107,0.18639,2.20628,0.0284175
91.306666667,0.528267,1.54353,0.645172,0.135117,0.0977951,2.40173,0.403298,0.0402831,0.377411,0.174915,2.15949,0.0164328
91.349333333,0.520656,1.51203,0.504601,0.151647,0.595996,1.92636,0.489884,0.0451525,0.818568,0.172977,1.89981,0.00934023
91.392000000,0.48763,1.42793,0.200765,0.175572,0.689796,1.9314,0.767186,0.0712856,1.09453,0.143502,1.57555,0.0318416
91.434666667,0.466069,1.59466,0.0802062,0.15642,0.46427,2.10522,0.568603,0.0935451,1.12178,0.113476,1.39621,0.0856434
91.477333333,0.505767,1.86395,0.0630226,0.195262,0,2.30064,0.408165,0.104213,0.912175,0.090847,1.45781,0.0797382
91.520000000,0.619789,2.23467,0.0102199,0.26297,0,2.11977,0.271421,0.118039,0.495906,0.058024,1.69028,0.0320025
91.562666667,0.788968,2.22612,0.225634,0.239977,0,2.08825,0.0439729,0.0223419,0.487778,0.0746476,1.77557,0.0170665
91.605333333,0.874257,2.10382,0.347198,0.236923,0,1.98813,0.0651019,0.00511849,0.515728,0.0775224,1.78694,0.0173477
91.648000000,0.824948,2.04853,0.481135,0.233096,0,2.0736,0.0866814,0,0.580389,0.065864,1.79253,0.0179382
91.690666667,0.706897,1.93079,0.604724,0.232528,0,2.27108,0.122821,0,0.618536,0.053709,1.83882,0.0162112
91.733333333,0.635664,1.7961,0.599055,0.234299,0,2.38002,0.155312,0,0.659069,0.0505041,1.88296,0.0153154
91.776000000,0.577644,1.96343,0.457735,0.280514,0.00813674,2.24988,0.174113,0,0.564672,0.0497617,1.72084,0.00905524
91.818666667,0.448848,2.18689,0.408665,0.198076,0.0571623,2.3425,0.190572,0.0625483,1.03488,0.267296,1.14944,0.0499208
91.861333333,0.437208,2.45308,0.326984,0.267782,0.450368,2.47491,0.0876976,0.0563279,0.963354,0.469211,1.00043,0.115376
91.904000000,0.407549,2.58712,0.217605,0.279211,0.494752,2.43319,0.0228826,0.00858633,1.02955,0.631988,0.938903,0.161714
91.946666667,0.403384,2.65558,0.11659,0.264014,0.287713,2.26785,0.0181017,0.00616832,1.08494,0.483846,1.03861,0.117306
91.989333333,0.510566,2.6459,0,0.261759,0,2.00298,0.00490441,0,1.00724,0.0628388,1.34623,0.0408816
92.032000000,0.732534,2.51432,0.0817304,0.278063,0,1.85106,0,0,0.652051,0.0818944,1.63065,0.0174759
92.074666667,0.730019,2.47159,0.207923,0.239051,0,1.8227,0,0,0.541307,0.0921752,1.68476,0.014604
92.117333333,0.700662,2.39374,0.302179,0.240247,0,1.81633,0.0176762,0,0.570281,0.0887634,1.65037,0.0190234
92.160000000,0.681475,2.32643,0.384588,0.241178,0.0055663,1.77766,0.0131882,0,0.602373,0.0723057,1.65034,0.0226057
92.202666667,0.666976,2.29577,0.401589,0.241224,0.0272088,1.73925,0.0113607,0,0.599739,0.056656,1.67738,0.0233339
92.245333333,0.730161,2.20246,0.370371,0.236463,0.0577167,1.66533,0.465008,0.10806,0.433181,0.0464694,1.64315,0.0122415
92.288000000,0.699476,1.93841,0.588088,0.202718,0.105268,1.84343,0.500936,0.229928,0.518741,0.031952,1.62119,0.0168324
92.330666667,0.564695,1.72333,0.482225,0.135046,0.0807632,1.94022,0.359004,0.373598,0.549716,0.000505257,1.57422,0.0732603
92.373333333,0.386287,1.69218,0.0711122,0.229627,0.0573751,1.96983,0.362804,0.527454,0.624622,0.000537407,1.48355,0.140293
92.416000000,0.533278,1.6942,0.0182994,0.38057,0.0276367,2.0509,0.343227,0.473212,0.672659,0.075796,1.32415,0.138922
92.458666667,0.586175,1.72236,0,0.402778,0,2.10646,0.279588,0.340612,0.733952,0.0340947,1.24596,0.076416
92.501333333,0.598477,1.99686,0.155411,0.332587,0,2.08004,0.102551,0.141575,0.463072,0.0810681,1.32514,0.011508
92.544000000,0.541154,1.66236,0.0927071,0.247918,0,2.35622,0.62386,0.0377155,0.354482,0.107904,1.50343,0.0187377
92.586666667,0.475337,1.37007,0.066098,0.250399,0,2.6415,0.507147,0.0308903,0.358903,0.10935,1.4773,0.0200188
92.629333333,0.462898,1.42454,0.0574208,0.250462,0,2.77176,0.319459,0.0168513,0.365118,0.0903462,1.40271,0.0216103
92.672000000,0.447902,1.44135,0.0898795,0.251123,0,2.84982,0.220102,0.00552314,0.385063,0.0719958,1.35627,0.0215461
92.714666667,0.42215,1.65801,0.143778,0.24772,0,2.85578,0.207096,0,0.433957,0.0594531,1.40961,0.0237975
92.757333333,0.377885,1.71218,0.124174,0.262607,0.0153668,2.95422,0.242209,0.0617137,0.398467,0.039575,1.08409,0.026902
92.800000000,0.424394,2.06119,0.27981,0.211767,0.028029,2.73393,0.209435,0.0534253,0.981602,0.00803866,0.782145,0.128208
92.842666667,0.569111,2.35874,0.307425,0.201323,0.0523826,1.81526,0.184741,0,1.30067,0.152199,0.7147,0.270897
92.885333333,0.598154,2.59877,0.190416,0.209244,0.00417424,1.59729,0.0388127,0,1.12061,0.247451,0.736174,0.311874
92.928000000,0.51001,2.71046,0.0747026,0.216099,0,1.90592,0.0101136,0,0.831381,0.183436,0.751158,0.220807
92.970666667,0.454186,2.5297,0.0185021,0.267536,0,2.10393,0.101617,0,0.502044,0.0846879,1.18857,0.0886952
93.013333333,0.467119,2.21217,0.225962,0.293699,0,2.1385,0.225792,0,0.29925,0.134211,1.63273,0
93.056000000,0.490472,2.18046,0.33658,0.240599,0,1.95566,0.194538,0,0.279673,0.128164,1.7732,0.0085686
93.098666667,0.55553,2.17546,0.393645,0.243185,0,1.7389,0.156602,0,0.288612,0.103144,1.84778,0.01819
93.141333333,0.579432,2.17713,0.419076,0.243666,0,1.80564,0.122621,0,0.320923,0.0818272,1.94474,0.0216975
93.184000000,0.583484,2.13951,0.447438,0.260792,0.0147551,1.79534,0.0894127,0,0.337683,0.0640916,2.01279,0.0224206
93.226666667,0.684488,2.00264,0.488814,0.244987,0.156601,1.53205,0.687331,0.0560472,0.200208,0.147454,2.02463,0.0134887
93.269333333,0.518814,1.55707,0.636895,0.266927,0.292205,2.1302,0.684557,0.210454,0.158075,0.238041,1.77275,0.0573374
93.312000000,0.621021,1.47363,0.376536,0.214573,0.237406,2.44914,0.699962,0.613979,0.203501,0.32349,1.38497,0.28915
93.354666667,0.644061,1.48496,0.00429242,0.235039,0.134956,2.54444,0.824009,0.575674,0.292571,0.266919,1.13685,0.309822
93.397333333,0.651044,1.54521,0,0.285868,0.102007,2.51576,0.792167,0.406548,0.363585,0.138672,0.934897,0.302035
93.440000000,0.844004,1.7948,0.308727,0.319578,0.00546496,2.08399,0.559784,0.0615516,0.380038,0.0743771,1.27949,0.229334
93.482666667,0.87818,1.88318,0.623454,0.320338,0,1.86279,0.261802,0.0280805,0.234384,0.0392988,1.59093,0.15499
93.525333333,0.674841,1.78452,0.602921,0.251853,0,1.95195,0,0.0146007,0.405945,0.106322,1.61407,0.175252
93.568000000,0.585027,1.79803,0.588463,0.249585,0,2.11441,0,0.0036355,0.402247,0.0851841,1.49676,0.0639792
93.610666667,0.501274,1.68494,0.623707,0.250632,0.00991675,2.15263,0.0881939,0,0.453888,0.0758127,1.50323,0.0219012
93.653333333,0.463327,1.46967,0.63239,0.288292,0.00841935,2.19437,0.126675,0,0.515378,0.0716752,1.47647,0.0198616
93.696000000,0.509916,1.48386,0.652966,0.291109,0,2.16745,0.0883821,0,0.544859,0.0639661,1.4773,0.0235218
93.738666667,0.53018,1.79833,0.460359,0.288021,0.0818427,1.77321,0,0.162407,0.595911,0.0546406,1.33915,0.0590014
93.781333333,0.546173,1.75631,0.384611,0.241699,0.171081,1.54846,0.541141,0.304212,0.488951,0.104199,1.23269,0.192045
93.824000000,0.706903,1.94224,0.412907,0.236709,0.0520783,1.26571,0.774825,0,0.412394,0.301987,1.37493,0.221114
93.866666667,0.725315,2.23136,0.338063,0.303337,0.0139622,1.4018,0.64798,0,0.442914,0.259683,1.24897,0.199335
93.909333333,0.654438,2.43404,0.244886,0.308739,0,1.61911,0.331877,0,0.490182,0.0321636,1.10172,0.238464
93.952000000,0.554327,2.50908,0.136859,0.287875,0,1.86606,0.0521321,0,0.536378,0.00294325,1.22533,0.19545
93.994666667,0.61468,2.3692,0.314761,0.261067,0,1.96274,0,0,0.494617,0.00311643,1.3914,0.15827
94.037333333,0.678374,2.3359,0.411165,0.236087,0,1.92483,0,0,0.517362,0.00322345,1.43532,0.11874
94.080000000,0.686035,2.31965,0.456805,0.234031,0,1.8646,0,0,0.509172,0.0206629,1.4943,0.0670694
94.122666667,0.679395,2.2683,0.502952,0.27058,0.0137416,1.81017,0,0,0.525503,0.0543753,1.55255,0.0411858
94.165333333,0.646317,2.20114,0.490491,0.271859,0.0106177,1.83845,0.0210186,0,0.535523,0.0579846,1.61688,0.0300699
94.208000000,0.645915,2.04233,0.479172,0.276589,0.0388858,2.09302,0.387961,0.0391402,0.376861,0.0530044,1.60039,0.0315202
94.250666667,0.516393,1.6136,0.790389,0.157411,0.141835,2.69185,0.395149,0.0442232,0.513218,0.0879174,0.967774,0.0716439
94.293333333,0.630118,1.36175,0.635052,0.067796,0.252412,2.75501,0.506637,0.0493719,0.693568,0.238874,0.615742,0.331718
94.336000000,0.500339,1.64908,0.18468,0.0925977,0.273545,2.85709,0.65645,0.0503287,0.69392,0.410021,0.592859,0.191116
94.378666667,0.622144,1.9527,0.0798443,0.210293,0.236316,2.88237,0.572986,0.0449692,0.641476,0.376294,0.716917,0.147148
94.421333333,0.562999,2.47658,0,0.285907,0.153182,2.59149,0.458932,0.0437238,0.54761,0.0278142,1.36402,0.165592
94.464000000,0.516106,2.38924,0,0.259458,0,2.30513,0.188123,0.02706,0.592431,0.0324329,1.75791,0.139424
94.506666667,0.43384,2.08803,0,0.231653,0,2.46447,0.502849,0.00580108,0.621823,0.0317498,1.60308,0.112397
94.549333333,0.330101,2.0189,0,0.234083,0,2.81314,0.339158,0,0.614805,0,1.40952,0.0860961
94.592000000,0.327901,2.0727,0,0.232104,0,2.96727,0.185931,0,0.612344,0.0136023,1.32608,0.0624994
94.634666667,0.337946,2.14268,0.0429143,0.229657,0,2.94433,0.131921,0,0.613295,0.0447342,1.46997,0.0471128
94.677333333,0.330734,2.15005,0.114185,0.230264,0,2.81399,0.188385,0,0.608081,0.0526062,1.67463,0.0315575
94.720000000,0.364394,2.24343,0.0688494,0.269489,0.0116768,2.60963,0.245966,0,0.594297,0.0718577,1.76785,0.0240083
94.762666667,0.389091,2.24465,0.241599,0.255125,0,2.13567,0.392844,0,0.582323,0.11852,1.86231,0.0127776
94.805333333,0.517745,2.0881,0.474215,0.328881,0.0206001,1.65234,0.613462,0,0.6178,0.126177,1.46783,0.00229253
94.848000000,0.493738,1.99427,0.594114,0.365414,0.00542372,1.59412,0.518552,0,0.657893,0.0961189,1.19081,0.041332
94.890666667,0.4954,2.09537,0.639749,0.317235,0,1.62164,0.141789,0,0.561526,0.0567426,1.17278,0.11065
94.933333333,0.490499,1.9469,0.576532,0.328415,0,1.80135,0.0812236,0.0846841,0.585465,0.0326154,1.21786,0.0963109
94.976000000,0.570327,1.96127,0.547875,0.28505,0.0104158,2.0131,0.115278,0.129721,0.523784,0.168196,1.15545,0.0470128
95.018666667,0.594094,1.88519,0.635915,0.289571,0.226808,2.07768,0.234823,0.208885,0.379316,0.400518,1.09852,0.0356685
95.061333333,0.576755,1.92517,0.78047,0.326275,0.117935,2.11098,0.201077,0.222062,0.385415,0.288094,1.0998,0.058151
95.104000000,0.539041,1.89498,0.878579,0.350052,0.112775,2.13164,0.222994,0.193868,0.417295,0.11953,1.01375,0.0824991
95.146666667,0.534561,1.84789,0.840616,0.298611,0.242943,2.07053,0.120194,0.200587,0.444705,0.0962902,0.944276,0.0448746
95.189333333,0.542808,1.55029,0.664042,0.260398,0.364737,1.89251,0.747527,0.12676,0.449972,0.106062,1.13776,0
95.232000000,0.520886,1.28609,0.44407,0.246552,0.13463,2.30661,1.18797,0.442001,0.791394,0.104888,0.791995,0.0235566
95.274666667,0.668419,1.22921,0.121705,0.305129,0.1607,2.39436,1.34123,0.340309,1.0276,0.107662,0.522845,0.0950889
95.317333333,0.594693,1.30445,0.0665743,0.334856,0.128978,2.50104,1.19367,0.054709,1.15806,0.0654092,0.323111,0.211045
95.360000000,0.414273,1.48018,0.246403,0.413452,0.0752989,2.48898,0.9472,0.0480683,1.0533,0.0719665,0.404741,0.130816
95.402666667,0.488424,1.70964,0.849218,0.392256,0.0362086,2.35123,0.149982,0.226152,0.774512,0.148029,0.758891,0.146245
95.445333333,0.593078,1.62664,0.989948,0.403667,0.0373806,2.21049,0.261398,0.396697,0.379075,0.212511,0.787044,0.018461
95.488000000,0.516676,1.67994,0.981593,0.341623,0.243062,2.21354,0.133221,0.43951,0.392056,0.0707922,0.787227,0.0679317
95.530666667,0.495705,2.04464,0.776988,0.29935,0.180756,2.12369,0.017415,0.100526,0.440606,0.0932283,0.845659,0.0284909
95.573333333,0.542582,2.19016,0.490456,0.563353,0.0563237,1.98439,0,0.0325488,0.531803,0.0611907,1.08289,0.00871883
95.616000000,0.51454,2.2047,0.418611,0.920279,0.042503,1.98996,0,0.0395161,0.557145,0.00396479,1.09401,0.00609126
95.658666667,0.511402,2.12311,0.351785,0.631857,0.122288,1.97142,0,0.0490699,0.535934,0.00399702,1.0622,0.0197802
95.701333333,0.520778,2.12223,0.0117945,0.354916,0.147161,2.26674,0.184731,0.211184,0.499745,0.0550535,0.561225,0.00927538
95.744000000,0.520298,2.02271,0.126822,0.440951,0,2.60147,0.147922,0.0464269,0.536557,0.404754,0.219754,0.261175
95.786666667,0.466476,1.94538,0.243506,0.499433,0,2.54225,0.232809,0,0.633202,0.806082,0.217248,0.238872
95.829333333,0.404497,1.8936,0.330814,0.500952,0,2.34884,0.301631,0,0.615599,0.868633,0.215221,0.221157
95.872000000,0.411807,2.00981,0.365727,0.4358,0,2.15745,0.250951,0,0.706197,0.432811,0.504781,0.238433
95.914666667,0.535359,2.37593,0.239356,0.308409,0,1.7899,0.163757,0,0.725866,0.0581843,1.26495,0.0620672
95.957333333,0.531199,2.42351,0.324281,0.223306,0,1.93108,0.123603,0,0.587242,0.0670656,1.61597,0.0266849
96.000000000,0.548378,2.4228,0.357572,0.227222,0,1.94896,0.149086,0,0.484237,0.0645517,1.73805,0.0237386
96.042666667,0.589719,2.38614,0.311636,0.233714,0.0138949,1.81469,0.197568,0,0.513542,0.047636,1.80149,0.0258693
96.085333333,0.586343,2.34797,0.31362,0.237526,0.0154158,1.78138,0.087164,0,0.546399,0.0379117,1.8753,0.033454
96.128000000,0.697603,2.3181,0.351157,0.239533,0.0164145,1.71848,0.067357,0.00872483,0.452252,0.0432201,1.90822,0.0297038
96.170666667,0.627592,2.09459,0.249515,0.329075,0.0498301,2.01808,0.292545,0.0411042,0.571579,0.0512041,1.69316,0.00904654
96.213333333,0.553673,2.1541,0.0313333,0.327637,0.149221,2.17114,0.284764,0.044155,1.01354,0.058171,1.18199,0.0114802
96.256000000,0.376997,2.30668,0.0992852,0.34739,0.16196,1.93405,0.34243,0.0486537,1.28495,0.0448153,0.951916,0.058339
96.298666667,0.42208,2.44364,0.110792,0.292259,0.168073,1.69737,0.288006,0.0476264,1.26778,0.0301571,1.03302,0.13766
96.341333333,0.623467,2.4862,0.0110845,0.261454,0.124195,1.87328,0.30692,0.0431174,1.15614,0.0392397,1.17196,0.109815
96.384000000,0.579926,2.4909,0.0161182,0.272323,0,2.2087,0.285614,0.0416927,1.03929,0.0586305,1.3655,0.0638836
96.426666667,0.462691,1.94551,0,0.258363,0,2.35211,0.914618,0.00239433,0.532703,0.0929793,1.34309,0.0414267
96.469333333,0.397656,1.95615,0,0.234326,0,2.80354,0.734887,0.00339697,0.592424,0.0852383,0.915742,0.0271537
96.512000000,0.352857,2.01913,0,0.233236,0,3.03769,0.439169,0.000654986,0.629828,0.0760723,0.760401,0.025962
96.554666667,0.276243,2.06172,0,0.232506,0,3.03884,0.222002,0,0.631021,0.056344,0.856851,0.0255016
96.597333333,0.276118,2.04145,0,0.232866,0,2.96672,0.18591,0,0.6198,0.0483703,1.19108,0.0248802
96.640000000,0.337199,1.94577,0.0575254,0.261885,0,3.07576,0.188694,0.0263308,0.610108,0.0494513,1.21702,0.0238968
96.682666667,0.36166,1.79889,0.177442,0.263547,0,3.06868,0.22686,0,0.504011,0.0510533,1.09208,0.0257144
96.725333333,0.589479,1.71089,0.313934,0.269208,0.029903,2.18076,0.649225,0,0.691924,0.402339,0.984018,0.0326609
96.768000000,0.863049,1.6872,0.306106,0.250697,0.182701,0.70979,0.917406,0.101546,1.13958,0.541878,0.768457,0.104244
96.810666667,0.648735,1.77151,0.262932,0.246002,0.0932692,1.42391,0.689951,0.149757,1.22917,0.433087,0.568958,0.122642
96.853333333,0.383064,1.90456,0.140439,0.241984,0,2.0552,0.500954,0.140853,0.794444,0.107837,0.553598,0.0851547
96.896000000,0.456404,2.10091,0.119757,0.288304,0,2.0967,0.195445,0.0662355,0.327117,0.0705107,1.03746,0.0179627
96.938666667,0.479131,2.05557,0.210233,0.244529,0,2.07,0.203964,0,0.300195,0.0930743,1.19422,0.0104416
96.981333333,0.508057,1.98185,0.232796,0.246495,0,1.98759,0.226564,0,0.289377,0.0916291,1.16455,0.0122229
97.024000000,0.52518,1.87721,0.350689,0.248532,0,1.93683,0.242265,0,0.300747,0.0757632,1.17896,0.0181332
97.066666667,0.498487,1.73869,0.53066,0.290541,0,1.97626,0.256577,0,0.344134,0.0590605,1.21166,0.0193694
97.109333333,0.602555,1.59498,0.669552,0.297383,0,1.87526,0.499682,0.0288128,0.281324,0.0510115,1.30281,0.0153104
97.152000000,0.555179,1.58581,0.570743,0.300462,0.170427,1.97934,0.708658,0.148052,0.545594,0.0411466,1.27693,0.00874163
97.194666667,0.655131,1.57326,0.664076,0.268736,0.386263,1.91169,0.568738,0.191421,0.907966,0.105584,1.12746,0.0309259
97.237333333,0.684989,1.55932,0.625588,0.261332,0.707455,1.8258,0.54173,0.165006,1.14462,0.272294,0.886597,0.111512
97.280000000,0.719147,1.61382,0.377681,0.27556,0.617292,1.74615,0.585519,0.102955,1.11137,0.352968,0.72507,0.139925
97.322666667,0.688377,1.65526,0.142582,0.272521,0.264177,1.92116,0.637001,0.0499833,0.945286,0.31612,0.783793,0.115076
97.365333333,0.608468,2.01553,0.0254557,0.292063,0,2.13682,0.428593,0.0321675,0.65024,0.0754585,0.86184,0.0335266
97.408000000,0.652078,2.13521,0.117714,0.248353,0,2.11852,0,0.000878472,0.293749,0.104862,1.20124,0.0133774
97.450666667,0.656727,2.08193,0.251186,0.249625,0,2.04718,0.0331909,0.0113907,0.326303,0.112714,1.26695,0.0101113
97.493333333,0.670283,2.1137,0.440136,0.2493,0,1.92972,0.0709231,0.0147909,0.287347,0.0999302,1.28505,0.0160847
97.536000000,0.627757,1.96627,0.602086,0.249249,0,1.99673,0.121947,0.0105653,0.328005,0.0779945,1.27706,0.0160284
97.578666667,0.606501,1.84266,0.61262,0.250757,0,2.03893,0.110948,0,0.39948,0.0595392,1.30649,0.0205753
97.621333333,0.588544,1.99378,0.382015,0.290129,0.0225513,2.01165,0.00876705,0.100465,0.552854,0.0487716,1.03251,0.0246475
97.664000000,0.722125,2.34155,0,0.24623,0.111085,1.74386,0.110241,0.39776,0.610426,0.0222802,0.647043,0.140821
97.706666667,0.803658,2.23679,0,0.247966,0,1.41186,0.854799,0.532184,0.500267,0.0423397,0.694027,0.380004
97.749333333,0.880902,2.1853,0,0.249487,0,1.18698,1.05471,0.492609,0.364557,0.0600195,0.831817,0.483957
97.792000000,0.926672,2.01386,0,0.249478,0,0.622047,1.51118,0.273731,0.479639,0.0129887,0.905725,0.456432
97.834666667,0.829732,1.78686,0,0.251568,0,0.387939,2.46333,0,0.300941,0.010051,0.847456,0.357793
97.877333333,0.802537,1.67038,0,0.252947,0,0.398322,2.78865,0,0.355306,0.0744316,0.813062,0.208871
97.920000000,0.818463,1.54711,0.000684964,0.252213,0,0.659571,2.96235,0,0.375234,0.113251,0.793821,0.0106797
97.962666667,0.849415,1.50963,0.000269724,0.25266,0,0.698361,2.94798,0,0.412925,0.126236,0.811253,0.000283984
98.005333333,0.838478,1.50888,0.0338746,0.253276,0,0.720541,2.89089,0,0.457395,0.124665,0.827403,0.00093329
98.048000000,0.806795,1.55497,0.0447976,0.253167,0,0.717317,2.87307,0,0.508319,0.107256,0.833166,0.00552526
98.090666667,0.875155,1.59895,0.0282211,0.252648,0,0.620877,2.87355,0.0266946,0.34748,0.085585,0.865672,0.0125546
98.133333333,0.969423,1.52167,0.0752582,0.253662,0,0.437999,2.81044,0.0332097,0.453788,0.110838,0.783285,0.0846079
98.176000000,1.04092,1.51893,0.124793,0.362009,0,0.517537,2.56683,0.0347948,0.426498,0.110228,0.665619,0.157265
98.218666667,0.760915,1.53305,0.189142,0.428434,0,0.550359,2.32763,0.0397454,0.956086,0.0863209,0.591425,0.345977
98.261333333,0.84091,1.58792,0.0942151,0.35355,0.0162602,0.529697,2.2452,0.0355217,1.06616,0.0780292,0.614991,0.251634
98.304000000,0.961202,1.54664,0,0.251977,0,0.468011,2.51894,0.042253,0.580309,0.0384003,0.676963,0.25307
98.346666667,1.03161,1.61393,0,0.253174,0,0.414865,2.64147,0.0216052,0.349878,0.0492918,0.625389,0.204224
98.389333333,0.634763,1.72615,0.187932,0.248671,0,1.97542,2.03609,0.0218421,0.428336,0.0902039,0.528877,0.0368833
98.432000000,0.455495,1.96815,0.0164478,0.251364,0,2.82826,0.689948,0.0373102,0.344125,0.132566,0.475982,0.0277957
98.474666667,0.544423,2.14837,0,0.251262,0,3.13222,0.553839,0.0376034,0.417872,0.0864295,0.183408,0
98.517333333,0.502373,2.49184,0.0108464,0.247599,0,3.25194,0.469216,0.0479286,0.64999,0.0354824,0.000341695,0
98.560000000,0.44883,2.65146,0.021302,0.246293,0,3.29845,0.477073,0.0185133,0.903234,0.0158713,0.000429456,0
98.602666667,0.413319,2.81001,0.0406409,0.24395,0,3.21141,0.339537,0.0212377,1.16384,0.0027549,0,0
98.645333333,0.399413,2.88316,0.13101,0.242496,0,2.88431,0.275584,0.230831,1.2736,0.0304371,0.011713,0
98.688000000,0.379745,2.89468,0.151218,0.239584,0,2.27471,0.138705,0.160133,1.40388,0.0205504,0.10573,0.0954638
98.730666667,0.466592,2.87276,0,0.240957,0,1.825,0.343932,0.0721025,1.36055,0.0236005,0.163325,0.168543
98.773333333,0.547178,2.90412,0,0.242785,0,1.84726,0.136519,0.0263351,1.52813,0.0294329,0.174228,0.141294
98.816000000,0.446257,2.85271,0,0.243467,0,2.27394,0.0736936,0.0358578,1.47761,0.0430009,0.183241,0.0813742
98.858666667,0.372892,2.68762,0,0.245683,0,2.38676,0.381394,0,1.43912,0.0716872,0.179673,0
98.901333333,0.442024,2.61698,0,0.2465,0,2.3011,0.446455,0.0077869,1.50581,0.104398,0.134215,3.78386e-05
98.944000000,0.48942,2.60706,0.01045,0.246278,0,2.0025,0.448157,0.0117106,1.64952,0.104845,0.0751502,0.000170595
98.986666667,0.492451,2.62005,0.0103032,0.244173,0,2.04192,0.444686,0.0106397,1.74108,0.0741388,0.017098,0.000287333
99.029333333,0.480118,2.67718,0.0046596,0.241492,0,2.35656,0.425485,0.0177265,1.74794,0.0108554,0.000245908,0.000362736
99.072000000,0.485346,2.7153,0.00786806,0.246042,0,2.42741,0.363427,0.0410092,1.5804,0.000852935,0.000140333,0
99.114666667,0.498893,2.8446,0.00462756,0.232181,0.0115878,2.53356,0.395589,0.471327,1.36224,0.0871308,0.00585812,0
99.157333333,0.63716,2.82312,0.012725,0.18747,0.0722651,2.48881,0.501679,0.359817,1.1925,0.229782,0.0120961,0
99.200000000,0.83645,2.55532,0.0127302,0.171169,0.0414054,2.02227,0.74488,0.392426,0.718239,0.880534,0.126384,0
99.242666667,0.788841,2.77077,0.0788941,0.201376,0.0267882,1.44437,0.540425,0.256399,0.623597,0.888527,0.190858,0.155721
99.285333333,0.609133,2.87516,0.0551431,0.238227,0.00114463,1.48449,0.515105,0.222765,1.5122,0.0469186,0.154436,0.135932
99.328000000,0.498692,3.04618,0.00592966,0.240958,0,1.79533,0.234861,0.176231,1.66111,0.0577492,0.145842,0.0786377
99.370666667,0.429054,2.89297,0,0.235839,0,2.04037,0.346622,0.0397752,1.76396,0.0918298,0.157525,0
99.413333333,0.412267,2.82598,0,0.23759,0,2.17787,0.350523,0.0416249,1.77579,0.108423,0.0858776,0
99.456000000,0.455097,2.78689,0,0.237888,0,2.09987,0.351277,0.0449953,1.76832,0.0983723,0.0266346,0
99.498666667,0.539386,2.8512,0.00709459,0.23867,0,1.87529,0.330378,0.0389881,1.80553,0.0417528,8.33715e-05,0
99.541333333,0.589336,2.93991,0.0315233,0.238434,0,1.88294,0.295429,0.0345316,1.84189,0.000833751,0.000177528,0
99.584000000,0.663827,2.88694,0.0699563,0.245851,0,1.65113,0.296958,0.27515,1.51668,0.17472,0,0
99.626666667,0.816618,2.56452,0.24156,0.244178,0.0106295,1.45852,0.897294,0.0653249,1.44144,0.27006,0.677219,0.0469375
99.669333333,0.693453,2.33242,0.376207,0.390557,0.0182872,1.66363,0.792742,0.0577365,0.947645,0.184521,1.25783,0.176456
99.712000000,0.578368,1.98879,0.494101,0.439301,0.0049697,1.85908,0.597705,0.101483,0.854567,0.0666983,1.70466,0.192329
99.754666667,0.539794,1.83932,0.489142,0.36868,0.00599738,2.03679,0.51968,0.0428069,0.960269,0.0191284,1.94255,0.14727
99.797333333,0.463373,1.87927,0.499976,0.261618,0,2.34718,0.0668801,0.0279877,1.25224,0.0298949,2.2046,0.102852
99.840000000,0.422286,1.87389,0.501646,0.220451,0,2.45221,0.150526,0.0337871,1.41418,0.0352063,2.23664,0.0484505
99.882666667,0.466953,2.00386,0.413615,0.228511,0,2.35022,0.294967,0.0431363,1.16818,0.0275578,2.17795,0.00908651
99.925333333,0.500646,2.11693,0.300583,0.23534,0,2.37971,0.299185,0.0934497,1.00193,0.0116509,2.15913,0.0146706
99.968000000,0.510021,2.14003,0.275128,0.236193,0,2.44275,0.293099,0.0957682,0.857976,0.0150798,2.15447,0.020068
100.010666667,0.503754,2.16061,0.26326,0.234469,0,2.4508,0.300228,0.0953908,0.784116,0.0332672,2.13115,0.00641718
100.053333333,0.541361,2.22982,0.296136,0.263235,0,2.28468,0.120955,0.0478831,0.740525,0.0487273,2.07452,0.0264479
100.096000000,0.724433,2.246,0.116615,0.319036,0.145811,1.65242,0.382571,0.112884,0.679381,0.0826914,1.78552,0.0194265
100.138666667,0.629033,2.40111,0.0399261,0.222095,0.279484,1.5759,0.471484,0.0590996,0.693837,0.128827,1.3943,0.107498
100.181333333,0.442455,2.20198,0.114298,0.22005,0.26928,1.71221,0.462745,0.0535164,0.77545,0.106652,1.06325,0.194177
100.224000000,0.573677,1.85673,0.0697277,0.23484,0.183095,1.86329,0.406069,0.04773,0.851605,0.0542795,1.17222,0.0582016
100.266666667,0.67418,1.79001,0.219041,0.278587,0.0140348,1.86324,0.399691,0.0483373,0.84753,0.0383647,1.53356,0.0789851
100.309333333,0.619943,2.01653,0.299482,0.268642,0,2.19565,0.0156972,0.0809626,0.492956,0.0408488,1.70892,0.0565996
100.352000000,0.543598,1.86563,0.0906873,0.249257,0,2.3718,0.247661,0.0861596,0.366994,0.0478386,1.69379,0.015307
100.394666667,0.478973,1.71776,0.000281104,0.250451,0,2.33773,0.341789,0.0780538,0.366547,0.0418891,1.70095,0.0268331
100.437333333,0.414597,1.77678,0,0.249832,0,2.34495,0.313919,0.0492799,0.370447,0.0296222,1.71296,0.0410152
100.480000000,0.339286,1.91182,0,0.247731,0,2.48514,0.245819,0.0504033,0.374651,0.0349329,1.74679,0.0362421
100.522666667,0.398526,2.0724,0.0238931,0.24428,0,2.54149,0.187953,0.0446496,0.366616,0.0471494,1.8082,0.0324942
100.565333333,0.425959,1.96386,0.115864,0.273988,0,2.50377,0.287382,0.0432987,0.341991,0.0603487,1.80383,0.0273966
100.608000000,0.462643,2.03877,0.229121,0.269909,0.013484,2.35204,0.254174,0.0437761,0.313368,0.0638812,1.78172,0.0216174
100.650666667,0.560976,2.12851,0.225831,0.385363,0.0400678,2.05473,0.221596,0.0690715,0.351753,0.126788,1.53745,0.0168097
100.693333333,0.605162,2.20561,0.207153,0.318586,0.0246061,1.94063,0.141369,0.106874,0.62815,0.39091,1.30108,0.0539544
100.736000000,0.529127,2.31965,0.198641,0.296178,0.00565438,2.23151,0.0927866,0.0721524,0.490177,0.253523,1.25031,0.0871853
100.778666667,0.539943,2.32568,0.145209,0.304089,0,2.25968,0.138557,0.0353843,0.145532,0.0498653,1.47472,0.060346
100.821333333,0.607942,2.29448,0.205457,0.270442,0,1.98591,0.150177,0.0389588,0.141858,0.0585034,1.58662,0.0244728
100.864000000,0.669,2.12701,0.244328,0.246711,0,1.77553,0.240591,0.120524,0,0.0968099,1.63096,0.0155914
100.906666667,0.682103,1.97325,0.274205,0.245985,0,1.78796,0.310281,0.242565,0,0.104088,1.64218,0.0118263
100.949333333,0.688207,2.09171,0.25549,0.244166,0,1.85597,0.27354,0.185696,0,0.0612148,1.66231,0.0166796
100.992000000,0.713882,2.28828,0.223855,0.241971,0,1.89205,0.16547,0.093142,0.0445952,0.0423684,1.65123,0.0204507
101.034666667,0.589992,2.18936,0.213045,0.236297,0.125254,2.21656,0.373443,0.0936743,0.132349,0.193997,1.57528,0.0155014
101.077333333,0.575944,1.83092,0.268737,0.17981,0.152503,2.17751,0.421452,0.0617071,0.320266,0.163225,1.58618,0.0129329
101.120000000,0.702427,1.47473,0.16067,0.213855,0.408936,1.64055,0.830906,0.121765,0.597484,0.179798,1.55705,0.00573981
101.162666667,0.744008,1.88148,0.0174032,0.208758,0.425709,1.51645,0.953498,0.159229,0.640477,0.248644,1.43996,0.0521864
101.205333333,0.582119,2.24408,0.010883,0.226162,0,1.73715,0.654471,0.231949,0.520957,0.404235,1.19158,0.0877688
101.248000000,0.632711,2.3476,0.0310531,0.282537,0,2.14914,0.561374,0.161403,0.411428,0.158497,1.05942,0.060433
101.290666667,0.675753,2.40553,0.0810156,0.294619,0,1.98283,0.163864,0.041838,0.370755,0.0657617,1.25942,0.0238295
101.333333333,0.655485,2.34259,0.216055,0.24302,0,1.95939,0,0.333599,0.397751,0.07827,1.3585,0.0191163
101.376000000,0.681331,2.30586,0.261935,0.23588,0,1.78616,0.0310323,0.601458,0.338097,0.114906,1.38273,0.0196184
101.418666667,0.672498,2.29516,0.287242,0.23458,0,1.74854,0.010478,0.587586,0.365257,0.0989245,1.3918,0.0238523
101.461333333,0.641868,2.24512,0.268242,0.240448,0.0285572,1.9149,0.0654776,0.214133,0.539107,0.0474597,1.42997,0.0238721
101.504000000,0.662269,2.29152,0.22596,0.244,0.106212,1.99795,0,0.116116,0.613932,0.0406969,1.46023,0.0240133
101.546666667,0.570381,2.2714,0.252695,0.248949,0.216697,2.12511,0.187384,0.130435,0.562618,0.048708,1.10036,0.0123602
101.589333333,0.547541,1.93241,0.40081,0.216283,0.333256,2.36954,0.192382,0.115867,0.853906,0.467957,0.830473,0.00984208
101.632000000,0.548455,1.7007,0.524199,0.208458,0.556722,2.46612,0.225934,0.094537,0.922371,0.489554,0.783666,0.0620775
101.674666667,0.537263,1.7244,0.571666,0.223835,0.549301,2.44987,0.361125,0.0942347,0.934276,0.503223,0.757212,0.0981857
101.717333333,0.502027,2.0214,0.49124,0.230819,0.325392,2.28512,0.397584,0.111597,0.897819,0.480181,0.768304,0.0781698
101.760000000,0.584235,2.42415,0.130989,0.276018,0,1.95,0.205776,0.0742833,0.464343,0.0695644,1.1211,0.0158709
101.802666667,0.712159,2.37452,0.242196,0.237551,0,1.88587,0.060062,0.0441851,0.103801,0.0889505,1.45977,0.00990054
101.845333333,0.709596,2.23049,0.411811,0.23703,0,1.89964,0.161172,0.257484,0.0705758,0.101026,1.51902,0.00860411
101.888000000,0.692094,2.14273,0.48322,0.23758,0,1.86374,0.289965,0.414227,0.0533414,0.0834727,1.54492,0.0104732
101.930666667,0.675997,2.10284,0.42305,0.275473,0.0138981,1.89688,0.239241,0.38891,0.0535804,0.0595298,1.57761,0.00910699
101.973333333,0.68284,2.1813,0.400033,0.245342,0.0124683,1.88894,0.110542,0.171672,0.139675,0.0499337,1.65874,0.0157384
102.016000000,0.663139,2.07744,0.488238,0.275782,0.138313,1.99311,0.408585,0.0960588,0.165205,0.2363,1.55644,0.0130568
102.058666667,0.629708,2.15951,0.390991,0.108484,0.223478,1.83706,0.526265,0.29889,0.474929,0.190439,1.47522,0.0237234
102.101333333,0.426308,2.12664,0.156707,0.0431836,0.172642,1.83063,0.45282,0.574347,0.669479,0.149597,1.34734,0.19831
102.144000000,0.366238,1.86283,0.189424,0.0591714,0.119396,2.05377,0.364386,0.635135,0.847368,0.128773,1.16081,0.230883
102.186666667,0.534371,1.91066,0.0471093,0.0896826,0.188804,2.18731,0.308093,0.548155,0.862925,0.0979934,1.12062,0.118158
102.229333333,0.566032,2.27963,0.0160762,0.248642,0.0168573,2.17962,0.315381,0.293905,0.797483,0.0748561,1.16017,0.0429796
102.272000000,0.689902,2.25083,0.0060709,0.277096,0,1.99944,0.464624,0.0410918,0.222886,0.0947394,1.29169,0.0132782
102.314666667,0.503931,1.95079,0,0.223828,0.00854926,2.3525,0.653288,0.0780948,0.181703,0.127248,1.55532,0.0141414
102.357333333,0.444286,1.77935,0,0.212558,0.0238545,2.61502,0.456244,0.1829,0.0857403,0.132175,1.6417,0.0167648
102.400000000,0.416413,1.86053,0,0.218999,0.0183474,2.73956,0.236521,0.211028,0.109477,0.0803979,1.62678,0.0167607
102.442666667,0.406502,2.0175,0,0.232449,0,2.7938,0.23632,0.137238,0.266662,0.063216,1.5659,0.0144744
102.485333333,0.5026,2.12718,0,0.239957,0.000292842,2.79211,0.187687,0.0872376,0.314207,0.0518948,1.47734,0.0212251
102.528000000,0.347522,1.79655,0.175911,0.255203,0.0875532,2.96534,0.219589,0.0993358,0.240146,0.0424657,1.14515,0.0359493
102.570666667,0.388948,1.72208,0.545278,0.15449,0.154244,2.55151,0.201761,0.0832595,0.365257,0.113089,0.835757,0.145891
102.613333333,0.501458,1.69997,0.76105,0.0647162,0.16686,1.91173,0.469469,0.200203,0.41822,0.156273,0.749394,0.253406
102.656000000,0.460979,1.78,0.843321,0.0499718,0.145296,2.23874,0.318524,0.202423,0.420812,0.139709,0.86956,0.281654
102.698666667,0.391204,1.86633,0.77869,0.206521,0.0991362,2.73273,0.143869,0.0969819,0.330843,0.139356,1.18399,0.212784
102.741333333,0.423089,1.76024,0.606705,0.324625,0,2.71502,0.148897,0.103819,0.178921,0.10657,1.85981,0.0273055
102.784000000,0.647641,1.48915,0.618236,0.271017,0.5677,2.38934,0.139009,0.367453,0.287308,0.277757,1.55019,0.00847857
102.826666667,0.704514,1.29073,0.699437,0.301441,0.641231,2.02191,0.39767,0.348577,0.255075,0.666591,1.29814,0.0200621
102.869333333,0.771306,1.33826,0.900654,0.341808,0.573854,1.73315,0.449901,0.306323,0.283083,0.535401,1.27529,0.0271068
102.912000000,0.808651,1.37983,1.12922,0.339545,0.36428,1.67573,0.435282,0.218606,0.377523,0.474272,1.1909,0.0428538
102.954666667,0.83427,1.46697,1.11383,0.207916,0.164196,1.55397,0.259877,0.123644,0.502305,0.185195,1.44619,0.0460089
102.997333333,0.659746,1.40628,0.904515,0.131035,0.280344,1.65147,0.532218,0.179799,0.342098,0.112151,1.90539,0.0795672
103.040000000,0.738982,1.4462,0.657187,0.0801114,0.217726,1.65262,0.5341,0.451758,0.395922,0.157474,1.60205,0.195015
103.082666667,0.774014,1.46215,0.123818,0.0476473,0.187922,1.8186,0.666144,0.579373,0.391902,0.0529132,1.51118,0.335817
103.125333333,0.604595,1.46063,0.148189,0.0544229,0.147454,1.99856,0.693464,0.59959,0.412668,0.0495524,1.3204,0.320405
103.168000000,0.587948,1.66389,0.515312,0.110062,0.100915,1.7979,0.487538,0.294097,0.490562,0.12339,1.29602,0.227325
103.210666667,0.799468,1.87106,0.865485,0.293401,0.158891,1.39378,0.0648661,0.602858,0.298815,0.206888,1.32915,0.142484
103.253333333,0.824567,1.71143,1.02403,0.337829,0.348107,1.45118,0.138519,0.678559,0.172126,0.320517,1.10485,0.184519
103.296000000,0.63313,1.58194,1.00796,0.245097,0.410448,1.82131,0.061499,0.631084,0.215156,0.276773,1.15404,0.138113
103.338666667,0.572674,1.95137,0.770093,0.239027,0.529843,2.166,0.00861113,0.41374,0.261005,0.0300413,1.30272,0.154087
103.381333333,0.612007,2.11021,0.544959,0.319319,0.259469,2.19412,0.167854,0.181112,0.361834,0.000333776,1.50749,0.118795
103.424000000,0.625279,2.04921,0.524399,0.848272,0.000577502,2.13742,0.113836,0.0701693,0.36871,0.0459372,1.42093,0.0205955
103.466666667,0.774748,1.95011,0.527798,0.791502,0.105579,1.98754,0,0.112642,0.301026,0.0591883,1.43312,0.00486101
103.509333333,0.550244,2.04675,0.150819,0.250233,0.176538,2.17343,0.242253,0.481679,0.264717,0.207184,1.4881,0.0271815
103.552000000,0.587425,2.00344,0.147864,0.329003,0.1004,2.08412,0.622845,0.73048,0.0721107,0.483215,1.46428,0.156861
103.594666667,0.774273,2.05077,0.156922,0.373104,0.0838113,1.7535,0.788398,0.404457,0.0293891,0.67324,1.56169,0.17683
103.637333333,0.773202,2.25588,0.168967,0.338628,0.059286,1.8384,0.729317,0.0571637,0.160571,0.549208,1.39016,0.190609
103.680000000,0.722587,2.5184,0.0289238,0.267379,0.0193927,1.8156,0.427016,0.0863039,0.305115,0.149319,1.28744,0.257399
103.722666667,0.863276,2.43538,0.0202755,0.29383,0,1.79938,0.0869574,0.00973785,0.562305,0.000911679,1.48979,0.185197
103.765333333,0.76747,2.38922,0.156011,0.239513,0,1.85421,0.119197,0.0261308,0.508621,0.00199792,1.5443,0.14287
103.808000000,0.692086,2.31991,0.251776,0.233095,0,1.81159,0.175411,0.053014,0.520798,0.00279497,1.51664,0.100414
103.850666667,0.724584,2.24101,0.324241,0.231834,0.0176588,1.717,0.138775,0.134611,0.572072,0.0384159,1.51325,0.0519839
103.893333333,0.828243,2.19447,0.294874,0.286646,0,1.60292,0.177095,0.0233133,0.618152,0.0599351,1.47187,0.0351663
103.936000000,0.754272,2.17498,0.262449,0.290444,0.0272882,1.71712,0.232885,0.00530812,0.603303,0.0559002,1.47799,0.024017
103.978666667,0.687123,2.17365,0.428419,0.159324,0.0713545,1.96861,0.668828,0.0434571,0.230467,0.180232,1.34431,0.0259464
104.021333333,0.56409,2.20679,0.601523,0,0.0672232,2.28896,0.681928,0.0460589,0.209108,0.229217,0.916146,0.160779
104.064000000,0.523308,2.13264,0.534282,0,0.0633116,2.28901,0.809952,0.0507916,0.288587,0.301071,0.724212,0.245589
104.106666667,0.583491,2.05827,0.207966,0,0.0538753,2.41634,0.861014,0.0507985,0.385339,0.352224,0.602372,0.240865
104.149333333,0.547948,1.94257,0.117943,0.0549736,0.037834,2.56634,0.646544,0.0472442,0.439496,0.215087,0.63144,0.158625
104.192000000,0.64866,2.01843,0.0566569,0.264496,0,2.3357,0.252633,0.147385,0.309468,0.0110294,1.10598,0.145203
104.234666667,0.80047,1.88154,0,0.266031,0.0111717,1.85086,0.442869,0.0965212,0.335909,0.0322509,1.3437,0.132105
104.277333333,0.483746,1.68647,0,0.244685,0.000974039,2.43325,0.47894,0.0524342,0.33974,0,1.32047,0.103458
104.320000000,0.39446,1.35492,0,0.232592,0.0065513,2.74947,0.344592,0.0536127,0.45144,0,1.23548,0.074425
104.362666667,0.303223,1.43378,0.00237567,0.238378,0.00207632,2.84988,0.193412,0.0548566,0.4229,0.0297014,1.1743,0.0501817
104.405333333,0.474859,1.5586,0.0819915,0.250944,0,2.85361,0.19266,0.0947071,0.328296,0.0488254,1.2165,0.0356808
104.448000000,0.537559,1.59817,0.211019,0.244478,0.0849565,2.813,0.225882,0.0572588,0.310217,0.0539125,1.33016,0.0255323
104.490666667,0.507114,1.74192,0.207232,0.23761,0.066988,2.53524,0.324978,0.00897238,0.324523,0.090633,1.44581,0.036928
104.533333333,0.584414,1.9,0.251335,0.18385,0.109631,2.00751,0.648047,0.00786922,0.443439,0.182063,1.42794,0.0301598
104.576000000,0.730438,1.99698,0.140689,0.234928,0.104996,1.71577,0.911857,0.00704995,0.461579,0.266141,1.14477,0.0366375
104.618666667,0.621801,2.25855,0.0164368,0.280158,0.0782293,1.82307,0.608289,0.00775679,0.328128,0.246311,1.05696,0.0928314
104.661333333,0.570383,2.49952,0.024845,0.273992,0.0245155,2.00816,0.125367,0.0314389,0.222449,0.0758175,1.1828,0.111717
104.704000000,0.865742,2.42702,0.0397206,0.274096,0,1.77824,0.0611152,0.0200553,0.292469,0.0286123,1.41868,0.0932017
104.746666667,0.847149,2.38552,0.14905,0.234776,0,1.81036,0.113724,0.0350161,0.191273,0.0222225,1.56891,0.0596149
104.789333333,0.783598,2.33994,0.225533,0.237415,0,1.86846,0.172491,0.0377855,0.210536,0.0335502,1.68633,0.0541531
104.832000000,0.853898,2.32815,0.28886,0.239333,0,1.81272,0.183375,0.0361331,0.238365,0.0296557,1.83723,0.0610636
104.874666667,0.953463,2.27368,0.30294,0.239821,0.0362614,1.89919,0.152703,0.0319178,0.244711,0.0307178,1.97656,0.0475365
104.917333333,0.54816,2.00154,0.335023,0.267674,0.0211154,2.26859,0.505133,0.0444926,0.194906,0.196182,1.90763,0.027631
104.960000000,0.466117,1.63841,0.459574,0.205166,0.0921351,2.15372,0.902013,0.2222,0.398759,0.234512,1.6026,0.0210843
105.002666667,0.510548,1.18997,0.64368,0.175867,0.177281,2.25662,1.25985,0.346613,0.61169,0.267132,1.16052,0.0305129
105.045333333,0.515001,1.14774,0.559375,0.186965,0.0692896,2.27079,1.322,0.240355,0.681795,0.532584,0.843288,0.0572506
105.088000000,0.427377,1.32897,0.178957,0.143734,0.0678587,2.43709,1.20026,0.102801,0.615723,0.581157,0.712849,0.0952929
105.130666667,0.449682,1.59613,0.0752055,0.134483,0.0559974,2.51877,0.943949,0.0491148,0.422643,0.368031,0.699792,0.125662
105.173333333,0.571051,1.81513,0.256908,0.271637,0.00223222,2.38568,0.371768,0.0672264,0.263577,0.10803,1.09781,0.0775116
105.216000000,0.797079,1.89696,0.306155,0.252557,0,2.10656,0.0237211,0.0835999,0.158564,0.0431725,1.35963,0.0430183
105.258666667,0.741974,1.88195,0.507446,0.251756,0,2.05918,0.00617086,0.0787297,0.162453,0.043717,1.47074,0.0292168
105.301333333,0.74901,1.77782,0.718426,0.252191,0,1.94182,0.0767091,0.103717,0.178821,0.0302173,1.53518,0.0349831
105.344000000,0.758898,1.64717,0.750625,0.29115,0,1.97329,0.0977185,0.0686379,0.240102,0.0278421,1.49721,0.0414906
105.386666667,0.875492,1.4507,0.716272,0.250937,0,2.08238,0.133612,0.0205213,0.403728,0.047278,1.48809,0.0336754
105.429333333,0.83037,1.60536,0.517305,0.275959,0.120062,2.14258,0.0755609,0,0.36223,0.0562507,1.2663,0.0203332
105.472000000,0.709062,1.84326,0.151599,0.212873,0.0823796,2.68224,0.0434048,0.0330134,0.254582,0.336822,0.73073,0.0377067
105.514666667,0.690007,2.1033,0.127667,0.193827,0.123023,2.92795,0.0551835,0.0436345,0.0469986,0.793325,0.443112,0.29706
105.557333333,0.651929,2.17749,0.093895,0.0496423,0.132656,2.80256,0.243547,0.0232486,0.187465,1.04911,0.348277,0.219325
105.600000000,0.65208,2.23574,0.172031,0.0363923,0.139225,2.54692,0.258471,0.000153874,0.247336,0.800218,0.336529,0.258534
105.642666667,0.745728,2.39175,0.0805553,0.172941,0.0882893,2.13311,0.234195,0,0.320366,0.358869,0.606808,0.154793
105.685333333,1.09831,2.42822,0.1231,0.245949,0,1.7361,0.0746661,0.0216906,0.396942,0.0562039,1.1804,0.0401114
105.728000000,1.10067,2.44445,0.291466,0.211739,0,1.8087,0.00276338,0.0326549,0.262723,0.0636422,1.30396,0.0234756
105.770666667,1.09768,2.35354,0.344226,0.213588,0,1.82487,0.096955,0.0771729,0.262916,0.057385,1.33364,0.0203056
105.813333333,1.10476,2.36219,0.387899,0.216636,0,1.73596,0.16143,0.0861434,0.282709,0.0425019,1.40563,0.0294574
105.856000000,1.15014,2.31779,0.395299,0.223072,0,1.66025,0.13654,0.0326886,0.303308,0.0402768,1.48666,0.0353332
105.898666667,0.661297,2.05246,0.426162,0.220368,0.0231555,2.06053,0.336863,0.0411221,0.353593,0.0455737,1.40625,0.0244276
105.941333333,0.623086,1.73378,0.798713,0.111699,0.130984,2.11862,0.445746,0.057595,0.548444,0.137147,1.22288,0.017374
105.984000000,0.544325,1.51207,0.882303,0.146207,0.337057,1.74022,0.424388,0.208876,0.84379,0.13934,0.997375,0.0935423
106.026666667,0.462787,1.42292,0.800974,0.120053,0.477676,1.07441,0.426796,0.277158,1.00282,0.122231,1.13647,0.192912
106.069333333,0.732067,1.38443,0.305907,0.110355,0.648122,1.01007,0.48134,0.313179,0.961387,0.132999,1.17558,0.12711
106.112000000,0.684314,2.07171,0.112498,0.0596657,0.445253,1.87543,0.45486,0.281333,0.885913,0.0914411,1.28797,0.120891
106.154666667,0.624414,2.30361,0.109327,0.201033,0.0408318,2.45392,0.205078,0.0483325,0.750188,0.0716683,1.68733,0.0426588
106.197333333,0.651626,1.90718,0.0309255,0.215441,0,2.55263,0.857089,0.0262293,0.596327,0.080799,1.5065,0.0382977
106.240000000,0.565862,1.86925,0.027649,0.213214,0,2.92347,0.588349,0.0171038,0.571344,0.0798907,1.19409,0.0269043
106.282666667,0.503736,1.91678,0.0389509,0.200664,0,3.06822,0.344948,0.00540772,0.560007,0.0682474,1.09451,0.0274188
106.325333333,0.401189,1.96647,0.0513985,0.19521,0,3.11018,0.195615,0,0.571254,0.0547263,1.16252,0.0266303
106.368000000,0.443736,2.00358,0.047005,0.199198,0.000267573,3.07758,0.178645,0,0.575577,0.0490422,1.39629,0.027756
106.410666667,0.393322,2.10317,0,0.211425,0.00308013,3.18646,0.167022,0.0347182,0.585318,0.0523588,1.18163,0.0234731
106.453333333,0.340942,2.20522,0.0388659,0.115974,0.103888,3.00699,0.267496,0,0.517169,0.200724,1.04099,0.0288251
106.496000000,0.54256,2.17645,0.256528,0.126081,0.113657,1.56868,0.466177,0,0.875047,0.610315,0.741646,0.0642245
106.538666667,0.634469,2.22748,0.561696,0.166653,0.0722854,0.936164,0.360327,0,1.11101,0.604904,0.512416,0.130304
106.581333333,0.54119,2.23128,0.788574,0.207943,0.0346008,1.47856,0.127462,0,1.11118,0.374471,0.453884,0.122025
106.624000000,0.551493,2.15321,0.700246,0.231364,0,2.08973,0.119967,0,0.702608,0.0776379,0.613835,0.0586296
106.666666667,0.755338,1.88654,0.395922,0.30614,0,1.98126,0.182798,0,0.494598,0.0812016,1.18409,0.0147271
106.709333333,0.771756,1.90583,0.353085,0.244338,0,1.92609,0.204863,0,0.562916,0.0950862,1.27825,0.00935261
106.752000000,0.779012,1.83058,0.366264,0.246479,0,1.89576,0.217305,0.137834,0.565508,0.0943172,1.27434,0.0138405
106.794666667,0.745376,1.65715,0.430399,0.249163,0.0284048,1.91322,0.232122,0.172433,0.555739,0.0737562,1.27393,0.017201
106.837333333,0.731811,1.4287,0.546184,0.250824,0.0204144,1.90891,0.25304,0.041911,0.58705,0.0607521,1.31898,0.0211215
106.880000000,0.584758,1.33771,0.599132,0.282064,0.0907511,1.92033,0.510881,0.120578,0.419785,0.0480184,1.27397,0.00786035
106.922666667,0.530363,1.57769,0.606014,0.144343,0.221082,2.06043,0.449144,0.335691,0.772976,0.171524,1.21206,0.0211804
106.965333333,0.683896,1.53533,0.616679,0.0719103,0.64607,1.90996,0.443285,0.420474,1.19902,0.129627,0.906989,0.0684166
107.008000000,0.764569,1.58158,0.28946,0.105203,0.743042,1.71291,0.413023,0.455559,1.38064,0.133379,0.660709,0.133575
107.050666667,0.692359,1.6254,0.0545773,0.173549,0.525705,1.72133,0.440074,0.362116,1.37468,0.123778,0.613481,0.140987
107.093333333,0.513321,1.9166,0.0346206,0.263026,0.0436162,1.98223,0.405177,0.197343,1.24234,0.0904129,0.69789,0.0904006
107.136000000,0.804501,2.19929,0.00922218,0.285996,0,2.02628,0.17895,0.0720846,0.769747,0.0804487,0.884678,0.0134407
107.178666667,0.841067,2.40603,0.0272437,0.246298,0,2.03263,0.00239492,0.0417333,0.334341,0.107698,1.1619,0.0103712
107.221333333,0.921651,2.41016,0.105678,0.244306,0,1.9,0.00390402,0.0378678,0.337347,0.109578,1.21876,0.0133467
107.264000000,1.02833,2.39059,0.225192,0.24458,0,1.7677,0.0586918,0.0250701,0.345159,0.093065,1.23215,0.0162279
107.306666667,1.01049,2.29744,0.29355,0.245252,0,1.7999,0.0972771,0.0056838,0.395484,0.0705649,1.25904,0.0194536
107.349333333,0.894716,2.21917,0.324433,0.245222,0,1.84092,0.0801074,0,0.453568,0.0591454,1.26229,0.0202665
107.392000000,0.779276,2.25024,0,0.25255,0.135568,1.92931,0.0315993,0.0546615,0.444337,0.0310042,0.782458,0.0227601
107.434666667,0.884748,2.1951,0,0.223877,0.122579,1.7244,0.472001,0.402221,0.474398,0.0249979,0.507819,0.356722
107.477333333,0.915652,2.14298,0,0.20066,0.0375839,1.74925,0.930577,0.514856,0.394685,0.119401,0.681318,0.496068
107.520000000,0.921766,2.13366,0,0.193552,0.0332235,1.48764,1.14351,0.394283,0.319243,0.169963,0.900851,0.561454
107.562666667,0.939345,1.94835,0,0.205376,0.0215982,0.717793,1.88186,0.0860309,0.353279,0.0669167,1.05372,0.444593
107.605333333,0.933531,1.82278,0,0.223189,0.0275839,0.352626,2.57206,0,0.45552,0.0376101,1.13607,0.291049
107.648000000,1.0621,1.75924,0,0.234374,0.0442589,0.329252,2.76537,0,0.460072,0.0952415,1.17605,0.21439
107.690666667,1.04548,1.64271,0,0.236899,0.0582929,0.579977,2.90308,0,0.451173,0.125623,1.15195,0.00978811
107.733333333,1.02854,1.6084,0,0.23706,0.0572053,0.63496,2.90736,0,0.477621,0.130931,1.13287,0.00330743
107.776000000,0.976889,1.66782,0,0.240448,0.0619378,0.591056,2.93186,0,0.510119,0.125319,1.14389,0.00456718
107.818666667,1.05803,1.67881,0,0.242012,0.0471333,0.520906,2.92978,0,0.501039,0.110938,1.14697,0.00937227
107.861333333,0.93182,1.46388,0,0.227281,0.0183973,0.448436,2.91663,0.0361166,0.322722,0.262083,1.17525,0.0700589
107.904000000,1.00053,1.24795,0.0578247,0.107017,0.0546867,0.411018,2.81689,0.0667721,0.408709,0.225247,1.14649,0.0391743
107.946666667,1.02654,1.24509,0.0884399,0.072572,0.165202,0.129037,2.50259,0.157881,0.367501,0.208139,1.21828,0.187044
107.989333333,0.786324,1.33202,0.171745,0.0967888,0.428542,0.3665,2.293,0.196652,0.709398,0.197777,1.14253,0.22572
108.032000000,0.936089,1.45532,0.127253,0.0506371,0.379811,0.0783902,2.28453,0.227959,0.550567,0.193965,1.24647,0.234444
108.074666667,1.00245,1.39371,0.0440942,0.125688,0.112716,0.251062,2.49287,0.174362,0.442946,0.143099,1.28606,0.22681
108.117333333,0.946862,1.70307,0.00191361,0.277998,0.0601097,0.904046,2.63224,0.0353838,0.454517,0.0548914,1.1623,0.111109
108.160000000,0.595911,2.10655,0.113755,0.241159,0,2.46959,1.45744,0.0427509,0.405898,0.103089,1.05447,0.0202115
108.202666667,0.553777,2.27768,0,0.240619,0,3.11374,0.65985,0.0544528,0.462957,0.130741,0.747968,0
108.245333333,0.659328,2.55675,0,0.237188,0.0103253,3.29265,0.565551,0.0263543,0.584251,0.0571287,0.259946,0
108.288000000,0.587778,2.74158,0,0.234043,0,3.35609,0.404335,0.0468513,0.860546,0.00914463,0.000470663,0
108.330666667,0.542487,2.79726,0.0247859,0.232118,0,3.35025,0.48155,0.00639521,1.06677,0.00307091,0.000517917,0
108.373333333,0.477171,3.00876,0.0729199,0.204329,0.0257844,3.27863,0.201956,0.175908,1.21556,0.00169798,0.00092093,0
108.416000000,0.533148,2.99804,0.152332,0.172578,0.0572135,2.96731,0.19754,0.22263,1.44057,0.0565111,0.0546842,0.067457
108.458666667,0.598148,2.98853,0.150961,0.187961,0.0379348,2.09571,0.132925,0.107436,1.50091,0.244026,0.119713,0.16047
108.501333333,0.66591,2.99624,0,0.214104,0.0562481,1.60786,0.226926,0,1.54597,0.295535,0.156704,0.193099
108.544000000,0.5753,3.01468,0,0.230023,0,1.84708,0.074229,0,1.58733,0.107361,0.166686,0.137381
108.586666667,0.446716,3.03032,0,0.235969,0,2.25625,0.158725,0.0195873,1.50646,0.0507616,0.187814,0.0585349
108.629333333,0.564101,2.7908,0,0.237651,0,2.21024,0.413931,0,1.43023,0.0852625,0.185127,0.000669036
108.672000000,0.578558,2.73413,0.01052,0.240205,0,2.09464,0.427679,0.0086702,1.42279,0.110337,0.126886,0.000480935
108.714666667,0.624039,2.71903,0.0108215,0.240034,0,1.81153,0.45095,0.00421749,1.526,0.0970589,0.0606282,0.000409025
108.757333333,0.576119,2.72049,0.00271817,0.234597,0,2.14577,0.43602,0.0030329,1.64308,0.0588098,0.00924357,0.00334294
108.800000000,0.492163,2.75194,0.0110904,0.233651,0,2.38787,0.416812,0,1.73409,0.019857,0,0.000447755
108.842666667,0.492467,2.64787,0,0.246157,0,2.45964,0.294007,0.146078,1.28295,0.273846,0.034472,3.09495e-05
108.885333333,0.518246,2.82428,0,0.203797,0.0659656,2.45003,0.220317,0.373495,1.14572,0.271416,0.0360979,0
108.928000000,0.72549,2.79313,0.00845955,0.183868,0.0862873,2.29263,0.25619,0.361097,0.565336,0.652258,0.0448974,0
108.970666667,0.811899,2.72123,0.0312275,0.198218,0.0255806,1.86858,0.217687,0.335208,0.549647,0.730199,0.204233,0.0632271
109.013333333,0.671348,2.81156,0.10148,0.230606,0.0158965,1.59937,0.202007,0.365051,0.618145,0.690188,0.215718,0.147429
109.056000000,0.579735,2.79554,0.0355132,0.245868,0,1.62534,0.151582,0.262777,1.41502,0.213832,0.196545,0.104772
109.098666667,0.582438,2.88584,0,0.244869,0,1.85265,0.128888,0.0690139,1.54083,0.0610876,0.185484,0.0342648
109.141333333,0.483463,2.77637,0,0.241114,0,2.09595,0.347398,0.0322803,1.69776,0.0979896,0.142767,0
109.184000000,0.504073,2.77069,0,0.237716,0,2.1693,0.337157,0.017833,1.80685,0.105117,0.0655744,0
109.226666667,0.516943,2.80752,0,0.234415,0,2.0688,0.328795,0.0025453,1.9084,0.0838258,0.00771508,0
109.269333333,0.499356,2.88256,0.0103098,0.233809,0,1.92051,0.31335,0,1.98044,0.0278966,2.0917e-07,0
109.312000000,0.525918,2.91527,0.0306568,0.236817,0,1.96109,0.228165,0.043531,1.93618,0.0932599,0,0
109.354666667,0.761632,2.68331,0.134089,0.245035,0,1.57165,0.365398,0.232481,1.44107,0.288257,0.000663628,0.0135665
109.397333333,0.832527,2.34339,0.435003,0.266401,0,1.42388,0.462933,0.0419578,1.204,0.419741,0.793283,0.192407
109.440000000,0.713448,1.89783,0.669912,0.408774,0,1.63098,0.216602,0.0845754,0.79492,0.215276,1.3991,0.278284
109.482666667,0.605014,1.69268,0.659434,0.417106,0.0284414,1.95914,0.0140213,0.0662441,0.720242,0.0586351,1.63808,0.224892
109.525333333,0.484803,1.73691,0.501096,0.301449,0,2.20874,0.00473453,0.0735436,0.844512,0.019152,1.73933,0.134585
109.568000000,0.433438,1.85923,0.452401,0.240721,0,2.30964,0,0,1.15715,0.0291153,1.83096,0.0929518
109.610666667,0.493125,1.83006,0.36053,0.236119,0,2.29672,0.226144,0,1.17685,0.0329714,1.74209,0.033379
109.653333333,0.526039,1.96019,0.282764,0.244746,0,2.18908,0.326618,0.0477749,1.05397,0.0212985,1.71776,0.014604
109.696000000,0.53685,1.98106,0.28121,0.247424,0,2.24008,0.357481,0,0.927882,0.0108634,1.72487,0.0240686
109.738666667,0.536445,1.9401,0.317326,0.248915,0,2.30713,0.288903,0,0.838267,0.0239841,1.73503,0.0158888
109.781333333,0.604959,1.96965,0.338438,0.247483,0,2.26807,0.260983,0.0214584,0.773095,0.0389728,1.75441,0.0107498
109.824000000,0.644281,2.1721,0.292742,0.322064,0.00264255,2.12539,0.0603391,0.0422894,0.464968,0.160286,1.65359,0.0343675
109.866666667,0.644105,2.34994,0.0191209,0.29615,0.0516905,2.00574,0.443444,0.0426985,0.613678,0.228156,1.46825,0.0162828
109.909333333,0.38952,2.39211,0.00712983,0.242523,0.0847921,2.09618,0.411206,0.0483958,0.63626,0.220599,1.26277,0.147998
109.952000000,0.430555,2.29891,0.00899613,0.218049,0.0754546,2.11474,0.396461,0.0473317,0.641683,0.1848,1.17977,0.124645
109.994666667,0.664077,2.1368,0,0.266063,0.0187396,2.00216,0.377937,0.0421409,0.63668,0.120356,1.2357,0.0723315
110.037333333,0.673067,1.97279,0.12712,0.298046,0,2.0004,0.197304,0.0828964,0.487961,0.0356791,1.46067,0.074608
110.080000000,0.618362,1.99087,0.145379,0.250531,0,2.32392,0.000595662,0.0558994,0.281665,0.044601,1.58678,0.0475685
110.122666667,0.444031,1.6261,0,0.249929,0,2.56116,0.224644,0.0153713,0.329797,0.0518866,1.60633,0.0262511
110.165333333,0.385641,1.47316,0,0.250067,0,2.63195,0.304576,0,0.366786,0.042586,1.60962,0.0292299
110.208000000,0.318553,1.58174,0,0.247934,0,2.67775,0.21535,0.0165263,0.429434,0.0308303,1.59753,0.043518
110.250666667,0.332583,1.78814,0,0.245344,0,2.66091,0.269657,0.0252186,0.474739,0.0384389,1.61303,0.0293612
110.293333333,0.350725,2.01184,0.0791538,0.242488,0,2.62473,0.226586,0,0.502455,0.0524667,1.67368,0.0332562
110.336000000,0.377034,1.81133,0.244313,0.260746,0,2.63252,0.329456,0,0.460954,0.0635578,1.58762,0.0219644
110.378666667,0.421253,1.68031,0.479356,0.279529,0,2.40999,0.331167,0,0.377559,0.0691788,1.54659,0.0185246
110.421333333,0.462006,1.60739,0.592773,0.307232,0,1.97195,0.620301,0,0.314688,0.226233,1.4067,0.0392325
110.464000000,0.520762,1.5869,0.722153,0.313423,0,1.77863,0.518667,0,0.392915,0.330617,1.34709,0.0928196
110.506666667,0.437408,1.62657,0.695146,0.29371,0,2.19267,0.166623,0,0.531415,0.0757573,1.38378,0.0820622
110.549333333,0.524316,1.83218,0.411053,0.325222,0,2.17674,0.153399,0,0.484615,0.0508391,1.53524,0.0413958
110.592000000,0.843318,1.71207,0.294214,0.304804,0.064485,1.83513,0.185793,0.32547,0.340107,0.052913,1.50343,0.0832302
110.634666667,0.883768,1.72344,0.470809,0.353596,0.174907,1.83081,0.185593,0.337709,0.13679,0.0340861,1.25537,0.0980726
110.677333333,0.864795,1.73839,0.596537,0.264737,0.077867,1.87589,0.152081,0.301988,0.17742,0.0271896,1.2116,0.116803
110.720000000,0.859461,1.69687,0.726761,0.264887,0.00803675,1.90643,0.142298,0.259676,0.226453,0.0191158,1.28433,0.123683
110.762666667,0.770056,1.58626,0.750291,0.266273,0.00110947,2.00666,0.142888,0.133815,0.366696,0.0355396,1.4317,0.0243172
110.805333333,0.571119,1.39549,0.536945,0.258238,0.111187,2.30484,0.507688,0.107511,0.388116,0.0751666,1.47687,0
110.848000000,0.498627,1.27309,0.374576,0.241036,0.0953209,2.33672,0.805086,0.225922,0.497106,0.195752,1.47804,0
110.890666667,0.43803,1.25279,0.340281,0.226408,0.487341,2.22645,1.05666,0.268898,0.947318,0.150435,1.42648,0.0124478
110.933333333,0.464997,1.40148,0.284004,0.225931,0.571131,2.20323,0.936235,0.137291,0.892398,0.0846569,1.28772,0.0609729
110.976000000,0.502123,1.57678,0.399244,0.304674,0.195869,2.17065,0.615525,0.0539307,0.693272,0.0396945,1.09731,0.0729305
111.018666667,0.652047,1.67878,0.726153,0.397573,0.209869,1.80193,0.0969934,0.367378,0.419908,0.05544,1.14853,0.0182331
111.061333333,0.71966,1.7462,0.907167,0.379572,0.0496156,1.76631,0.0192431,0.375165,0.298111,0.0612313,1.24541,0.0665553
111.104000000,0.668491,1.86736,0.934044,0.256534,0.0467313,1.93964,0.00868812,0.311418,0.305896,0.0602414,1.31502,0.0530822
111.146666667,0.561019,1.90017,0.761108,0.257836,0.0356599,2.07394,0,0.0397128,0.582606,0.0789556,1.41077,0.0104536
111.189333333,0.503626,1.89186,0.641297,0.334871,0,2.15323,0,0.0693034,0.823952,0.0855751,1.48836,0.0112171
111.232000000,0.48528,1.84866,0.636975,0.682856,0,2.16376,0,0.0369829,0.715758,0.073891,1.41833,0.0104776
111.274666667,0.506928,2.01865,0.493318,0.401169,0.137128,2.14772,0.0184287,0.175672,0.542951,0.0196365,1.42125,0.01249
111.317333333,0.435577,2.08554,0.462223,0.337922,0.101638,1.98822,0.234269,0.222427,1.04574,0.0165081,0.936149,0.00840147
111.360000000,0.520827,1.99954,0.601016,0.352791,0.27058,2.02444,0.352819,0.163832,1.14952,0.136669,0.861781,0.0230144
111.402666667,0.492532,1.88632,0.650676,0.283251,0.535977,2.02132,0.346431,0.010675,1.27819,0.28002,0.952395,0.0832206
111.445333333,0.469263,1.78055,0.681179,0.241783,0.422672,2.04304,0.374538,0,1.36112,0.235598,1.08815,0.10376
111.488000000,0.359628,1.89864,0.719887,0.243471,0.122975,2.01833,0.35169,0,1.43803,0.0804113,1.29691,0.0596558
111.530666667,0.498917,2.09466,0.454517,0.300013,0,1.9682,0.0532709,0,0.932935,0.0766225,1.78835,0.0160394
111.573333333,0.519446,1.94883,0.528786,0.245159,0,2.01175,0.0326591,0,0.740664,0.0925478,1.93888,0.0122087
111.616000000,0.534781,1.92135,0.622545,0.245552,0,1.98143,0.035527,0,0.753175,0.0913043,1.92811,0.0160291
111.658666667,0.555044,1.93296,0.615165,0.278432,0.00252804,1.92626,0.00502765,0,0.73654,0.075254,1.86499,0.0220378
111.701333333,0.554553,1.93017,0.603242,0.2463,0,1.86468,0,0,0.710727,0.0614604,1.87196,0.0256084
111.744000000,0.685436,1.87654,0.645042,0.288512,0.0230127,1.70193,0.149911,0.0227958,0.596281,0.0542093,1.80823,0.018422
111.786666667,0.697533,1.84134,0.655571,0.296468,0.18828,1.73812,0.561254,0.0377138,0.578896,0.0356482,1.6868,0.0132036
111.829333333,0.592445,2.03141,0.450872,0.288247,0.330518,1.86874,0.485984,0.0470632,0.80855,0.00843298,1.48551,0.0470103
111.872000000,0.366216,1.90417,0.0358751,0.283485,0.225471,1.94585,0.502836,0.146213,0.965063,0.0753491,1.29909,0.255201
111.914666667,0.414437,1.91444,0.0497816,0.301323,0.132167,2.05319,0.492264,0.131652,1.00486,0.138836,1.18682,0.266685
111.957333333,0.571808,1.90805,0,0.310328,0.066745,2.07029,0.485514,0.099216,0.998991,0.0915932,1.20383,0.101515
112.000000000,0.613722,2.18275,0.122755,0.312743,0,2.00679,0.36144,0.0654189,0.791169,0.073194,1.31442,0.0206267
112.042666667,0.565579,1.90234,0.175664,0.283914,0,2.19108,0.511556,0.00968086,0.466804,0.105255,1.47547,0.0155923
112.085333333,0.482787,1.54718,0.0647852,0.2459,0,2.49865,0.521925,0.00660624,0.448693,0.110079,1.57917,0.0167435
112.128000000,0.416432,1.46677,0,0.247237,0,2.67066,0.346004,0.00506201,0.482776,0.0973469,1.53662,0.0189448
112.170666667,0.336155,1.66446,0,0.245122,0,2.74023,0.20589,0.0031177,0.510923,0.0747244,1.49088,0.0216967
112.213333333,0.346525,1.86551,0,0.241777,0,2.78187,0.193039,0,0.526287,0.062094,1.48066,0.0241801
112.256000000,0.352317,1.85487,0.00801747,0.246378,0.0357752,2.81627,0.209674,0,0.541949,0.0479377,1.41658,0.0254998
112.298666667,0.384484,2.07305,0.234268,0.239796,0.0489013,2.86274,0.188608,0,0.552547,0.0207475,0.880322,0.0665385
112.341333333,0.50818,2.20392,0.461458,0.238868,0,2.13126,0.151528,0,0.88594,0.00129622,0.700745,0.207721
112.384000000,0.556194,2.32961,0.513704,0.237483,0,1.85727,0,0.0144809,0.98578,0.0795683,0.566409,0.281981
112.426666667,0.485349,2.36669,0.395419,0.23434,0,2.08382,0.0153555,0,0.812383,0.103548,0.530327,0.257577
112.469333333,0.447143,2.39692,0.155712,0.2361,0,2.10079,0.0138278,0,0.557044,0.0506566,0.833767,0.156966
112.512000000,0.474281,2.25305,0.130399,0.303086,0,1.99158,0.238215,0,0.31548,0.127688,1.22205,0.00607855
112.554666667,0.505192,2.25767,0.25029,0.241047,0,1.87978,0.228704,0,0.154263,0.132814,1.35714,0.00377634
112.597333333,0.534125,2.27688,0.262145,0.24093,0,1.72271,0.202405,0.0503212,0.129428,0.110711,1.32008,0.0152127
112.640000000,0.569725,2.2789,0.307646,0.240933,0,1.65952,0.174101,0.0570473,0.123119,0.0869994,1.2998,0.0195616
112.682666667,0.597142,2.2501,0.365015,0.242042,0,1.59255,0.135629,0.0469321,0.12564,0.0679353,1.31644,0.0205459
112.725333333,0.793988,2.19919,0.424766,0.27133,0.0153234,1.22399,0.154304,0.0773309,0.0611482,0.17363,1.38531,0.0195561
112.768000000,0.679197,1.96525,0.537817,0.27098,0.0318276,1.65966,0.606001,0.039342,0.120539,0.220596,1.22848,0.0372775
112.810666667,0.85468,1.85872,0.224449,0.218254,0.142432,2.0231,0.77532,0.302493,0.319557,0.172641,1.03705,0.24623
112.853333333,0.832007,2.21218,0,0.218173,0.172146,2.06644,0.953997,0.411427,0.378754,0.178473,0.923523,0.339154
112.896000000,0.742855,2.39999,0,0.24819,0.016287,2.04059,0.942364,0.260174,0.378776,0.146349,0.705452,0.315324
112.938666667,0.882065,2.48974,0.0200735,0.27071,0,1.62383,0.752581,0.077039,0.469894,0.0443961,0.747464,0.296654
112.981333333,0.912975,2.56951,0.0561135,0.279362,0,1.63699,0.304398,0.0380666,0.375002,0.0234853,1.20845,0.164084
113.024000000,0.79587,2.40803,0.186023,0.246062,0,1.59,0.0273042,0,0.550318,0.104451,1.35117,0.160629
113.066666667,0.640146,2.40637,0.22593,0.244194,0,1.84883,0.0342529,0,0.548393,0.094374,1.23847,0.0854761
113.109333333,0.556398,2.40675,0.219065,0.243709,0,1.9563,0.0296353,0,0.568161,0.0794282,1.22994,0.0250144
113.152000000,0.526655,2.35301,0.229724,0.276796,0,1.98229,0.0888235,0,0.592525,0.0699095,1.21786,0.0207243
113.194666667,0.552377,2.28902,0.277986,0.278028,0.00452352,1.99222,0.0963089,0,0.597361,0.0610286,1.243,0.0229815
113.237333333,0.556882,2.22266,0.365677,0.279757,0.0191783,1.85305,0.117154,0,0.68568,0.0595759,1.17809,0.0251943
113.280000000,0.488676,1.88357,0.582926,0.320884,0.0815386,1.83752,0.23843,0.44388,0.665236,0.145627,1.14562,0.0804072
113.322666667,0.680411,1.47595,0.855995,0.247659,0.0223044,1.6194,0.622816,0.155307,0.571215,0.257305,1.3161,0.194392
113.365333333,0.733633,1.48918,1.00381,0.247731,0,1.56298,0.724577,0,0.477723,0.196554,1.28883,0.155504
113.408000000,0.654898,1.68112,1.10271,0.334772,0,1.74993,0.515435,0,0.423389,0.0762119,1.07669,0.20134
113.450666667,0.54002,2.42919,0.386732,0.274375,0,1.82451,0.154413,0,0.276829,0.00321994,1.08999,0.232314
113.493333333,0.590126,2.41835,0.151246,0.287177,0,1.93635,0.0292383,0,0.340924,0.00353463,1.19403,0.170759
113.536000000,0.597161,2.34096,0.311965,0.243732,0,1.95045,0,0,0.294849,0.00384576,1.29457,0.131168
113.578666667,0.588668,2.33337,0.395755,0.243409,0,1.92667,0.0142645,0,0.293268,0.0211785,1.29213,0.0811205
113.621333333,0.594691,2.30333,0.346391,0.244188,0,1.87582,0,0,0.32319,0.0498891,1.31873,0.0480601
113.664000000,0.586944,2.26567,0.321101,0.244438,0.00551398,1.86223,0.0311587,0,0.340441,0.0575817,1.37145,0.0328952
113.706666667,0.686087,2.18422,0.362624,0.285354,0.0143337,1.90033,0.359848,0.0366434,0.293798,0.103662,1.37525,0.0242122
113.749333333,0.635449,2.31007,0.348619,0.287529,0.0134859,2.26738,0.594615,0.0485824,0.177637,0.217478,1.10049,0.0409693
113.792000000,0.449621,2.182,0.211508,0.242246,0.0588499,2.53776,0.720874,0.111341,0.530461,0.283149,0.804281,0.16974
113.834666667,0.473835,1.95631,0.0627519,0.239006,0.0387803,2.55453,0.86384,0.0573689,0.615458,0.28044,0.632729,0.238086
113.877333333,0.639555,1.88337,0.0281892,0.234782,0.0060133,2.62461,0.859186,0.0530487,0.705324,0.178921,0.573402,0.0845578
113.920000000,0.585505,2.29506,0,0.229774,0,2.42854,0.655515,0.0486684,0.63921,0.0392142,0.68727,0.168022
113.962666667,0.644053,2.52269,0,0.27955,0,2.00818,0.170643,0.0299418,0.457647,0.00612752,1.08481,0.14298
114.005333333,0.502591,2.21665,0,0.229723,0,2.13414,0.548355,0,0.489178,0.0322368,1.2814,0.122184
114.048000000,0.327966,1.99139,0,0.233018,0,2.59978,0.456038,0,0.452049,0.0306263,1.23509,0.0908045
114.090666667,0.315277,1.8834,0,0.236652,0,2.79334,0.302774,0,0.443955,0.0381464,1.18463,0.0694815
114.133333333,0.315257,2.05849,0,0.247519,0,2.84553,0.161616,0,0.502648,0.0458653,1.20805,0.050577
114.176000000,0.321039,2.15671,0,0.241336,0,2.85504,0.175398,0.0243485,0.551588,0.0539902,1.25518,0.0372211
114.218666667,0.335666,2.01207,0,0.28184,0,2.75421,0.204912,0.0422334,0.519976,0.0615082,1.29593,0.0334054
114.261333333,0.375152,1.81468,0.05634,0.347651,0,2.38652,0.355957,0.0238778,0.454612,0.0997738,1.46949,0.0135198
114.304000000,0.499652,1.74608,0.269427,0.383194,0,1.78989,0.585235,0.0144269,0.634379,0.118729,1.41453,0
114.346666667,0.562789,1.81732,0.421191,0.376646,0,1.49184,0.54441,0.119322,0.588474,0.0990763,1.4095,0.020222
114.389333333,0.4448,1.98835,0.568154,0.31118,0,1.88216,0.145175,0,0.364855,0.0567638,1.72038,0.0992452
114.432000000,0.375468,1.97237,0.660804,0.276043,0,2.24467,0.0375997,0,0.218771,0.0317949,1.96344,0.110456
114.474666667,0.381686,1.91673,0.68707,0.256164,0,2.31038,0.046545,0,0.176516,0.0287618,2.04135,0.0833092
114.517333333,0.388692,1.85853,0.643909,0.224357,0,2.3291,0.0946157,0,0.158752,0.021047,2.06331,0.0568785
114.560000000,0.419857,1.67316,0.53246,0.233914,0,2.22798,0.0899539,0,0.175519,0.0345999,2.00382,0.0571864
114.602666667,0.427738,1.83346,0.523844,0.236354,0,2.18802,0.0810558,0,0.261726,0.0148029,1.96267,0.0582321
114.645333333,0.423653,1.79157,0.580872,0.264981,0.00274127,2.2626,0.0971114,0,0.325496,0.0398432,1.91702,0.0430566
114.688000000,0.588186,1.69045,0.612115,0.296159,0.00627704,1.98029,0.832977,0.0431662,0.220553,0.0851771,1.80068,0.0318644
114.730666667,0.577384,1.44935,0.79436,0.349937,0.322868,2.11527,1.14963,0.0473568,0.619992,0.201429,1.32985,0.0327797
114.773333333,0.780727,1.23115,0.897689,0.409643,0.441632,2.12685,1.40888,0.0484969,0.953388,0.222669,0.986779,0.0679947
114.816000000,0.767535,1.28727,0.599472,0.446963,0.23878,2.12424,1.44018,0.0486613,1.15174,0.192967,0.822415,0.101271
114.858666667,0.570917,1.57694,0.237892,0.440828,0.132822,2.22151,1.30272,0.0477134,1.01083,0.0828402,0.692075,0.147488
114.901333333,0.523598,1.99459,0.126448,0.296845,0.00990078,2.04929,1.0704,0.0449591,0.682645,0.038214,0.884028,0.142007
114.944000000,0.610689,2.33,0.0877964,0.273513,0,2.18093,0.358125,0.0181087,0.443668,0.0422889,1.33644,0.0705823
114.986666667,0.531199,2.24783,0.134028,0.240184,0,2.37485,0.0380695,0,0.491438,0.0482905,1.46324,0.0331338
115.029333333,0.51911,2.26912,0.213176,0.242689,0,2.3033,0.0624185,0.0530384,0.505582,0.0376393,1.5133,0.0247025
115.072000000,0.518684,2.29606,0.425972,0.243196,0,2.20757,0.0192662,0,0.519429,0.0250936,1.55934,0.0427691
115.114666667,0.496964,2.15859,0.486877,0.243284,0,2.27556,0.0577676,0,0.523717,0.0310611,1.58391,0.0437908
115.157333333,0.479334,1.99373,0.514296,0.244658,0.0209224,2.29944,0.0651792,0,0.522516,0.0449955,1.60515,0.0332596
115.200000000,0.451481,2.13862,0.109544,0.310403,0.0327784,2.40404,0.123081,0,0.770427,0.065972,1.19606,0.0160624
115.242666667,0.426121,2.44289,0.0437634,0.277484,0,2.89502,0,0,0.781699,0.209598,0.588398,0.25119
115.285333333,0.425771,2.50695,0.00826983,0.322911,0,2.98101,0,0,0.821225,0.48765,0.263287,0.312386
115.328000000,0.388679,2.5639,0,0.229529,0,2.7952,0.0217141,0,0.832007,0.671603,0.33523,0.272541
115.370666667,0.377306,2.57144,0,0.228781,0,2.4821,0,0,0.874971,0.399252,0.651146,0.387288
115.413333333,0.4801,2.50198,0,0.272609,0,1.93021,0.0818753,0,0.848323,0.0533885,1.08959,0.109825
115.456000000,0.579145,2.46162,0,0.240898,0.0127913,1.79858,0.0405012,0.0191838,0.680712,0.0620813,1.3517,0.0282213
115.498666667,0.572096,2.5019,0.0565877,0.24171,0,1.8342,0,0.308188,0.455668,0.0659805,1.35835,0.0240799
115.541333333,0.5832,2.47123,0.147014,0.242784,0,1.80453,0,0.406721,0.498749,0.054525,1.36087,0.0269671
115.584000000,0.589676,2.32023,0.172505,0.24448,0,1.76662,0.123769,0.342948,0.586892,0.0418621,1.35276,0.026122
115.626666667,0.624013,2.24835,0.172027,0.245621,0,1.77014,0.131525,0.0477228,0.614224,0.0400012,1.41705,0.0224664
115.669333333,0.691073,2.34353,0.18255,0.28946,0.112177,1.87475,0.431255,0.123143,0.396228,0.0433146,1.42483,0.0142063
115.712000000,0.59049,1.98187,0.720897,0.357821,0.113565,2.14282,0.518783,0.0833443,0.694427,0.0531552,1.21481,0.00292333
115.754666667,0.399431,1.4338,1.00731,0.45086,0.0619912,2.16253,0.476957,0.0911782,1.22979,0.0569061,0.929525,0.000261229
115.797333333,0.338348,1.41137,0.865531,0.378219,0.0247308,1.78522,0.386942,0.105729,1.46846,0.0286851,1.05204,0.0745301
115.840000000,0.528097,1.65389,0.506145,0.369042,0.00752565,1.93671,0.323117,0.10887,1.38614,0.0255908,0.988059,0.107462
115.882666667,0.548959,1.83113,0.145703,0.356777,0.00190467,2.18462,0.324555,0.0951945,1.30004,0.0398016,1.01,0.0832477
115.925333333,0.558833,1.98157,0,0.284249,0,2.06773,0.456347,0.0242799,0.698881,0.0698315,1.13161,0.0309205
115.968000000,0.452362,1.59892,0,0.243683,0,2.43354,0.859408,0.0106045,0.549899,0.0839126,1.08081,0.0320632
116.010666667,0.397401,1.30404,0,0.249243,0,2.84556,0.566216,0.0054337,0.52969,0.0822801,0.876961,0.0238885
116.053333333,0.332137,1.39514,0,0.250029,0,2.97583,0.315093,0.00219121,0.525939,0.0638131,0.850988,0.0244841
116.096000000,0.30822,1.41223,0.00641077,0.249902,0,2.96212,0.231759,0,0.530925,0.0520166,1.0228,0.0244681
116.138666667,0.318026,1.65308,0.0833071,0.246039,0,2.92273,0.218812,0.0576812,0.548839,0.0490974,1.11823,0.0233437
116.181333333,0.299741,1.83776,0.00809459,0.241408,0,3.02013,0.256538,0,0.56395,0.0502036,0.738194,0.0206235
116.224000000,0.485891,2.13332,0,0.237352,0.0100269,2.30968,0.331646,0,0.588845,0.407436,0.63127,0.022435
116.266666667,0.664172,2.24989,0,0.237775,0.0465235,1.02087,0.438404,0,0.93418,0.621437,0.642096,0.0858357
116.309333333,0.705309,2.40517,0,0.235904,0.077971,0.71478,0.320479,0,1.02551,0.634989,0.661486,0.12534
116.352000000,0.483985,2.45884,0,0.230582,0,1.69145,0.131421,0,0.814236,0.472925,0.776064,0.104571
116.394666667,0.439147,2.40845,0,0.269733,0,2.20701,0.126861,0,0.47137,0.0681109,1.10585,0.033038
116.437333333,0.478516,2.34276,0,0.236377,0,2.12395,0.160815,0.0259428,0.389262,0.090497,1.53044,0.0138326
116.480000000,0.474417,2.33375,0.151405,0.236863,0,2.06907,0.166479,0,0.387088,0.0965615,1.65979,0.0141851
116.522666667,0.479834,2.32317,0.199122,0.238411,0,2.0412,0.157152,0.0604345,0.402251,0.0838721,1.78622,0.0217841
116.565333333,0.471287,2.27958,0.233623,0.239189,0,2.16113,0.151227,0,0.427824,0.0634351,1.90978,0.0245801
116.608000000,0.49325,2.16965,0.27572,0.239975,0,2.22076,0.173999,0,0.420172,0.0539852,1.97207,0.0257838
116.650666667,0.540459,2.09332,0.352396,0.293648,0.183392,2.05761,0.617786,0.055018,0.293872,0.043217,1.92807,0.0152594
116.693333333,0.484806,1.57199,0.674425,0.284881,0.420024,2.08635,0.523377,0.245407,0.594499,0.0912494,1.83955,0.00933021
116.736000000,0.51893,1.56696,0.666527,0.31292,0.727941,1.96281,0.395118,0.413455,0.797256,0.0590186,1.5759,0.0907595
116.778666667,0.557104,1.61731,0.480948,0.354744,0.556019,1.84118,0.329486,0.366408,0.93708,0.0486995,1.32552,0.142372
116.821333333,0.534367,1.62776,0.198537,0.385023,0.283416,1.99427,0.378462,0.214366,0.978089,0.0133118,1.10842,0.131958
116.864000000,0.56867,1.76941,0.133008,0.347855,0,2.13444,0.391361,0.0856025,0.770785,0.0538539,1.04108,0.0585512
116.906666667,0.670015,1.91924,0.330563,0.311347,0,2.13028,0.0224067,0.0256308,0.398876,0.0914479,1.23322,0.0153559
116.949333333,0.622483,1.91581,0.441013,0.251204,0,2.17449,0,0.0213705,0.327266,0.111359,1.38471,0.0111164
116.992000000,0.668733,1.85168,0.617653,0.252456,0,2.06472,0,0.00291863,0.375742,0.10428,1.40577,0.0157528
117.034666667,0.60343,1.64451,0.66113,0.287931,0,2.06543,0.0945321,0,0.480027,0.0841659,1.35976,0.0156289
117.077333333,0.564744,1.43153,0.649399,0.253492,0,2.10991,0.128302,0,0.604248,0.0699921,1.43933,0.0209411
117.120000000,0.562161,1.63026,0.574101,0.291426,0,2.09403,0.0507891,0,0.482626,0.0542244,1.34098,0.0219776
117.162666667,0.608946,1.99185,0,0.26753,0.0751196,1.90193,0.190884,0.0630987,0.606762,0.0532096,0.802471,0.025281
117.205333333,0.784904,2.10757,0,0.240385,0.00596905,1.17838,0.723888,0.30491,0.510791,0.155267,0.824059,0.428044
117.248000000,0.836856,2.14836,0,0.229147,0,1.03226,1.02557,0.344188,0.426866,0.169964,0.905126,0.512531
117.290666667,0.86135,2.04227,0,0.221333,0,0.722316,1.76592,0.263774,0.468432,0.118754,0.930091,0.482887
117.333333333,0.828221,1.90834,0,0.224066,0,0.397708,2.39855,0,0.501987,0.0198818,0.885231,0.364803
117.376000000,0.821145,1.87889,0,0.232144,0,0.381681,2.70306,0,0.542642,0.0543143,0.878439,0.212245
117.418666667,0.856322,1.76127,0,0.240014,0,0.378578,2.92564,0,0.56618,0.101939,0.888424,0.0163672
117.461333333,0.843326,1.64755,0,0.243296,0,0.657271,3.00404,0,0.588309,0.125092,0.900012,0.0028365
117.504000000,0.830445,1.62965,0,0.241736,0,0.686569,3.02803,0,0.616055,0.130167,0.938024,0
117.546666667,0.83956,1.66011,0,0.239943,0,0.649189,2.99752,0,0.625616,0.122862,0.971366,0.00289143
117.589333333,0.981942,1.75088,0,0.238994,0,0.336057,2.87838,0.0284578,0.496657,0.106836,1.04005,0.0897743
117.632000000,0.957119,1.65794,0.00496311,0.203555,0.0207634,0.41846,2.88815,0.03664,0.50329,0.00977095,0.983971,0.0155524
117.674666667,1.06705,1.61899,0.0763194,0.065253,0.0727095,0.393907,2.57403,0.0369367,0.488329,0.061919,0.993451,0.0953424
117.717333333,0.858177,1.71668,0.270305,0.0220885,0.228324,0.488714,2.14461,0.0524418,0.683516,0.0564299,1.11415,0.348494
117.760000000,0.849478,1.60251,0.212331,0.0404689,0.510119,0.686316,2.0081,0.0619496,0.974082,0.0716309,1.25065,0.263821
117.802666667,1.18916,1.35856,0.045415,0.0746224,0.377624,0.434936,2.21787,0.0379281,0.551945,0.0659313,1.35443,0.218239
117.845333333,0.971788,1.39496,0,0.253228,0.148937,0.425025,2.5227,0.0373201,0.449059,0.0364193,1.24714,0.172557
117.888000000,0.780571,1.59614,0,0.295584,0.0429933,1.448,2.50446,0.0380472,0.577229,0.0651795,1.13191,0.060098
117.930666667,0.437237,2.12853,0.000316682,0.231405,0.00538955,2.72048,1.07727,0.0432855,0.550197,0.113923,1.09838,0.0132453
117.973333333,0.479891,2.38848,0,0.231877,0,3.21614,0.632829,0.0388,0.56981,0.10377,0.679164,0
118.016000000,0.580103,2.66686,0,0.230648,0.0173244,3.39318,0.544998,0.0247163,0.712466,0.030807,0.149168,0
118.058666667,0.50741,2.78075,0.0068903,0.22895,0,3.44049,0.279981,0.0373866,1.11052,0,0,0
118.101333333,0.463455,2.78984,0.025004,0.233076,0,3.36115,0.458131,0.0167443,1.30746,0,0,0
118.144000000,0.387766,3.00322,0.0895212,0.227397,0,3.15096,0.25159,0.208199,1.3891,0.00260957,0.000976268,0.00019453
118.186666667,0.403352,3.03709,0.154055,0.22268,0.00256099,2.59085,0.166006,0.198054,1.52882,0.0140893,0.0743403,0.0890179
118.229333333,0.47025,3.0413,0.11366,0.229144,0,1.93497,0.0489346,0.0404184,1.53858,0.0198588,0.13829,0.171722
118.272000000,0.551228,3.04609,0,0.234701,0,1.77862,0.0101359,0,1.76797,0.0306098,0.158144,0.155982
118.314666667,0.471407,3.056,0,0.235045,0,1.97853,0.0634709,0,1.91337,0.0393723,0.172595,0.101566
118.357333333,0.530902,2.87329,0,0.238244,0,2.25852,0.328695,0.00911757,1.7929,0.0569857,0.189685,0.000265298
118.400000000,0.672293,2.60731,0,0.24267,0,2.21614,0.556198,0.4056,1.46197,0.084517,0.152294,0.0975914
118.442666667,0.788514,2.48552,0.0169915,0.23784,0.0119337,1.78168,0.533299,0.547029,1.44408,0.121467,0.136026,0.139408
118.485333333,0.874934,2.40808,0.0613402,0.23526,0.00623464,1.20849,0.476304,0.555876,1.51167,0.33598,0.169432,0.145729
118.528000000,0.811021,2.37384,0.00115301,0.244272,0.0124011,1.5851,0.466318,0.498654,1.65356,0.276519,0.000199296,0.127358
118.570666667,0.58972,2.53553,0.00283668,0.248112,0.00516205,2.05946,0.39834,0.125242,1.80935,0.16681,0,0.00413121
118.613333333,0.483392,2.54266,0.0338753,0.229858,0.0330251,2.22655,0.751666,0.052071,1.65763,0.136046,0.00266115,0
118.656000000,0.507639,2.73338,0.0817614,0.0825596,0.0804822,2.15474,0.690798,0.289502,1.53309,0.177148,0.0199068,0
118.698666667,0.822377,2.59182,0.0934377,0.0334981,0.0878612,1.79842,0.970727,0.336734,0.878394,0.409854,0.257803,0
118.741333333,0.799637,2.61032,0.0989824,0.0645477,0.0880751,1.5081,0.993446,0.315593,0.796224,0.267005,0.369147,0.161504
118.784000000,0.750828,2.68148,0.171498,0.173891,0.0696407,1.28975,0.815839,0.146269,0.837662,0.168759,0.296197,0.136073
118.826666667,0.800288,2.76033,0.0175284,0.32384,0.0234533,1.18815,0.0387879,0.502771,1.32025,0.36017,0.239475,0.0252796
118.869333333,0.707107,2.70047,0.000720334,0.392329,0.0601868,1.47402,0.0351287,0.585703,1.50452,0.32888,0.245057,0.118214
118.912000000,0.600061,2.73731,0.00346622,0.251679,0.134456,1.90078,0.0255071,0.360792,1.7421,0.225746,0.19807,0.113486
118.954666667,0.565742,2.91384,0.00675521,0.251363,0.138274,1.99881,0,0.0544469,1.84723,0.165673,0.0994333,0.0400582
118.997333333,0.628758,2.905,0.0150837,0.233589,0,1.92222,0.0576329,0.0146462,2.05933,0.133388,0.00021277,0
119.040000000,0.664376,2.93007,0.00161842,0.232362,0,1.85545,0.12839,0.00998284,2.0712,0.0479603,0.000139908,0
119.082666667,0.662953,2.94533,0.00200021,0.237218,0,1.77202,0.0621823,0.0597237,1.86157,0.00259527,0,5.51232e-05
119.125333333,0.951812,2.44971,0.141837,0.237236,0.00816802,1.31766,0.61991,0.0807319,1.59539,0.085574,0.400523,0.000221482
119.168000000,0.891347,2.22196,0.296944,0.322134,0.0316816,1.48427,0.667791,0.07052,1.16182,0.429276,1.17868,0.145532
119.210666667,0.775181,2.26571,0.272048,0.3708,0.0477185,1.84068,0.386836,0.0199004,0.656755,0.34961,1.7451,0.200313
119.253333333,0.689211,2.26368,0.182654,0.319624,0.0597685,2.23716,0.231912,0,0.761745,0.123043,1.94083,0.160456
119.296000000,0.595095,2.5385,0.0147117,0.224921,0.0154669,2.38727,0.0300504,0,0.8847,0.027647,2.12383,0.115898
119.338666667,0.641075,2.64347,0.0720213,0.202845,0,2.394,0,0,1.1206,0.0361181,2.2737,0.0746105
119.381333333,0.671202,2.3469,0.301143,0.206301,0,2.39837,0.266504,0.0157653,1.05955,0.0327289,2.23713,0.0183466
119.424000000,0.696358,2.09788,0.469824,0.210568,0,2.4205,0.298431,0.0254915,1.05088,0.015957,2.26743,0.0135316
119.466666667,0.750842,1.84734,0.562214,0.218057,0,2.48335,0.29303,0.0251368,1.0294,0.0116133,2.33382,0.0234798
119.509333333,0.771373,1.59257,0.620504,0.224447,0,2.53531,0.299135,0.0625022,1.00041,0.028887,2.36674,0.00930829
119.552000000,0.423359,1.58096,0.641405,0.219392,0.0187533,2.72954,0.257605,0.100355,0.793384,0.0658487,2.30828,0.0107855
119.594666667,0.608001,1.73295,0.290882,0.149476,0.209972,2.17885,0.340217,0.0968836,0.436825,0.226139,2.09855,0.0184569
119.637333333,0.648534,2.09888,0.0190866,0.110946,0.461664,1.65211,0.658012,0.0446731,0.524952,0.267749,1.72439,0.0173176
119.680000000,0.468111,2.24558,0.0642475,0.135186,0.460707,1.54556,0.67447,0.0490446,0.509394,0.264287,1.38204,0.18542
119.722666667,0.608435,2.29714,0.0714459,0.0344023,0.449877,1.44796,0.714905,0.0749029,0.586182,0.229872,1.44369,0.0392253
119.765333333,0.767681,2.30027,0.026669,0.0356336,0.317283,1.46179,0.594449,0.110391,0.606574,0.170197,1.75339,0.0811467
119.808000000,0.622714,2.36402,0.0599204,0.194265,0.00590557,2.31136,0,0.0432107,0.527095,0.0453493,2.17521,0.067449
119.850666667,0.692172,2.13711,0,0.242891,0,2.49143,0.239822,0.0422544,0.34484,0.0490611,2.16694,0.0169677
119.893333333,0.485841,1.96894,0,0.237963,0,2.56112,0.370045,0.0787692,0.358619,0.0471445,2.05285,0.0169118
119.936000000,0.42661,1.87739,0,0.233826,0,2.52476,0.362472,0.0767053,0.362241,0.0338349,2.0031,0.027134
119.978666667,0.389683,1.80577,0,0.233967,0,2.50766,0.309295,0.0818627,0.354615,0.0309718,2.06531,0.0306663
120.021333333,0.51332,1.72179,0.0784377,0.237338,0,2.57129,0.274756,0.0803314,0.340608,0.0403663,2.15271,0.0252943
120.064000000,0.586089,1.70254,0.278337,0.230068,0.0150633,2.62987,0.19707,0.0319386,0.382524,0.0587576,2.20909,0.0307824
120.106666667,0.652417,1.57292,0.431982,0.14894,0.0785605,2.68754,0.275757,0.0272445,0.399234,0.071565,2.17847,0.0239189
120.149333333,0.68757,1.65325,0.554195,0.226204,0.082909,2.43339,0.224988,0.0262579,0.286543,0.157798,2.06822,0.0235034
120.192000000,0.800876,1.66622,0.66039,0.215301,0.0722427,2.04735,0.279941,0.0249577,0.45311,0.337182,1.71941,0.0433651
120.234666667,0.776407,1.78589,0.660341,0.246907,0.0443804,1.93225,0.174349,0.026458,0.513062,0.271538,1.56622,0.086319
120.277333333,0.624209,1.92494,0.410222,0.276865,0,2.28427,0.101956,0.0295477,0.425616,0.0513239,1.66166,0.0771506
120.320000000,0.818378,2.13315,0.259521,0.25888,0,2.07937,0.125509,0.028782,0.548058,0.0529473,1.80903,0.0306689
120.362666667,0.854978,2.17428,0.227461,0.233951,0,1.89946,0.107721,0.0382602,0.470779,0.0602908,1.86125,0.0215157
120.405333333,0.811674,2.0604,0.264131,0.238339,0,2.0332,0.160143,0.0408903,0.359077,0.0511946,1.88799,0.0165892
120.448000000,0.861738,1.92201,0.354134,0.241027,0,2.15493,0.176514,0.0394371,0.365879,0.0389992,1.90471,0.0204389
120.490666667,0.930299,1.82027,0.446022,0.241369,0,2.17684,0.168417,0.0352096,0.507826,0.0389778,1.89247,0.0217827
120.533333333,0.527121,1.69475,0.529059,0.263658,0.00459006,2.38813,0.0677824,0.0427383,0.389588,0.192733,1.8817,0.0260403
120.576000000,0.575214,1.52332,0.642318,0.0966222,0.0542707,2.12118,0.623491,0.042766,0.345199,0.163872,1.79788,0.0163986
120.618666667,0.509877,1.47745,0.53591,0.110294,0.422498,1.93307,0.626612,0.112462,0.674726,0.148517,1.57266,0.0108176
120.661333333,0.494515,1.447,0.322226,0.0919226,0.763882,1.86409,0.708186,0.163902,0.882672,0.124403,1.5207,0.0219984
120.704000000,0.466884,1.60195,0.10989,0.0501544,0.406536,2.08925,0.496855,0.202623,0.887559,0.0883752,1.49232,0.0804365
120.746666667,0.51489,1.69708,0.0986525,0.129937,0.0242338,2.39877,0.30059,0.167696,0.647773,0.0669799,1.39002,0.13696
120.789333333,0.754801,2.03864,0.185749,0.259915,0,2.20897,0.0581565,0.0449734,0.247401,0.057304,1.50597,0.0312675
120.832000000,0.760884,1.93858,0.299026,0.246721,0,2.03524,0,0.0413702,0.239461,0.0726681,1.71778,0.0223416
120.874666667,0.741557,1.84093,0.454672,0.241238,0,1.98206,0,0.0373744,0.418054,0.0758452,1.76165,0.0217958
120.917333333,0.716466,1.75452,0.629773,0.238003,0.0383891,2.015,0,0.0363682,0.568978,0.0621893,1.74596,0.0231303
120.960000000,0.683111,1.61704,0.681247,0.238528,0.041424,2.12894,0.103483,0.0106154,0.617453,0.0507653,1.73387,0.0198366
121.002666667,0.707516,1.57379,0.626276,0.23934,0.0177103,2.22094,0.0916031,0,0.584369,0.0494587,1.66699,0.0228572
121.045333333,0.634161,1.72813,0.559539,0.295008,0.0160412,2.17336,0.0605167,0,0.425529,0.120092,1.47471,0.0166944
121.088000000,0.520001,1.81437,0.595867,0.204477,0.10631,2.4146,0.0739989,0.0333462,0.766814,0.503326,0.957426,0.0159786
121.130666667,0.455096,1.76683,0.665959,0.175329,0.553012,2.42451,0.0784595,0.0340164,0.803596,0.6445,0.776794,0.0460527
121.173333333,0.443011,1.63764,0.758807,0.199504,0.627393,2.39874,0.0992977,0.0341038,0.881055,0.646462,0.644275,0.0979109
121.216000000,0.529937,1.6041,0.789266,0.231264,0.334371,2.24806,0.148171,0.0340276,0.907487,0.619744,0.678566,0.0937262
121.258666667,0.658266,1.73952,0.631274,0.267891,0,1.92469,0.143088,0.0262415,0.641532,0.095145,0.995566,0.0354846
121.301333333,0.993757,1.94852,0.437113,0.283972,0,1.81402,0,0.0192462,0.38269,0.0791115,1.41615,0.0179785
121.344000000,0.905445,1.8564,0.547853,0.249288,0,1.86407,0.0772937,0.0314473,0.353034,0.088665,1.52026,0.00934023
121.386666667,0.838638,1.88306,0.593513,0.248772,0,1.87547,0.021359,0.0355209,0.417206,0.0806018,1.54157,0.0186282
121.429333333,0.906801,1.85171,0.606139,0.281374,0.0261038,1.81928,0,0.034251,0.482087,0.0625979,1.49299,0.0223032
121.472000000,1.03282,1.82087,0.646078,0.247589,0.0156315,1.73277,0,0.0285377,0.551396,0.0527348,1.48995,0.0256284
121.514666667,0.68175,1.7109,0.723824,0.24205,0.0773781,1.82211,0.208689,0.0404239,0.41188,0.155614,1.43586,0.0179892
121.557333333,0.777529,1.91017,0.6774,0.131254,0.120661,1.37452,0.581293,0.205833,0.565677,0.133326,1.31879,0.0176602
121.600000000,0.693936,2.06618,0.253689,0.0599484,0.0872586,1.10438,0.638962,0.535182,0.817161,0.0852536,1.20233,0.0827689
121.642666667,0.527439,2.05262,0.330651,0.0966884,0.0774642,1.05735,0.570853,0.668206,0.991644,0.0494292,1.06181,0.205771
121.685333333,0.619812,2.01471,0.225451,0.138861,0.151656,1.45895,0.531113,0.664172,1.05861,0.0216987,0.952782,0.131349
121.728000000,0.610168,1.98129,0.09258,0.272999,0.0067384,1.84456,0.432484,0.509274,1.01749,0.0426536,1.03394,0.0711027
121.770666667,0.705048,2.07723,0.050161,0.287493,0,2.02808,0.206918,0.128695,0.548946,0.0834178,1.25375,0.00830973
121.813333333,0.641172,1.92616,0,0.24523,0.00169682,2.15018,0.455243,0.0391011,0.330639,0.106463,1.3659,0.012917
121.856000000,0.5658,1.77776,0,0.238413,0.0124162,2.31771,0.433066,0.0374427,0.376802,0.103507,1.42613,0.0165087
121.898666667,0.554974,1.77729,0,0.237143,0.0149908,2.42726,0.293578,0.036212,0.385079,0.0850464,1.42638,0.0196089
121.941333333,0.587214,1.8496,0,0.241538,0.00495663,2.51441,0.215045,0.0348807,0.37312,0.0653476,1.45535,0.0217985
121.984000000,0.681781,1.95586,0.0802329,0.243285,0,2.58211,0.206384,0.033757,0.323572,0.0549761,1.46952,0.0240749
122.026666667,0.440026,1.70733,0.202963,0.26641,0.0303473,2.8418,0.254106,0.0393985,0.196054,0.0575009,1.2277,0.0259948
122.069333333,0.56056,1.61493,0.451466,0.151048,0.0871751,2.65,0.390478,0.0381388,0.240524,0.136704,0.765033,0.0892324
122.112000000,0.936064,1.50102,0.582412,0.114998,0.18268,1.51411,0.871506,0.0357909,0.383878,0.46349,0.710212,0.200688
122.154666667,0.931851,1.57194,0.695532,0.156154,0.101811,1.8476,0.645049,0.0377027,0.444276,0.471755,0.683509,0.238194
122.197333333,0.843781,1.60686,0.763269,0.220132,0.016864,2.244,0.336872,0.0388628,0.379399,0.296309,0.691667,0.194379
122.240000000,0.72152,1.57125,0.612467,0.301108,0,2.03356,0.178559,0.0324874,0.154192,0.108025,1.16669,0.0723336
122.282666667,0.886932,1.58693,0.580122,0.307703,0,1.82323,0.290001,0.0362652,0.0431887,0.128375,1.47948,0
122.325333333,0.732792,1.55993,0.643386,0.248073,0,1.83081,0.291003,0.0447788,0.0359368,0.148912,1.52771,0.00569218
122.368000000,0.657975,1.50327,0.661081,0.247326,0,1.78771,0.276547,0.0976931,0.0632926,0.119031,1.49099,0.0133297
122.410666667,0.73686,1.33334,0.688366,0.249716,0.0132247,1.77597,0.246815,0.104635,0.206251,0.0797985,1.45875,0.0140425
122.453333333,0.97604,1.35222,0.730555,0.250412,0.0380966,1.6267,0.186804,0.0347035,0.368429,0.0632713,1.4658,0.0161421
122.496000000,0.699962,1.44192,0.756819,0.225195,0.0714061,1.50598,0.226941,0.186781,0.274921,0.233534,1.46113,0.0251443
122.538666667,0.890244,1.53779,0.725848,0.100993,0.0685733,1.517,0.530632,0.3786,0.230494,0.169337,1.15569,0.0676885
122.581333333,1.32969,1.45593,0.500442,0.0160446,0.206299,1.4406,0.632804,0.569185,0.262104,0.168982,0.907435,0.292959
122.624000000,1.34326,1.35741,0.283335,0.0344822,0.226943,1.59296,0.897728,0.495475,0.398749,0.226875,0.745759,0.318067
122.666666667,1.0634,1.49832,0.151948,0.0386226,0.0347289,1.78278,0.778693,0.372321,0.401209,0.208518,0.711585,0.314126
122.709333333,0.939484,2.01556,0.201886,0.113889,0.0428943,1.39138,0.378732,0.347064,0.387462,0.104308,1.16174,0.247415
122.752000000,0.880642,2.16469,0.458621,0.253676,0,1.62199,0.0286925,0.0507769,0.270567,0.072975,1.4253,0.146364
122.794666667,0.719989,2.1007,0.39512,0.23047,0.00921466,1.79863,0.000356301,0.0455867,0.296512,0.119303,1.54206,0.164157
122.837333333,0.607182,2.08207,0.422114,0.207809,0.0298459,2.01425,0.0403602,0.084728,0.280804,0.0874795,1.42727,0.050641
122.880000000,0.646184,2.05183,0.522189,0.203744,0.0311595,2.01123,0.126989,0.10379,0.293487,0.0780748,1.42179,0.0193102
122.922666667,0.643875,2.00134,0.536841,0.264327,0.0115208,1.95202,0.139727,0.0766605,0.32191,0.0677462,1.4023,0.020901
122.965333333,0.851198,1.9294,0.54369,0.245032,0.0108749,1.83287,0.103936,0.0385641,0.425001,0.05548,1.36898,0.0223582
123.008000000,0.586269,1.96517,0.460814,0.234561,0.11631,1.88587,0.0536414,0.0828596,0.473056,0.1419,1.22849,0.0365902
123.050666667,0.636664,1.50267,0.553522,0.092655,0.126479,1.68821,0.894867,0.250627,0.533207,0.245656,1.26292,0.130821
123.093333333,0.90714,1.33693,0.792576,0.129425,0.127447,1.15809,0.983303,0.0387998,0.333063,0.284998,1.46205,0.166564
123.136000000,0.835262,1.47191,0.919361,0.221328,0.105954,1.44644,0.829144,0.0402056,0.329137,0.205214,1.39319,0.164129
123.178666667,0.719359,1.76867,0.850137,0.286128,0.0466908,1.9266,0.563845,0.0410152,0.372156,0.0521714,1.41364,0.23614
123.221333333,0.714454,2.2017,0.418856,0.300422,0,1.94082,0.216007,0.0246172,0.517265,0.000431126,1.67911,0.196655
123.264000000,0.697564,2.11585,0.45192,0.238263,0,1.85492,0.0722608,0.0274147,0.484612,0.00170702,1.83085,0.160758
123.306666667,0.680918,1.93685,0.652722,0.221196,0,1.79288,0.264694,0.0299763,0.502123,0.00253966,1.75766,0.120191
123.349333333,0.707972,1.85648,0.711875,0.214518,0,1.72012,0.28332,0.0289302,0.5533,0.0266273,1.65167,0.0645385
123.392000000,0.699171,1.78335,0.677286,0.268557,0,1.77945,0.1936,0.0123252,0.587645,0.0590373,1.56747,0.0409205
123.434666667,0.660149,1.77383,0.688561,0.27305,0.0159699,1.94722,0.0453477,0,0.595225,0.058461,1.58819,0.0288102
123.477333333,0.665433,1.69771,0.661337,0.2387,0.0609423,1.938,0.11086,0.102328,0.428594,0.137607,1.53019,0.0325402
123.520000000,0.616627,1.80248,0.670691,0.083718,0.182493,2.08137,0.382408,0.0430222,0.505407,0.194209,0.90356,0.0832889
123.562666667,0.614157,1.71369,0.294757,0.0589662,0.190535,2.00034,0.683977,0.0462538,0.528081,0.377668,0.674118,0.217517
123.605333333,0.573789,1.56819,0.169068,0.056722,0.110767,2.05574,0.808587,0.0490771,0.6842,0.441804,0.640789,0.167113
123.648000000,0.607045,1.74566,0.15497,0.0890703,0.0654948,2.27304,0.645693,0.0452108,0.70102,0.371504,0.51723,0.150383
123.690666667,0.584275,2.0622,0.0960277,0.22129,0.0206372,2.34879,0.314958,0.0501381,0.631801,0.0244515,0.864249,0.159948
123.733333333,0.765202,2.19226,0.118717,0.294042,0,1.97838,0.218467,0.0395403,0.391436,0.00433198,1.23503,0.136318
123.776000000,0.695875,1.90802,0.0721005,0.243231,0.0160468,1.72455,0.48634,0.0433144,0.403817,0.0204773,1.34076,0.103554
123.818666667,0.602255,1.72262,0.174696,0.241281,0.0054234,1.98906,0.356234,0.0812872,0.390811,0.0187657,1.28434,0.0798687
123.861333333,0.499627,1.81082,0.212956,0.257671,0.00230968,2.15625,0.191069,0.108011,0.382329,0.0161062,1.2879,0.0635079
123.904000000,0.425618,1.88958,0.274008,0.240634,0,2.36784,0.153124,0.0863939,0.380691,0.0469599,1.39849,0.0447023
123.946666667,0.454481,1.94325,0.353653,0.244876,0.0208068,2.48997,0.175849,0.0434407,0.364353,0.0506671,1.46487,0.0304991
123.989333333,0.534916,1.97628,0.0604238,0.302823,0.0805692,2.25384,0.397576,0.0442909,0.290608,0.1574,1.42667,0.0281294
124.032000000,0.672361,1.94897,0,0.280065,0.0422917,1.66352,0.895603,0.0414736,0.274757,0.313303,1.34348,0.0123807
124.074666667,0.784513,2.01573,0,0.297166,0.0270119,1.59902,0.994125,0.040983,0.278251,0.351882,1.18747,0
124.117333333,0.678755,2.22487,0,0.29617,0.0154482,1.67242,0.623852,0.0417341,0.198366,0.342671,1.05461,0.0411936
124.160000000,0.6107,2.48007,0,0.260399,0.00332874,1.7064,0.150846,0.042754,0.0955776,0.267576,1.06705,0.113208
124.202666667,0.664098,2.46623,0,0.268248,0,1.64955,0.0931794,0.0434532,0.102105,0.0789332,1.15953,0.105247
124.245333333,0.678384,2.32651,0.117618,0.23825,0,1.44714,0.154695,0.0645884,0.0145166,0.0593365,1.3074,0.0689861
124.288000000,0.667894,2.24114,0.218425,0.234659,0,1.6124,0.301171,0.186055,0.0772341,0.0415672,1.32367,0.0471347
124.330666667,0.675203,2.21691,0.292423,0.23209,0.0331,1.7408,0.340711,0.246807,0.099253,0.0346578,1.3405,0.0495891
124.373333333,0.692024,2.22528,0.326295,0.236028,0.0557112,1.79471,0.306782,0.189009,0.0853988,0.0277743,1.34793,0.0476855
124.416000000,0.755859,2.24752,0.337822,0.240447,0.052573,1.83177,0.198275,0.0419812,0.103886,0.045084,1.31164,0.0362091
124.458666667,0.616486,2.02621,0.521314,0.235426,0.172417,1.93972,0.436506,0.0545401,0.0873669,0.273365,1.16351,0.0264222
124.501333333,0.748495,1.50374,0.894314,0.11012,0.0726779,1.57992,1.00018,0.047826,0.433241,0.2768,0.857771,0.17689
124.544000000,0.936925,1.55779,0.736353,0.120837,0.0872691,1.46728,1.48325,0.0476066,0.50754,0.321544,0.504411,0.134674
124.586666667,0.79864,1.94619,0.131235,0.0906583,0.0940919,1.55209,1.56521,0.0469096,0.560533,0.630542,0.3467,0.0723038
124.629333333,0.602046,2.16237,0.0560701,0.119477,0.0564045,1.73257,1.2233,0.0904024,0.432797,0.475271,0.477468,0.127908
124.672000000,0.619402,2.36506,0.0248171,0.251077,0.00121544,2.07066,0.635701,0.0773981,0.191053,0.153707,0.73893,0.0928628
124.714666667,0.667993,2.41114,0.0512837,0.281945,0,1.98669,0.182241,0.0430902,0.313286,0.0558888,1.099,0.0573001
124.757333333,0.724521,2.20948,0.278617,0.226911,0.019696,1.5834,0.254048,0.349673,0.163064,0.0665964,1.30937,0.018804
124.800000000,0.795181,2.13421,0.299717,0.217074,0.0287758,1.27512,0.336159,0.482204,0.104371,0.0553945,1.34813,0.02541
124.842666667,0.753805,2.20178,0.261095,0.21954,0.0453943,1.41865,0.240407,0.488058,0.120469,0.0265523,1.39347,0.0403782
124.885333333,0.701007,2.2743,0.258759,0.257023,0.0384959,1.75491,0.134469,0.308102,0.253964,0.0316716,1.37755,0.0366763
124.928000000,0.693269,2.34007,0.285457,0.270513,0.0348439,1.95677,0.0792286,0.0415874,0.347837,0.0480071,1.24816,0.0311589
124.970666667,0.592286,2.0951,0.298436,0.268478,0.0309478,2.25105,0.501367,0.0478032,0.513724,0.21697,0.79161,0.0205841
125.013333333,0.751395,1.72987,0.21592,0.245276,0.0575615,2.51139,0.599038,0.0489848,0.52915,0.601253,0.497564,0.351776
125.056000000,0.849305,1.53832,0.329378,0.247763,0.0521022,2.5716,0.596113,0.0589621,0.535505,0.894741,0.418466,0.324677
125.098666667,0.828461,1.63997,0.484712,0.233109,0.0235722,2.44295,0.418791,0.0854463,0.420723,0.904727,0.475315,0.323647
125.141333333,0.52621,2.34875,0.287047,0.236281,0,2.18361,0.285307,0.0475097,0.267465,0.616627,0.641562,0.36291
125.184000000,0.654037,2.37898,0.112646,0.289963,0,1.9103,0.140218,0.0466791,0.0621945,0.147429,1.06497,0.0569944
125.226666667,0.731715,2.26381,0.198706,0.240142,0,1.81551,0.394129,0.146,0.0146571,0.125811,1.38981,0.026837
125.269333333,0.728399,2.12186,0.336813,0.236329,0,1.80407,0.536401,0.356026,0.0590027,0.0995416,1.46804,0.022042
125.312000000,0.721146,2.07869,0.340356,0.236577,0,1.75654,0.528997,0.436971,0.0687562,0.0671731,1.52453,0.0267641
125.354666667,0.699171,2.12363,0.319002,0.242417,0,1.83647,0.375578,0.349177,0.0615048,0.0455109,1.60155,0.0357598
125.397333333,0.656286,2.19429,0.358548,0.245332,0.0474709,1.96559,0.133371,0.114068,0.0599802,0.063056,1.60441,0.0327184
125.440000000,0.633675,2.10018,0.526372,0.307857,0.143371,2.05159,0.393345,0.0453634,0.265246,0.179842,1.45426,0.0166178
125.482666667,0.523577,2.04957,0.746613,0.220664,0.10208,2.05103,0.563653,0.115146,0.669791,0.159291,1.30676,0.013329
125.525333333,0.227415,1.85876,0.799552,0.140051,0.0893311,2.15583,0.509765,0.159187,1.03921,0.15377,1.10352,0.0928022
125.568000000,0.311535,1.72484,0.507293,0.120373,0.0525178,2.3269,0.386498,0.160509,1.17796,0.103164,1.03365,0.144469
125.610666667,0.521871,1.99405,0.0726452,0.209533,0.0223694,2.40965,0.377786,0.109364,1.07264,0.0716335,1.06827,0.130504
125.653333333,0.554112,2.42186,0,0.277235,0,2.30695,0.281295,0.048034,0.864503,0.0493504,1.06449,0.0639811
125.696000000,0.657018,2.23944,0,0.257861,0,1.92015,0.637632,0.0510044,0.260725,0.0685812,1.27113,0.0253926
125.738666667,0.635554,1.91444,0.0105553,0.201224,0.0173041,1.95713,1.13808,0.158803,0.145653,0.0834799,1.32422,0.0185458
125.781333333,0.627089,1.92196,0.0314191,0.17491,0.027588,1.98435,1.02909,0.24604,0.114534,0.069539,1.37526,0.0162644
125.824000000,0.579085,2.01016,0.0266264,0.202967,0.0164653,2.15064,0.729523,0.260887,0.166763,0.0520482,1.42014,0.01491
125.866666667,0.523878,2.16537,0.120166,0.230034,0,2.36136,0.283796,0.158994,0.314175,0.0456952,1.50862,0.0222789
125.909333333,0.508267,2.1213,0.194424,0.256603,0.0819835,2.404,0.21175,0.0411366,0.409527,0.0427175,1.43332,0.0189625
125.952000000,0.49772,1.71089,0.0290281,0.237022,0.0633583,2.33616,0.640957,0.185781,0.421144,0.0401244,1.0009,0.025542
125.994666667,0.500575,1.52763,0,0.203308,0.101061,2.00624,1.02116,0.414222,0.681234,0.312188,0.95674,0.0336857
126.037333333,0.454131,1.68949,0,0.194907,0.10178,2.02459,0.732484,0.402408,0.908889,0.412404,1.01546,0.100175
126.080000000,0.396692,1.89869,0.137347,0.203516,0.0517508,2.2342,0.303916,0.250661,1.0175,0.376422,1.19982,0.123573
126.122666667,0.312684,1.97231,0.572042,0.224731,0,2.65606,0.0361872,0.109114,0.846278,0.0651918,1.38886,0.0855232
126.165333333,0.432206,1.7773,0.602916,0.283018,0.130437,2.59572,0.0801556,0.121207,0.275145,0.0721331,1.82849,0.0189113
126.208000000,0.558191,1.44206,0.373238,0.116567,0.615087,2.36931,0.34892,0.304283,0.308961,0.419592,1.57165,0
126.250666667,0.570891,1.48292,0.525917,0.164103,0.489092,2.34656,0.443516,0.154715,0.267822,0.627061,1.47591,0
126.293333333,0.566214,1.55415,0.610493,0.224107,0.518745,2.2019,0.465363,0.126992,0.281413,0.667241,1.44095,0.0335601
126.336000000,0.572566,1.56854,0.674692,0.3115,0.395844,2.2433,0.339447,0.0917336,0.282382,0.628517,1.39692,0.0424091
126.378666667,0.545443,1.57074,0.751796,0.237251,0.371216,2.10967,0.213614,0.099821,0.373178,0.10434,1.55472,0.00187523
126.421333333,0.598146,1.42553,0.683808,0.236855,0.362076,1.6174,0.588181,0.614165,0.415319,0.103373,1.88443,0
126.464000000,0.752104,1.30345,0.531011,0.221359,0.413539,1.28826,0.718383,0.936814,0.535038,0.0836387,1.79825,0.00828256
126.506666667,0.642935,1.28666,0.509288,0.207886,0.667242,1.35058,0.828105,0.870523,0.7852,2.13754e-05,1.55219,0.115104
126.549333333,0.578306,1.39807,0.455746,0.253012,0.341956,1.72259,0.560583,0.737541,0.906124,0.135075,1.2327,0.159018
126.592000000,0.537342,1.82554,0.505087,0.328156,0.115538,2.22877,0.176387,0.4773,0.675719,0.111,1.3611,0.112375
126.634666667,0.585981,1.99828,0.752005,0.407593,0.0205745,2.40133,0.132506,0.238496,0.37669,0.0607961,1.33506,0.136173
126.677333333,0.527941,1.75074,0.849099,0.407535,0.0210851,2.33757,0.127433,0.342928,0.336572,0.227763,1.29207,0.132524
126.720000000,0.368603,1.50199,0.965286,0.275182,0.0461105,2.29719,0.287141,0.310226,0.367518,0.286806,1.37105,0.166353
126.762666667,0.396905,1.70266,0.852928,0.233015,0.268075,1.95678,0.462379,0.398029,0.217853,0.151129,1.61498,0.181665
126.805333333,0.624481,1.85133,0.6084,0.701386,0.0154566,1.91117,0.429117,0.374767,0.214736,0.138059,1.70978,0.00490348
126.848000000,0.614576,1.85614,0.469801,1.03267,0,1.96758,0.461177,0.314328,0.367376,0.104013,1.58754,0
126.890666667,0.560902,2.08476,0.188657,0.555454,0.100815,2.15614,0.0650479,0.259892,0.27552,0.0348538,1.63487,0.00573684
126.933333333,0.581151,2.42479,0.0169058,0.272586,0.154169,2.3082,0.211549,0.1918,0.545551,0.00122135,1.3221,0.0450776
126.976000000,0.69458,2.42101,0.0480145,0.34418,0.0337049,1.82741,0.691176,0.510093,0.638151,0.0017241,1.09548,0.243678
127.018666667,0.838626,2.42252,0.0336783,0.334794,0.0212809,1.14423,1.03972,0.492829,0.727069,0.0116788,1.08932,0.398241
127.061333333,0.939866,2.14442,0.0154148,0.284703,0.00648903,0.405117,1.77931,0.215042,0.871939,0.0208357,0.958343,0.337349
127.104000000,0.91391,2.0272,0,0.18894,0,0.324297,2.10806,0.0703759,1.07071,0.00842176,0.887117,0.381406
127.146666667,0.695547,1.86383,0.0634159,0.180943,0,0.574362,2.42981,0.0441342,1.13772,0.0727606,0.789688,0.227644
127.189333333,0.608376,1.6698,0.168946,0.176281,0,0.60626,2.67391,0.134503,1.17446,0.111282,0.751416,0.0326689
127.232000000,0.599746,1.54049,0.246458,0.164941,0,0.557889,2.75064,0.244518,1.17901,0.121082,0.751834,0.0280724
127.274666667,0.593417,1.50888,0.244222,0.172735,0,0.339434,2.73911,0.282127,1.21743,0.12194,0.754817,0.0917398
127.317333333,0.471103,1.68781,0.174663,0.206882,0,0.394565,2.60211,0.214593,1.24575,0.109717,0.767732,0.124051
127.360000000,0.3204,2.07823,0.04023,0.182949,0,0.322029,2.53517,0.0523229,1.22891,0.0851793,0.780004,0.0741455
127.402666667,0.698531,1.90515,0.113311,0.173201,0.0101727,0.379502,2.29155,0.112431,1.26116,0.0120009,0.752383,0.0781703
127.445333333,0.884048,2.06373,0.170527,0.148308,0.0394328,0.374946,2.08181,0.328713,1.0449,0.00527116,0.826204,0.200815
127.488000000,0.798165,2.14552,0.184655,0.189829,0.0337067,0.378427,1.99445,0.400356,1.08728,0,0.835128,0.287242
127.530666667,0.704494,2.16164,0.19245,0.191277,0.00894265,0.383728,1.92169,0.238149,1.13733,0.00551273,0.835718,0.351871
127.573333333,0.547531,2.07895,0.186706,0.191667,0,0.62487,1.84435,0.142347,1.16486,0.0207916,0.813729,0.45575
127.616000000,0.330039,1.92093,0.110365,0.183566,0,0.546014,1.85876,0.0528911,1.18472,0.0472277,0.636938,0.48076
127.658666667,0.507985,1.96152,0.239805,0.18645,0,0.483604,2.07368,0.0480231,1.87119,0.0957877,0.425792,0.101765
127.701333333,0.471291,2.09027,0.249402,0.191834,0,0.55307,1.63325,0.131221,2.57872,0.117726,0.137641,0.134694
127.744000000,0.503169,2.32544,0.284498,0.193527,0,0.559882,0.949779,0.15655,2.82338,0.1162,0.100356,0.142463
127.786666667,0.456506,2.46192,0.206222,0.204178,0,0.650816,0.66058,0.140207,2.99622,0.115786,0.0731577,0.115739
127.829333333,0.30874,2.70503,0.26869,0.218601,0,0.878067,0.589469,0.0521072,3.08296,0.000175681,0.000119249,0.0182113
127.872000000,0.327123,2.82586,0.227823,0.225679,0,0.652327,0.447845,0.0492982,3.06795,0.000845274,0.0952104,0.0450521
127.914666667,0.509575,3.13483,0.161561,0.24924,0,0.650392,0,0.182578,2.80304,0.0189492,0.0942589,0.160957
127.957333333,0.389289,3.16112,0.036239,0.253283,0.00890868,0.776783,0.00618529,0.315242,2.76236,0.0197814,0.150397,0.226142
128.000000000,0.315546,3.11659,0.0241026,0.261405,0,0.860574,0.0327511,0.242594,2.78958,0.0299572,0.186281,0.252087
128.042666667,0.252574,3.11494,0.0212194,0.273875,0.00621925,0.825032,0.0245222,0.123287,2.75306,0.0319086,0.191109,0.223421
128.085333333,0.20445,3.0732,0.0415818,0.306435,0,0.90015,0,0.0696461,2.91596,0.0355048,0.152844,0.146568
128.128000000,0.243507,2.64719,0,0.425841,0,0.819859,0.418819,0.0504742,3.00147,0.0725492,0.14961,0.132804
128.170666667,0.293193,2.30466,0.00596418,0.562814,0,0.676435,0.547211,0.133874,2.93725,0.161053,0.178369,0.182058
128.213333333,0.295842,2.09339,0.0313221,0.705305,0,0.575663,0.670444,0.291808,2.83127,0.175274,0.131318,0.200136
128.256000000,0.255396,1.84488,0.0799917,0.786868,0,0.552287,0.646658,0.373206,2.94121,0.169116,0.114524,0.195219
128.298666667,0.146017,1.70647,0.0918136,0.695701,0,0.664339,0.566712,0.252505,3.16404,0.149565,0.112018,0.140966
128.341333333,0.240427,1.93535,0.0741005,0.562388,0,0.826185,0.573123,0.0738366,3.24842,0.0415869,0.000138306,0.0274916
128.384000000,0.484477,2.35073,0.285911,0.700187,0,0.76215,0,0.39528,2.52921,0.0665507,0.0738086,0.137642
128.426666667,0.591107,2.42001,0.202997,0.510325,0.0442487,0.65146,0,0.38024,2.35572,0.045293,0.09902,0.180245
128.469333333,0.470424,2.25354,0.330993,0.248175,0.0613081,0.757443,0,0.345059,2.64929,0.0364236,0.173379,0.236425
128.512000000,0.368108,2.09969,0.501568,0.239687,0.101106,0.75511,0,0.267782,2.74171,0.0384778,0.187724,0.240796
128.554666667,0.331333,2.81456,0.171424,0.235336,0.00223841,0.572537,0,0.158053,2.78065,0.0474365,0.178462,0.208732
128.597333333,0.275464,3.03402,0.0769873,0.227964,0,0.502847,0,0.1378,2.92373,0.0696595,0.153662,0.127097
128.640000000,0.455895,2.67213,0.0349458,0.223571,0,0.509052,0.472245,0.0602463,2.92457,0.125656,0.23543,0.0045419
128.682666667,0.442867,2.53473,0.0788482,0.225724,0,0.52764,0.518042,0.181398,2.7648,0.1563,0.214579,0.0176967
128.725333333,0.425437,2.50094,0.0978312,0.227906,0,0.526808,0.528191,0.238173,2.72149,0.154898,0.202679,0.018863
128.768000000,0.392035,2.53177,0.103627,0.264059,0,0.512686,0.511027,0.196788,2.9601,0.135568,0.173256,0.011467
128.810666667,0.319871,2.58177,0.0787727,0.311554,0,0.50301,0.515014,0.0485475,3.15832,0.100638,0.0863286,0
128.853333333,0.226975,2.68112,0.0448416,0.299994,0.177857,1.01945,0.515866,0.067079,3.13477,0.0168701,0.0274333,0
128.896000000,0.264821,2.54183,0.138264,0.30824,0.201776,2.02209,0.277223,0.066494,2.67685,0.225149,0.713089,0.0202179
128.938666667,0.679552,2.22288,0.122213,0.224361,0.099639,2.7124,0,0.0555484,1.89016,0.0940593,1.33303,0.155968
128.981333333,0.74671,1.99772,0.0695862,0.2139,0,2.98021,0,0.0557778,1.27215,0.0320163,1.80457,0.147324
129.024000000,0.778839,1.84709,0.00855453,0.221405,0.0143922,3.04681,0.246474,0.0549412,1.13328,0.165632,1.9372,0
129.066666667,0.847746,2.15648,0,0.23161,0,2.91212,0,0.0507434,1.06492,0.268696,2.21031,0
129.109333333,0.894289,2.12576,0,0.237435,0,2.8917,0,0.0532381,0.969144,0.343952,2.17789,0
129.152000000,0.809559,1.99639,0,0.236756,0,2.90315,0,0.0554604,0.90096,0.369041,2.15604,0
129.194666667,0.693605,1.89026,0,0.232687,0,2.89155,0,0.0577361,0.864687,0.362566,2.24121,0.00811936
129.237333333,0.750505,1.80355,0,0.236186,0,2.9093,0,0.0573052,0.843875,0.352991,2.29173,0
129.280000000,0.9026,1.77559,0,0.243109,0,2.90457,0,0.0541284,0.752085,0.396735,2.2991,0
129.322666667,0.967947,1.68829,0,0.246201,0,2.91091,0,0.0544378,0.681735,0.429227,2.2688,0
129.365333333,0.946498,1.37093,0.0994751,0.220691,0,2.96343,0,0.0563691,0.565283,0.410534,2.12878,0.00131015
129.408000000,1.00218,1.0852,0.13272,0.173608,0,2.88762,0,0.0563813,0.575373,0.394399,2.13993,0.0118158
129.450666667,1.02859,0.957004,0.153495,0.163864,0,2.89043,0,0.0564192,0.561273,0.397584,2.15628,0.0140627
129.493333333,0.951878,0.977244,0.188003,0.202311,0,3.00306,0,0.0570125,0.570374,0.40737,2.16641,0.00959388
129.536000000,0.975996,1.22019,0.174966,0.226941,0,2.9989,0,0.0549559,0.539823,0.468987,2.20153,0.00807266
129.578666667,1.03125,1.46213,0,0.23956,0,2.94309,0,0.0460215,0.616127,0.51146,2.15643,0.000884823
129.621333333,1.05378,1.53193,0,0.242692,0,2.93321,0,0.050077,0.569255,0.499518,2.06692,0.000468473
129.664000000,0.991884,1.55036,0.00798776,0.238909,0,2.93029,0,0.0514245,0.526695,0.505361,1.97545,0.00568562
129.706666667,0.971938,1.59416,0.00122129,0.240998,0,2.97973,0,0.0509305,0.523392,0.523012,1.93164,0.0072769
129.749333333,0.977675,1.64022,0,0.246806,0,3.00398,0,0.0493289,0.51721,0.54477,1.93865,0.00711616
129.792000000,1.00478,1.63934,0,0.249174,0,2.98942,0,0.042411,0.580417,0.561408,1.96718,0.00421298
129.834666667,1.0315,1.61611,0,0.252818,0,2.97529,0,0.0489935,0.51581,0.55132,1.99475,0.00307738
129.877333333,1.07378,1.62115,0,0.255869,0,2.93513,0,0.0485279,0.520431,0.532409,1.97728,0.00488182
129.920000000,1.0888,1.76382,0.000990462,0.255126,0,2.89031,0,0.0472036,0.511524,0.522688,1.95369,0.00199206
129.962666667,1.03141,1.89736,0,0.252798,0,2.9386,0,0.0461001,0.493804,0.551519,1.9113,0
130.005333333,0.986584,1.94066,0,0.250205,0,2.97952,0,0.0429828,0.484749,0.606582,1.87631,0
130.048000000,0.947728,1.81488,0,0.248423,0,3.00652,0,0.0286864,0.563945,0.657366,1.87711,0.000300253
130.090666667,0.980022,1.61954,0,0.249101,0,2.99712,0,0.0413558,0.525711,0.655145,1.913,0.00163664
130.133333333,1.03496,1.39666,0,0.253366,0,2.98352,0,0.045394,0.496027,0.634555,1.95636,0
130.176000000,1.04926,1.1932,0,0.256925,0,2.98676,0,0.0462406,0.48482,0.628966,1.97316,0
130.218666667,1.01011,1.26928,0,0.257115,0,2.98988,0,0.0461846,0.497685,0.638784,1.94732,0.000232951
130.261333333,0.959224,1.35932,0,0.255968,0,3.0006,0,0.043255,0.517049,0.665784,1.89828,0.00533474
130.304000000,0.951704,1.4016,0,0.253765,0,3.00709,0,0.0485077,0.520696,0.651876,1.85463,0.0086225
130.346666667,0.995025,1.4925,0,0.249747,0,3.01849,0,0.0505876,0.537775,0.597828,1.83664,0.00308645
130.389333333,1.05553,1.70919,0.0192874,0.243587,0,3.08597,0,0.0516836,0.417414,0.591507,1.79188,0
130.432000000,0.95883,1.89608,0.0257898,0.244635,0,3.15258,0,0.0521446,0.348441,0.592623,1.67642,0.00277462
130.474666667,0.793413,2.02338,0.0156071,0.248886,0,3.15135,0,0.0522109,0.434516,0.612905,1.60439,0.002496
130.517333333,0.651958,2.07243,0.00117856,0.250896,0,3.12107,0,0.0511914,0.451045,0.68695,1.60368,0.000653166
130.560000000,0.781086,2.05034,0,0.250713,0,3.08965,0,0.0345006,0.521653,0.716881,1.63943,0
130.602666667,0.88823,1.99982,0,0.249692,0,3.08884,0,0.0350021,0.511012,0.690303,1.67268,0
130.645333333,0.907677,1.94508,0,0.251219,0,3.08586,0,0.0384105,0.468309,0.672348,1.6782,0.000104147
130.688000000,0.893544,1.85495,0,0.252968,0,3.09029,0,0.0365533,0.463238,0.678493,1.66619,0.000537624
130.730666667,0.846743,1.7556,0,0.253675,0,3.10372,0,0.029868,0.494266,0.701896,1.66171,0.00227094
130.773333333,0.830127,1.70697,0,0.255182,0,3.10925,0,0.018227,0.552306,0.723148,1.6609,0.00333464
130.816000000,0.865214,1.65646,0,0.257532,0,3.12833,0,0.0262148,0.539814,0.717347,1.65503,0.00249345
130.858666667,0.891784,1.52674,0,0.258468,0,3.15558,0,0.0331178,0.512535,0.711447,1.63741,0.00119828
130.901333333,0.922466,1.60294,0,0.251407,0,3.18839,0,0.0340092,0.529133,0.699831,1.54607,0.000519832
130.944000000,0.939285,1.72635,0,0.24097,0,3.23339,0,0.0320468,0.52645,0.688759,1.43971,0
130.986666667,0.978106,1.77634,0,0.231781,0,3.27311,0,0.0238824,0.555952,0.686128,1.37027,0.00306378
131.029333333,0.978283,1.7256,0,0.226587,0,3.27731,0,0.0114907,0.614383,0.690532,1.38503,0.00663163
131.072000000,1.00542,1.5331,0,0.231014,0,3.27517,0,0.0293138,0.544286,0.688204,1.46356,0.0054336
131.114666667,0.979462,1.34928,0,0.237242,0,3.2666,0,0.0398846,0.508017,0.675942,1.50901,0.00739398
131.157333333,0.937898,1.29923,0,0.243099,0,3.26789,0,0.0424633,0.522408,0.669083,1.48775,0.00933356
131.200000000,0.954021,1.27361,0,0.247149,0,3.27588,0,0.0403954,0.559915,0.671422,1.45969,0.00980581
131.242666667,0.984433,1.26313,0,0.247429,0,3.30677,0,0.0328227,0.596863,0.684301,1.441,0.010403
131.285333333,0.879254,1.20035,0.105484,0.240117,0,3.66502,0,0.0526493,0.472253,0.591269,1.32551,0
131.328000000,0.756834,0.967996,0.179794,0.233203,0,3.75941,0,0.0550474,0.505865,0.514881,1.21365,0.0169387
131.370666667,0.742422,1.14128,0.220381,0.224524,0,3.76451,0,0.0553917,0.511177,0.451724,1.03332,0.0531498
131.413333333,0.781072,1.32593,0.244087,0.220504,0,3.76296,0,0.055052,0.508893,0.447866,0.951812,0.0392008
131.456000000,0.82543,1.44786,0.0602624,0.223923,0,3.71148,0,0.0543085,0.507048,0.547228,1.05369,0.00489983
131.498666667,0.87336,1.51156,0,0.257482,0,3.68589,0,0.0512357,0.490207,0.61503,1.16094,0
131.541333333,0.88355,1.45229,0,0.257672,0,3.65754,0,0.039235,0.507039,0.647893,1.21348,0
131.584000000,0.84892,1.37697,0,0.268834,0,3.60079,0,0.0414902,0.529784,0.640272,1.21502,0
131.626666667,0.832909,1.35552,0,0.284522,0,3.48542,0,0.0424908,0.530757,0.630907,1.18266,0
131.669333333,0.873691,1.3353,0,0.282608,0,3.37332,0.00148164,0.0402004,0.53652,0.632237,1.14509,0
131.712000000,0.890783,1.36962,0,0.297985,0,3.55252,0,0.0355373,0.535334,0.64315,1.11716,0
131.754666667,0.882313,1.45973,0,0.294513,0,3.65874,0,0.0323881,0.538377,0.652944,1.0868,0
131.797333333,0.865945,1.52184,0,0.27739,0,3.67854,0,0.0449995,0.510076,0.642991,1.02621,0
131.840000000,0.876799,1.54688,0.156509,0.244727,0,3.74597,0,0.0476205,0.492334,0.580491,0.898542,0
131.882666667,0.871797,1.62225,0.187598,0.241143,0,3.82421,0,0.0474603,0.459155,0.561808,0.770523,0
131.925333333,0.830157,1.7401,0.176177,0.240176,0,3.8627,0,0.0449175,0.45024,0.570033,0.683976,0
131.968000000,0.775888,1.71838,0.13476,0.240341,0,3.88338,0,0.0388749,0.449633,0.594071,0.674472,0
132.010666667,0.735778,1.63193,0,0.241746,0,3.87292,0,0.0352475,0.378989,0.638143,0.747076,0
132.053333333,0.745629,1.61264,0,0.241795,0,3.86865,0,0.043469,0.301871,0.647662,0.858543,0
132.096000000,0.815501,1.63814,0,0.242829,0,3.85279,0,0.0450129,0.174931,0.658348,0.946038,0
132.138666667,0.8618,1.61945,0,0.244221,0,3.83533,0,0.0446803,0.161852,0.652399,0.970355,0
132.181333333,0.846648,1.47809,0,0.246081,0,3.83498,0,0.0426675,0.201525,0.656421,0.986135,0
132.224000000,0.747159,1.28229,0,0.265681,0,3.87341,0,0.0429361,0.340372,0.649425,0.910407,0
132.266666667,0.777208,1.1652,0,0.254872,0,3.87774,0,0.0529235,0.300278,0.846378,0.994625,0
132.309333333,0.931207,1.14685,0.119705,0.234771,0,3.76604,0,0.0525338,0.284083,0.754546,1.05047,0.00833529
132.352000000,0.902728,1.41255,0.161878,0.228899,0,3.76298,0,0.0528592,0.277573,0.667627,1.02776,0.0287444
132.394666667,0.770211,1.73755,0.1761,0.233341,0,3.81108,0,0.0536529,0.25674,0.649665,0.924774,0.0201401
132.437333333,0.616707,1.85809,0.173974,0.238667,0,3.85526,0,0.054711,0.224685,0.667567,0.807912,0
132.480000000,0.48906,1.83072,0,0.242968,0,3.86131,0,0.0542939,0.20415,0.673797,0.738513,0
132.522666667,0.554223,1.70839,0,0.245082,0,3.87869,0,0.053652,0.28466,0.663128,0.717585,0
132.565333333,0.616688,1.69131,0,0.245422,0,3.8784,0,0.0560732,0.30143,0.659571,0.728722,0
132.608000000,0.661689,1.7242,0,0.244777,0,3.86652,0,0.0555185,0.366092,0.646673,0.693757,0
132.650666667,0.660499,1.69976,0,0.244884,0,3.86302,0,0.0549705,0.378646,0.641758,0.71398,0
132.693333333,0.61103,1.60917,0,0.245914,0,3.87494,0,0.0525951,0.362812,0.636615,0.728435,0
132.736000000,0.609464,1.55222,0,0.25137,0,3.90923,0,0.0473234,0.397362,0.627027,0.6644,0
132.778666667,0.623534,1.56534,0,0.245,0,3.96534,0,0.0534056,0.351265,0.643477,0.509866,0
132.821333333,0.623278,1.46153,0.218274,0.245185,0,4.08298,0,0.0533346,0.27355,0.640137,0.245054,0
132.864000000,0.596783,1.51093,0.246419,0.246001,0,4.11673,0,0.0528994,0.208853,0.633554,0.102804,0
132.906666667,0.550493,1.79273,0.216348,0.244224,0,4.08378,0,0.0518247,0.159774,0.635593,0.0912119,0
132.949333333,0.561486,1.87909,0.165129,0.244235,0,4.03655,0,0.0468149,0.134145,0.640968,0.192013,0
132.992000000,0.573876,1.81208,0,0.24501,0,3.97765,0,0.0457105,0.226806,0.659299,0.380863,0
133.034666667,0.562444,1.74978,0,0.245162,0,3.93486,0,0.0529113,0.24272,0.656371,0.546757,0
133.077333333,0.518941,1.79753,0,0.245335,0,3.90112,0,0.0543725,0.308958,0.652474,0.632268,0
133.120000000,0.497473,1.82647,0,0.246326,0,3.87349,0,0.0542558,0.344205,0.756973,0.67881,0
133.162666667,0.545182,1.79104,0,0.24591,0,3.86804,0,0.0531484,0.357315,0.750013,0.682118,0
133.205333333,0.56425,1.71384,0,0.251258,0,3.90435,0,0.0521741,0.34522,0.645657,0.630166,0
133.248000000,0.548824,1.59591,0,0.257364,0,3.98835,0,0.0565369,0.393588,0.704572,0.525385,0
133.290666667,0.493275,1.64457,0.223944,0.241305,0,3.9375,0,0.0569583,0.423577,0.679651,0.457681,0.0222524
133.333333333,0.493051,1.81679,0.264985,0.23132,0,3.92495,0,0.0569663,0.432154,0.612613,0.366478,0.0500048
133.376000000,0.482513,1.93,0.0982504,0.236782,0,3.94653,0,0.0569215,0.423483,0.657365,0.325807,0.0342763
133.418666667,0.524317,1.98497,0.0495869,0.24244,0,3.9849,0,0.0562878,0.390509,0.716528,0.301028,0
133.461333333,0.54955,2.01168,0,0.244768,0,3.9734,0,0.0527646,0.34972,0.646384,0.284063,0
133.504000000,0.524675,2.01755,0,0.244114,0,3.9784,0,0.0557272,0.388057,0.629075,0.283559,0
133.546666667,0.445366,2.02423,0,0.246392,0,3.96307,0,0.0578216,0.44714,0.612742,0.318453,0
133.589333333,0.461889,2.03386,0,0.252922,0,3.92982,0,0.0570671,0.478092,0.598296,0.331879,0
133.632000000,0.501061,2.01384,0,0.24296,0,3.9294,0,0.0557733,0.481328,0.603523,0.307839,0
133.674666667,0.545357,1.98867,0,0.243837,0,3.96863,0,0.0531883,0.449022,0.61736,0.257149,0
133.717333333,0.522902,1.99819,0,0.246674,0,4.01736,0,0.0521728,0.422461,0.624804,0.187583,0
133.760000000,0.529848,1.9822,0.167502,0.249634,0,4.05797,0,0.0540212,0.403263,0.720564,0.114921,0
133.802666667,0.644721,1.86355,0.204415,0.237444,0,4.11797,0,0.053475,0.322331,0.716078,0.0636527,0
133.845333333,0.729436,1.75988,0.205125,0.237434,0,4.13759,0,0.053819,0.238646,0.714288,0.0772095,0
133.888000000,0.72154,1.6953,0.177962,0.241058,0,4.14018,0,0.054564,0.173786,0.725804,0.0739225,0
133.930666667,0.655325,1.55867,0,0.245656,0,4.09454,0,0.055691,0.18258,0.694749,0.143729,0
133.973333333,0.59815,1.48429,0.156938,0.247852,0,4.11442,0,0.0576818,0.213803,0.659238,0.142872,0
134.016000000,0.67132,1.50445,0.150013,0.244986,0,4.1041,0,0.0559919,0.172609,0.667802,0.274003,0
134.058666667,0.786792,1.48283,0.155548,0.242109,0,4.0749,0,0.0546292,0.0560825,0.717985,0.38231,0
134.101333333,0.808567,1.4021,0.156772,0.243011,0,4.05406,0,0.0546544,0.0645556,0.705947,0.447548,0
134.144000000,0.727456,1.32082,0,0.247507,0,4.04919,0,0.0558716,0.217435,0.645283,0.437467,0
134.186666667,0.589725,1.39714,0,0.249848,0,4.09175,0,0.0580373,0.29006,0.682202,0.278798,0
134.229333333,0.656022,1.34047,0.174797,0.237859,0,4.25206,0,0.0562751,0.292004,0.712436,0.0381967,0.167958
134.272000000,0.86162,1.23248,0.295637,0.201576,0,4.11704,0.020445,0.0718539,0.237798,0.654039,0.0433823,0.351933
134.314666667,0.871306,1.51538,0.325767,0.184657,0,3.9974,0.0337685,0.129676,0.30226,0.593184,0.044248,0.142617
134.357333333,0.798296,1.76386,0.287293,0.198784,0,4.09748,0,0.086441,0.281846,0.590568,0.0457955,0
134.400000000,0.613423,1.92466,0.235623,0.228773,0,4.14189,0,0.0563268,0.303805,0.618311,0.0439179,0
134.442666667,0.407974,2.02311,0,0.242055,0,4.09715,0,0.0589785,0.341178,0.662533,0.0232038,0
134.485333333,0.493236,1.97992,0,0.263317,0,4.06022,0,0.0585426,0.410041,0.666439,0.121657,0
134.528000000,0.572215,1.97239,0.0264788,0.254853,0,4.03803,0,0.0566053,0.439699,0.663427,0.0359835,0
134.570666667,0.621414,2.00909,0.0379136,0.239625,0,3.98796,0,0.0558646,0.449657,0.66747,0.0360168,0
134.613333333,0.569948,2.00813,0.0307115,0.237711,0,4.01739,0,0.0560858,0.454897,0.666239,0.0340877,0
134.656000000,0.425717,1.9626,0.00711929,0.245325,0,4.09406,0,0.0562117,0.435198,0.659523,0.0221814,0
134.698666667,0.446593,1.97735,0,0.272139,0,4.11125,0,0.057434,0.426224,0.779916,0,0
134.741333333,0.495063,1.90235,0.00926817,0.252056,0,4.13851,0,0.0565878,0.449565,0.761113,0.0221945,0
134.784000000,0.558234,1.62694,0.298034,0.2099,0,4.13202,0,0.0572748,0.454653,0.67186,0.0336042,0
134.826666667,0.550226,1.40807,0.312521,0.222216,0,3.88977,0.0444458,0.057571,0.485206,0.701234,0.0293399,0
134.869333333,0.304064,1.51244,0.242834,0.226632,0,3.29359,0.00550909,0.0594554,0.477649,0.737397,0.020648,0
134.912000000,0.0268803,1.57664,0.17931,0.380522,0,2.35226,0.106529,0.0642042,0.448841,0.566159,0,0
134.954666667,0.00513159,1.54941,0,0.443563,0,1.61599,0.419905,0.0627661,0.480211,0.496644,0,0
134.997333333,0.0582727,1.43203,0.00944146,0.29958,0,1.0539,1.17988,0.0818708,0.506369,0.343251,0.000395975,0
135.040000000,0.183962,1.59821,0.0576628,0.28284,0,0.621049,2.02785,0.139401,0.491339,0.118302,0,0
135.082666667,0.0987187,1.87526,0.0543212,0.252798,0,0.480955,2.93828,0.165303,0.469596,0.0513523,0.100665,0.060609
135.125333333,0,2.10623,0.00638336,0.240665,0,0.443155,3.57362,0.121158,0.437351,0.000749857,0.331503,0
135.168000000,0,2.0261,0,0.245904,0,0.372221,3.69746,0.0604452,0.414804,0.00418745,0.62111,0
135.210666667,0.00307426,1.39482,0.0328414,0.214556,0.00176796,0.255068,3.11665,0.238074,0.467772,0.0181855,0.829755,0
135.253333333,0.28182,1.22359,0.209312,0.263563,0.0129157,0.0265762,2.19333,0.451265,0.476751,0.00261199,0.725335,0
135.296000000,0.34861,1.47831,0.284889,0.314609,0.0103604,0.0373487,1.19458,0.722683,0.467311,0,0.384828,0
135.338666667,0.278442,1.67258,0.25875,0.309192,0,0.0429446,0.644,1.12277,0.46598,0,0.231375,0
135.381333333,0.0152524,1.75356,0.29726,0.264937,0,0.310677,0.292127,1.77476,0.478508,0,0.192972,0
135.424000000,0,1.88467,0.463774,0.246992,0,0.379697,0.120037,2.45782,0.471961,0,0.0113689,0
135.466666667,0.0604275,1.9073,0.59128,0.242405,0,0.258359,0.0950881,3.48025,0.487373,0,0.0586345,0
135.509333333,0.302434,1.96091,0.42664,0.23248,0.000114825,0.0767876,0.0879613,3.9978,0.461951,0,0.068407,0.1276
135.552000000,0.322856,1.93016,0.398105,0.232696,0,0.0329098,0.0529009,3.87585,0.452903,0,0.0641022,0.340761
135.594666667,0.158211,1.83088,0.137225,0.268051,0,0.0294484,0.0149282,3.28284,0.4608,0,0.046762,0.446749
135.637333333,0,1.81299,0,0.315267,0,0.257995,0,2.35613,0.52738,0.000119964,0.017471,0.45781
135.680000000,0,1.91721,0.0316783,0.384881,0,0.348817,0,1.34306,0.669806,0.0101782,0,0.34254
135.722666667,0.0593708,1.89086,0.0610746,0.297505,0.0019541,0.289731,0,1.07314,1.037,0.0195856,0.0472705,0.210129
135.765333333,0.229501,2.04588,0.138605,0.3392,0.00954512,0.232434,0,0.776833,1.57502,0.009867,0.0433813,0.143626
135.808000000,0.250251,2.23482,0.121817,0.484538,0.00365264,0.36821,0,0.560058,2.22904,0.0103374,0.0166595,0.0153698
135.850666667,0.158515,2.38408,0.0116271,0.758937,0,0.45357,0,0.386504,3.02046,0.0211049,0,0
135.893333333,0.284711,2.50905,0.00276113,0.945438,0,0.414196,0,0.17241,3.4156,0.0363295,0,0
135.936000000,0.514872,2.46288,0,0.956341,0,0.356223,0,0.264007,3.42324,0.0608656,0,0
135.978666667,0.666304,2.43418,0.0331071,0.740835,0.00785781,0.038431,0,0.49855,3.0665,0.0320704,0,0
136.021333333,0.675574,2.3803,0.0722277,0.455002,0.0144162,0.0445788,0,0.538714,2.36647,0.0220206,0.0305234,0
136.064000000,0.635465,2.29598,0.0732429,0.290682,0.00276889,0.043495,0,0.544639,1.56842,0.178577,0.0498409,0
136.106666667,0.477831,2.26986,0.0489573,0.340983,0.0355568,0.0814631,0,0.513983,0.927225,0.39501,0.033447,0
136.149333333,0.227647,2.33144,0.00569228,0.345403,0.0808912,0.260834,0,0.221461,0.582824,0.900283,0.015773,0
136.192000000,0.291625,2.22932,0.0461992,0.142792,0.091415,0.0456762,0.0260526,0.365342,0.411742,1.49096,0.0436881,0
136.234666667,0.39294,2.02023,0.294832,0.132967,0.117559,0.0467321,0.0633499,0.405387,0.319397,2.19921,0.0412065,0
136.277333333,0.40044,2.03661,0.420892,0.170825,0.189546,0.0469392,0.0468132,0.416625,0.239762,2.99838,0.0374502,0
136.320000000,0.267492,2.32415,0.408585,0.187819,0.16503,0.0405588,0,0.42862,0.19924,3.47631,0.0398006,0
136.362666667,0.0310782,2.9007,0.0886968,0.220621,0.295231,0.057552,0,0.432686,0.102821,3.67453,0.0433502,0
136.405333333,0,3.0514,0.0386969,0.239475,0.388665,0.101327,0,0.263366,0.056491,3.48475,0.0652849,0
136.448000000,0.0576489,2.98313,0.0259917,0.219617,0.0567128,0.0102435,0.0929848,0.475494,0.0532499,2.61242,0.164981,0
136.490666667,0.182021,2.67191,0.0556052,0.179691,0.0003564,0.0271851,0.139197,0.520117,0.0734695,1.74897,0.293091,0
136.533333333,0.181016,2.36312,0.0628789,0.192738,0.00592994,0.0305628,0.131472,0.558171,0.0976475,0.914456,0.538074,0
136.576000000,0.0589195,2.36619,0.0586196,0.205496,0,0.0257943,0.0616676,0.589679,0.0740471,0.550364,0.933335,0
136.618666667,0,2.42364,0.0331783,0.225811,0,0.226587,0,0.414052,0.0985108,0.269591,1.48231,0
136.661333333,0,1.65248,0.00147323,0.23662,0,0.781144,1.20659,0.475558,0.192225,0.0570444,2.02187,0
136.704000000,0.11519,1.39062,0.0501981,0.14755,0.0138017,0.518665,2.54504,0.55827,0.182282,0.0295719,2.50585,0.0940685
136.746666667,0.0461942,1.62307,0.0607765,0.107622,0.0157142,0.167006,3.38574,0.558089,0.129028,0.108725,2.48379,0.044034
136.789333333,0.0347092,1.87294,0.058488,0.126486,0.00249534,0.202434,3.60228,0.482178,0.108957,0.104725,1.98925,0.127072
136.832000000,0.152232,2.13797,0.0718284,0.177918,0,0.332209,3.85786,0.425452,0.0658509,0.0238175,1.37959,0.125844
136.874666667,0.0240068,2.23585,0.00752979,0.217347,0,0.233125,4.09363,0.268147,0,0.14278,1.08257,0
136.917333333,0.222452,2.23458,0,0.207023,0,0.109907,4.10491,0.412912,0.0385531,0.113723,1.09423,0
136.960000000,0.225994,2.13207,0.0327054,0.127911,0.00556778,0.0269676,3.80504,0.504422,0.105538,0.0722727,0.900598,0
137.002666667,0.131043,2.09496,0.0555236,0.0376825,0.010335,0.0458032,3.74423,0.510264,0.106279,0.0351126,1.07203,0.0375469
137.045333333,0.0422982,2.07489,0.0484452,0.0869168,0.00535324,0.0522064,3.8234,0.491321,0.0943418,0.0136429,1.27154,0.0867465
137.088000000,0.0327128,2.10083,0.0189137,0.174092,0.00223575,0.0451868,4.11848,0.354984,0.0374396,0.00570437,1.35923,0.0848889
137.130666667,0.159652,2.09886,0.0219196,0.206278,0.00350466,0.0175995,4.36452,0.102231,0,0.0507866,1.24534,0.00904215
137.173333333,0.37059,2.05706,0.105843,0.0612841,0.0062169,0.0493669,4.0479,0.39143,0.0803839,0.021285,0.94144,0
137.216000000,0.469391,1.98722,0.204643,0,0.0100629,0.0568067,3.83904,0.475675,0.0960991,0.015035,0.644145,0
137.258666667,0.454927,1.95173,0.169186,0,0.00451809,0.0566763,3.80151,0.502083,0.0887674,0.0104446,0.542057,0
137.301333333,0.315108,2.01138,0.180671,0,0,0.0507461,3.81769,0.509129,0.0712023,0.00373292,0.595035,0
137.344000000,0.16679,2.22376,0.127488,0.0280238,0.00294195,0.0856246,4.0695,0.421263,0.0108306,0.0120837,0.847227,0
137.386666667,0.036532,2.23141,0.0962054,0.136885,0.016193,0.0202662,4.39939,0.169914,0,0.0439979,0.865861,0
137.429333333,0.15686,2.17175,0.249049,0.0983199,0.0664909,0.0275708,4.12821,0.287345,0.120008,0.0323224,0.644561,0
137.472000000,0.386892,2.10386,0.163026,0.0586158,0.0726679,1.04091,3.3101,0.475099,0.894761,0,0.327604,0
137.514666667,0.45821,2.22562,0.130643,0.0454342,0.0638934,2.05251,1.86016,0.519272,1.37862,0,0.0996092,0.000823472
137.557333333,0.365426,2.33531,0.0944537,0.237938,0.0304198,2.49437,0.642335,0.511482,1.84028,0,0.0482014,0.00876712
137.600000000,0.197204,2.51185,0.0225218,0.348678,0,3.07766,0.588422,0.188421,1.79884,0,0.0994485,0.000210551
137.642666667,0.0908284,2.59363,0.0295664,0.224002,0,3.11372,0.599097,0.330122,1.82138,0,0.119162,0.0019951
137.685333333,0.0980887,2.53542,0.182283,0.0719088,0.039096,2.86456,0.630007,0.528261,1.8365,0,0.176758,0.0221194
137.728000000,0.0456891,2.50864,0.281736,0.015009,0.0454373,2.78178,0.609336,0.569048,1.81357,0,0.216519,0.0570851
137.770666667,0.0311166,2.46842,0.286812,0.00268169,0.0335238,2.82722,0.599579,0.561523,1.79079,0,0.280036,0.0496624
137.813333333,0.0750879,2.40951,0.222331,0.0760246,0.00277226,3.02159,0.58942,0.474015,1.74708,0,0.321876,0.0145129
137.856000000,0.077707,2.4372,0.169888,0.131154,0.002389,3.28293,0.577551,0.243805,1.68422,0,0.241262,0
137.898666667,0.161375,2.4867,0.0651416,0.0579081,0.0331531,3.00079,0.572911,0.505395,1.85216,0,0.222684,0
137.941333333,0.223651,2.46841,0.112825,0.0859602,0.0444098,2.54838,0.633655,0.623778,1.86294,0,0.0123026,0
137.984000000,0.221387,2.47961,0.145286,0.0864447,0.0375699,2.4593,0.640438,0.636161,1.85025,0,0.0101393,0
138.026666667,0.209836,2.47458,0.16842,0.0773048,0.0180911,2.48027,0.605991,0.646168,1.83689,0,0.00804287,0.00218011
138.069333333,0.191397,2.48179,0.170323,0.105488,0.00447599,2.76517,0.585167,0.593709,1.8001,0,0.0324914,0
138.112000000,0.099661,2.52378,0.108985,0.0450281,0,3.16551,0.586658,0.579743,1.69438,0,0.0623469,0
138.154666667,0.232738,2.49954,0.0550729,0.00666782,0,2.56782,0.661799,0.803436,1.70842,0,0.00994963,0
138.197333333,0.245882,2.86935,0.145146,0.0012403,0,2.45157,0.0678192,0.76027,1.66615,0,0.011357,0
138.240000000,0.224248,2.82653,0.239774,0,0,2.49766,0.0329449,0.753874,1.65968,0,0.066525,0
138.282666667,0.197691,2.84689,0.285965,0,0,2.63505,0.0218633,0.735538,1.63566,0,0.182707,0
138.325333333,0.126234,2.84174,0.3038,0.0377339,0,3.00113,0.00107463,0.565368,1.68537,0.000345042,0.314994,0
138.368000000,0.0822144,2.79808,0.104478,0.125843,0.00315236,3.20076,0,0.359844,1.65643,0,0.351721,0
138.410666667,0.163059,2.78448,0.145149,0.0191301,0.0358818,2.81544,0.112518,0.720269,1.61196,0,0.336238,0
138.453333333,0.234308,2.72679,0.21107,0,0.0396907,2.51999,0.156483,0.762468,1.56225,0,0.0250718,0
138.496000000,0.242354,2.69547,0.243868,0,0.0268671,2.49799,0.141698,0.761115,1.53851,0,0.0248108,0
138.538666667,0.239343,2.64418,0.235737,0.00289051,0.00105629,2.53904,0.10817,0.744348,1.55936,0,0.0214581,0
138.581333333,0.261283,2.50983,0.106725,0.127584,0.00836448,2.59055,0.165272,0.573604,1.64626,0.16067,0.0288636,0
138.624000000,0.47599,2.00678,0.180237,0.194621,0.0432663,2.14105,0.194639,0.748226,1.18778,0.0770364,0.962808,0.097251
138.666666667,0.557688,1.32415,0.0346693,0.0186363,0.0804696,1.7194,0.141013,0.635361,1.19901,0.1526,2.52328,0.175796
138.709333333,0.290671,1.24282,0.531913,0.0590903,0.0595998,1.61393,0.0866098,0.636139,1.03951,0.0254649,3.34835,0.182031
138.752000000,0.0193539,1.37175,0.899079,0.0208379,0.100241,1.25091,0.0389761,0.649692,0.571472,0.0168314,3.73965,0.163914
138.794666667,0,1.45149,0.929827,0.046194,0.00871493,1.81381,0,0.655328,0.288407,0.0287109,3.86237,0.129562
138.837333333,0,1.68943,0.85227,0.197081,0.00429991,2.16903,0,0.518667,0.138172,0.0495754,3.76343,0.085899
138.880000000,0,1.52327,0.653818,0.177797,0.00199618,1.91737,0.455456,0.695722,0.131361,0.0865115,3.64679,0
138.922666667,0,1.3978,0.645674,0.0765662,0.013413,1.80746,0.527016,0.695079,0.119913,0.109818,3.56552,0
138.965333333,0,1.31537,0.703076,0.0197745,0.0111323,1.78462,0.519627,0.693344,0.127028,0.111562,3.59042,0
139.008000000,0,1.3237,0.832748,0.0248299,0,1.73638,0.486307,0.701805,0.122356,0.0981892,3.60104,0
139.050666667,0,1.44983,0.93729,0.106267,0,1.79283,0.463383,0.627794,0.140651,0,3.80147,0
139.093333333,0.00825017,1.65739,0.922221,0.179109,0.0134961,2.09468,0.067284,0.429972,0.29149,0,3.92217,0.106953
139.136000000,0.0683561,1.59774,0.667758,0.0429158,0.00365788,2.00694,0.0444571,0.561501,0.272855,0,3.77327,0.111245
139.178666667,0.102398,1.59548,0.321241,0,0.00846959,1.9993,0.0388893,0.583663,0.293393,0.00642101,3.71187,0.186172
139.221333333,0.0368415,1.76591,0.309227,0,0.00308849,1.8828,0.0209629,0.596995,0.277618,0.0109468,3.73582,0.197733
139.264000000,0,1.82477,0.401385,0.0594921,0,1.99757,0.00105978,0.596363,0.204637,0.0173012,3.76747,0.159216
139.306666667,0,1.80319,0.4819,0.185032,0.00306239,2.15947,0.0210561,0.425801,0.212474,0.0341372,3.76633,0.111625
139.349333333,0,1.70146,0.374097,0.188035,0.00337127,2.0797,0.0981842,0.557145,0.20801,0.0667148,3.74388,0.0583706
139.392000000,0,1.45527,0.287775,0.143665,0.0388343,1.85701,0.387258,0.702839,0.136488,0.0983319,3.55393,0.000840225
139.434666667,0.0475974,1.37579,0.346974,0.106921,0.0434251,1.80844,0.415562,0.722189,0.129299,0.106875,3.44668,0
139.477333333,0.0137627,1.35955,0.440598,0.0490158,0.0324764,1.81392,0.407756,0.728096,0.139211,0.107741,3.46507,0
139.520000000,0,1.40048,0.522874,0.0844463,0,1.8801,0.413013,0.696837,0.179733,0.10138,3.56465,0
139.562666667,0,1.59902,0.487126,0.177158,0.000333737,2.05489,0.420733,0.434258,0.261641,0.0264881,3.83732,0
139.605333333,0,1.63393,0.356576,0.117215,0.0662485,1.49754,0.514539,0.410606,0.327623,0,3.74011,0.112734
139.648000000,0.231163,1.72639,0.0461697,0,0.135884,1.94273,0.319465,0.494953,0.247644,0,3.44704,0.261647
139.690666667,0.309426,1.72236,0.0923532,0.0234685,0.124619,2.03438,0.278746,0.522264,0.247942,0.00832968,3.32247,0.28669
139.733333333,0.241171,1.76511,0.223916,0.0230626,0.0747474,2.02639,0.217877,0.550833,0.222273,0.0135359,3.31859,0.265118
139.776000000,0,1.72816,0.379283,0.0860776,0,2.16517,0.1243,0.508199,0.237612,0.0251878,3.67185,0.358754
139.818666667,0,1.63028,0.368713,0.177749,0.0004609,2.23977,0.134078,0.435811,0.201044,0.0506232,3.77115,0.099041
139.861333333,0.0108025,1.14096,0.24146,0.0726541,0.00177264,2.104,0.584618,0.667058,0.124727,0.0888049,3.71268,0
139.904000000,0.18124,0.960313,0.275622,0.022683,0.00195435,2.00961,0.643131,0.689895,0.116433,0.111129,3.53952,0
139.946666667,0.210307,0.760137,0.345825,0.0130991,0.00290642,2.0438,0.628321,0.694705,0.148675,0.117071,3.44413,0
139.989333333,0.11266,0.593274,0.450378,0.0470359,0.00702843,2.02397,0.597834,0.695099,0.168063,0.118945,3.5387,0
140.032000000,0,0.619168,0.56106,0.135368,0.0148978,2.04623,0.578921,0.582369,0.169967,0,3.81919,0
140.074666667,0,0.709333,0.613103,0.273598,0.033886,2.28997,0.340794,0.362761,0.287965,0,3.79534,0.0721324
140.117333333,0.150122,0.844425,0.147537,0.0697062,0,2.46836,0.358236,0.408419,0.234281,0.104742,3.84406,0.145472
140.160000000,0.188658,1.16123,0.106283,0.0708924,0.0382019,2.44553,0.325437,0.474275,0.241668,0.0824006,3.73426,0.208582
140.202666667,0.125826,1.44447,0.108721,0.0770874,0,2.43862,0.265054,0.500586,0.251045,0.0180664,3.70926,0.258971
140.245333333,0,1.64467,0.22959,0.12918,0,2.58544,0.158824,0.471998,0.188735,0.0157035,3.70822,0.20806
140.288000000,0,1.69575,0.269611,0.213451,0,2.53352,0.0878913,0.24824,0.126905,0.036142,3.66093,0.133634
140.330666667,0.123429,1.68377,0,0.21463,0,2.47967,0.12372,0.462062,0.0146445,0.0707005,3.6738,0.0540295
140.373333333,0.343948,1.47877,0,0.16321,0,2.22678,0.406023,0.575147,0,0.103779,3.39806,0
140.416000000,0.384213,1.40117,0.0458583,0.156942,0,2.06347,0.411292,0.589527,0.014882,0.112267,3.32388,0
140.458666667,0.339123,1.34423,0.146823,0.166451,0,1.97099,0.393945,0.597423,0.0374034,0.114546,3.41006,0
140.501333333,0.133029,1.33215,0.279295,0.191342,0,2.02154,0.394602,0.59649,0.0440076,0.118728,3.60431,0
140.544000000,0.0618452,1.3505,0.374184,0.281036,0.0284884,2.28493,0.245745,0.368102,0,0.0149987,3.80376,0
140.586666667,0.207228,1.52143,0.15317,0.248764,0,1.91495,0.320783,0.358719,0.0796553,0,3.63528,0.141766
140.629333333,0.459088,1.78938,0.0384893,0.102579,0,1.75829,0.318018,0.451372,0.0822397,0.00908517,3.3408,0.164427
140.672000000,0.311542,2.08789,0.0517273,0.0802049,0,1.99709,0.225593,0.484173,0.0788064,0.00416424,3.31046,0.188429
140.714666667,0.0655036,2.13587,0.159704,0.0505473,0,2.1334,0.0840216,0.456116,0.057129,0.0107817,3.45627,0.228858
140.757333333,0,2.05559,0.266882,0.0460255,0,2.15264,0.0213542,0.281792,0.0710728,0.0269364,3.58119,0.191324
140.800000000,0,1.99719,0.18575,0.10043,0.00914629,2.23613,0.0476546,0.471649,0.0204016,0.0543856,3.62343,0.0814138
140.842666667,0.239315,1.76129,0.0991881,0.0481436,0.00754208,2.06724,0.205914,0.714106,0,0.0957457,3.52389,0.0122917
140.885333333,0.30555,1.52284,0.16049,0.061499,0.01144,2.03639,0.395696,0.743052,0.00478992,0.112764,3.17124,0.0271481
140.928000000,0.265601,1.40182,0.213604,0.0719914,0.00616462,2.08102,0.455332,0.74876,0.0311133,0.114236,3.11737,0.0275741
140.970666667,0.159297,1.36757,0.261816,0.0695614,0,2.08833,0.413717,0.748343,0.0503786,0.111762,3.32467,0.0324215
141.013333333,0,1.48651,0.266347,0.108871,0.00274993,2.18268,0.269573,0.603175,0.0828686,0.0946115,3.61323,0.100766
141.056000000,0.0334857,1.56073,0.279731,0.2731,0.0496033,2.29932,0.168213,0.307961,0.332574,0,3.49912,0.151657
141.098666667,0.356336,1.41785,0.151051,0.0189183,0,2.09406,0.262917,0.484705,0.425264,0.00704599,3.40842,0.154072
141.141333333,0.358317,1.21206,0.137923,0.00454068,0,2.01075,0.253282,0.549392,0.494828,0.00681241,2.94792,0.21594
141.184000000,0.266651,1.16035,0.164294,0.0305874,0,1.99801,0.197756,0.579363,0.427143,0.008293,2.69889,0.24598
141.226666667,0.0978518,1.40307,0.208893,0.092184,0,2.13731,0.0894982,0.546108,0.366014,0.0187031,3.0959,0.252606
141.269333333,0,1.49503,0.206334,0.200447,0.00325243,2.14466,0.0734085,0.26769,0.371976,0.0408393,3.44042,0.209913
141.312000000,0.209004,1.31615,0.0701918,0.113832,0.0405115,1.77136,0.755255,0.494739,0.385261,0.0857782,3.23787,0.0464092
141.354666667,0.343229,1.06677,0.0992314,0.0466515,0.00462589,1.83502,0.869765,0.6039,0.308005,0.111924,2.87879,0.00981387
141.397333333,0.36284,1.02174,0.127685,0.033501,0.0025694,1.96495,0.782761,0.621487,0.296639,0.115108,2.78171,0
141.440000000,0.329014,1.04322,0.190779,0.0327631,0,1.98552,0.672401,0.622071,0.310038,0.116055,2.89883,0
141.482666667,0.165677,1.11275,0.235979,0.106086,0,2.06917,0.526891,0.529104,0.321611,0.0988113,3.33594,0.00883765
141.525333333,0.043127,1.155,0.218331,0.411198,0.153797,2.54834,0.504081,0.235264,0.397791,0,3.29977,0.111269
141.568000000,0.207268,1.50607,0.120499,0.207282,0,2.14741,0.266872,0.24295,0.405684,0,3.17533,0.189778
141.610666667,0.261429,1.54371,0.00853091,0.17091,0.0684477,1.6242,0.412949,0.358396,0.365563,0.0305411,2.96428,0.269248
141.653333333,0.249095,1.61149,0.0211641,0.206218,0.294617,1.25835,0.407179,0.405242,0.324549,0.0638166,2.99534,0.292927
141.696000000,0.0360075,1.7349,0.0739559,0.244437,0.206259,1.62975,0.0576132,0.398067,0.323739,0.0288391,3.26179,0.316438
141.738666667,0,1.77212,0.139794,0.272213,0,2.08303,0.00806642,0.229338,0.405271,0.0308318,3.50185,0.437368
141.781333333,0,1.71887,0.0672147,0.268895,0,2.18751,0.120862,0.354075,0.395996,0.0609196,3.53097,0.495154
141.824000000,0.183644,1.45094,0.0768522,0.370212,0,1.63253,0.52845,0.662126,0.127969,0.108148,3.34342,0.0184723
141.866666667,0.143636,1.40382,0.163245,0.3424,0,1.73193,0.59963,0.693958,0.0957427,0.113174,3.37291,0
141.909333333,0.0646746,1.42329,0.248892,0.305383,0,1.8091,0.52842,0.704054,0.116829,0.113019,3.43073,0
141.952000000,0,1.42961,0.337672,0.273402,0,1.83738,0.413914,0.681565,0.177097,0.110725,3.53261,0.00386048
141.994666667,0,1.42408,0.35694,0.403583,0.285474,1.90359,0.417939,0.442575,0.278877,0.0265825,3.62347,0
142.037333333,0.0447899,1.46584,0.283253,0.308304,0.254596,1.91701,0.145526,0.216167,0.326169,0.169203,3.61181,0.239455
142.080000000,0.16573,1.46822,0.285447,0.181548,0.509947,1.58236,0.0851542,0.377844,0.129408,0.0390201,3.52653,0.442484
142.122666667,0.15971,1.4499,0.246199,0.213204,0.576335,1.21492,0.183912,0.471981,0.0481874,0.034764,3.29073,0.5811
142.165333333,0.0813348,1.51755,0.0534094,0.260427,0.428101,1.09753,0.214437,0.549349,0.107607,0.031906,3.26449,0.555373
142.208000000,6.67783e-05,1.78916,0.0831668,0.257341,0.157923,1.88152,0.164797,0.262103,0.236278,0.0377409,3.44081,0.378865
142.250666667,0,2.06114,0.122864,0.248157,0,2.36684,0.000599436,0.0920566,0.281012,0.0448096,3.49302,0.340365
142.293333333,0,1.9862,0.0269568,0.212461,0,2.49566,0.00513027,0.396575,0.173828,0.0813553,3.59404,0.119193
142.336000000,0.142625,1.89609,0.0492812,0.164124,0.0179614,2.28118,0.0168778,0.571868,0.0415797,0.109131,3.62189,0.0504308
142.378666667,0.174157,1.79284,0.119232,0.153189,0.0168523,2.07693,0.185136,0.60794,0.0526655,0.114906,3.58711,0.0437277
142.421333333,0.0436955,1.7442,0.223358,0.179718,0.000824623,2.10235,0.308093,0.592428,0.134608,0.112825,3.40431,0.031369
142.464000000,0,1.82818,0.297477,0.233716,0,1.90884,0.262275,0.383197,0.376434,0.106503,2.64401,0.0423264
142.506666667,0.0122256,2.00651,0.229879,0.388919,0.22177,1.84259,0.0756045,0.090319,0.375543,0.121079,1.47925,0.164288
142.549333333,0.390976,2.09746,0.151359,0.21765,0,1.55803,0.165855,0.283181,0.360075,0.332782,0.843282,0.229715
142.592000000,0.496855,1.94962,0.0522068,0.159975,0,1.38469,0.247817,0.432845,0.312852,0.861918,0.465934,0.280169
142.634666667,0.412986,1.88731,0.0752405,0.124739,0,1.20897,0.199511,0.478192,0.286501,1.6959,0.342418,0.292838
142.677333333,0.299872,1.91389,0.0764042,0.181428,0.0868959,0.946093,0.0906856,0.446738,0.283282,2.83716,0.27869,0.303453
142.720000000,0.0870621,2.16454,0.00825181,0.302865,0,0.952249,0,0.206008,0.287055,3.51566,0.165458,0.369511
142.762666667,0.0289841,2.16787,0,0.319292,0.103778,1.13201,0,0.265259,0.308291,2.85437,0.240983,0.379675
142.805333333,0.379834,2.00511,0.0376879,0.255401,0.195837,0.872926,0.0980717,0.70979,0.399861,1.69231,0.46845,0.0387994
142.848000000,0.496604,1.92959,0.0850614,0.1653,0.117165,0.458423,0.144241,0.791629,0.716734,0.714881,0.485807,0.037359
142.890666667,0.481034,1.74668,0.142955,0.267378,0.0839316,0.317469,0.123171,0.741319,1.51913,0.250305,0.488888,0.027222
142.933333333,0.494153,1.67208,0.152985,0.558411,0.00349661,0.383955,0.0675208,0.680461,2.5196,0.127156,0.471954,0.0226683
142.976000000,0.465339,1.33545,0.0175314,0.701456,0.195936,0.695308,0.409375,0.260648,3.47883,0.0513322,0.487266,0.108132
143.018666667,0.365999,1.4712,0.202975,0.633446,0.0517475,0.586496,0.17361,0.0704797,3.63864,0.0105144,0.216536,0.149374
143.061333333,0.382972,1.74677,0.0269953,0.362657,0.3215,0.36482,0.358859,0.186945,3.2887,0.024983,0.185435,0.218298
143.104000000,0.452903,1.88257,0.0354053,0.202873,0.441771,0.0623786,0.390588,0.34361,2.66519,0.0514394,0.186498,0.255756
143.146666667,0.537103,1.98446,0.0184097,0.403346,0.345312,0.0567376,0.361433,1.185,0.94079,0.0344189,0.178239,0.286945
143.189333333,0.166208,1.99135,0.0259058,0.412779,0.112978,0.311052,0.119478,2.24314,0.511575,0.0433306,0.173845,0.785232
143.232000000,0.049226,2.00524,0.350684,0.282453,0,0.385727,0,3.20249,0.47995,0.0572463,0.180529,0.885908
143.274666667,0.0496775,1.75411,0.386145,0.251658,2.38363e-05,1.002,0,3.75073,0.461865,0.0919864,0.505558,0.411324
143.317333333,0.196899,1.36229,0.606999,0.266282,0.0144606,1.40182,0.23374,2.78302,0.428204,0.116868,0.651591,0.20334
143.360000000,0.167519,1.2737,0.681223,0.234868,0.0149781,1.64469,0.278978,1.54041,0.439387,0.123009,0.682323,0.092704
143.402666667,0.0394341,1.30256,0.368225,0.221453,0,1.71832,0.44187,0.820545,0.461537,0.121925,0.793306,0.0360754
143.445333333,0,1.59932,0.140256,0.202233,0,2.08711,0.89674,0.453428,0.444575,0,0.78991,0.149556
143.488000000,0,1.81182,0.259578,0.355284,0.121852,1.46218,1.96718,0.121997,0.397449,3.9035e-05,1.0592,0.0891632
143.530666667,0.20515,1.54712,0.124379,0.165952,0.00596826,0.830647,2.83454,0.263852,0.354181,0.0165978,0.845243,0.186532
143.573333333,0.345385,1.25617,0.0139446,0.203377,0.00171794,0.685533,2.91283,0.325159,0.341843,0.16979,0.572277,0.243554
143.616000000,0.332547,1.38993,0.0016221,0.257684,0,0.752604,2.02738,0.295162,0.328043,0.288623,0.406527,0.282726
143.658666667,0.137739,1.73639,0.00184555,0.275732,0,1.12763,0.796196,0.235958,0.241378,0.539698,0.416538,0.322124
143.701333333,0.0631749,1.94613,0.00826804,0.271396,0,2.26183,0.123245,0.107763,0.116369,0.788818,0.31075,0.26818
143.744000000,0.56656,1.76761,0,0.239582,0,2.97256,0.0468368,0.226573,0.0795785,0.821333,0.476397,0.183697
143.786666667,0.670983,1.65924,0.0141532,0.230362,0,3.31309,0.160917,0.413049,0.107912,0.664631,0.566642,0.0135879
143.829333333,0.524979,1.77034,0.111177,0.225483,0.0736131,2.99266,0.153481,0.503583,0.130843,0.33978,0.581831,0.0116995
143.872000000,0.46707,1.76291,0.185196,0.233082,0.301147,1.81218,0.0731766,0.581104,0.140911,0.129163,0.542348,0.0808002
143.914666667,0.186294,1.59997,0.261595,0.220377,1.04156,0.808548,0.0944576,0.617617,0.469554,0.139003,0.446171,0.157094
143.957333333,0,1.40638,0.424959,0.283014,2.02351,0.823087,0.0145575,0.30276,1.01838,0.247855,0.53604,0.621768
144.000000000,0.132115,1.3973,0.395691,0.286259,2.92036,0.61125,0.00337249,0.213973,1.08226,0.0106806,0.888197,0.908255
144.042666667,0.174988,1.42429,0,0.193309,2.89396,0.667123,0.0049341,0.270919,1.06107,0.260177,0.838198,1.04405
144.085333333,0.114794,1.53156,0,0.301413,2.26633,0.696246,0.00350077,0.335196,0.846261,0.221406,0.604623,0.807907
144.128000000,0.0424215,1.88491,0,0.689828,0.949171,0.641132,0.0073407,0.781322,0.802957,0.190617,0.416591,0.486753
144.170666667,0.0164414,2.25525,0.00297298,1.48403,0.130379,0.776238,0.000956433,0.900243,0.534865,0.244517,0.817606,0.286808
144.213333333,0,2.20464,0,2.42331,0,0.840917,0,0.747834,0.403161,0.0917413,1.19278,0.231052
144.256000000,0,1.69847,0,2.9209,0,0.744454,0,0.738217,0.270042,0.140349,1.33892,0.0319027
144.298666667,0.207981,1.47177,0.119928,2.14528,0,0.563003,0,0.634133,0.421254,0.224541,1.11749,0.0364514
144.341333333,0.487736,1.1632,0.649051,1.05054,0,0.539327,0.556897,0.589525,0.288662,0.222078,0.718463,0.0176667
144.384000000,0.528979,1.0895,1.70015,0.338386,0,0.675367,0.870605,0.65182,0.217318,0.571135,0.483219,0.0103309
144.426666667,0.362559,1.21021,2.46844,0.259489,0.0536033,0.642932,0.819467,0.536993,0.258986,0.974475,0.236455,0.0676369
144.469333333,0.133432,1.51335,2.56323,0.411896,0.0951792,0.717745,0.483412,0.139977,0.214962,1.252,0.139007,0.155407
144.512000000,0.203012,1.67363,1.78033,0.244658,0,1.18383,0.100455,0.183786,0.105633,1.19104,0.314929,0.398197
144.554666667,0.119683,1.83666,0.827107,0.244175,0,1.56634,0.148061,0.222036,0.158644,0.790691,0.373207,0.699924
144.597333333,0.0420059,2.21039,0.106036,0.228914,0,1.62498,0.524917,0.189597,1.02561,0.540393,0.329478,0.834262
144.640000000,0.0146013,2.88077,0,0.220087,0,1.47873,0.627679,0.0998401,1.47763,0.520127,0.176309,0.65655
144.682666667,0.0836517,3.13456,0,0.219684,0,1.16927,0.486273,0.0702021,1.36831,0.430518,0.17541,0.179189
144.725333333,0.577413,2.62896,0,0.246026,0.19826,0.96994,0.127761,0.240768,0.878845,0.0854769,0.499344,0.0436172
144.768000000,1.65646,1.86278,0,0.253574,0.280904,0.823418,0.29092,0.84768,0.326804,0.111794,0.658909,0.00798448
144.810666667,2.47714,1.37573,0,0.254618,0.230666,0.84318,0.40119,1.25785,0.235435,0.116261,0.46985,0
144.853333333,2.42326,1.2304,0,0.299654,0.0464085,0.777144,0.370884,1.28594,0.270806,0.208058,0.174231,0.013257
144.896000000,1.46911,1.18091,0,0.294273,0,0.669998,0.421728,0.837474,0.374261,0.534474,0.174114,0.363797
144.938666667,0.478365,1.00233,0,0.360414,0,1.11628,0.860459,0.106465,0.342718,0.575548,0,1.53268
144.981333333,0.0387583,1.25123,0,0.288494,0,1.33316,1.06499,0.266648,0.233359,0.488125,0.0166148,2.45742
145.024000000,0,1.59403,0.0227971,0.250642,0,1.36444,1.1548,0.302902,0.220703,0.173283,0.119519,2.5012
145.066666667,0,2.14557,0.00421356,0.239183,0,1.14349,0.839786,0.257382,0.334698,0.0130526,0.630168,1.40561
145.109333333,0,2.40956,0,0.219433,0,1.15539,0.425288,0.158838,0.593198,0.00124739,1.80335,0.393124
145.152000000,0,2.41828,0,0.232407,0,1.59866,0.341982,0.0347102,0.549049,0.0310306,2.75679,0.00951708
145.194666667,0,2.11533,0,0.248671,0.140912,1.93032,0.628305,0.221469,0.453283,0.199182,2.57144,0
145.237333333,0,1.82481,0,0.248276,0.0295136,2.00712,0.745335,0.603617,0.370018,0.576361,1.5953,0
145.280000000,0.0671237,1.62133,0,0.247867,0.0353652,2.3995,0.493,0.891433,0.342954,1.50031,0.499239,0
145.322666667,0.134269,1.58067,0,0.249166,0.103047,2.52368,0.289393,0.67749,0.395535,2.01939,0.162836,0
145.365333333,0.0553928,1.605,0.0296018,0.249677,0.0544806,2.63523,0.538337,0.165582,0.690389,1.63857,0.00197359,1.55419e-05
145.408000000,0,1.75165,0.0122845,0.247129,0,2.6263,0.924974,0.0192914,1.21564,0.647488,0,0.0941089
145.450666667,0,1.78654,0.00542158,0.420479,0,2.46573,0.943092,0.0474195,2.25663,0.140873,0,0
145.493333333,0.182699,1.58226,0.121065,0.606439,0,1.94086,0.665242,0.181447,2.426,0.0293899,0,0
145.536000000,0.185083,1.41463,0.0275249,0.342961,0,2.23602,0.503344,0.942907,1.41646,0.000515614,0.0235353,0.133457
145.578666667,0.185108,1.47607,0.16503,0.247545,0,2.34187,0.28008,2.03181,0.339909,0.000441367,0.0381776,0.251748
145.621333333,0.1836,1.52032,0.263293,0.25067,0,1.94873,0.282688,2.37621,0.169395,0.00150133,0.225248,0.113538
145.664000000,0.163242,1.64498,0.154643,0.255335,0.149876,1.42727,0.662387,1.56803,0.274135,0.00255107,0.42515,0
145.706666667,0.617863,1.53997,0.0903321,0.254732,0.249794,1.2209,1.78724,0.384285,0.357417,0.00223859,0.668525,0
145.749333333,0.568681,1.58835,0.23501,0.250132,0.0635658,1.84812,2.0489,0.143693,0.387297,0.00132211,0.621338,0
145.792000000,0.419362,1.65803,0.312597,0.24672,0,2.57682,1.13665,0.191464,0.397563,0.0928397,0.349582,0
145.834666667,0.530347,1.47781,0.0244638,0.247546,0.000809783,3.21766,0.341325,0.169219,0.543801,0.496813,0.141198,0.0250877
145.877333333,0.483236,1.48192,0.0137362,0.249428,0.165014,3.42949,0.275494,0.0421764,0.63545,0.389587,4.08192e-05,0.0385067
145.920000000,0.333623,1.3622,0,0.24603,0.949192,2.69582,0.177488,0.0444692,0.798996,0.0173452,0.000119321,0.107314
145.962666667,0.409371,1.46018,0.043014,0.273621,1.98211,1.54251,0,0.0777782,0.891362,0.000631734,0.0168494,0.230863
146.005333333,0.498542,1.51608,5.92499e-05,0.490055,1.87065,0.580059,0,0.504904,0.653826,0.00713294,0.203953,0.286169
146.048000000,0.514649,2.02215,0.00148385,1.17966,0.929459,0.459949,0,0.766312,0.272859,0.00496526,0.390228,0.022809
146.090666667,0.394509,2.21219,0.0951676,1.47955,0.18681,0.792012,0.047237,0.652694,0.321994,0.00184829,0.561533,0.0193026
146.133333333,0.254058,2.07483,0.51115,1.00927,0,1.20302,0.289028,0.18,0.451571,0.240575,0.514968,0.0871091
146.176000000,0.327014,1.8199,1.06124,0.525678,0,1.56787,0.416247,0.0301836,0.455942,0.486878,0.145265,0.133654
146.218666667,0.426037,1.97226,1.01771,0.281757,0,1.60854,0.12319,0.0458423,0.465341,0.650058,0.000336678,0.0436703
146.261333333,0.381052,2.2981,0.537348,0.248508,0,1.54075,0.0839844,0.11761,0.933059,0.301768,0.00720987,0.0341753
146.304000000,0.564019,2.60636,0.133501,0.248902,0.40538,1.1307,0.157985,0.119074,1.11822,0.0679384,0.145355,0
146.346666667,1.13201,2.42272,0,0.252452,0.743396,0.826898,0.00885515,0.295658,0.778794,0.00707947,0.414528,0
146.389333333,1.08584,2.11682,0,0.253755,0.594552,1.00146,0.13965,0.572434,0.507871,0.00339826,0.365422,0.0966997
146.432000000,0.653443,2.25956,0,1.15356,0.147062,1.11269,1.08108,0.0492074,0.571614,0.337766,0.397418,0.548485
146.474666667,0.339177,2.12463,0,1.09376,0.124047,1.18062,1.57703,0.0284102,0.89785,0.202113,0.667436,0.628565
146.517333333,0.188205,1.79243,0,0.352082,0.200072,0.859486,2.02467,0.0278138,1.20431,0.306457,1.44088,0.496132
146.560000000,0.21123,1.5815,0,0.210912,0.132332,0.312397,2.51807,0.0195792,1.05271,0.485621,1.81908,0.476767
146.602666667,0.0690584,1.79644,0.0621573,0.224274,0.133716,0.254103,2.83015,0.0060589,0.850764,0.162127,1.81035,0.370483
146.645333333,0.0635899,1.97601,0.00265679,0.224199,0.102121,0.241651,3.01702,0.00599673,0.853084,0.0679419,1.74362,0.256408
146.688000000,0.171265,2.0122,0.0307136,0.215891,0.0404484,0.237044,3.23846,0.0348356,0.919807,0.0908789,1.69585,0.026284
146.730666667,0.524553,1.91252,0.0429746,0.213289,0,0.215511,3.19569,0.122211,0.861341,0.104166,1.60035,0.0630652
146.773333333,0.581555,1.94267,0.0445781,0.215449,0,0.220279,3.15365,0.162919,0.849803,0.100952,1.58192,0.109538
146.816000000,0.380698,2.17529,0.0437447,0.220726,0,0.202496,2.95651,0.101658,0.841949,0.0291086,1.56142,0.213299
146.858666667,0.236453,2.17818,0.0522448,0.223731,0.0451828,0.192614,3.01079,0.0260308,0.768814,0.00333969,1.49793,0.202906
146.901333333,0.106019,2.10615,0.0627823,0.308413,0.0894158,0.22649,3.00514,0.00433399,0.85112,0.0658597,1.40354,0.166818
146.944000000,0.198028,2.22064,0.0977434,0.702485,0,0.241182,2.75157,0.0325627,0.83662,0.532039,1.11714,0.179413
146.986666667,0.380263,2.37696,0.0294634,0.64277,0.154499,0.363961,2.51398,0.0351551,1.11415,0.781827,1.15893,0.163448
147.029333333,0.33848,2.22454,0.0123285,0.629288,0.175234,0.435457,2.49079,0.00641798,1.24009,0.701589,1.10734,0.163833
147.072000000,0.199251,2.06588,0.034844,0.638694,0,0.317509,2.47908,0.00579805,1.32231,0.795956,1.04522,0.190447
147.114666667,0.0833348,1.95088,0.0598519,0.348819,0,0.315835,2.95942,0.00405977,1.00791,0.405129,1.13445,0.174156
147.157333333,0.0906519,2.13829,0.270284,0.205378,0,0.838232,2.89712,0.0186531,1.00447,0.0711893,1.07962,0.0585135
147.200000000,0,2.75275,0.123477,0.184103,0,1.83597,1.69355,0.0352006,1.20487,0.117569,0.984098,0.0165678
147.242666667,0.0345304,2.97385,0.0310614,0.290913,0,2.34363,1.23776,0.0831203,1.35481,0.107873,0.547512,0.08031
147.285333333,0.111878,3.34615,0.0103669,0.381642,0,2.75725,0.814618,0.0539335,1.51061,0.0475509,0.276321,0.0921286
147.328000000,0.0624882,3.57498,0,0.378328,0,2.83978,0.47134,0.066391,1.69887,0.00140499,0.192199,0.156504
147.370666667,0.043659,3.67939,0.0280662,0.293291,0,2.83434,0.424489,0.0519335,1.96012,0.00211392,0.159439,0.170486
147.413333333,0,3.92484,0.0731448,0.212428,0,2.74042,0.162189,0.0883127,2.06819,0.00527554,0.241803,0.168405
147.456000000,0,3.88657,0.135809,0.224141,0,2.32973,0.15038,0.22751,2.06138,0.0130286,0.27853,0.195155
147.498666667,0,3.77673,0.0704004,0.225601,0,2.19745,0.0191778,0.221203,1.815,0.0145427,0.307009,0.283226
147.541333333,0.0821822,3.7992,0,0.227086,0,2.261,0,0.0986087,1.66824,0.0150734,0.180606,0.30411
147.584000000,0.0773087,3.95932,0,0.219818,0,2.161,0.037225,0,1.78079,0.028104,0.186644,0.262687
147.626666667,0,3.78459,0,0.213346,0,2.09232,0.393129,0.0427971,1.8581,0.0564105,0.188607,0.141116
147.669333333,0,3.60573,0,0.206293,0,2.31695,0.548326,0.0554965,1.974,0.0930703,0.235093,0.123512
147.712000000,0,3.5142,0.0107876,0.201277,0,2.43893,0.500638,0.144099,2.13668,0.109977,0.178213,0.128358
147.754666667,0.00231563,3.47899,0.00713952,0.201859,0,2.48838,0.494374,0.180922,2.22068,0.092025,0.0967225,0.144032
147.797333333,0.0195181,3.57168,0.00558471,0.204321,0,2.42002,0.492762,0.096579,2.16668,0.0344078,0.0419381,0.150927
147.840000000,0.0473511,3.66982,0.0203423,0.213174,0,2.22532,0.490734,0.0453307,2.02966,0.000381541,0.00304665,0.147413
147.882666667,0.0239208,3.96347,0.0039727,0.210707,0,2.13273,0.136507,0.342706,2.04593,0.000494939,0,0.0979867
147.925333333,0.0654895,3.99265,0.0155793,0.206728,0.0381453,2.01253,0.020417,0.358454,2.00802,0.143809,0,0.0673511
147.968000000,0.142291,3.95405,0.0298238,0.207285,0.036572,1.62152,0.0577251,0.199839,1.87861,0.734562,0.0813092,0.0281251
148.010666667,0.0651782,3.90179,0.068098,0.205686,0,1.46616,0.0781922,0.0679576,1.88934,0.889918,0.189183,0.189285
148.053333333,0,4.07742,0.145616,0.200686,0.00433297,1.79627,0.0406013,0.0488082,2.2464,0.25527,0.176175,0.20474
148.096000000,0,4.18178,0.0491592,0.19929,0,1.92653,0.0632196,0.0860647,2.40095,0.0426154,0.162799,0.163784
148.138666667,0,3.92006,0,0.194851,0,1.96038,0.328693,0.0139999,2.4364,0.079792,0.174679,0.0785384
148.181333333,0.0113613,3.8216,0,0.192779,0,1.89974,0.354171,0.0473265,2.4548,0.10626,0.111605,0.0678385
148.224000000,0.000660922,3.72391,0,0.188898,0,1.9996,0.331839,0.0831163,2.48141,0.107609,0.0419539,0.0735328
148.266666667,0.027476,3.7817,0,0.189901,0,2.07983,0.301633,0.0742659,2.49204,0.0634417,0.000152891,0.0864719
148.309333333,0.0386129,3.88244,0.0170793,0.204766,0,2.12772,0.277867,0.0257978,2.52399,0.01337,0.000106447,0.119152
148.352000000,0.032521,4.06894,0.0397682,0.205771,0,2.16992,0.027467,0.284112,2.54371,0.103254,0.00978977,0.0665693
148.394666667,0.169743,3.78246,0.38472,0.200558,0,2.03064,0.023563,0.121936,2.54399,0.206052,0.771267,0.0533514
148.437333333,0.315697,2.58245,0.446152,0.220768,0.0728278,1.50887,0.0236778,0.0768601,2.79337,0.0587821,1.88166,0.192128
148.480000000,0.26526,2.12489,0.56952,0.336337,0.0341827,1.97958,0,0.0634408,2.51711,0.000155853,2.47736,0.200155
148.522666667,0.0478732,2.08212,0.528076,0.321734,0,2.38255,0,0.0797959,1.99351,0.00542867,2.75226,0.158331
148.565333333,0.069585,2.59136,0.345349,0.230719,0,2.36716,0,0.0752049,1.30445,0.0204136,3.02774,0.122655
148.608000000,0.0355301,2.56021,0.517575,0.23143,0,2.42033,0,0,1.04968,0.0266873,3.0922,0.0857987
148.650666667,0.0892027,2.09736,0.756989,0.222038,0,2.43526,0.24786,0.0122167,1.15593,0.0313705,3.11266,0.0275328
148.693333333,0.0827399,1.77553,0.956631,0.22174,0,2.40244,0.257719,0.0429203,1.29145,0.0120072,3.19204,0.0222528
148.736000000,0.0729825,1.83979,0.973453,0.230381,0,2.37013,0.255791,0.0605422,1.14667,0.00592386,3.24346,0.0290389
148.778666667,0.0749753,1.96698,0.940965,0.236617,0,2.34493,0.259767,0.0131244,0.898855,0.0280928,3.23378,0.0166162
148.821333333,0.0989308,2.20401,0.857814,0.235686,0,2.32535,0.19177,0.00230278,0.789034,0.0413367,3.20074,0.0218582
148.864000000,0.118613,2.51705,0.66286,0.262754,0.0421063,2.31239,0.006633,0.0410285,0.814206,0.0599032,3.23617,0.0323519
148.906666667,0.0965594,2.56215,0.548919,0.232549,0.0819312,2.43574,0,0.0759709,0.952943,0.0817841,3.0727,0.0157266
148.949333333,0.0950821,2.57508,0.361209,0.235148,0.00373161,2.476,0,0.0705563,1.05574,0.0863544,2.90916,0.0198496
148.992000000,0.0785595,2.38049,0.157207,0.231872,0,2.48248,0,0.0726024,1.23196,0.0628843,2.69713,0.030438
149.034666667,0.0394888,2.38144,0.0819519,0.228898,0,2.40878,0.0248837,0.10805,1.1087,0.0418907,2.71951,0.0785251
149.077333333,0.0294919,2.7454,0.0900724,0.226055,0,2.35013,0,0.119712,0.807803,0.0381891,2.91861,0.0711032
149.120000000,0.100881,2.6132,0.079278,0.229401,0,2.25843,0.11694,0.0290066,0.813943,0.0438268,2.87742,0.0323482
149.162666667,0.10856,2.29908,0.0680958,0.217953,0,2.21712,0.259762,0.00802504,0.862462,0.0397352,2.78944,0.0213828
149.205333333,0.0623021,2.12516,0.093706,0.207938,0,2.29314,0.217551,0.0118452,0.902477,0.0269109,2.73021,0.0354209
149.248000000,0.0458725,2.42911,0.129677,0.218038,0,2.24021,0.174568,0.00855356,0.861998,0.0272467,2.74084,0.0402872
149.290666667,0.0201659,2.54227,0.207588,0.227527,0,2.21021,0.194466,0,0.962682,0.0395733,2.80499,0.032363
149.333333333,0.0690338,2.44373,0.222331,0.230398,0.0422489,2.1517,0.269421,0.00939106,1.04409,0.0513372,2.87606,0.0242707
149.376000000,0,2.22343,0.193032,0.227096,0.0330421,2.46097,0.350584,0.0309077,1.00175,0.0648101,2.56629,0.0152153
149.418666667,0,2.16528,0.244694,0.274342,0.0439636,2.53031,0.318219,0.0348682,0.920207,0.0670646,2.38268,0.0176487
149.461333333,0,2.20597,0.418928,0.199018,0,2.49338,0.163055,0.0311012,0.966407,0.180803,2.36703,0.13574
149.504000000,0,1.90361,0.87587,0.193187,0,2.49515,0.0926551,0.0208141,1.02118,0.0586433,2.59314,0.102243
149.546666667,0,1.45036,1.12489,0.198286,0,2.33609,0.14362,0.00314584,1.17475,0.0420867,3.17458,0.0751131
149.589333333,0.00970421,1.04729,1.31605,0.195676,0,2.23441,0.20261,0,1.26992,0.0545586,3.26447,0.0324979
149.632000000,0,0.796744,1.335,0.191234,0,2.27189,0.146936,0.0301717,1.21517,0.0622255,3.29741,0.0196808
149.674666667,0,1.04749,1.20761,0.194171,0,2.27982,0.142599,0.0346817,1.07877,0.0536197,3.38878,0.0178669
149.717333333,0,1.27986,1.12644,0.201491,0,2.29474,0.162622,0.0272696,1.11947,0.0411047,3.37829,0.0228771
149.760000000,0,1.36179,1.14765,0.209571,0,2.31937,0.179323,0,1.20189,0.0410656,3.28914,0.020639
149.802666667,0,1.34249,1.10079,0.210112,0,2.35487,0.0678366,0,1.1975,0.0504858,3.34865,0.0269999
149.845333333,0,1.18657,1.16364,0.215006,0,2.32601,0.0234524,0.0176073,1.21962,0.0650493,3.38076,0.0172687
149.888000000,0,1.36553,1.00215,0.340018,0.0161078,2.15311,0.112434,0.0291249,1.33948,0.0770222,3.14093,0.013503
149.930666667,0,1.60727,0.653742,0.382299,0.136668,1.86542,0.243407,0.0266889,1.48357,0.0649585,2.80862,0.0153721
149.973333333,0,1.94646,0.335458,0.306826,0.133547,1.79108,0.245553,0.112867,1.41631,0.0327628,2.62051,0.0756859
150.016000000,0,2.10085,0.0297832,0.255447,0.0234313,2.17206,0.0646759,0.179808,1.35785,0.0398303,2.74241,0.0785282
150.058666667,0,2.51868,0.00553446,0.243698,0,2.38323,0.104547,0.105423,0.931473,0.0568205,2.9253,0.0307615
150.101333333,0.0263034,2.53456,0.139802,0.234743,0,2.35445,0,0.0284079,0.71211,0.0727898,3.02264,0.02366
150.144000000,0.0427633,2.46775,0.291103,0.237968,0,2.27455,0.000408419,0.00143475,0.716212,0.0730543,3.05666,0.0217128
150.186666667,0.0482177,2.36633,0.433678,0.237068,0.0272873,2.17867,0,0.00151044,0.833901,0.0579214,3.03771,0.0237167
150.229333333,0.0498216,2.18405,0.513411,0.2353,0.0212019,2.18869,0.153263,0,0.944468,0.0481771,3.00842,0.0173777
150.272000000,0.0585214,2.09937,0.546512,0.234319,0,2.25151,0.131368,0,0.9745,0.0485306,3.02543,0.0226562
150.314666667,0.0381401,2.18596,0.203681,0.240904,0.0545861,2.22879,0.0667845,0,1.03709,0.0473039,2.96657,0.0150855
150.357333333,0,2.39478,0.078404,0.234806,0.302531,2.14781,0.053318,0.180661,1.47017,0.179397,2.52319,0.0122408
150.400000000,0,2.49396,0.0487215,0.334805,0.41973,1.99319,0.0204379,0.275645,1.2354,0.318904,2.50673,0.0387851
150.442666667,0,2.55826,0.0555305,0.329728,0.433615,1.97392,0.00307814,0.274302,1.20211,0.340627,2.47224,0.0920556
150.485333333,0,2.58468,0.0617625,0.229668,0.309171,2.14851,0.0257339,0.10479,1.23984,0.209921,2.38518,0.097019
150.528000000,0.00455575,2.6113,0.0178677,0.233151,0.00933472,2.16026,0.106264,0,1.16726,0.0566805,2.59321,0.0374086
150.570666667,0.102008,2.6085,0,0.234255,0,2.10239,0,0,0.855345,0.0777077,2.90612,0.020077
150.613333333,0.0927252,2.57295,0.089843,0.234149,0,2.17376,0,0,0.800735,0.0859656,2.97215,0.0180828
150.656000000,0.071627,2.52859,0.216875,0.234556,0,2.20291,0.0121538,0,0.824934,0.0770751,2.98163,0.0202831
150.698666667,0.0876857,2.4416,0.323107,0.234893,0,2.15533,0.0334192,0,0.876349,0.0602012,2.9571,0.0209646
150.741333333,0.112474,2.32911,0.364497,0.233979,0,2.12891,0.0676999,0,0.96086,0.049688,2.89826,0.0190068
150.784000000,0.12855,2.27421,0.442517,0.234668,0.0511066,2.20185,0.152337,0,0.951091,0.0445558,2.82111,0.00876676
150.826666667,0.0284818,1.83056,0.797489,0.23712,0.0369129,2.13953,0.151365,0.047502,1.17264,0.0369721,2.70227,0.0151147
150.869333333,0,1.91544,0.731785,0.249846,0.159432,1.79128,0.196829,0.298457,1.21918,0.0050082,2.59572,0.0627361
150.912000000,0.0817871,1.86881,0.636719,0.284911,0.485798,1.45583,0.26543,0.333966,1.24953,0.00377151,2.38155,0.12013
150.954666667,0.0738479,1.88628,0.442494,0.307005,0.662821,1.38446,0.245319,0.325194,1.33996,0.00397408,2.18652,0.125903
150.997333333,0,1.91484,0.22338,0.299428,0.438319,1.55501,0.0306848,0.246188,1.36617,0.0513219,2.29227,0.0658984
151.040000000,0,2.0361,0.151182,0.24551,0,1.99343,0.235392,0.0981568,1.02601,0.0792046,2.59613,0.00945326
151.082666667,0,1.71308,0,0.247638,0,2.20389,0.68855,0,0.612457,0.103061,2.56725,0.0111966
151.125333333,0,1.52462,0,0.252392,0,2.3976,0.590424,0,0.52388,0.101248,2.47393,0.0119598
151.168000000,0.0597329,1.4135,0,0.25146,0,2.6614,0.428372,0,0.522714,0.0869723,2.38882,0.0108138
151.210666667,0.255329,1.36759,0,0.250075,0,2.67378,0.330545,0,0.545755,0.0709834,2.32552,0.011888
151.253333333,0.305099,1.64631,0.0205473,0.247479,0,2.56561,0.287038,0,0.565157,0.0580846,2.30857,0.0186347
151.296000000,0.239239,1.73117,0.00467945,0.277453,0.0420917,2.51771,0.286981,0,0.533719,0.0386197,2.13913,0.0245966
151.338666667,0.0584861,2.34991,0,0.280546,0.0404847,2.0894,0.193809,0.248025,0.512301,0.0220502,1.43059,0.0962697
151.381333333,0.240622,2.54938,0,0.257062,0.0386505,0.860153,0.355977,0.685862,0.758246,0.183509,1.14378,0.207107
151.424000000,0.226203,2.63722,0,0.286314,0.0204047,0.757302,0.292256,0.79051,0.894997,0.176676,1.23399,0.234943
151.466666667,0.0761024,2.59311,0,0.316848,0,1.38567,0.221221,0.655836,0.81091,0.0953675,1.43923,0.194397
151.509333333,0.00067033,2.34457,0,0.286385,0,1.59152,0.236732,0.081746,0.649353,0.0784065,2.43354,0.0486034
151.552000000,0,2.26803,0.155278,0.287742,0,1.81979,0.32903,0,0.528956,0.125512,2.74338,0.00273584
151.594666667,0,2.2362,0.216533,0.236839,0,1.85426,0.306644,0,0.488413,0.123036,2.83487,0.00603258
151.637333333,0,2.23141,0.234189,0.238876,0,1.86392,0.258414,0,0.493863,0.100329,2.85506,0.0646396
151.680000000,0,2.18822,0.272041,0.239459,0,1.87274,0.207776,0,0.581202,0.0796233,2.87237,0.0570723
151.722666667,0,2.08188,0.250341,0.23978,0.00955848,2.13998,0.16646,0.0500655,0.6353,0.0626495,2.9045,0.0186958
151.765333333,0,2.03109,0.382844,0.243787,0.0293413,2.05922,0.0261532,0.0911577,0.488269,0.0494828,2.92882,0.0239798
151.808000000,0,1.67266,0.660379,0.245301,0.0230772,1.83114,0.518255,0.240953,0.410527,0.0320005,2.28017,0.0665594
151.850666667,0.0481888,1.67857,0.822537,0.245927,0.012383,1.67378,0.594723,0.503414,0.564432,0.142357,1.85747,0.293646
151.893333333,0.119753,1.55826,0.794378,0.245327,0,1.61406,0.83107,0.431308,0.652672,0.253536,1.42418,0.326904
151.936000000,0.180567,1.64722,0.647513,0.246541,0,1.6216,0.72737,0.196723,0.655215,0.226277,1.22293,0.327649
151.978666667,0.166592,1.67808,0.58219,0.309019,0,1.56636,0.485222,0,0.776123,0.0959367,1.74216,0.270658
152.021333333,0.183266,1.88473,0.500282,0.318798,0,1.81775,0,0,0.756454,0.0914477,2.29588,0.126103
152.064000000,0.0562057,1.82252,0.615588,0.249092,0,1.83773,0,0,0.694207,0.132921,2.41113,0.123612
152.106666667,0,1.78858,0.669353,0.248985,0,1.84981,0.0691605,0,0.651525,0.10093,2.28834,0.0574565
152.149333333,0,1.64335,0.672678,0.251288,0,1.76801,0.130597,0,0.704118,0.0823016,2.3338,0.0811725
152.192000000,0,1.4054,0.660089,0.248752,0,1.60315,0.183615,0,0.830814,0.0753901,2.46989,0.0190016
152.234666667,0,1.4441,0.572628,0.274845,0,1.34485,0.160912,0.101026,0.806404,0.0647116,2.56198,0.0190619
152.277333333,0,1.85067,0.24558,0.321637,0.0470535,1.00813,0.0138312,0.508478,0.706288,0.0599447,2.14841,0.0380291
152.320000000,0.00421989,2.0121,0,0.452424,0.112984,0.683765,0.424768,0.649174,0.657332,0.160938,2.01344,0.134249
152.362666667,0.146015,2.28966,0,0.404497,0.0809473,0.437014,0.463307,0.357539,0.544628,0.216333,1.93819,0.219411
152.405333333,0.165432,2.46275,0,0.349008,0.0471792,0.462443,0.539096,0.329854,0.449656,0.194385,1.79278,0.196678
152.448000000,0.142368,2.53724,0.123601,0.253845,0,1.06637,0.448153,0.265955,0.491773,0.0628855,1.72598,0.244381
152.490666667,0.0247731,2.58566,0.252577,0.250583,0,1.47702,0.00231357,0.0234676,0.533698,0.00361218,1.82943,0.201776
152.533333333,0,2.46561,0.279656,0.224361,0,1.63014,0,0.210268,0.565163,0.00336965,1.89585,0.165051
152.576000000,0.0138536,2.42908,0.349945,0.232292,0,1.67693,0,0.30988,0.664165,0.00348379,1.87655,0.120606
152.618666667,0.0747814,2.38392,0.399749,0.235313,0,1.6115,0.00643846,0.295133,0.706534,0.0345079,1.93429,0.0568699
152.661333333,0.0784885,2.32142,0.440994,0.235546,0,1.59652,0.0574469,0.14973,0.734831,0.0594901,2.01078,0.0313437
152.704000000,0.00826432,2.22717,0.469542,0.236543,0,1.63235,0.0897055,0.00488707,0.706181,0.0595155,2.28308,0.0236552
152.746666667,0,2.16645,0.62057,0.245065,0.0805834,1.5626,0.0920535,0.0675364,0.588903,0.0514087,2.31639,0.0211448
152.789333333,0,1.82803,1.00867,0.236621,0.0116857,1.93507,0.061916,0,0.766701,0.281361,1.70959,0.0848175
152.832000000,0.119471,1.93582,0.855087,0.222697,0,1.98853,0.17715,0,0.769706,0.409434,1.69316,0.168682
152.874666667,0.212962,1.72441,0.705841,0.219657,0,2.08294,0.237161,0,0.826593,0.553371,1.62601,0.0917112
152.917333333,0.124941,2.22781,0.0326969,0.21943,0,1.95764,0.0622503,0,0.657593,0.795494,1.56303,0.213181
152.960000000,0.00491016,2.59907,0,0.221712,0,1.77305,0,0,0.607802,0.659463,1.67672,0.266925
153.002666667,0.000876199,2.40742,0,0.254632,0,2.14683,0.139568,0,0.617445,0.029613,2.03689,0.144703
153.045333333,0.211823,2.16331,0,0.230612,0,2.30675,0.46123,0,0.64309,0.0372099,2.12295,0.115748
153.088000000,0.261229,2.15986,0,0.230793,0,2.59856,0.324617,0,0.635821,0.0272754,2.05518,0.0820704
153.130666667,0.315455,2.18861,0,0.230671,0,2.738,0.224465,0,0.622619,0.0192702,1.93304,0.0529169
153.173333333,0.325349,2.119,0.0581117,0.232481,0,2.78579,0.30355,0,0.621796,0.188193,1.83299,0.0294686
153.216000000,0.32833,2.10094,0.217574,0.233383,0,2.73471,0.340507,0,0.618086,0.265327,1.82824,0.017754
153.258666667,0.21049,2.21326,0.106379,0.27261,0,2.53824,0.295053,0,0.606584,0.306629,1.97762,0.0230624
153.301333333,0,2.28592,0.123362,0.258726,0,1.75049,0.478538,0,0.598821,0.416148,2.16194,0.00907384
153.344000000,0.0839828,2.14767,0.378532,0.306762,0,1.20421,0.704423,0.0123926,0.636482,0.39326,1.88493,0.00139882
153.386666667,0.0195806,2.09073,0.584403,0.31391,0,1.27679,0.560608,0.0153429,0.603977,0.29898,1.56842,0.0512633
153.429333333,0,2.12703,0.733819,0.273858,0,1.38788,0.187865,0.0034988,0.644923,0.211123,1.50247,0.120448
153.472000000,0,1.95402,0.784244,0.278153,0,1.58645,0.142922,0,0.653087,0.115178,1.57685,0.102263
153.514666667,0.216052,1.94793,0.516951,0.245143,0,1.55767,0.100605,0,0.582735,0.0238851,1.61171,0.070467
153.557333333,0.29491,2.00427,0.58576,0.242613,0.00184106,1.48492,0.129563,0,0.781991,0.0044539,1.75911,0.0529558
153.600000000,0.27474,1.85334,0.618666,0.235641,0.00775474,1.57072,0.112417,0,0.981868,0.0222898,1.8439,0.0591691
153.642666667,0.236799,1.47937,0.646656,0.267799,0.0242903,1.66157,0.111246,0,1.13079,0.0307578,1.84734,0.0517184
153.685333333,0.270409,1.48706,0.865116,0.296077,0.00115973,1.75397,0.095285,0,0.762353,0.0506983,1.62551,0.0351548
153.728000000,0,1.57712,1.13007,0.33711,0.0377977,1.55446,0.128266,0,0.660755,0.46847,1.43578,0.0213599
153.770666667,0,1.40998,1.27709,0.479866,0.270887,1.51688,0.668324,0,0.772405,0.525987,0.987921,0.0437554
153.813333333,0,1.36568,1.22954,0.510299,0.179849,1.41649,0.799215,0,0.891422,0.569519,0.868968,0.0813132
153.856000000,0,1.44989,0.674596,0.529237,0.083525,1.50421,0.77642,0,0.973636,0.737815,0.794772,0.0995772
153.898666667,0,1.60463,0.0856791,0.539235,0,1.59666,0.641592,0,0.950936,0.846259,0.753406,0.122841
153.941333333,0,2.26547,0.0601163,0.333101,0,1.67139,0.158106,0,0.729493,0.718954,0.997717,0.0873712
153.984000000,2.81516e-05,2.32929,0.0522914,0.283323,0,1.90768,0.100594,0,0.569633,0.0445153,1.17763,0.0472993
154.026666667,0.0966417,2.34662,0.144814,0.24377,0.0101506,1.92317,0.0117227,0,0.564829,0.0457384,1.32201,0.236594
154.069333333,0.161514,2.35757,0.254014,0.24402,0,1.86842,0.0117613,0,0.585979,0.0298987,1.34326,0.316411
154.112000000,0.17553,2.28585,0.394031,0.278579,0.0264423,1.85385,0.0385187,0,0.600405,0.0186456,1.31359,0.360088
154.154666667,0.134725,2.15929,0.425253,0.248424,0,1.8697,0.0740875,0,0.597899,0.0335074,1.38437,0.371886
154.197333333,0,2.05887,0.5411,0.273295,0.0635282,1.56935,0.205116,0,0.575511,0.242274,1.68388,0.0384189
154.240000000,0,2.16865,0.120134,0.251526,0.0784499,1.77545,0.533302,0,0.833096,0.469715,1.14318,0.0371917
154.282666667,0,2.2089,0.0624028,0.247995,0,2.10321,0.544147,0,0.856888,0.838923,0.700357,0.354755
154.325333333,0,2.15453,0.128969,0.237855,0.0169336,2.12262,0.643126,0,0.961594,1.15535,0.44069,0.324444
154.368000000,0,2.17178,0.266119,0.221972,0,1.90279,0.637543,0,0.828646,1.1879,0.534354,0.312731
154.410666667,0,2.28429,0.378319,0.22692,0,1.6706,0.41527,0,0.78072,1.001,0.971623,0.392371
154.453333333,0,2.40983,0.443208,0.271878,0,1.42555,0.206346,0,0.634869,0.63793,1.61072,0.06154
154.496000000,0,2.47004,0.55338,0.22162,0,1.55324,0.0716869,0,0.491446,0.0967863,1.9234,0.0738755
154.538666667,0,2.378,0.646942,0.226321,0,1.54061,0.0538203,0.150887,0.478751,0.339449,1.98146,0.303675
154.581333333,0,2.32962,0.628275,0.23246,0.013425,1.55149,0.0744023,0.092188,0.50462,0.407533,1.98134,0.357852
154.624000000,0.0767147,2.27905,0.626892,0.280626,0.0317372,1.54495,0.0507484,0,0.541613,0.426098,1.97231,0.30164
154.666666667,0.022722,2.28384,0.581182,0.239626,0.0277207,1.56341,0.0876192,0.0304497,0.593919,0.401836,2.01155,0.033462
154.709333333,0.0199148,2.03753,0.550511,0.337263,0.093249,1.65985,0.191048,0,0.492818,0.520437,1.87508,0.0120928
154.752000000,0.0657759,2.20306,0.370661,0.3251,0.0246327,1.62632,0.154775,0,0.570472,0.587438,1.66659,0.0232938
154.794666667,0.108863,2.44896,0.143904,0.334784,0,1.40019,0.170037,0,0.764452,0.645789,1.45356,0.0455244
154.837333333,0.0969473,2.54098,0,0.286331,0,1.37654,0.228767,0,0.90702,0.669167,1.40695,0.128624
154.880000000,0.00486345,2.51957,0,0.273364,0,1.68555,0.285298,0,1.03351,0.659387,1.40128,0.169468
154.922666667,0,2.4728,0.250602,0.298063,0,1.76306,0.0882129,0,1.03286,0.541304,1.56772,0.147527
154.965333333,0.200629,2.03931,0,0.275951,0,2.21226,0.762361,0,0.606095,0.0824142,1.63116,0.0372316
155.008000000,0.276415,2.14075,0,0.230026,0,2.60726,0.629931,0,0.601187,0.0824995,1.55205,0.0323071
155.050666667,0.339058,2.19217,0,0.226546,0,2.80041,0.37809,0,0.612411,0.0694961,1.44996,0.0298906
155.093333333,0.37422,2.16408,0,0.225908,0.011258,2.81289,0.196532,0,0.612607,0.0748985,1.46059,0.0246949
155.136000000,0.372073,2.03284,0.116986,0.230809,0,2.82416,0.168787,0,0.599349,0.221791,1.59857,0.0249646
155.178666667,0.34024,1.78335,0.291351,0.248819,0.135656,2.86972,0.265324,0,0.58419,0.142651,1.48365,0.00945896
155.221333333,0.0599478,1.91928,0.224861,0.231957,0.110489,2.88275,0.187641,0,0.524396,0.302602,1.38187,0.0392993
155.264000000,0,2.11662,0.119563,0.228974,0,2.04207,0.341354,0,0.416671,0.788534,1.49818,0.277618
155.306666667,0.000437595,2.10104,0.187544,0.2722,0.0741417,1.2029,0.417568,0,0.62482,0.8483,1.31252,0.475168
155.349333333,0.00250473,2.10593,0.316866,0.243625,0.148684,0.842268,0.256265,0,0.820119,0.716683,1.07395,0.410758
155.392000000,0,2.14906,0.364584,0.243018,0,1.36569,0.151748,0,0.587464,0.459745,0.952136,0.172697
155.434666667,0,2.14118,0.359001,0.263966,0,1.81791,0.21232,0,0.333426,0.204008,1.25719,0.0172106
155.477333333,0.172622,2.0976,0.279883,0.243081,0,1.88037,0.197128,0.0555432,0.242774,0.0880536,1.39691,0.0109075
155.520000000,0.148686,2.05568,0.195644,0.244545,0,1.79149,0.19701,0.0794561,0.216618,0.0857376,1.46191,0.356906
155.562666667,0.163528,1.99656,0.308293,0.246402,0,1.75036,0.194996,0.0623254,0.209196,0.0686511,1.50666,0.462694
155.605333333,0.28985,1.81634,0.503301,0.291165,0,1.83404,0.204798,0.042519,0.209734,0.0549135,1.52376,0.293295
155.648000000,0.292462,1.79881,0.666236,0.2836,0.00680141,1.76222,0.217819,0.0448537,0.488906,0.0453118,1.52682,0.022422
155.690666667,0,2.02599,0.733773,0.296082,0.184653,1.50855,0.163419,0.202928,0.740587,0.0517847,1.37771,0.145024
155.733333333,0,1.92959,0.879996,0.277734,0.459779,1.4995,0.136916,0.171119,1.09101,0.136744,1.18134,0.185483
155.776000000,0.00911049,1.91547,0.993949,0.33237,0.528258,1.29112,0.00803324,0,1.33429,0.234168,0.794294,0.264496
155.818666667,0.0937278,1.90002,0.913919,0.37633,0.334128,0.814742,0.00442596,0,1.43699,0.281975,0.401492,0.286471
155.861333333,0.0308903,1.92392,0.769864,0.386726,0.0717246,1.45955,0,0,1.24597,0.262425,0.251056,0.264521
155.904000000,0,2.20088,0.373385,0.432489,0,1.8071,0.0446716,0.0106005,1.02046,0.201335,0.208061,0.203101
155.946666667,0,2.20089,0.0977309,0.626252,0.186583,1.99906,0.526923,0.181584,0.788513,0.0959783,0.157,0.0366039
155.989333333,0,1.79143,0,0.246981,0.101334,1.98973,0.728104,0.339978,0.904654,0.339019,0.146466,0
156.032000000,0,1.45259,0,0.252157,0.0402662,1.76662,0.365403,0.149146,0.744942,0.490044,0.484332,0.380578
156.074666667,0.584637,2.04439,0,0.246957,0,1.52048,0.332094,0,0.642753,0.285775,0.340498,0.622636
156.117333333,0.663393,2.53221,0.347935,0.25016,0,1.07246,0.346093,0.00130511,0.585929,0.0786523,0.207115,0.366795
156.160000000,0.237323,2.31864,0.28785,0.764424,0.267553,0.598066,0.559702,0.0103461,0.805469,0.327088,0.159868,0.59728
156.202666667,0.0813313,2.25904,0.285187,0.89635,1.04787,0.733065,0.328564,0.270401,0.339133,0.649399,0.159979,0.652978
156.245333333,0.22955,2.21868,0.0806655,0.83546,0.980246,0.752908,0.675825,0.244978,0.311323,0.612961,0.171772,0.87672
156.288000000,0.187344,2.05034,0.0546962,0.726422,0.702299,0.688824,1.22395,0.308701,0.397792,0.516599,0.168579,0.956433
156.330666667,0.0725893,1.71425,0.106822,0.718645,0.38957,0.513732,1.678,0,0.352837,0.407594,0.515718,0.897508
156.373333333,0.0300371,1.39463,0.0146111,0.583239,0.517765,0.417294,1.80228,0,0.487543,0.155455,1.07874,0.4033
156.416000000,0.0152294,1.59228,0,0.34901,0.998992,1.15066,1.52373,0,0.349541,0.0683245,1.22998,0.530219
156.458666667,0.250067,1.90027,0.0306426,0.240344,0.476957,1.90483,1.75754,0,0.312987,0.0982348,0.802101,0.394374
156.501333333,0.561111,2.03366,0.189294,0.248056,0,1.58462,2.71863,0.000460746,0.310677,0.109272,0.618184,0.0179174
156.544000000,0.564144,2.11806,0.210679,0.252256,0,0.86293,3.2405,0.00159319,0.374566,0.111915,0.693465,0.00938284
156.586666667,0.389939,2.18017,0.110266,0.253056,0,0.419305,3.37969,0.000958494,0.431502,0.114691,0.844957,0.0196083
156.629333333,0.0265039,2.26592,0.0627455,0.267085,0,0.427425,3.40359,0.0115246,0.416925,0.00134427,0.778563,0
156.672000000,0.0103823,2.35325,0.126916,0.25249,0,0.411086,3.16961,0.00245993,0.409257,0.00145561,0.837676,0.190946
156.714666667,0.159476,2.22366,0.0768111,0.250435,0,0.507553,3.1435,0.096721,0.354538,0.19308,0.927698,0.271121
156.757333333,0.109955,2.0756,0,0.283652,0,0.536919,3.00108,0.0936341,0.661586,0.490151,0.884971,0.310099
156.800000000,0.0380001,2.03628,0,0.247231,0,0.552213,2.92195,0,0.692319,0.49898,0.873342,0.293164
156.842666667,0.014202,2.01935,0,0.251223,0,0.534625,3.07688,0,0.429382,0.208178,0.813964,0.333711
156.885333333,0.00864348,2.01434,0,0.254583,0,0.50487,3.12522,0,0.396804,0.0417201,0.484892,0.428995
156.928000000,0.0925001,1.9529,0.154676,0.237649,0,0.898697,3.21643,4.86534e-05,0.66306,0.0853327,0.308714,0.103992
156.970666667,0,2.77057,0,0.213571,0,2.07913,2.13712,0,1.01418,0.11049,0.382654,0
157.013333333,0,3.37884,0.0876592,0.197672,0,2.80031,0.813924,0,1.43206,0.112005,0.396074,0
157.056000000,0,3.53211,0.0295385,0.19378,0,3.07176,0.541174,0.00698573,1.76647,0.109086,0.320648,0
157.098666667,0,3.59552,0,0.201554,0,3.32552,0.553888,0.0125531,2.03003,0.000657139,0.152646,0
157.141333333,0.173242,3.78523,0.0941254,0.202619,0,3.19782,0.426333,0,2.0973,0.00203375,0.0519847,0.0516714
157.184000000,0.201025,4.19314,0.0348059,0.230611,0.0703571,2.50964,0.0123447,0.143479,2.08787,0.000419976,0.119053,0.117138
157.226666667,0.1327,4.15469,0,0.246212,0.110481,1.70143,0,0.128396,2.23335,0,0.121943,0.17023
157.269333333,0.0515552,4.1191,0,0.236495,0.0397666,1.56746,0,0,2.20949,0.0058521,0.150652,0.185716
157.312000000,0.00955627,4.10633,0,0.215235,0.000859483,1.53569,0,0,2.07903,0.0187994,0.270395,0.173957
157.354666667,0,4.08694,0,0.21787,0,1.60585,0.0522848,0,2.05649,0.0337928,0.297682,0.127293
157.397333333,0,3.6013,0,0.231957,0,1.86002,0.534812,0.0195796,2.15166,0.0646069,0.187072,0.169267
157.440000000,0,3.40961,0.0197906,0.219957,0.0382406,2.12131,0.556918,0.0831694,2.09926,0.108055,0.209888,0.234871
157.482666667,0,3.23303,0.127524,0.208321,0.0163234,2.02279,0.511269,0.152739,2.04188,0.231265,0.237005,0.242037
157.525333333,0,3.25122,0.158784,0.20023,0.0200947,2.0205,0.526047,0.134021,2.17003,0.318097,0.0716244,0.228536
157.568000000,0.00994864,3.50877,0.0586043,0.20634,0.102079,1.85394,0.442035,0.0414193,2.30959,0.252819,0.0717989,0.28141
157.610666667,0,3.58068,0.00258915,0.207782,0.00632379,2.02425,0.42577,0.0518163,2.33969,0.252839,0.0945064,0.008856
157.653333333,0.131644,3.08984,0.0480024,0.161091,0.0854405,2.19446,0.0292627,0.328075,2.28928,0.304985,0.351877,0.0930604
157.696000000,0.344659,2.95709,0.0808281,0.0997942,0.12761,1.76221,0.145049,0.170773,2.15643,0.217289,0.252909,0.219846
157.738666667,0.498793,3.05657,0.110314,0.0933988,0.16609,1.68724,0.209542,0.239336,1.67662,0.567201,0.133182,0.234791
157.781333333,0.407937,3.09949,0.109969,0.14413,0.138484,1.5123,0.117586,0.130543,1.75461,0.271516,0.193372,0.270995
157.824000000,0.213071,3.044,0.174389,0.230918,0.0640002,1.86177,0.0116841,0.0517717,2.27351,0.0707765,0.228372,0.152396
157.866666667,0,3.46186,0.232808,0.303546,0.221759,1.33457,0.0345365,0.0943176,2.36549,0.0424587,0.208002,0.107506
157.909333333,0,3.59529,0.19247,0.251268,0.322381,1.37872,0.072123,0.162077,2.39777,0.0633562,0.270789,0.120276
157.952000000,0,3.83652,0.0034644,0.232046,0.371015,1.3536,0.0914838,0.0591339,2.66383,0.120653,0.309088,0.0947275
157.994666667,0,3.95636,0.00293822,0.217823,0.29996,1.28357,0.129043,0,2.64984,0.219425,0.290996,0.111115
158.037333333,8.25661e-05,3.89432,0.000128672,0.200171,0.0457059,1.33213,0.267236,0,2.63026,0.127926,0.0704373,0
158.080000000,0.000263708,3.96303,0.000538083,0.200436,0,1.23317,0.346745,0.0242497,2.62607,0.0360481,0,0
158.122666667,0.000374816,4.12262,0.000872461,0.266085,0.0187682,0.763559,0.185795,0.0666433,2.42086,0.0184282,0.478215,8.04793e-05
158.165333333,0.0889689,3.62077,0.00206581,0.219444,0,0.977744,0.328506,0.102419,1.84605,0.227172,1.76241,0.0044305
158.208000000,0.130192,2.88968,0,0.24872,0.0439383,1.57392,0.118351,0.041472,1.33054,0.0956016,2.80752,0.180725
158.250666667,0.0486951,2.08381,0,0.247538,0,2.0062,0.0229634,0.00782998,0.790294,0.0609539,3.42659,0.184054
158.293333333,0,1.66824,0,0.234818,0,2.17111,0.0121413,0.00438649,0.814863,0.0202246,3.63256,0.145721
158.336000000,0,1.61958,0.0925105,0.226586,0,2.22721,0.00106781,0,0.917665,0.0449383,3.63931,0.101927
158.378666667,0,1.68911,0.182269,0.230109,0,2.27136,0.238192,0,0.843278,0.0729731,3.57086,0.020217
158.421333333,0,1.73123,0.23879,0.238365,0,2.26997,0.337117,0,0.74024,0.100341,3.59144,0
158.464000000,0,1.74853,0.268242,0.245522,0,2.26102,0.339497,0.000125629,0.672544,0.108084,3.61581,0
158.506666667,0,1.72639,0.274548,0.248618,0,2.2556,0.354327,0,0.646249,0.104796,3.59906,0
158.549333333,0,1.69818,0.289532,0.249576,0,2.24448,0.364473,0,0.625451,0.0806309,3.5741,0
158.592000000,0,1.88135,0.28329,0.27044,0.133202,2.35214,0.168854,0.059177,0.389964,0,3.74522,0
158.634666667,0.0671348,1.8841,0.297433,0.325492,0.00963481,2.40698,0.103462,0.0604999,0.437971,0,3.41966,0.0624774
158.677333333,0.336102,1.85929,0,0.330297,0.0535213,2.37105,0.200594,0.0521763,0.404765,0.0241773,3.14787,0.206687
158.720000000,0.331991,1.84461,0,0.317198,0.0209441,2.24297,0.201567,0.0511813,0.403394,0.0263064,3.11631,0.280413
158.762666667,0.191022,1.77395,0.0876665,0.281392,0,2.37149,0.111281,0.053042,0.435681,0.010405,3.28815,0.269167
158.805333333,0,1.82513,0.181816,0.263323,0,2.4726,0,0.0573671,0.453042,0.0257316,3.50357,0.132187
158.848000000,0,1.96489,0.226923,0.249944,0,2.23279,0,0.0537559,0.320985,0.0521161,3.63566,0.0831261
158.890666667,0,1.71322,0.208954,0.251424,0,2.19057,0.238842,0.0315814,0.486638,0.0922944,3.60521,0.00482979
158.933333333,0,1.57236,0.225566,0.250345,0,2.1431,0.372177,0.0014571,0.570754,0.112278,3.62188,0.000432972
158.976000000,0,1.57336,0.228806,0.249119,0,2.20401,0.359386,0,0.592133,0.11671,3.59449,0
159.018666667,0,1.6295,0.234321,0.248398,0,2.24225,0.389401,0,0.606942,0.113907,3.56513,0
159.061333333,0,1.89313,0.294789,0.248377,0,2.20394,0.396554,0,0.610257,0.0231929,3.75991,0
159.104000000,0,1.90393,0.477456,0.366328,0.020078,2.02115,0.276461,0,0.50329,0,3.54853,0.0510117
159.146666667,0.122998,2.15655,0.182975,0.241942,0,2.07968,0.00269349,0,0.409127,0.0300514,3.55234,0.225044
159.189333333,0.0933706,2.25389,0.036889,0.263372,0,2.2606,0.00476212,0,0.404151,0.0873103,3.46356,0.272009
159.232000000,0.0252557,2.34557,0,0.252661,0,2.12509,0.00373534,0,0.249192,0.083461,3.45978,0.257079
159.274666667,0,2.28943,0,0.248316,0.0594779,1.85784,0.000797981,0,0.0508924,0.0224022,3.54979,0.330533
159.317333333,0,2.22425,0.119136,0.242984,0,2.01629,0,0,0.0308612,0.0413275,3.67678,0.134901
159.360000000,0,2.0848,0.218606,0.244544,0,2.17365,0.154265,0,0.0590949,0.0745854,3.71453,0.0381816
159.402666667,0,1.92762,0.24535,0.243781,0,2.22666,0.345559,0,0.0611314,0.106763,3.729,0
159.445333333,0,1.91963,0.274192,0.24197,0,2.25619,0.363367,0,0.108188,0.11524,3.75104,0
159.488000000,0,1.91545,0.312674,0.242657,0,2.28107,0.366969,0,0.163605,0.116146,3.73483,0
159.530666667,0,1.91436,0.34744,0.244557,0,2.26928,0.360692,0,0.183318,0.113243,3.74522,0
159.573333333,0.10101,2.08278,0.417673,0.271272,0.0382758,2.36628,0.0595623,0.0582576,0.056406,0.212705,3.87505,0
159.616000000,0.143664,1.83627,0.284401,0.243349,0.0627254,2.53898,0,0.057215,0.0795626,0.22466,3.65454,0.121573
159.658666667,0.163974,1.74649,0.0638312,0.238775,0.20803,2.61169,0.0454274,0.0563298,0.110021,0.351197,3.50387,0.168072
159.701333333,0.0991312,2.00131,0.00672164,0.284107,0.355829,2.4799,0.0569694,0.0557941,0.131211,0.222377,3.43272,0.234884
159.744000000,0.000707063,2.26868,0.00231397,0.255796,0.0334905,2.66611,0.00154559,0.0570718,0.174944,0.208452,3.51467,0.219226
159.786666667,0,2.3773,0.20266,0.253409,0,2.4679,0,0.0601878,0.267308,0.0999696,3.5746,0.171795
159.829333333,0,2.31075,0.374521,0.244595,0,2.22911,0,0.0401651,0.377297,0.059739,3.638,0.0775571
159.872000000,0,2.10025,0.3986,0.24751,0,2.23017,0.19797,0.014326,0.519707,0.0953822,3.62707,0.00103684
159.914666667,0,2.03381,0.418351,0.248299,0,2.21728,0.281524,0.000772546,0.52222,0.111035,3.62677,0.00031844
159.957333333,0,2.00646,0.429622,0.248487,0,2.13468,0.323868,0,0.5453,0.113472,3.6161,0.000416984
160.000000000,0,1.98778,0.461064,0.248793,0,2.07631,0.334843,0,0.565627,0.110799,3.61866,0.000467195
160.042666667,0,2.21477,0.480584,0.247647,0,2.22191,0.00022588,0,0.526816,0,3.87654,0.00048693
160.085333333,0.0269319,2.068,0.695629,0.371156,0.0771057,2.07367,0.0115343,0,0.522481,0,3.63536,0.105333
160.128000000,0.163927,2.07455,0.498449,0.314149,0,2.08956,0,0,0.275713,0.000273741,3.69641,0.177385
160.170666667,0.111248,1.81739,0.462628,0.28907,0.148982,2.26107,0,0,0.281945,0.036617,3.53444,0.220568
160.213333333,0.0253201,1.79234,0.44283,0.263692,0.205733,2.05451,0,0,0.193152,0.0395225,3.5649,0.216929
160.256000000,0,2.00973,0.210987,0.245572,0,1.96219,0,0,0.0965495,0.0336439,3.62843,0.168712
160.298666667,0,2.21807,0.305847,0.244547,0,1.96266,0.00254852,0,0.0360858,0.0455589,3.75489,0.101456
160.341333333,0,2.22219,0.393915,0.247266,0,2.01012,0,0,0.0963245,0.0818484,3.90448,0.0293794
160.384000000,0,2.03224,0.405274,0.249267,0,2.16856,0.141353,0,0.146783,0.10693,3.92489,0.0014525
160.426666667,0,1.93726,0.414277,0.249886,0,2.21479,0.227569,0,0.227275,0.11309,3.91292,0
160.469333333,0,1.87306,0.416386,0.249578,0,2.22091,0.275588,1.24959e-05,0.272809,0.113511,3.89694,0
160.512000000,0,1.79952,0.444065,0.250515,0,2.22183,0.290886,0.0148857,0.278918,0.11501,3.93028,0
160.554666667,0,1.93139,0.610638,0.389595,0.0602963,2.22701,0.0510472,0.0579895,0.155913,0.0878178,3.73452,0.136963
160.597333333,0.156475,1.93898,0.376202,0.276453,0,1.74772,0,0.0599348,0.0951698,0.165785,3.80295,0.135769
160.640000000,0.192387,1.81145,0.120568,0.286601,0.138538,1.56602,0,0.0959984,0.0781117,0.169489,3.6904,0.194803
160.682666667,0.126923,1.86874,0,0.282017,0.183978,1.59127,0,0.142864,0.079273,0.150801,3.64843,0.223534
160.725333333,0.00192236,2.06655,0,0.268782,0.117627,1.6118,0,0.0826208,0.142632,0.0732801,3.61046,0.220559
160.768000000,0,2.29306,0.129156,0.240236,0,1.52594,0,0.0588326,0.198752,0.0339359,3.62517,0.187884
160.810666667,0,2.15033,0.303135,0.236423,0,1.94113,0.406124,0.028509,0.391369,0.0671408,3.6412,0.0836747
160.853333333,0,1.75782,0.351275,0.236987,0,1.8779,0.874493,0.000727244,0.444101,0.104575,3.61048,0.0196092
160.896000000,0,1.67716,0.37624,0.241426,0,2.06701,0.654628,0,0.452748,0.112277,3.66065,0.00930399
160.938666667,0,1.78526,0.40454,0.24242,0,2.12554,0.429459,0,0.500028,0.113426,3.68205,0.00800851
160.981333333,0,1.91143,0.434236,0.241695,0,2.13079,0.319869,0,0.556383,0.105675,3.69702,0.00729594
161.024000000,0,1.96401,0.44883,0.242344,0,2.19214,0.350549,0,0.498659,0.0620156,3.80245,0
161.066666667,0.119328,1.83031,0.663661,0.315501,0,2.14362,0.182266,0.000232009,0.394982,0.00549351,3.51622,0.134267
161.109333333,0.168391,1.7679,0.393681,0.240982,0,1.49009,0.163786,0.00439052,0.390293,0,3.61679,0.21628
161.152000000,0.0994443,1.5843,0.463128,0.28623,0,1.06255,0.407864,0.00425166,0.381997,0.00168168,3.61088,0.254758
161.194666667,0.0179403,1.47205,0.451159,0.283387,0.0455336,1.24125,0.20803,0.000526768,0.300821,0.0161956,3.67385,0.262087
161.237333333,0,1.08024,0.354344,0.234768,0,1.78985,0,0,0.263481,0.0331379,3.79165,0.327103
161.280000000,0,0.83276,0.363836,0.232002,0,2.18674,0,0,0.272587,0.0628661,3.88961,0.453043
161.322666667,0,0.766125,0.385692,0.226965,0,2.1441,0.144638,0,0.236231,0.214512,3.93602,0.0414889
161.365333333,0,0.867691,0.440916,0.233048,0,2.09184,0.24278,0,0.219501,0.129167,4.04925,0.00445845
161.408000000,0,1.02393,0.4883,0.238056,0,2.09565,0.257718,0,0.266915,0.114414,4.08697,0.00353214
161.450666667,0,1.10688,0.514417,0.240597,0,2.11885,0.246178,0,0.315692,0.112442,4.09899,0.00789625
161.493333333,0,1.00733,0.522167,0.243616,0,2.12951,0.25049,0.0451652,0.324138,0.106187,4.08085,0.0548362
161.536000000,0,0.999341,0.599064,0.43861,0.165072,2.19827,0.0221825,0.0564138,0.162971,0.287579,3.72137,0.212954
161.578666667,0.166577,1.06201,0.897021,0.230388,0.446119,1.81379,0,0.057288,0.15117,0.130436,3.80995,0.224417
161.621333333,0.152057,1.14474,0.845598,0.269943,0.641075,1.30155,0,0.0951266,0.180505,0.132492,3.70074,0.280638
161.664000000,0.0576301,1.50474,0.580695,0.259881,0.382791,1.32932,0.0387353,0.205597,0.377028,0.111414,3.63324,0.287537
161.706666667,0.00136957,1.82431,0.246868,0.247645,0.0983315,1.90307,0.0181805,0.113953,0.18446,0.0270174,3.62633,0.271886
161.749333333,0,2.12971,0.283764,0.23087,0,2.0946,0,0.0553275,0.209922,0.042979,3.66781,0.328627
161.792000000,0,2.06393,0.380378,0.235216,0,2.39365,0,0.0263,0.391701,0.0792781,3.74481,0.352431
161.834666667,0,1.93157,0.432457,0.241065,0,2.31322,0.0723324,0.00447244,0.429798,0.114103,3.74159,0.0236599
161.877333333,0,1.83753,0.455455,0.24624,0,2.00908,0.165321,0,0.470777,0.114572,3.82433,0.00250869
161.920000000,0,1.73534,0.466925,0.245983,0,1.96169,0.322493,0,0.521481,0.113805,3.83153,0.005337
161.962666667,0,1.69577,0.486992,0.246337,0,1.93858,0.415714,0.0113342,0.565216,0.105806,3.82799,0.0223263
162.005333333,0.0190401,1.62785,0.611591,0.25131,0.142096,2.20181,0.327468,0.120336,0.483264,0,3.74805,0
162.048000000,0.113463,1.92703,0.594211,0.315664,0,1.91987,0,0,0.47864,0.249378,3.68519,0.147552
162.090666667,0.150465,2.05129,0.391429,0.243032,0,1.95725,0,0,0.425356,0.0150851,3.71328,0.200587
162.133333333,0.0739042,2.1137,0.360437,0.239573,0.132902,1.86859,0,0,0.432825,0.0253425,3.6935,0.24394
162.176000000,0.00102654,2.15408,0.36133,0.236388,0.268082,1.57429,0.179649,0,0.558818,0.0376257,3.66794,0.261838
162.218666667,0,2.09941,0.424749,0.236244,0.242136,1.36562,0.33674,0,0.651969,0.0527485,3.67602,0.244374
162.261333333,0,2.11842,0.454945,0.23756,0.000610229,1.38213,0.198064,0,0.667097,0.0718155,3.72727,0.262073
162.304000000,0,2.14954,0.474718,0.241684,0,1.55601,0.199222,0.179442,0.532469,0.0951278,3.78906,0.0229595
162.346666667,0,2.16082,0.492118,0.244338,0,1.74586,0.207712,0.0880606,0.554704,0.109661,3.80268,0.000885562
162.389333333,0,2.10357,0.531371,0.245171,0,1.88663,0.151552,0,0.599201,0.111403,3.79001,0.00906825
162.432000000,0,2.06877,0.539846,0.245144,0,1.87116,0.150478,0,0.64126,0.10676,3.81447,0.0125697
162.474666667,0,1.83344,0.520421,0.245177,0,2.01132,0.320348,0.0253362,0.576993,0.0888315,3.74991,0.0702442
162.517333333,0,2.10292,0.694656,0.423302,0.0826057,1.71069,0.0323504,0.0620221,0.36695,0,3.59575,0.165182
162.560000000,0.1867,1.5841,0.863079,0.406583,0.114077,1.33651,0.42356,0.0626524,0.331074,0.00283598,3.5463,0.190822
162.602666667,0.157126,1.41538,0.981623,0.399502,0.187016,1.2621,0.571951,0.109358,0.307019,0.0104899,3.46146,0.266656
162.645333333,0.0564106,1.47841,0.788214,0.405276,0.221946,1.32287,0.602214,0.199429,0.320122,0.0155593,3.44839,0.282357
162.688000000,0.00286899,1.57551,0.455595,0.416634,0.190107,1.44072,0.51913,0.120459,0.261188,0.0267792,3.43869,0.260559
162.730666667,0,1.78553,0.399329,0.501624,0.0740137,1.56474,0.483264,0.144759,0.277772,0.0530829,3.43141,0.207321
162.773333333,0,1.54397,0.510491,0.251004,0,2.05261,0.907532,0.00995029,0.479374,0.0821671,3.56186,0.0664352
162.816000000,0,1.33937,0.532667,0.254786,0,2.18967,0.691767,0,0.481864,0.119695,3.57519,0.0102993
162.858666667,0,1.3349,0.534663,0.255786,0,2.3136,0.418274,0.0588068,0.481344,0.108804,3.5207,0.0070843
162.901333333,0,1.32994,0.568452,0.256806,0,2.28264,0.361295,0.230583,0.487332,0.10422,3.55409,0
162.944000000,0,1.55319,0.532032,0.252747,0,2.52597,0.331695,0,0.42758,0.000797136,3.63208,0
162.986666667,0,1.59827,0.567131,0.25516,0.283225,2.20587,0.336533,0.19077,0.502039,0,3.84254,0
163.029333333,0.150838,2.02621,0.694893,0.250628,0.0525417,1.9607,0.0858108,0,0.476528,0,3.71689,0.145922
163.072000000,0.149198,2.12128,0.489839,0.243055,0,1.57598,0.218146,0,0.516509,0.00273426,3.61082,0.222552
163.114666667,0.0722067,2.18011,0.425873,0.237904,0,1.44869,0.262201,0.0614023,0.460361,0.0400001,3.58569,0.249065
163.157333333,0.00843007,2.31245,0.41402,0.24148,0,1.4932,0.0212259,0.0198391,0.354659,0.0496811,3.6455,0.238918
163.200000000,0,2.24793,0.455474,0.235503,0,1.63651,0,0,0.320936,0.0349386,3.82073,0.211849
163.242666667,0,2.1243,0.482936,0.239301,0,1.88193,0.0205931,0,0.30957,0.0622237,3.90594,0.171793
163.285333333,0,1.94254,0.519417,0.241644,0,1.87078,0.276543,0.0463226,0.306308,0.102449,3.97404,0.0114419
163.328000000,0.0524344,1.80464,0.552349,0.242597,0,1.97419,0.275998,0.0525894,0.281874,0.125758,3.97833,0.00213225
163.370666667,0,1.65429,0.563479,0.242126,0,2.10039,0.226364,0.00100586,0.298409,0.157178,4.0196,0.0336062
163.413333333,0,1.51773,0.579183,0.243133,0,2.14078,0.0232612,0.00157922,0.33903,0.120049,4.07564,0.474368
163.456000000,0,1.46909,0.793751,0.244335,0.0768853,2.2498,0.130355,0.399883,0.250471,0.0232086,4.13641,0
163.498666667,0.0522113,1.4128,0.716464,0.390672,0.0105253,2.22856,0,0.200966,0.134358,0,3.96271,0.143202
163.541333333,0.169124,1.46073,0.635332,0.263798,0.217445,2.11575,0,0.0564256,0,0.132099,3.85022,0.186114
163.584000000,0.116003,1.507,0.568125,0.309627,0.470902,1.57397,0,0.057254,0,0.197873,3.72271,0.234318
163.626666667,0.0235883,1.69205,0.468354,0.313386,0.473396,1.87777,0,0.115592,0,0.12793,3.65054,0.251052
163.669333333,0,1.86114,0.38347,0.304283,0.242762,2.01571,0,0.165666,0.0694914,0.0391425,3.70188,0.23923
163.712000000,0,1.89922,0.4693,0.243097,0,2.05389,0,0.199848,0.252067,0.0548456,3.84897,0.30847
163.754666667,0,1.87916,0.496636,0.247548,0,2.33428,0,0.150219,0.299001,0.101879,3.87738,0.227468
163.797333333,0,1.76282,0.500494,0.24937,0,2.29852,0.174223,0,0.314996,0.165311,3.8984,0.00328361
163.840000000,0,1.52967,0.494654,0.251774,0,1.83693,0.443529,0,0.358059,0.298203,3.89133,0.00515696
163.882666667,0,1.35565,0.530002,0.252484,0,1.82769,0.590844,0.0233623,0.406758,0.133347,3.94893,0.013219
163.925333333,0,1.4107,0.539133,0.251146,0,2.11776,0.236344,0.0144327,0.410038,0.115265,3.91683,0.157812
163.968000000,0,1.50238,0.65485,0.430724,0.156476,2.14813,0,0.0227468,0.407549,0.394864,3.81669,0.148935
164.010666667,0.157203,2.04562,0.642831,0.273157,0,1.96558,0,0,0.333159,0,3.82772,0.173697
164.053333333,0.160101,2.26518,0.498857,0.239122,0,2.36916,6.60161e-05,0.0704651,0.540349,0.376071,2.85895,0.225681
164.096000000,0.0700858,2.212,0.45573,0.234299,0,2.20995,0.354595,0.103743,0.608828,0.368091,2.56563,0.264211
164.138666667,0.0210946,2.25198,0.326097,0.218482,0.0532234,1.83164,0.534717,0.00232595,0.512119,0.0368231,3.1482,0.269517
164.181333333,0.0219254,2.35532,0.205817,0.220866,0,1.44701,0.371801,0.0147264,0.459427,0.0379634,3.01817,0.248643
164.224000000,0.0329301,2.554,0.0667518,0.230846,0,1.5926,0.0345756,0.0293417,0.39136,0.0683386,2.12458,0.399385
164.266666667,0,2.68792,0.0606417,0.239377,0.0597673,1.28012,0.216947,0.104605,0.378444,0.395471,1.35772,0.0162113
164.309333333,0,3.02161,0.00991672,0.238581,0.0745112,1.09601,0.164055,0.183804,0.358787,1.18247,0.89369,0.0046238
164.352000000,0,3.08933,0.0214544,0.235272,0.287762,1.22499,0.0887661,0.197723,0.370159,2.25885,0.443767,0.0166982
164.394666667,0,3.06344,0.0859776,0.233991,0.556622,1.3441,0.00288386,0.16693,0.37992,3.32504,0.151184,0.297329
164.437333333,0,2.77343,0,0.464204,0.744594,1.22128,0.124367,0.503022,0.223876,3.93396,0.000887255,0
164.480000000,0.0965362,2.41131,0.241224,0.336938,0.752178,0.622765,0.0230647,0.0771522,0.215909,3.33888,0.130957,0.141436
164.522666667,0.196592,1.386,0.938621,0.224268,0.720523,0.501786,0.215219,0.0575863,0.301273,2.24761,0.146856,0.228054
164.565333333,0.324584,1.07224,0.877376,0.257335,0.723593,0.586484,0.289071,0.0565188,0.668899,1.09459,0.198697,0.282667
164.608000000,0.466796,1.50214,0.437614,0.293135,0.538138,0.733204,0.0545886,0.0519565,1.64521,0.255606,0.212436,0.284226
164.650666667,0.601393,2.05479,0,0.466981,0.23538,0.71314,0.0955606,0.0433927,2.61628,0.0737138,0.169535,0.24082
164.693333333,0.541432,2.15533,0,0.959293,0,0.717815,0.12018,0.0185528,3.46821,0.0636069,0.171516,0.334638
164.736000000,0.217233,1.89162,0,1.21327,0,1.49544,0.189934,0,3.76514,0.0918611,0.377477,0.0717337
164.778666667,0,1.55745,0,1.27134,0,1.91271,0.310761,0.0995193,2.98128,0.124108,0.297459,0.0258167
164.821333333,0,1.4108,0.022779,1.09348,0,2.19485,0.332726,0.236644,1.73222,0.138251,0.146567,0.115579
164.864000000,0,1.51641,0.0732129,0.615031,0,2.24083,0.203593,0.50795,0.759493,0.115743,0.151721,0.287622
164.906666667,0,1.83488,0.355922,0.40062,0,2.42648,0.0837202,0.831113,0.573044,0,0,0.55779
164.949333333,0,1.77763,0.995631,0.388618,0.0503452,1.89189,0.161044,1.94999,0.55777,0.0158876,0.178113,0.793949
164.992000000,0.195449,2.02024,1.38034,0.24505,0,0.878261,0,2.46936,0.561589,0.00179858,0.168538,0.84091
165.034666667,0.284156,2.13965,1.26431,0.245461,0,0.309968,0.0314226,2.60693,0.55081,0.202459,0.161395,0.774742
165.077333333,0.387852,2.12195,0.843459,0.244435,0,0.361427,0.153637,2.13096,0.724357,0.373278,0.172162,0.538436
165.120000000,0.362022,2.16858,0.348332,0.245757,0.0194165,0.394914,0.290162,1.14294,0.719552,0.417795,0.225205,0.264743
165.162666667,0.073223,2.32289,0.0796947,0.244226,0.256893,0.287954,0.904524,0.34341,0.68453,0.063842,0.631672,0.38909
165.205333333,0,2.12863,0.00565461,0.289409,0.397009,0.505104,2.4617,0.0103755,0.679365,0.0904274,1.14182,0.0756859
165.248000000,0,1.85426,0.421942,0.263393,0.496361,0.419096,3.53679,0.119499,0.328342,0.112576,1.28487,0.000276552
165.290666667,0.00759317,1.83607,0.625783,0.32776,0.131518,0.240449,3.70703,0.0833025,0.284816,0.167027,1.02005,0.00753386
165.333333333,0.00561435,1.93042,0.771578,0.38195,0.0382407,0.473951,2.61091,0.0304776,0.376707,0.369877,0.710529,0.125475
165.376000000,0.00780625,2.02407,0.77796,0.630876,0.0119362,0.752988,0.992259,0.0035373,0.49836,0.415368,0.509876,0.21856
165.418666667,0,1.838,0.412208,0.795019,0.00437145,1.75189,0.391271,0.0499768,0.43606,0.47115,0.32149,0.333788
165.461333333,0.0487308,1.53499,0.00419653,0.826233,0.0193074,2.71088,0.167813,0.230191,0.412238,0.690257,0.0847817,0.0541365
165.504000000,0.209248,1.69206,0.000941738,0.524491,0.206998,2.81478,0,0.144757,0.422237,1.1689,0.318774,0.176895
165.546666667,0.373256,1.8259,0.0903006,0.249207,0.37445,2.08306,0.194894,0.10908,0.638173,0.850775,0.46596,0.256667
165.589333333,0.461569,1.86393,0.356708,0.313802,0.235293,0.96435,0.465224,0.118034,0.809468,0.5692,0.45273,0.289516
165.632000000,0.249133,2.11326,0.28996,0.348131,0.00791848,1.12608,0.46592,0.665114,0.78083,0.482515,0.623445,0.206547
165.674666667,0,2.30882,0.387181,0.332723,0.13143,1.16041,0.102979,0.947734,0.762021,0.376355,0.747255,0.423936
165.717333333,0,2.0746,0.427937,0.257936,0.328775,0.978698,0.230903,1.12698,0.657476,0.387647,0.901658,0.376118
165.760000000,0,2.38573,0.153869,0.259952,0.317096,0.899287,0.388008,1.11247,0.551299,0.417701,0.851602,0.120568
165.802666667,0.0286033,2.42801,0.0900284,0.255303,0.32394,1.06535,0.66133,0.414446,0.426569,0.593278,0.350721,0.100042
165.845333333,0.341149,2.41493,0.00783024,0.284012,0.414402,1.0357,0.460967,0.280745,0.500046,1.1015,0.380674,4.12651e-05
165.888000000,0.445584,2.40479,0.100838,0.251115,0.327577,0.825246,0.0470494,0.169249,0.565164,1.41284,0.501535,0.238899
165.930666667,0.0296437,2.57178,0.0806928,0.248515,0.073259,0.532666,0.357601,0.506065,0.6937,0.503305,1.42864,0.147548
165.973333333,0.0723855,2.78436,0.120096,0.242912,0.173019,0.784312,0.843488,0.586462,0.598112,0.0708883,1.63542,0.116127
166.016000000,0.14319,2.6664,0.128044,0.385298,0.166706,0.665942,1.2548,0.319186,0.670437,0.0717561,1.78973,0.133837
166.058666667,0.161188,2.5871,0.00173928,0.388313,0.158168,0.338979,2.08438,0.130713,0.858674,0.0481782,1.76097,0.199238
166.101333333,0.0908553,2.51864,0.00362184,0.223543,0.0421223,0.244922,2.6061,0.031933,0.804699,0.0722867,1.63274,0.208053
166.144000000,0.0532699,2.70315,0.0271089,0.167456,0.141469,0.263969,2.9127,0.0534028,0.875695,0.0973855,1.50902,0.143307
166.186666667,0.0378007,2.6372,0.0174959,0.164797,0.168787,0.295621,3.06493,0.0867973,0.849654,0.168041,1.67156,0.0553194
166.229333333,0.0436208,2.57905,0,0.175314,0.177962,0.297945,3.04551,0.130041,0.774854,0.226568,1.82055,0.0383894
166.272000000,0.0515058,2.5439,0.0339298,0.184997,0.210515,0.300447,3.05852,0.183861,0.645699,0.250151,1.93773,0.0436757
166.314666667,0.0608885,2.51249,0,0.180289,0.262743,0.273558,3.16572,0.240352,0.645821,0.231178,2.02887,0.0257193
166.357333333,0.0727683,2.38472,0,0.172296,0.29119,0.255824,3.22485,0.256073,0.779091,0.200788,2.07662,0.0167895
166.400000000,0.0897385,2.27317,0.0213433,0.169268,0.28976,0.304236,3.08094,0.241501,0.922586,0.153091,1.91716,0.00215767
166.442666667,0.167552,2.16084,0.223979,0.161145,0.192802,0.325786,2.77465,0.110256,1.04727,0.0783516,1.43285,0.0267929
166.485333333,0.446093,2.09669,0.098391,0.150079,0.0622311,0.335344,2.55467,0.0585789,0.977594,0.367094,1.32341,0.178465
166.528000000,0.469605,2.41306,0.0700948,0.232132,0.203352,0.451654,2.06118,0.332097,1.04147,0.489193,1.23371,0.203107
166.570666667,0.404059,2.2883,0.103751,0.195217,0.0878752,0.442392,2.46775,0.0459709,0.977677,0.497521,1.08054,0.221486
166.613333333,0.213401,2.51055,0.131261,0.133586,0.190016,0.267211,2.7245,0.0774942,1.09616,0.0577875,1.19854,0.188405
166.656000000,0.0659452,2.48428,0.11036,0.187294,0.161026,0.450664,2.96571,0.118179,1.10008,0.0673334,1.30947,0.0861965
166.698666667,0,2.83728,0.135384,0.17162,0.04468,1.39247,1.7599,0.0980957,1.29196,0.051931,1.0915,0.0449891
166.741333333,0,3.27468,0.0980642,0.421997,0.0304889,2.00885,0.889512,0.0748881,1.52707,0.0714532,0.823994,0.125725
166.784000000,0.048794,3.50809,0.103716,0.538929,0.0227001,2.58114,0.423051,0.00167827,1.555,0.0397235,0.372804,0.193227
166.826666667,0.0122973,3.63893,0.0813446,0.516429,0.0259483,2.73761,0.28561,0,1.74971,0.00281828,0.269985,0.204274
166.869333333,0.000100102,3.65095,0.0650599,0.404907,0.0185219,2.77432,0.44203,0,1.9825,0.00226245,0.33407,0.179538
166.912000000,0.000101502,3.91836,0.071765,0.30501,0.0154944,2.68522,0.292257,0.0700656,2.19711,0.00150351,0.47345,0.14625
166.954666667,0.000163851,3.89696,0.127893,0.297899,0.0123772,2.12344,0.6041,0.174802,2.22242,0.000754827,0.434266,0.223142
166.997333333,0.000155495,3.82666,0.101745,0.282232,0.0878894,1.54713,0.589521,0.15797,2.16837,0.00830917,0.397247,0.318066
167.040000000,0.00490849,3.83167,0.00285419,0.256455,0.11384,1.57517,0.546977,0.135562,2.11603,0,0.269186,0.313968
167.082666667,0.00908628,3.88282,0.00319999,0.282358,0.00742583,1.91936,0.388616,0.00338158,2.00138,0.00942509,0.294337,0.339201
167.125333333,7.04615e-05,3.93082,0.00713339,0.384633,0.00736255,2.08002,0.327356,0.0342885,2.04244,0.0335578,0.34283,0.295852
167.168000000,6.1211e-05,3.6882,0.0198329,0.444408,0.00462268,2.07893,0.470453,0.00175322,2.35662,0.0732144,0.245333,0.249244
167.210666667,4.63535e-05,3.69914,0.0199498,0.49031,0,2.21865,0.464942,0,2.34242,0.0936143,0.192618,0.259989
167.253333333,5.39497e-05,3.66217,0.0212064,0.504449,0.000147723,2.39415,0.45359,0.00268913,2.27351,0.0988775,0.13034,0.259317
167.296000000,7.34395e-05,3.66715,0.0262214,0.480383,0.00183106,2.59382,0.413998,0.0134396,2.19467,0.0863147,0.0985336,0.248872
167.338666667,0.000142219,3.76949,0.028684,0.464327,0.00336086,2.59644,0.36325,0.0172876,2.16365,0.0261403,0.0932293,0.228224
167.381333333,0.00669514,3.8119,0.0114588,0.429609,0.00909266,2.41509,0.268025,0.0687551,2.15639,0.0445398,0.141309,0.162314
167.424000000,0.0530363,3.51295,0.00427041,0.280939,0.200623,2.1763,0.446222,0.0564092,2.14985,0.179964,0.207294,0.162632
167.466666667,0.312675,3.16944,0.00303591,0.219131,0.421367,1.18163,0.857279,0.061378,1.69958,0.592329,0.269675,0.150829
167.509333333,0.374679,3.02058,0.001636,0.224094,0.416737,0.830721,0.990236,0.051582,1.53067,0.997737,0.345925,0.268624
167.552000000,0.0208502,3.26243,0.0705882,0.218488,0.341179,1.58952,0.685462,0.0573606,1.88583,0.505369,0.322132,0.270475
167.594666667,0.000108834,3.83602,0.00359026,0.214647,0.15139,2.06141,0.222148,0.0548418,1.9488,0.0320447,0.245415,0.21495
167.637333333,6.97557e-05,4.07903,0.00226128,0.240481,0,2.20033,0.0126624,0.012485,2.12608,0.0517097,0.200619,0.211612
167.680000000,5.85722e-05,3.94037,0.00115144,0.263719,0,2.15171,0.140521,0.00170767,2.3795,0.0948471,0.168182,0.212725
167.722666667,6.1862e-05,3.88098,0.00129351,0.236161,0,1.87871,0.226733,0.0121166,2.40022,0.109002,0.128692,0.198513
167.765333333,7.19656e-05,3.85466,0.00136602,0.234306,0,1.82095,0.28154,0.0164056,2.44871,0.103371,0.085305,0.178775
167.808000000,0.000134785,3.83856,0.00211883,0.227446,0,2.00498,0.34235,0.00942479,2.48501,0.0459219,0.0321128,0.163069
167.850666667,0.000173919,3.966,0.00383033,0.221724,0,1.90759,0.31124,0.00657731,2.44638,0,0.00211305,0.163579
167.893333333,0.0906756,3.85954,0.157215,0.211987,0.0134676,1.45412,0,0.125013,2.47831,0.0165512,0.4578,0.138838
167.936000000,0.43733,2.39655,0.271379,0.212871,0.459733,1.44688,0,0.24044,2.50913,0.138535,1.31934,0.265006
167.978666667,0.525424,1.94123,0.536694,0.214628,0.107481,1.69523,0,0.149504,2.35324,0.142281,1.98436,0.354848
168.021333333,0.286281,1.87723,0.592354,0.210689,0.024198,2.50273,0,0.0416985,1.98007,0.110508,2.49936,0.355691
168.064000000,0.357151,2.54564,0.399782,0.211551,0.0191022,2.54826,0.0186807,0.02104,1.32159,0.0969518,2.91394,0.296094
168.106666667,0.438583,2.74249,0.416166,0.209388,0,2.55685,0.0323372,0.00988827,1.012,0.128352,3.0756,0.23598
168.149333333,0.498761,2.61803,0.477384,0.21023,0,2.53357,0.0522609,0,0.889936,0.149141,3.10715,0.186593
168.192000000,0.417334,2.34887,0.498876,0.219951,0.00284335,2.59781,0.0565354,0,0.910707,0.138828,3.04084,0.182194
168.234666667,0.340545,1.96294,0.439209,0.213261,0.00551805,2.61066,0.0775097,0,1.01917,0.143606,3.21039,0.200995
168.277333333,0.290121,2.05393,0.441691,0.214211,0.00484626,2.6137,0.115188,0,1.03905,0.117998,3.21782,0.172913
168.320000000,0.321982,2.34759,0.485746,0.221837,0.00271925,2.58217,0.111095,0,1.04479,0.0991475,3.07387,0.127347
168.362666667,0.43045,2.48594,0.400011,0.221937,0.0168866,2.52179,0.0859157,0.0371073,0.962514,0.158061,2.92385,0.0671963
168.405333333,0.273798,2.27371,0.441895,0.280543,0.000598091,2.66644,0.206752,0.0501209,1.19971,0.206294,2.53506,0
168.448000000,0.182717,2.31548,0.359337,0.387451,0.00266042,2.65241,0.0559605,0.0900807,1.20918,0.175379,2.38684,0.00666126
168.490666667,0.0577783,2.25659,0.26218,0.406812,0.00029258,2.6349,0,0.146815,1.27799,0.122086,2.277,0.0440256
168.533333333,0.0783299,2.35168,0.179502,0.27002,0.0511813,2.55988,0,0.127276,1.1619,0.0969081,2.38402,0.0989895
168.576000000,0.275768,2.68482,0.188141,0.224084,0.124484,2.57684,0.00221795,0.0464484,1.00695,0.0722715,2.49222,0.0851736
168.618666667,0.419672,2.93799,0.270325,0.217162,0.0219475,2.34866,0.0234595,0.0227149,0.710958,0.100144,2.50716,0.0816558
168.661333333,0.417282,2.76617,0.256134,0.211288,0,2.50738,0.223866,0.0182493,0.463406,0.100054,2.30888,0.0838002
168.704000000,0.352382,2.4263,0.204308,0.202829,0,2.71866,0.261011,0.0160526,0.5182,0.054121,2.13904,0.106337
168.746666667,0.333706,2.23913,0.219529,0.199919,0,2.71528,0.21823,0.00820666,0.606276,0.0503104,2.30123,0.128121
168.789333333,0.389144,2.46028,0.278633,0.211368,0.0010297,2.5386,0.235903,0.00515639,0.576456,0.0228264,2.48009,0.0949397
168.832000000,0.457091,2.44358,0.312394,0.217547,0.00119437,2.42598,0.282857,0.00654505,0.628896,0.0318695,2.54585,0.0728003
168.874666667,0.376771,2.1247,0.352818,0.209056,0.21861,2.61643,0.350663,0.00674175,0.901342,0.0404277,2.08954,0.0458379
168.917333333,0.224609,2.01158,0.27383,0.260109,0.0294813,2.80623,0.316857,0.0875996,1.12637,0.22187,1.98829,0.050744
168.960000000,0.114701,2.04185,0.198041,0.320087,0.0072491,2.95398,0.11451,0.193929,1.06899,0.33802,1.92829,0.223149
169.002666667,0.0973163,2.02649,0.274629,0.272338,0.00460654,2.89242,0.0168991,0.181007,0.973043,0.345877,1.9325,0.200132
169.045333333,0.134608,1.99056,0.512222,0.224062,0.037932,2.7939,0.108073,0.0118384,1.10453,0.124139,2.0205,0.191303
169.088000000,0.214982,2.4505,0.487733,0.221862,0.06714,2.4662,0.183066,0,1.06165,0.140922,2.62236,0.164543
169.130666667,0.282038,2.53796,0.393677,0.221482,0,2.35829,0.228925,0,0.852933,0.169204,2.70395,0.143033
169.173333333,0.307864,2.46652,0.423374,0.222186,0,2.42634,0.227672,0,0.607091,0.19675,2.71749,0.155758
169.216000000,0.303143,2.36844,0.514446,0.226595,0.00104396,2.54056,0.214081,0,0.606201,0.196162,2.74795,0.159608
169.258666667,0.32324,2.2156,0.619539,0.216447,0.00507487,2.62098,0.191274,0,0.764326,0.185402,2.72538,0.153229
169.301333333,0.402316,2.13085,0.655596,0.201291,0.000189524,2.61772,0.160369,0,0.886639,0.225979,2.67435,0.132488
169.344000000,0.294107,1.87887,0.531229,0.18526,0.0368112,2.67277,0.0026651,0.0477827,0.973566,0.213316,2.50087,0.0156117
169.386666667,0.270249,1.65764,0.857801,0.154628,0.164374,2.56085,0,0.0481733,1.23882,0.156012,2.07627,0.00488951
169.429333333,0.406005,1.52901,1.13282,0.184661,0.228478,1.86339,0.484388,0.0456893,1.62105,0.0738658,1.42134,0
169.472000000,0.452211,1.63816,1.12009,0.250418,0.143138,1.77144,0.605567,0.0489335,1.72334,0.0631831,1.03154,0.0761318
169.514666667,0.356366,2.03711,0.845919,0.268503,0.0202871,2.24134,0.428617,0.0473958,1.31402,0.0611284,1.17789,0.0959584
169.557333333,0.306909,2.51199,0.487386,0.221379,0,2.5272,0.126084,0.0515811,0.800068,0.0477803,1.88308,0.0578128
169.600000000,0.25039,2.79469,0.519564,0.216578,0,2.56183,0.0145752,0.00819801,0.727496,0.0620071,2.28812,0.109219
169.642666667,0.186871,2.8033,0.56714,0.211506,0,2.63217,0.0403607,0,0.814141,0.0668298,2.26361,0.110829
169.685333333,0.171685,2.8307,0.643259,0.208421,0,2.54461,0.0595054,0,0.937035,0.067097,2.26867,0.0806591
169.728000000,0.183848,2.76941,0.760703,0.207523,0,2.4918,0.0844829,0,1.06801,0.0330173,2.27334,0.0382414
169.770666667,0.209931,2.60432,0.812413,0.211405,0,2.53725,0.110753,0,1.25858,0.0215128,2.25472,0.0261557
169.813333333,0.236533,2.67036,0.838524,0.216089,0,2.50766,0.013131,0,1.3577,0.0296952,2.2084,0.0731234
169.856000000,0.236411,2.61478,0.763536,0.211212,0.0109607,2.38969,0.00423821,0,1.41892,0.0442424,1.7778,0.153501
169.898666667,0.40971,2.2271,0.593239,0.198688,0.117662,1.91575,0.349109,0.00859898,1.07483,0.628611,1.64162,0.201292
169.941333333,0.485521,1.8013,0.477153,0.211693,0.39163,1.69996,0.426541,0.0118526,0.864906,0.802974,1.50387,0.244768
169.984000000,0.360251,1.88145,0.454775,0.223015,0.228253,2.01688,0.32436,0.0146891,0.639756,0.765218,1.42214,0.203453
170.026666667,0.247414,2.24822,0.43931,0.226127,0,2.48777,0.0729123,0.0165852,0.724546,0.225852,1.55232,0.109668
170.069333333,0.293238,2.63699,0.532907,0.219678,0,2.35308,0.0145749,0.00738126,1.10833,0.0609124,2.32604,0.0311678
170.112000000,0.250589,2.57583,0.726478,0.218702,0,2.45619,0.0137403,0,1.26795,0.0687455,2.41215,0.0234082
170.154666667,0.168336,2.69662,0.783601,0.214851,0,2.5148,0.019063,0,1.0959,0.0723299,2.46619,0.0143192
170.197333333,0.106398,2.75532,0.813687,0.21575,0,2.47616,0.00932422,0.000950359,0.996439,0.0576069,2.45441,0.0167192
170.240000000,0.118718,2.72364,0.817697,0.224421,0,2.40552,0.00201257,0.00340555,1.02166,0.0342434,2.40278,0.0211365
170.282666667,0.2075,2.61192,0.780805,0.228961,0,2.40025,0,0.0266524,1.00347,0.0254061,2.34957,0.0182563
170.325333333,0.296798,2.48907,0.578145,0.224282,0.0117159,2.45212,0.0186232,0.0443229,0.763021,0.0190652,1.84817,0.030491
170.368000000,0.440074,2.22049,0.305289,0.206366,0.11871,1.9843,0.103837,0.17148,0.670561,0.214573,1.03759,0.140431
170.410666667,0.569085,1.88081,0.248967,0.197479,0.276553,1.38887,0.153848,0.279355,0.749537,0.489188,0.600425,0.219056
170.453333333,0.472154,1.76084,0.294163,0.208165,0.254383,1.49353,0.114751,0.323985,1.23686,0.457266,0.491625,0.27793
170.496000000,0.379183,1.93948,0.492107,0.234466,0.167177,1.58825,0.0920639,0.0722525,1.58992,0.132567,0.587981,0.25976
170.538666667,0.245928,2.39108,0.767392,0.238565,0.0318292,1.8045,0.0101606,0.0869733,1.24817,0.0593101,1.71201,0.0416003
170.581333333,0.279595,2.32526,0.612847,0.234735,0,2.29907,0.634143,0.0219064,0.432345,0.0816311,1.8718,0.00923994
170.624000000,0.305796,1.85856,0.367704,0.240174,0,2.7726,0.660592,0,0.417036,0.0926881,1.61241,0.00628934
170.666666667,0.292237,1.79846,0.151009,0.243955,0,2.99913,0.48145,0,0.406857,0.084292,1.43309,0.0241992
170.709333333,0.296036,1.99647,0.123118,0.243847,0,3.0577,0.326683,0,0.416128,0.0605625,1.44643,0.0383285
170.752000000,0.335555,2.1917,0.185411,0.240654,0,2.99967,0.313736,0,0.429028,0.0439504,1.51035,0.0452372
170.794666667,0.313272,2.17536,0.280298,0.238404,0,3.05962,0.326893,0,0.416081,0.0245196,1.43949,0.0644545
170.837333333,0.112577,2.73974,0.0442451,0.233631,0,2.70564,0.233463,0,0.358001,0.0874265,1.41197,0.096034
170.880000000,0,3.03531,0.000942926,0.233263,0.0260781,1.58636,0.135268,0,0.782218,0.336526,1.22147,0.211186
170.922666667,0,3.04275,0,0.231199,0.0595081,1.50019,0.0304713,0.0180206,0.824699,0.432189,1.00638,0.272906
170.965333333,0,3.02056,0.206317,0.234149,0.0112522,1.51087,0.00412698,0,0.579609,0.378125,1.04186,0.244146
171.008000000,0.028327,2.66152,0.486377,0.235426,0.0059212,1.91356,0.115401,0,0.299569,0.116424,1.52197,0.130919
171.050666667,0.340458,2.44639,0.606935,0.235181,0,1.84405,0.272725,0,0.14223,0.169093,1.88645,0.0363393
171.093333333,0.333365,2.45158,0.622396,0.233958,0,1.81628,0.302561,0,0.0149037,0.23515,2.00533,0.000443109
171.136000000,0.290125,2.48811,0.548115,0.229822,0,1.99436,0.293422,0.000390336,0.0209515,0.235927,1.95734,0.000447225
171.178666667,0.274579,2.56048,0.49173,0.225034,0,2.11727,0.267348,0.00780324,0.0605853,0.200279,1.84369,0.0472928
171.221333333,0.290147,2.62453,0.529596,0.224421,0,2.15654,0.224835,0.014511,0.178586,0.162316,1.79284,0.0940593
171.264000000,0.405572,2.5408,0.533188,0.228955,0,2.24544,0.19609,0.0385104,0.372189,0.258579,1.49166,0.0131914
171.306666667,0.298212,2.10928,0.632746,0.141982,0.0503326,2.58439,0.564176,0.0972774,0.828211,0.139597,0.302482,0.116377
171.349333333,0.535339,1.84876,0.580165,0.0819592,0.0644182,1.83112,0.719271,0.542311,0.983452,0.111937,0.141072,0.312945
171.392000000,0.648651,2.08227,0.515135,0.075696,0.188207,1.01894,0.79531,0.948362,0.729419,0.11904,0.0259383,0.327236
171.434666667,0.662724,2.32791,0.604659,0.108952,0.211581,1.41263,0.681414,0.861766,0.432143,0.0748559,0.0349574,0.381118
171.477333333,0.411657,2.52088,0.815258,0.188032,0.0293561,2.2975,0.520662,0.612807,0.258871,0,0.0968261,0.420832
171.520000000,0.161087,2.67059,0.934203,0.232579,0.0118642,2.26503,0.11093,0.0565356,0.364277,0.0307905,0.548728,0.353171
171.562666667,0.114244,2.62086,0.636034,0.23621,0.00111257,2.12331,0.0657176,0.0273295,0.478251,0.0968004,1.37624,0.177726
171.605333333,0.276491,2.71495,0.49265,0.236429,0.0134533,2.06063,0.131772,0.0188909,0.422567,0.102259,1.50115,0.000580857
171.648000000,0.353128,2.75537,0.37605,0.234908,0.0197708,1.80784,0.140987,0.0214501,0.36502,0.115862,1.42091,0.000517422
171.690666667,0.433777,2.60774,0.407315,0.315986,0.0249585,1.84025,0.387021,0.0230569,0.387842,0.0746711,1.33889,0.000456981
171.733333333,0.461905,2.53555,0.44766,0.338914,0.0038619,1.94556,0.366239,0.0254195,0.451341,0.0475467,1.22236,0.000394137
171.776000000,0.436461,2.66421,0.185601,0.241001,0.283507,2.13027,0.0434905,0.0366037,0.814435,0.317053,0.547083,0.0828361
171.818666667,0.461131,2.67212,0.00217792,0.227138,0.208533,2.48259,0.0288049,0.0371162,0.900977,0.776026,0.0959263,0.359833
171.861333333,0.378464,2.05105,0.297331,0.220857,0.145687,2.62086,0.00992646,0.0211935,1.01529,0.881288,0.090931,0.54721
171.904000000,0.223058,1.8741,0.241979,0.22979,0.0117856,2.28864,0.194775,0.23387,0.945218,1.00359,0.0816294,0.615404
171.946666667,0.034698,2.14798,0,0.227642,0.0230827,1.79084,0.377353,0.267644,0.705417,1.0245,0.157351,0.554292
171.989333333,0.173971,2.37369,0,0.232591,0.0249471,1.37419,0.430998,0.199272,0.623585,0.706446,0.189708,0.336659
172.032000000,0.68123,2.50299,0.00205037,0.264425,0.0199076,1.49727,0.145312,0.163492,0.761741,0.235641,1.25163,0.104068
172.074666667,0.463588,2.50867,0.293894,0.233881,0.0241434,1.79472,0.145394,0,0.217812,0.236586,1.18673,0.0519232
172.117333333,0,2.52817,0.482265,0.234073,0.0295944,2.10954,0.107908,0.0178695,0.227762,0.15665,0.830527,0.0310717
172.160000000,0.0494739,2.52079,0.214279,0.231865,0.00870612,2.10611,0.159852,0.0923832,0.264425,0.13137,1.07651,0.0291779
172.202666667,0.16928,2.42947,0.266345,0.307193,0.0224646,1.96976,0.14808,0.11038,0.265148,0.167907,1.30773,0.000606884
172.245333333,0.426301,2.15857,0.330368,0.301587,0.258624,1.83521,0.608152,0.112394,0.411749,0.345632,0.461758,0.108754
172.288000000,0.550974,1.89647,0.38333,0.099759,0.218498,0.9392,1.13812,0.175324,0.366378,0.515565,0.250335,0.301307
172.330666667,0.725232,1.85113,0.234699,0.0102855,0.155704,1.21633,1.1813,0.355082,0.323019,0.391932,0.291866,0.276874
172.373333333,0.709478,1.91263,0.25587,0.0155132,0.221904,1.62679,0.78284,0.43604,0.582163,0.161312,0.407586,0.281969
172.416000000,0.435402,1.93782,0.302083,0,0.275568,1.76375,0.509183,0.252265,0.715341,0.114518,0.30141,0.320578
172.458666667,0.360703,2.21944,0.340951,0.065106,0.210072,1.64465,0.460975,0.302057,0.952702,0.066021,0.193562,0.305378
172.501333333,0.00620459,2.52792,0.248779,0.237781,0.127051,1.60441,0.237967,0.474593,0.850777,0.0518828,0.188378,0.340299
172.544000000,0.182832,2.4313,0.0034678,0.247354,0.0297709,2.7936,0.349849,0.0362061,0.407389,0.105176,0.14014,0.500086
172.586666667,0.423796,2.33353,0.000636736,0.243627,0.0488921,3.23788,0.223986,0.0183138,0.339989,0.0826115,0.112775,0.278075
172.629333333,0.501589,2.25713,0,0.234928,0.0532205,3.38135,0.195698,0.0170991,0.30379,0.0869843,0.102469,0.0366363
172.672000000,0.376225,2.35489,0,0.237078,0.0329787,3.48546,0.0904101,0.0147117,0.30391,0.0639872,0.0941982,0.000439201
172.714666667,0.352178,2.37995,0,0.23983,0.00605375,3.56039,0.192831,0.0576743,0.316198,0.0989876,0.104821,0.000361145
172.757333333,0.312388,2.19985,0.00488133,0.231536,0.0358373,3.49606,0.144821,0.0896356,0.33886,0.000265113,0.00986325,0.205393
172.800000000,0.0477312,2.30639,0.268375,0.182954,0.104145,2.9047,0.212716,0.127466,0.39442,0.248128,0.0967014,0.187111
172.842666667,0.1052,2.15939,0.394595,0.334426,0.0561118,1.88661,0.436948,0.191425,0.354714,0.766069,0.136159,0.339114
172.885333333,0.0136377,2.12371,0.362423,0.128163,0.0831025,1.52965,0.496497,0.191341,0.242865,1.19744,0.27326,0.40678
172.928000000,0.010885,1.95414,0.249213,0.350909,0.0551265,1.6117,0.48288,0.320123,0.216923,1.47016,0.266731,0.232891
172.970666667,0,1.8017,0.276189,0.262896,0,1.95494,0.239006,0.305069,0.293878,1.03075,0.963715,0.0371586
173.013333333,0,1.34188,0.4393,0.273242,0.0687542,2.10311,0.242708,0.243928,0.934546,0.209248,0.83976,1.57521
173.056000000,0,1.01871,0.414322,0.206396,0.190639,2.17627,0.576519,0.484284,0.552453,0.600968,0.274187,1.86792
173.098666667,0,1.0811,0.651062,0.165436,0.207268,1.99568,0.458971,0.585729,0.114721,0.751075,0.559823,1.58558
173.141333333,0.0825281,1.22012,0.659102,0.194798,0.466601,1.96515,0.289022,1.11766,0.0427556,0.658645,0.724547,0.921152
173.184000000,0.2685,1.38774,0.532848,0.216795,0.784191,1.7882,0.0963454,0.947575,0.0712441,0.49896,0.855762,0.494437
173.226666667,0.807465,1.55191,0.0181906,0.178827,0.393811,2.12994,0.688627,0.254655,0.378965,0.484255,0.671691,0.106657
173.269333333,0.402823,1.77818,0.316074,0.0278784,0.0647445,1.73618,0.794495,0.378055,1.06398,0.262728,0.198504,0.307374
173.312000000,0.434757,1.71739,0.543938,0.00310138,0.0100009,1.49624,0.676781,0.437269,1.09735,0.288433,0.175877,0.330783
173.354666667,0.640466,1.6949,0.770744,0.00990679,0.00442856,1.0312,0.649671,0.624551,0.737233,0.601192,0.31681,0.375564
173.397333333,0.668868,1.53314,0.735576,0.132555,0,0.921232,0.740516,0.709911,0.765454,0.597403,0.347459,0.407008
173.440000000,0.524267,1.97523,0.318949,0.543806,0,1.23436,0.177158,0.977549,0.491535,0.429439,0.276504,0.304386
173.482666667,0.0109252,2.03454,0.288443,0.770936,0.0917668,0.982178,0.0647318,1.40013,0.093184,0.905459,0.345456,0.372663
173.525333333,0.00475108,1.78152,0.269498,0.579378,0.549668,0.709799,0.0540393,1.28133,0.186063,0.920484,0.324528,0.286838
173.568000000,0,1.74825,0.00309054,0.294805,1.35753,0.610076,0.0143762,0.36169,0.653669,0.727965,0.320676,0.538683
173.610666667,0.0192539,1.98918,0.00331935,0.219829,1.75313,0.843682,0.00622803,0.00754832,0.923928,0.209047,0.13242,0.572059
173.653333333,5.18294e-05,1.97261,0.00403761,0.218012,1.19738,2.04707,0.00408577,0.00963961,0.844018,0.120666,0.0692267,0.122759
173.696000000,0.0948731,2.02263,0.0139768,0.239501,0.305696,2.93927,0.00142258,0.0254618,0.595331,0.339316,0.00671634,0.00862861
173.738666667,0.000315321,2.25297,0.129663,0.515144,0.0570136,2.68549,0.635427,0.0668436,0.403715,0.905134,0.0173792,0.0716118
173.781333333,0.16235,2.12898,0.232148,0.918832,0.0247606,1.65412,1.1423,0.0965255,0.199111,0.977531,0.109444,0.199623
173.824000000,0.246335,2.04407,0.276803,0.874524,0,1.20982,1.78754,0.0326446,0.17824,0.516832,0.128047,0.3922
173.866666667,0.174723,2.08676,0.252155,0.688797,0.0937177,0.949261,2.1448,0.288552,0.199719,0.395684,0.388656,0.360164
173.909333333,0.0632446,2.24799,0.0939788,0.642551,0.312718,0.806397,1.19631,0.925218,0.249347,0.281732,0.374354,0.249858
173.952000000,0.00420471,2.2937,0,0.4286,0.149951,0.731136,0.563988,2.31188,0.339744,0.06418,0.176109,0.16662
173.994666667,0,2.37286,0,0.238729,0,1.13396,0.0530222,2.65885,0.420496,0.0928805,0.268052,0.119027
174.037333333,0,2.46005,0,0.229886,0.00558139,1.33598,0.010829,1.76662,0.83796,0.114209,0.142369,0.155952
174.080000000,0,2.46633,0.00182765,0.402165,0,1.07399,0.0610833,0.469984,2.09372,0.121604,0.114539,0.0735822
174.122666667,0,2.343,0.0140068,0.533992,0,0.685775,0.558736,0.0489053,2.79228,0.137123,0.111079,0.0705786
174.165333333,0,2.25926,0.023672,0.397933,0.0611514,0.529675,0.863819,0.00841755,2.29401,0.328919,0.11168,0.0427072
174.208000000,0.160017,2.02856,0.362558,0.439667,0.2997,0.560655,0.588674,0.056341,1.06573,1.48792,0.11252,0.134865
174.250666667,0.545556,1.93097,0.420424,0.284743,0.904253,0.511316,0.30319,0.0592016,0.485681,2.54231,0.115184,0.150022
174.293333333,0.570132,1.55214,0.339403,0.162443,1.02844,0.521431,0.1095,0.388184,0.540841,2.97436,0.143381,0.228255
174.336000000,0.423051,1.6011,0.396124,0.14796,0.897046,0.770351,0.160762,0.794747,0.451508,2.20251,0.348069,0.271659
174.378666667,0.0990565,1.69293,0.149706,0.204807,0.500967,1.28264,0.423124,0.899943,0.285379,0.788973,1.11375,0.192609
174.421333333,0.0230271,1.81272,0.151834,0.232703,0.24993,1.42701,0.682144,0.355139,0.30682,0.0614843,1.99275,0.146811
174.464000000,0,1.42948,0,0.275737,0.143077,1.6664,1.34807,0.132671,0.323132,0.0963635,0.969792,1.41712
174.506666667,0.9167,1.36823,0,0.25364,0,2.25026,0.855854,0.0116517,0.325348,0.475999,0.215444,1.03301
174.549333333,1.55946,1.44788,0,0.248773,0.0158453,2.50135,0.424394,0.371302,0.341156,0.230726,0.164009,0.356653
174.592000000,1.07771,2.41325,0,0.228925,0.0409417,2.7339,0.302009,0.164518,0.512912,0.118934,0.398994,0.0370684
174.634666667,0.222757,3.0832,0.139351,0.209042,0.0400626,2.73353,0.12034,0.000332606,0.781056,0.14345,0.15686,0.415204
174.677333333,0,2.55357,1.26747,0.245106,0.0100134,2.82501,0.282572,0,0.425324,0.491648,0.00493556,0.349159
174.720000000,0.184182,1.9056,1.63383,0.388262,0,2.23687,0.470904,0,0.346402,0.90685,0.251087,0.225242
174.762666667,0.647881,2.09612,0.807805,1.58488,0.0288462,0.833319,0.662566,0,0.28794,0.820466,0.708035,0.260422
174.805333333,0.308752,2.30686,0,2.17222,0.0624636,0.318165,0.309025,0.242297,0.221243,0.65733,1.14583,0.335458
174.848000000,0.1158,2.71745,0,1.50689,0.7755,0.2132,0.039317,0.361459,0.0995151,0.638748,1.03805,0.63349
174.890666667,0.0838076,2.56821,0.438746,0.419337,2.04706,0.583409,0.0343582,0,0.260963,0.376759,0.18796,0.823035
174.933333333,0.0975812,2.58024,0.452459,0.215601,1.39846,1.95021,0.0150273,0,0.166909,0.189574,0.186146,0.559038
174.976000000,0.464315,2.27857,0.0987068,0.511637,0.033904,2.79907,0.227699,0,0.00372937,0.770255,0.21939,0.031721
175.018666667,0.235416,2.13184,0,0.681072,0,2.55363,1.18268,0,0.00783304,0.763651,0.166883,0
175.061333333,0,2.19777,0.0285334,0.440086,0.0764512,1.36898,2.72623,0,0.0369349,0.454577,0.488017,0
175.104000000,0,1.90687,0.247095,0.191549,0.351667,0.495413,2.858,0.430736,0.0527931,0.175631,0.668548,0.0293511
175.146666667,0,1.43403,0.614543,0.217502,0.243992,0.116204,1.31193,2.44493,0.0760296,0.127937,0.656777,0.1607
175.189333333,0,1.1265,0.981037,0.195738,0.366317,0.432838,0.0531034,3.48031,0.0520361,0,0.219956,0.482392
175.232000000,0.26311,0.387223,0.894613,0.135005,0.133088,0.570964,0,2.44443,0.596696,0,0.206359,0.57269
175.274666667,0.830733,0.641519,0.155997,0.660419,0.151624,0.338462,0.0223294,1.08706,1.41455,0.397565,0.200957,0.401449
175.317333333,1.1375,0.907658,0.113977,0.976133,0.116671,0.272139,0.178223,0.500331,1.88844,0.69598,0.195303,0.29167
175.360000000,0.886344,1.62566,0.113298,0.622891,0.224365,0.946579,0.500969,0.16139,1.13769,1.77811,0.187333,0.290636
175.402666667,0.101321,2.0893,0.105752,0.0871528,0.797023,1.37704,0.254293,0.212809,0,3.403,0.193905,0.255766
175.445333333,0,2.23325,0.0205801,0.192275,0.640145,1.42981,0,0.478621,0,3.21209,0.301808,0.379131
175.488000000,0,2.17442,0.0345393,0.153539,0.446456,1.3254,0.143249,0.468487,0.00100751,1.8053,1.27377,0.0536053
175.530666667,0,1.98782,0.0871745,0.0770308,0.13143,1.25136,0.314561,0.32003,0.0162791,0.384278,2.27771,0.0486807
175.573333333,0.49308,1.77752,0.174443,0,0,1.30757,0.599613,0.397322,0.0441805,0.19611,2.526,0.456165
175.616000000,1.24483,2.03233,1.05222,0.0943848,0.075307,0.598401,0.302484,0.629952,0.190745,0.194926,1.17401,0.164722
175.658666667,0.2591,1.34323,1.94366,1.88188,0.281681,0.532578,0.439355,0.114137,1.16416,0.436867,0.140976,0.0897489
175.701333333,0,2.3563,0.366719,1.95892,1.91247,0.907565,0.622255,0.27536,0.813826,0.279728,0.273637,1.72725e-06
175.744000000,0.109924,2.85445,0,0.472478,1.84705,0.740313,0.872005,0.162967,0.346287,0.275658,0.399689,0.13639
175.786666667,0,3.13811,0,0,1.34819,0.902297,1.41984,0.101939,0.668049,0.147243,0.280892,0.0356082
175.829333333,0.109705,3.17521,0,0,0.673684,0.765174,2.16179,0,0.871761,0.100896,0.28396,0.132853
175.872000000,0,2.95275,0,0,0.094066,0.255911,3.01348,0.0259127,1.00393,0.0402729,0.529817,0.0216342
175.914666667,0,2.95272,0.00340994,0,0.0124558,0.158023,3.14656,0.0195753,1.09059,0,0.555966,0.0105674
175.957333333,0,2.96476,0,0,0.00189953,0.160744,3.09681,0.0257379,1.11871,0,0.447172,0.0213395
176.000000000,0,2.95894,0,0,0.00284339,0.172426,3.15442,0.0536759,1.10983,0,0.392956,0.0404291
176.042666667,0.0138289,2.93755,0.00171272,0,0,0.171446,3.17753,0.0843046,1.09749,0,0.339229,0.0254281
176.085333333,0.0099158,2.93171,0.0472628,0,0.157725,0.157472,3.13198,0.0759669,1.06723,0.00130664,0.352087,0.0321652
176.128000000,0,2.90404,0.0460294,0,0.30551,0.252441,3.12212,0.039748,1.05953,0,0.333239,0.0294067
176.170666667,0,2.89038,0.00803624,0,0.208199,0.287161,3.12019,0.0235353,1.09329,0,0.347194,0.0398379
176.213333333,0,2.93612,0,0,0,0.268247,3.1405,0.0215289,1.12825,0,0.343633,0.0174471
176.256000000,0,2.95716,0,0,0,0.209198,3.18155,0.0206524,1.1582,0,0.288122,0.000120919
176.298666667,0,2.94017,0.00205769,0,0,0.156631,3.17029,0.0181778,1.14373,0,0.189876,0.0413068
176.341333333,0,2.96005,0.00764902,0,0,0.175464,3.11491,0.0165403,1.1311,0,0.115391,0.0869245
176.384000000,0.000745042,3.02598,0.00704378,0,0,0.21891,3.07612,0.0250083,1.15664,0,0.0978536,0.0568576
176.426666667,0,3.34174,0.189227,0,0,0.155986,2.63136,0,1.84969,0,0,0.000142164
176.469333333,0.0176801,3.66168,0.183778,0.112527,0,0.127475,1.41641,0,2.9609,0,0,0.000135453
176.512000000,0.0991877,3.75626,0.022839,0.484775,0,0.297249,0.846182,0.0320648,3.30856,0,0,0.000109485
176.554666667,0.161445,3.48947,0,0.67795,0,0.500372,0.686043,0.0322556,3.32878,0,0,5.76564e-05
176.597333333,0.193667,3.09386,0,0.747322,0,0.593585,0.593174,0.0283277,3.28925,0,0,0
176.640000000,0.198326,3.02099,0,0.75677,0,0.662363,0.571729,0.0349321,3.25095,0,0,0
176.682666667,0.200542,3.03821,0,0.758434,0,0.638718,0.570078,0.0341299,3.23818,0,0,0
176.725333333,0.200335,3.01754,0,0.760286,0,0.629037,0.564227,0.034675,3.24032,0,0,1.50914e-05
176.768000000,0.198258,2.9985,0,0.76539,0,0.634899,0.561248,0.0390114,3.23594,0,0,0.00899346
176.810666667,0.200035,2.96296,0,0.771642,0,0.674922,0.564298,0.042951,3.23687,0,0,0.0208558
176.853333333,0.200529,2.90702,0,0.773361,0,0.661983,0.571618,0.0454039,3.24682,0,0,0.0209015
176.896000000,0.194827,2.9225,0,0.776541,0,0.597976,0.56129,0.0434667,3.24739,0,0,0.010135
176.938666667,0.187092,2.94403,0,0.78033,0,0.48676,0.568145,0.0396533,3.25374,0,0,0.00638656
176.981333333,0.188258,2.90478,0,0.781731,0.00814389,0.412482,0.571687,0.040041,3.2669,0,0,0.00691986
177.024000000,0.19841,2.77636,0,0.783068,0.0240771,0.401181,0.575353,0.041652,3.28255,0,0,0.00907914
177.066666667,0.207439,2.44996,0,0.781052,0.0315819,0.425729,0.583965,0.0376284,3.34647,0,0,0.00878001
177.109333333,0.221358,2.6387,0,0.790214,0.0571452,0.378875,0.0309158,0,3.27252,0,0,0
177.152000000,0.224791,2.80514,0,0.786046,0.0452135,0.364743,0.0447856,0,3.24751,0,0,0
177.194666667,0.227815,2.87592,0,0.782401,0.0464268,0.347054,0.0194393,0,3.23247,0,0,0
177.237333333,0.231222,2.94772,0,0.780314,0.0449437,0.323346,0.019242,0,3.21081,0,0,0
177.280000000,0.235077,3.13432,0,0.779701,0.0416994,0.275544,0.0192098,0,3.16749,0,0,0
177.322666667,0.233724,3.22707,0,0.778227,0.0466234,0.262125,0.0193832,0,3.14861,0,0,0
177.365333333,0.230105,3.26649,0,0.778523,0.0555893,0.244869,0.0195282,0,3.15105,0,0,0
177.408000000,0.227763,3.31539,0,0.781742,0.054854,0.218205,0.01964,0,3.14784,0,0,0
177.450666667,0.226342,3.32093,0,0.783154,0.0392481,0.194973,0.0196709,0,3.15412,0,0,0
177.493333333,0.226268,3.263,0,0.78507,0.0146834,0.196043,0.0642934,0,3.16196,0,0,0
177.536000000,0.230744,3.21986,0,0.783781,0.00336764,0.196739,0.0629605,0,3.17085,0,0,0
177.578666667,0.238255,3.18814,0,0.78114,0.00964803,0.180193,0.0200508,0,3.18434,0,0,0
177.621333333,0.312836,3.05827,0,0.780063,0.0646606,0.465668,0.0191273,0,3.23169,0,0,0
177.664000000,0.745022,2.63482,0.0352121,0.694158,0,2.09485,0.123068,0,3.17492,0.467446,0.47645,0
177.706666667,0.728529,2.25997,0.347139,0.462209,0,3.32139,0.0261576,0,2.76899,0.386367,0.674669,0
177.749333333,0.740322,1.86884,0.461984,0.132225,0,3.56398,0.000768671,0,2.02302,0.326256,1.12178,0
177.792000000,0.793986,1.6532,0.523634,0.0473208,0,3.44823,0.000836138,0,1.40809,0.314875,1.70793,0
177.834666667,0.805391,1.48803,0.565974,0.0304881,0,3.33543,0.0018847,0,1.28984,0.317473,2.02608,0
177.877333333,0.818999,1.3185,0.575465,0.0308625,0,3.28776,0.00271955,0,1.25329,0.313781,2.12891,0
177.920000000,0.83027,1.21667,0.620791,0.0318162,0,3.2771,0.000343002,0,1.13325,0.313892,2.20424,0
177.962666667,0.831186,1.18256,0.627305,0.0333449,0,3.26375,0,0,0.983043,0.328638,2.27543,0
178.005333333,0.830636,1.17373,0.60378,0.0352785,0,3.25361,0,0,0.816931,0.347049,2.319,0
178.048000000,0.837161,1.21513,0.558446,0.037581,0,3.2376,0,0,0.607559,0.33814,2.35434,0
178.090666667,0.837285,1.31545,0.50381,0.0394156,0,3.22269,0,0,0.435808,0.338457,2.42047,0
178.133333333,0.820371,1.31475,0.477186,0.0426889,0,3.20772,0,0,0.252915,0.34386,2.57276,0
178.176000000,0.804921,1.20065,0.468414,0.0448151,0,3.20756,0,0,0.161271,0.346956,2.65584,0
178.218666667,0.80563,1.08705,0.509616,0.0462208,0,3.20203,0,0,0.132123,0.343711,2.69512,0
178.261333333,0.81659,1.00483,0.56433,0.0481272,0,3.19589,0.00019076,0,0.0887977,0.337041,2.74741,4.55851e-06
178.304000000,0.830302,0.947654,0.58123,0.0490163,0,3.19395,0.00590641,0,0.0447077,0.333217,2.78562,2.43618e-05
178.346666667,0.843026,0.91413,0.540913,0.0474792,0,3.19429,0.00854341,0,0.0140558,0.337204,2.80314,3.45779e-05
178.389333333,0.849333,0.911356,0.498092,0.0460425,0,3.20317,0.00451875,0,0.0199565,0.341841,2.76254,3.01441e-05
178.432000000,0.849308,0.922537,0.467474,0.0454383,0,3.21853,0,0,0.0892678,0.346696,2.68399,1.34884e-05
178.474666667,0.852499,0.956027,0.437619,0.045943,0,3.23942,0,0,0.11819,0.351687,2.59484,1.91875e-06
178.517333333,0.856027,0.985361,0.40402,0.0445513,0,3.25432,0,0,0.0972715,0.355399,2.55355,1.85294e-05
178.560000000,0.856551,1.00429,0.397916,0.0449414,0,3.25417,0,0,0.0893115,0.356144,2.54836,3.31857e-05
178.602666667,0.856675,0.993156,0.388141,0.044559,0,3.25127,0,0,0.111855,0.357124,2.55634,3.39071e-05
178.645333333,0.857288,0.997065,0.371178,0.0449952,0,3.2363,0,0,0.0884509,0.359159,2.61574,2.52177e-05
178.688000000,0.857059,0.996826,0.371719,0.0463381,0,3.22189,0,0,0.0261766,0.359111,2.69588,1.5802e-05
178.730666667,0.854028,0.969162,0.399418,0.0472822,0,3.2146,0,0,0.00665813,0.356424,2.75953,2.1717e-05
178.773333333,0.851724,0.928762,0.410381,0.0476164,0,3.22312,0,0,0.00703953,0.354772,2.75892,3.93201e-05
178.816000000,0.846217,0.829293,0.400133,0.0482799,0,3.24103,0,0,0.00760427,0.355989,2.73001,4.54215e-05
178.858666667,0.843041,0.686079,0.369568,0.0489638,0,3.25817,0,0,0.00785189,0.359668,2.722,4.07347e-05
178.901333333,0.842183,0.581071,0.348046,0.0495974,0,3.25809,0,0,0.00909756,0.364032,2.75035,2.55723e-05
178.944000000,0.838312,0.524468,0.308254,0.0498436,0,3.25113,0,0,0.0113002,0.384905,2.79099,7.5356e-06
178.986666667,0.827779,0.506657,0.274112,0.050033,0,3.25278,0,0,0.0115499,0.394464,2.80628,8.04075e-06
179.029333333,0.821012,0.496202,0.246418,0.0500347,0,3.26535,0,0,0.00981193,0.396669,2.79297,2.23605e-05
179.072000000,0.819456,0.475501,0.220419,0.0501239,0,3.28275,0,0,0.0064475,0.401211,2.76519,3.60691e-05
179.114666667,0.824065,0.465724,0.199363,0.0500139,0,3.29448,0,0,0.0056584,0.399841,2.74038,4.19993e-05
179.157333333,0.832764,0.53556,0.189794,0.0496297,0,3.30344,0,0,0.00577989,0.390028,2.67511,2.34497e-05
179.200000000,0.834927,0.705151,0.180153,0.0494963,0,3.30184,0,0,0.0069088,0.387972,2.63323,0
179.242666667,0.839065,0.858145,0.175276,0.0492143,0,3.29299,0,0,0.00857824,0.387562,2.63115,0
179.285333333,0.842548,0.889056,0.18767,0.0493387,0,3.28764,0,0,0.00874305,0.386523,2.65538,1.20421e-06
179.328000000,0.839883,0.792265,0.188257,0.0497495,0,3.29514,0,0,0.00661171,0.386168,2.66734,1.53632e-05
179.370666667,0.837994,0.673385,0.176876,0.0505308,0,3.30997,0,0,0.00528929,0.392986,2.62802,1.47737e-05
179.413333333,0.839013,0.626866,0.160984,0.0511566,0,3.33231,0,0,0.00500659,0.404787,2.54092,0
179.456000000,0.836946,0.636259,0.15944,0.0514974,0,3.35847,0,0,0.00455691,0.412825,2.4359,0
179.498666667,0.832248,0.634799,0.150208,0.0517244,0,3.37532,0,0,0.00560895,0.413367,2.37499,0
179.541333333,0.827246,0.570927,0.137507,0.0514969,0,3.38383,0,0,0.00571311,0.395005,2.38031,5.9284e-07
179.584000000,0.734127,0.330287,0.284078,0.0423386,0,3.80916,0,0,0.126267,0.352177,2.17596,8.28212e-06
179.626666667,0.735849,0.299318,0.277003,0.0423685,0,3.80416,0,0,0.126864,0.352315,2.21383,4.14653e-06
179.669333333,0.736835,0.23931,0.25757,0.0429506,0,3.81534,0,0,0.11919,0.353647,2.19761,3.81701e-06
179.712000000,0.739678,0.158838,0.239373,0.0435545,0,3.83502,0,0,0.106933,0.355221,2.14589,1.55786e-05
179.754666667,0.740197,0.200722,0.258165,0.0435659,0,3.84551,0,0,0.0830556,0.352478,2.09644,2.13469e-05
179.797333333,0.73656,0.233783,0.278383,0.0436579,0,3.85603,0,0,0.0682873,0.34988,2.04823,1.65212e-05
179.840000000,0.732623,0.224249,0.279022,0.0440519,0,3.86095,0,0,0.0572079,0.349833,2.02348,9.41499e-06
179.882666667,0.731618,0.186082,0.248268,0.0444984,0,3.85633,0,0,0.0504179,0.353749,2.04644,1.2581e-05
179.925333333,0.733846,0.147713,0.223198,0.0450692,0,3.84716,0,0,0.0401813,0.357193,2.09611,2.83823e-05
179.968000000,0.735285,0.17305,0.212294,0.0454324,0,3.83669,0,0,0.0226425,0.359043,2.13479,3.26756e-05
180.010666667,0.73598,0.181171,0.200538,0.0455363,0,3.84119,0,0,0.0184503,0.36056,2.12557,2.27348e-05
180.053333333,0.734689,0.159621,0.188939,0.0457546,0,3.85446,0,0,0.0139496,0.361694,2.07348,9.90967e-06
180.096000000,0.733665,0.157666,0.181443,0.0459513,0,3.86383,0,0,0.00441102,0.362044,2.03059,8.88966e-07
180.138666667,0.733077,0.170273,0.174459,0.0457848,0,3.87378,0,0,0.0042272,0.362126,1.99472,2.81806e-06
180.181333333,0.732196,0.155551,0.170135,0.0457566,0,3.8833,0,0,0.00460657,0.362181,1.96846,1.23324e-05
180.224000000,0.731322,0.155853,0.164065,0.0457209,0,3.89115,0,0,0.00504296,0.362874,1.94662,1.71692e-05
180.266666667,0.731212,0.151727,0.151351,0.0458182,0,3.89278,0,0,0.0046843,0.364717,1.94858,1.86846e-05
180.309333333,0.733586,0.145272,0.131065,0.0458292,0,3.88959,0,0,0.00327954,0.366962,1.95762,1.46748e-05
180.352000000,0.736131,0.154716,0.120557,0.0455586,0,3.88842,0,0,0.00328906,0.367742,1.95481,6.23574e-06
180.394666667,0.734132,0.174945,0.108929,0.0454306,0,3.89816,0,0,0.00303906,0.368757,1.90986,4.09651e-07
180.437333333,0.731061,0.188862,0.0898559,0.0454597,0,3.9075,0,0,0.00304507,0.371092,1.88128,0
180.480000000,0.732662,0.181312,0.0736318,0.045633,0,3.90205,0,0,0.00323539,0.374015,1.91182,0
180.522666667,0.733605,0.149638,0.0530274,0.0458765,0,3.89732,0,0,0.00370236,0.376898,1.94125,0
180.565333333,0.733602,0.103475,0.0447484,0.0461231,0,3.89165,0,0,0.00345229,0.378358,1.96996,0
180.608000000,0.732404,0.0879003,0.0443698,0.0462133,0,3.89231,0,0,0.0028406,0.378261,1.96911,0
180.650666667,0.544108,0.0233077,0.202655,0.0411507,0,3.95505,0,0,0.00199129,0.302321,0.894436,0
180.693333333,0.541309,0.019597,0.202139,0.0413575,0,3.98013,0,0,0.00220897,0.302129,0.767307,0
180.736000000,0.541561,0.0111598,0.205705,0.0414144,0,3.99977,0,0,0.00242407,0.301523,0.665411,0
180.778666667,0.545232,0,0.205461,0.0412794,0,4.0128,0,0,0.00247488,0.301157,0.603161,0
180.821333333,0.547704,0,0.197051,0.041071,0,4.01311,0,0,0.00233094,0.302281,0.602485,0
180.864000000,0.54779,0.00613532,0.185598,0.0409286,0,4.00449,0,0,0.00226379,0.30415,0.646326,0
180.906666667,0.545973,0.0122013,0.172183,0.0409436,0,3.99924,0,0,0.00219485,0.305926,0.684045,0
180.949333333,0.545707,0.0061934,0.161393,0.040963,0,3.99763,0,0,0.0019979,0.306738,0.70665,0
180.992000000,0.545939,0.00343176,0.157759,0.0409983,0,4.00352,0,0,0.00183308,0.306831,0.682125,0
181.034666667,0.544141,0,0.152471,0.0411228,0,4.01715,0,0,0.00189166,0.307696,0.606258,0
181.077333333,0.543577,0,0.148679,0.04112,0,4.02952,0,0,0.00188276,0.308316,0.537737,0
181.120000000,0.546563,0,0.145288,0.0409162,0,4.03745,0,0,0.00168073,0.30844,0.491771,0
181.162666667,0.548659,0,0.150271,0.0406634,0,4.04367,0,0,0.0015231,0.309721,0.459683,0
181.205333333,0.549413,0,0.145854,0.0407265,0,4.03922,0,0,0.00145403,0.316133,0.482678,0
181.248000000,0.548343,0,0.141257,0.0407653,0,4.02975,0,0,0.00129579,0.312291,0.53543,0
181.290666667,0.549324,0.00541624,0.130534,0.040849,0,4.02265,0,0,0.00116764,0.309523,0.570545,0
181.333333333,0.55061,0,0.115689,0.040894,0,4.0198,0,0,0.00116165,0.31112,0.581729,0
181.376000000,0.551053,0,0.108703,0.0409437,0,4.02419,0,0,0.00105391,0.311539,0.568622,0
181.418666667,0.552654,0.0157886,0.108561,0.0409731,0,4.02966,0,0,0.000638751,0.311355,0.537711,0
181.461333333,0.555183,0.0544889,0.105306,0.0409709,0,4.0368,0,0,0.000206511,0.311666,0.49481,0
181.504000000,0.633891,0.242169,0.0836769,0.0411038,0,4.05202,0,0,0,0.370645,0.424845,0
181.546666667,0.649755,1.52147,0,0.0383581,0.127884,4.08127,0.534981,0.168275,0,0.370855,0.676512,0
181.589333333,0.527873,2.41234,0,0.0247227,0,3.92372,0.777834,0.12453,0.119768,0.372287,0.68408,0.146931
181.632000000,0.211151,2.90679,0,0.00321082,0,3.77516,0.931016,0.0588366,0.642341,0.401155,0.643248,0.0724338
181.674666667,0.0136992,3.07807,0,0,0,3.22405,1.32099,0.00314617,0.943952,0.318916,0.64925,0.0928798
181.717333333,0.195198,2.99983,0,0,0.000974427,1.94296,2.25207,0.0084405,0.996069,0.147822,0.736954,0.182801
181.760000000,0.0860343,2.8909,0.0162575,0,0.013623,1.51765,2.69484,0.0736217,1.01017,0.155253,0.734763,0.0519154
181.802666667,0,2.91609,0.00607042,0,0.0107368,1.46372,2.66896,0.0903997,1.02351,0.159328,0.747833,0.0942463
181.845333333,0,2.9447,0,0,0.00936895,1.31336,2.67004,0.101756,1.0527,0.122006,0.755891,0.0942935
181.888000000,0,2.9703,0,0,0.0146891,1.24245,2.66631,0.112241,1.05546,0.120285,0.747257,0.053471
181.930666667,0.0556377,2.98419,0,0,0.0053398,1.1638,2.65295,0.10996,1.04036,0.114697,0.725488,0.0544607
181.973333333,0.0786907,2.99806,0,0,0.00558293,1.00745,2.62298,0.104815,1.05559,0.0872688,0.706873,0.0545065
182.016000000,0.0289684,3.01437,0.00204224,0,0.00806707,1.06188,2.59382,0.0988664,1.0575,0.0600738,0.654404,0.0534303
182.058666667,0,3.06101,0.00375863,0,0.00992401,1.05435,2.56312,0.0977478,1.06789,0.0395463,0.64227,0.0619674
182.101333333,0,3.10046,0,0,0.00957964,0.964094,2.54557,0.0878993,1.08156,0.0230228,0.647887,0.0698067
182.144000000,0,3.09808,0,0,0.0155375,0.851751,2.53544,0.0815564,1.07603,0.0250319,0.647076,0.0706425
182.186666667,0,3.10854,0,0,0.0232442,0.761981,2.52096,0.0776138,1.05455,0.0248803,0.640581,0.0693599
182.229333333,0,3.12761,0,0,0.0088105,0.639063,2.50906,0.0598889,1.02373,0.0246995,0.620568,0.072495
182.272000000,0.0407693,3.22181,0.0724871,0,0.00452269,0.517432,2.40346,0.0216824,1.23111,0.00044433,0.493228,0.0672541
182.314666667,0.0386568,3.5061,0.136677,0,0,0.544606,1.81398,0.00211679,2.30479,0.00108093,0.194715,0.059123
182.357333333,0.06438,3.5543,0.0440776,0.265189,0.0201916,0.624853,1.12151,0.0218103,3.08794,0.000586851,0.00548738,0.0524374
182.400000000,0.345182,3.10984,0.0382751,0.864647,0.0577778,0.526811,0.767367,0.0104551,3.40563,0.000454256,0,0.0441888
182.442666667,0.530105,2.86504,0.07076,1.12502,0.0707902,0.494694,0.694697,0.000166062,3.4625,0.0115065,0,0.0409493
182.485333333,0.583299,2.81097,0.0768012,1.1695,0.0620447,0.495938,0.675088,0.0161816,3.40807,0.0238271,0,0.0564382
182.528000000,0.609542,2.77708,0.0903398,1.16598,0.0528665,0.442587,0.664636,0.0181147,3.36521,0.0276952,0,0.0703287
182.570666667,0.591574,2.73784,0.0988336,1.17096,0.0453135,0.510428,0.655836,0.0168971,3.34598,0.0103602,0,0.0820104
182.613333333,0.556488,2.72744,0.0740188,1.15357,0.0501818,0.50503,0.651931,0.0206376,3.343,0,0.00019917,0.0527519
182.656000000,0.531765,2.67422,0.0415615,1.08098,0.0660969,0.503372,0.647901,0.0185768,3.37231,0,0.000698356,0.0500251
182.698666667,0.503612,2.63434,0.024309,1.02992,0.0838823,0.454743,0.643286,0.0182552,3.366,0,0.000696194,0.0462617
182.741333333,0.452899,2.54298,0.0265271,1.08297,0.085523,0.355436,0.637765,0.0192875,3.41078,2.25533e-05,0.000290085,0.0436288
182.784000000,0.408658,2.43299,0.0266673,1.1554,0.0824545,0.244348,0.646683,0.017942,3.47667,0,0.00026632,0.0379528
182.826666667,0.46228,2.36601,0.0185412,1.19152,0.0750734,0.0345547,0.671345,0.0191381,3.5056,0.0133567,0.000773855,0.0313869
182.869333333,0.462008,2.32411,0.0157463,1.21932,0.0648559,0.0503976,0.697308,0.0188197,3.51033,0.0225046,0.00131062,0.0259812
182.912000000,0.424245,2.27872,0.0204896,1.25676,0.0592986,0.221539,0.694678,0.0156785,3.499,0.0197054,0.00105549,0.0185881
182.954666667,0.427043,2.23533,0.0301255,1.27858,0.062769,0.240307,0.676115,0.0140737,3.51209,0.0230331,0.000244861,0.0156747
182.997333333,0.429874,2.21404,0.0302938,1.26262,0.0731002,0.248204,0.673438,0.0139796,3.50495,0.0223468,0,0.0138304
183.040000000,0.427845,2.25108,0.023187,1.20468,0.0831578,0.243586,0.671069,0.0153122,3.47289,0.0179561,0,0.0117943
183.082666667,0.438243,2.32941,0.0121474,1.14481,0.0865161,0.210867,0.660409,0.0170707,3.42097,0.0162991,0,0.0123786
183.125333333,0.452787,2.39414,0.00611785,1.10499,0.0878333,0.171946,0.65259,0.0176525,3.39541,0.0173792,0.000229988,0.0131448
183.168000000,0.476279,2.4174,0.021812,1.09798,0.0797087,0.130092,0.63919,0.0149465,3.36276,0.0180467,0.000465414,0.0122439
183.210666667,0.513635,2.42159,0.0183415,1.09992,0.0736602,0.0285042,0.623785,0.0148697,3.31473,0.0225933,0.000222927,0.0108694
183.253333333,0.515994,2.39582,0.0123463,1.119,0.0613965,0.0406017,0.621852,0.0131285,3.40567,0.0175686,0,0.0106245
183.296000000,0.504395,2.4013,0.0136719,1.12885,0.0517074,0.0511906,0.612838,0.0122917,3.50068,0.0158416,0,0.0135613
183.338666667,0.474817,2.38035,0.0175698,1.11147,0.0451285,0.0565374,0.608413,0.0121356,3.52775,0.0173334,0,0.0191842
183.381333333,0.460815,2.36954,0.0248882,1.1002,0.0374599,0.0592268,0.616694,0.011791,3.52579,0.0198468,0,0.0229479
183.424000000,0.458324,2.3427,0.0338759,1.10384,0.0375734,0.0588901,0.626083,0.0104048,3.5153,0.0208867,0,0.0223778
183.466666667,0.456297,2.27802,0,1.08198,0.103283,0.201688,0.542742,0.038603,3.39431,0.0504699,8.476e-05,0.0246605
183.509333333,0.670476,1.94767,0.198866,1.33997,0.112256,0.232698,0.658344,0.0267691,3.13249,0.140624,0.323939,0.127692
183.552000000,0.688419,1.63404,0.0195161,1.30278,0.11043,0.573644,0.683893,0,3.01705,0.24781,1.00661,0.407276
183.594666667,0.451335,1.58962,0.371044,1.17204,0.107945,1.34545,0.568071,0,2.61165,0.149423,1.64326,0.517862
183.637333333,0.330376,1.35865,1.18531,0.250357,0.124061,2.11916,0.264626,0,1.87988,0.100087,2.55658,0.489865
183.680000000,0.364342,1.14827,1.45543,0.00223615,0.166726,2.29806,0.119835,0.0267996,1.52344,0.097825,2.99585,0.346879
183.722666667,0.40913,1.20461,1.51774,0.000461447,0.116762,2.23749,0.0988659,0,1.44824,0.0650988,3.23864,0.206521
183.765333333,0.420121,0.893811,1.63659,0,0.0281672,2.26534,0.363298,0.0215436,1.36583,0.0457207,3.21748,0.0922588
183.808000000,0.414149,0.750746,1.7615,0,0.0366184,2.27276,0.408201,0.0193969,1.25472,0.0401187,3.24138,0.0651345
183.850666667,0.393936,0.704024,1.80775,0,0.0527951,2.30806,0.409452,0.0155608,1.10761,0.036507,3.30853,0.0465309
183.893333333,0.365764,0.737673,1.75818,0,0.0479444,2.31091,0.393697,0.0151399,0.842536,0.0800393,3.37894,0.0520751
183.936000000,0.211005,0.541691,1.84637,0,0.13781,2.27647,0.278888,0.0612948,0.728416,0.190911,3.12951,0.00873367
183.978666667,0.281241,0.541753,1.81305,0.035898,0.197822,2.04546,0.308346,0.0534027,0.754845,0.105647,2.96926,0.00911233
184.021333333,0.3943,0.975537,1.13531,0.0901579,0.275854,2.27872,0.394396,0.0505477,0.81284,0.0992902,2.33237,0
184.064000000,0.378241,1.01075,1.04831,0.160075,0.228382,2.67619,0.256798,0.0507101,0.728449,0.0916019,1.53956,0.0121268
184.106666667,0.477215,0.987005,1.03352,0.0282926,0.108069,2.62232,0.236848,0.0511387,0.81594,0.0834199,1.53222,0.113459
184.149333333,0.403785,1.06213,1.29272,0.00815074,0.0869006,2.35245,0.210207,0.0503009,0.839992,0.060652,1.93101,0.0686298
184.192000000,0.278826,0.402963,2.03048,0.0148008,0.0417386,1.96094,0.0523849,0.0990259,0.941228,0.0491236,2.91013,0.0634014
184.234666667,0,0.478611,1.90764,0.0856918,0.00724769,1.9959,0.0400882,0.0771521,0.81069,0.0533349,3.16307,0.0273636
184.277333333,0,0.293989,1.68215,0.0697676,0.00388186,2.18648,0.320103,0.0696578,0.518236,0.116882,2.98901,0.025334
184.320000000,0.087222,0.200855,1.49643,0.149889,0.0142597,2.32239,0.365502,0.0670776,0.348367,0.197779,3.03367,0.0325184
184.362666667,0.346201,0.124977,1.44611,0.109594,0.0266922,2.3817,0.226732,0.0539097,0.303654,0.200237,3.06624,0.0419879
184.405333333,0.444661,0.109951,1.51589,0.0109833,0.031246,2.34282,0.203585,0.0391855,0.447312,0.195768,3.04577,0.0306839
184.448000000,0.461785,0.00912711,1.48657,0.00114611,0.0970826,2.25768,0.224206,0,0.702578,0.194353,3.07065,0.263549
184.490666667,0.337761,0,1.96495,0.0147384,0.0898657,1.6502,0.583955,0,1.02078,0.0681062,3.14916,0.286091
184.533333333,0.00202582,0.0390261,2.12057,0.0784438,0.223922,1.21296,0.585834,0,1.19225,0.0644794,3.22793,0.278462
184.576000000,0.00223151,0.0512823,2.02092,0.02123,0.279288,1.30525,0.582004,0,1.28967,0.0542772,3.24425,0.300692
184.618666667,0.00402505,0.0999388,2.05493,0.0122482,0.189844,1.6286,0.461924,0,1.33201,0.049036,3.13954,0.359835
184.661333333,0.013479,0.219563,2.11748,0,0.0892802,1.77907,0.418632,0,1.19858,0.0525117,3.1163,0.339429
184.704000000,0.199831,0.29763,1.99285,0,0.126901,2.13051,0.220404,0,1.0071,0.173854,3.13627,0.220737
184.746666667,0.19304,0.411243,2.08276,0.00698077,0.0486439,2.21136,0.122152,0.0186543,1.06285,0.144224,3.20242,0.0222302
184.789333333,0.0954898,0.384581,2.10301,0.00860175,0.039066,2.32444,0.121884,0.0134332,1.04203,0.160017,3.21787,0.028128
184.832000000,0.0742033,0.336223,2.10765,0.0103899,0.024704,2.40779,0.12386,0,1.06095,0.168311,3.21287,0.0338842
184.874666667,0.123228,0.316571,2.1206,0.0167743,0.0252172,2.41666,0.135486,0,1.07489,0.184196,3.2083,0.033793
184.917333333,0.125296,0.396463,2.02945,0,0.101557,1.95566,0.158658,0.056088,1.07801,0.114284,2.90986,0.0145134
184.960000000,0.297184,0.322915,1.54691,0.0371853,0.1121,1.88545,0.307493,0.0517616,0.811038,0.125529,2.31846,0.149305
185.002666667,0.414293,0.267088,0.593675,0.106448,0.954415,1.04585,1.00232,0.12569,0.903715,0.176904,1.84875,0.116048
185.045333333,0.489409,0.714689,0.148568,0.189968,0.954252,0.932757,1.01402,0.139636,0.952726,0.440583,1.8986,0.176211
185.088000000,0.524349,0.858197,0.175339,0.126047,1.03002,0.849502,0.905887,0.0746226,1.02663,0.547616,1.97253,0.221015
185.130666667,0.379678,0.515705,1.01629,0.0256328,0.653538,1.28579,0.57356,0.0696436,0.869079,0.173113,2.03099,0.280155
185.173333333,0.151852,0.362127,1.82872,0,0.0209625,1.81709,0,0.122886,1.04677,0.0572997,2.56167,0.223813
185.216000000,0.0665605,0.308283,1.97705,0.047461,0,1.92073,0,0.0602868,0.990853,0.0792405,2.98939,0.172266
185.258666667,0.136859,0.326647,1.98161,0,0,2.19689,0.00249975,0.0361929,0.765061,0.0918174,3.08132,0.0158053
185.301333333,0.112709,0.279471,1.89578,0,0.0103858,2.18595,0.0272559,0.0247722,0.724878,0.199136,3.12058,0.0172998
185.344000000,0.0569775,0.203708,1.88604,0.011524,0.0253958,2.21233,0.0581536,0.0170858,0.81921,0.214908,3.15384,0.0470261
185.386666667,0.0395539,0.144972,2.00762,0.0328947,0.0322849,2.34958,0.0573053,0.0103193,0.755369,0.175714,3.17383,0.0604008
185.429333333,0.0404837,0.3899,2.15107,0.0231601,0.078161,1.95812,0.268661,0.00124455,0.68729,0.128696,2.92991,0.227348
185.472000000,0.042822,0.426991,2.16675,0.15527,0.238327,1.70008,0.294055,0.174094,0.796069,0.34519,1.8664,0.254667
185.514666667,0.07122,0.230506,1.95879,0.204153,0.272678,0.932844,0.604475,0.18031,0.948517,0.9901,1.37393,0.284352
185.557333333,0.077145,0.200294,1.78975,0.260483,0.577466,0.781559,0.615395,0.0240086,1.08919,1.23139,1.23482,0.337853
185.600000000,0.0604936,0.223951,1.96851,0.275224,0.387432,1.10095,0.533183,0,0.966446,0.960741,1.37941,0.3457
185.642666667,0.0403738,0.486164,2.08604,0.133892,0.111783,1.60398,0.346012,0.00215603,0.905613,0.11362,2.39191,0.294876
185.685333333,0.0527583,0.0259287,2.07655,0.00270202,0.056371,2.22021,0,0.0155038,0.927893,0.130827,3.1065,0.253437
185.728000000,0.0872185,0.0175547,2.01779,0.00870341,0.0548408,2.24237,0.0304408,0.00671261,0.887368,0.098576,3.2819,0.138498
185.770666667,0.125272,0,1.99501,0.00232923,0.0514422,2.17971,0.0135435,0,0.938596,0.0911717,3.2667,0.130479
185.813333333,0.185475,0,1.97574,0,0.0703246,2.12697,0,0,0.963875,0.0723538,3.24751,0.182991
185.856000000,0.229503,0,2.04223,0,0.0768225,2.11436,0,0,0.912405,0.0748061,3.27731,0.142933
185.898666667,0.351216,0.0605849,1.74078,0,0.146846,1.89686,0.0556602,0.119104,0.86926,0.162023,2.5831,0.181318
185.941333333,0.331939,0,1.22686,0.00841482,0.411222,1.97292,0.4162,0.317897,0.738792,0.12572,2.24073,0.249073
185.984000000,0.386067,0.0536543,0.0712509,0.00537609,0.637869,1.94801,0.566821,0.529563,0.698786,0.121263,2.24502,0.239253
186.026666667,0.434984,0.304711,0.0875288,0.0107899,0.603706,1.89071,0.495551,0.608493,0.634481,0.105996,2.27272,0.29261
186.069333333,0.453131,0.309082,0.166063,0.00926062,0.581958,1.82507,0.476648,0.700288,0.661936,0.0852932,2.25332,0.29037
186.112000000,0.371582,0,0.986242,0.0268635,0.476186,1.81974,0.392706,0.677162,0.821937,0.0469974,2.19593,0.250852
186.154666667,0.269884,0,1.71915,0.104051,0,1.89318,0.111212,0.615669,0.808425,0.086722,2.479,0.244187
186.197333333,0,0,1.46447,0.191846,0.000788387,1.71193,0.511068,0.0787888,0.392496,0.11539,2.54564,0.316022
186.240000000,0.331542,0,0.899421,0.196022,0,2.47045,0.342685,0.062159,0.110287,0.408158,2.49759,0.0257352
186.282666667,0.516831,0,0.607409,0.118463,0,2.79702,0.130495,0.0587599,0.0419837,0.647268,2.32171,0.0286203
186.325333333,0.600557,0,0.556699,0.0433455,0,2.91591,0.0476162,0.0476077,0.0424176,0.723502,2.31882,0.0265142
186.368000000,0.673925,0,0.676891,0.00152462,0,2.94064,0.00416468,0.0318555,0.0125374,0.726041,2.35493,0.0316968
186.410666667,0.600175,0,1.01995,0.000991301,0.175595,2.73284,0.211434,0,0.183182,0.41589,2.01789,0.268283
186.453333333,0.00815626,0.233361,1.4005,0,0.151312,2.49005,0.340307,0.0639167,0.321043,0.729692,1.50219,0.345674
186.496000000,0.00959165,0.260797,1.49635,0.16536,0.281129,2.23051,0.387504,0.10701,0.305674,1.04273,1.28649,0.478295
186.538666667,0.0698823,0.239023,1.60689,0.153162,0.458473,2.06012,0.479952,0,0.299149,1.10482,1.2464,0.526928
186.581333333,0.113708,0.286872,1.53732,0,0.277434,2.22027,0.272471,0,0.32288,1.04182,1.46126,0.503127
186.624000000,0.120274,0.275193,1.72314,0,0.104277,2.15629,0.259619,0,0.398504,0.483225,1.76842,0.432378
186.666666667,0.357729,0,1.466,0.0398666,0.0845762,2.78144,0.0206495,0,0.447726,0.196017,2.84168,0.277715
186.709333333,0.504886,0,1.44164,0.0353526,0.00204793,2.41419,0.0649623,0.0090793,0.495931,0.29416,2.92996,0.0430967
186.752000000,0.624228,0,1.37998,0.102647,0.0420122,2.01133,0.0861382,0.0183898,0.52352,0.304636,2.99195,0.0283868
186.794666667,0.535608,0,1.39571,0.116456,0.0180408,2.13822,0.0924093,0.01858,0.549943,0.312972,3.05468,0.0581419
186.837333333,0.224193,0,1.42833,0.0532906,0.0713713,2.39808,0.0743312,0.0450203,0.499224,0.315991,3.1285,0.0264775
186.880000000,0.410632,0,1.29632,0.00440658,0.433475,1.7345,0.888377,0.045393,0.473981,0.246827,2.18652,0.0822877
186.922666667,0.476743,0,0.923907,0.110028,0.996474,1.39425,1.00901,0.264193,0.587386,0.227868,2.02375,0.0645913
186.965333333,0.593088,0.041146,0.0545389,0.162772,1.01475,1.63269,0.816207,0.553932,0.672206,0.259595,1.93643,0.264058
187.008000000,0.832391,0.262078,0.0882888,0.108805,1.0342,1.78779,0.70349,0.346368,0.691686,0.209591,1.8389,0.311893
187.050666667,0.860637,0.180224,0.155654,0.115748,0.858156,1.78002,0.696463,0.20189,0.708237,0.211236,1.85531,0.315542
187.093333333,0.475484,0,1.07096,0.0688168,0.611905,1.93293,0.473697,0.201472,0.740599,0.0855303,2.13042,0.320109
187.136000000,0.185235,0,1.67698,0.0133445,0.0538811,1.98249,0.177837,0.230926,0.754019,0,2.59865,0.415242
187.178666667,0.00640937,0,1.35991,0.229151,0,1.87925,0,0.0689639,0.59987,0.0171689,2.54859,0.669247
187.221333333,0,0,1.31924,0.318475,0.0118799,1.9925,0.000212921,0.0698799,0.546109,0.13405,2.88004,0.127291
187.264000000,0.0107377,0,1.45514,0.332452,0.023532,2.05637,0,0.0652379,0.656382,0.222579,2.83178,0.0872843
187.306666667,0.0609498,0.0110265,1.43072,0.294773,0.0204302,2.12377,0.0137829,0.0506458,0.733404,0.24676,2.75009,0.175048
187.349333333,0.207823,0,1.6399,0.00546609,0.136379,2.11902,0.110047,0.0333095,0.394521,0.250189,2.61388,0.0665862
187.392000000,0.0263261,0.40622,1.54027,0.0128307,0.48344,2.01714,0.377444,0.0506608,0.273589,0.666408,2.12057,0.208789
187.434666667,0.0370554,0.3532,1.37929,0.0124267,0.588901,1.99941,0.559743,0.224504,0.287891,0.763976,1.97029,0.248462
187.477333333,0.204499,0.325045,1.48697,0.163389,0.553147,1.78915,0.844808,0,0.285142,0.812696,2.07756,0.261964
187.520000000,0.211422,0.307109,1.50575,0.183131,0.484842,1.55137,0.976804,0,0.388772,0.933245,1.96986,0.275822
187.562666667,0.160992,0.301142,1.50644,0.149722,0.450386,1.63305,0.731647,0,0.460872,0.86411,1.85157,0.425724
187.605333333,0.0390011,0.2774,1.58058,0.00716367,0.358233,1.70495,0.364494,0,0.431533,0.607508,2.20181,0.417365
187.648000000,0.245771,0.118248,1.28733,0,0,2.10845,0,0.0090412,0.807539,0.00200937,2.98653,0.270647
187.690666667,0.313147,0.0252617,1.28689,0,0.0207525,2.12144,0,0.0176489,0.712799,0.00314078,3.14336,0.270876
187.733333333,0.386407,0,1.22205,0,0,2.19404,0.00204616,0.0121508,0.669584,0.00327333,3.10181,0.280521
187.776000000,0.433596,0,1.13958,0.00780176,0,2.30082,0.00266886,0.0054796,0.620613,0.0474799,2.97818,0.285199
187.818666667,0.423855,0,1.23132,0.0267629,0,2.34785,0.144842,0.000329602,0.462711,0.184664,2.70259,0.200665
187.861333333,0.446267,0,0.916799,0,0.692897,1.73225,0.890297,0.047568,0.462232,0.283907,2.0601,0.0253186
187.904000000,0.460401,0,0.872294,0.0270987,0.743568,1.86752,0.858913,0.0490482,0.532015,0.280557,1.69507,0.0353999
187.946666667,0.7626,0.521259,0.200301,0,0.667957,1.85149,0.891763,0.0482751,0.4467,0.541693,1.58639,0
187.989333333,0.903569,0.509185,0.229226,0,0.556063,1.9583,0.892392,0.0489141,0.636858,0.784776,1.48742,0.0170724
188.032000000,0.704852,0.475107,0.280224,0.0187454,0.55109,2.03212,0.81287,0.0497782,0.726658,0.666423,1.34857,0.121146
188.074666667,0.360075,0,1.00247,0.0298618,0.611177,1.92779,0.694283,0.0512574,0.84837,0.16619,1.78924,0.19357
188.117333333,0,0,1.28962,0.033916,0.199976,1.85879,0.209915,0.149932,0.672332,0.0151243,2.31305,0.403055
188.160000000,0.398759,0,0.589824,0.209057,0.0540794,2.06687,0.458504,0.0639978,0.189606,0.0460474,2.06538,0.345096
188.202666667,0.832311,0,0.374494,0.180739,0,2.64774,0.244204,0.0592434,0.110477,0.253492,2.09723,0.0886346
188.245333333,0.921666,0,0.274662,0.105884,0,2.89976,0.0602535,0.0533928,0.065905,0.412318,2.04001,0.0749872
188.288000000,0.964158,0,0.265346,0.0411577,0,2.96532,0.0208342,0.0292614,0.0831435,0.609741,2.10878,0.0515867
188.330666667,0.904872,0,0.297293,0.0126705,0.0646518,2.99948,0.036343,0.0274322,0.0449874,0.807281,2.15567,0.137634
188.373333333,0.828954,0,0.685555,0.0309636,0.18712,2.36744,0.456837,0.0268777,0.150993,0.40743,1.97531,0.312805
188.416000000,0.0111572,0.225153,1.24294,0.0144425,0.136123,1.73927,0.596143,0,0.414589,0.394366,2.27482,0.43563
188.458666667,0.1416,0.159146,1.3537,0.12687,0.441908,1.16987,1.31233,0,0.475456,0.416721,1.96784,0.496145
188.501333333,0.239063,0.0613299,1.36994,0.178332,0.567815,0.503884,1.45616,0,0.457729,0.440178,1.77344,0.528206
188.544000000,0.0769873,0.206924,1.36683,0.0442053,0.393687,0.798318,0.802393,0,0.390709,0.414721,2.17285,0.645345
188.586666667,0.0793866,0.117833,1.30274,0.0194384,0.123508,1.68802,0.381003,0,0.389244,0.327091,2.21868,0.635252
188.629333333,0.487969,0.0343998,0.910378,0.104584,0,3.01305,0.00694642,0,0.225631,0.199634,2.30335,0.100696
188.672000000,0.44628,0.0779133,0.847713,0.0985379,0.0439426,2.92136,0.0040574,0,0.140585,0.502914,2.35259,0.0480381
188.714666667,0.588629,0.121832,0.756956,0.0561417,0.0846011,2.93068,0.00372131,0,0.12925,0.678946,2.35828,0.054306
188.757333333,0.632034,0.0568474,0.667116,0.0479196,0.0490068,3.02561,0.00737489,0,0.122085,0.598931,2.32468,0.0563941
188.800000000,0.455567,0,0.840087,0,0.0837586,2.45459,0.244014,0.04874,0.223222,0.251327,2.22872,0.0454921
188.842666667,0.406633,0,0.882731,0.042036,0.543188,1.80075,0.984425,0.0495683,0.397859,0.25185,1.95063,0.0362597
188.885333333,0.448837,0.00306709,0.784043,0.18211,0.853789,2.09281,1.09103,0.121068,1.07558,0.419413,1.11664,0.0869425
188.928000000,0.911781,0.218706,0.207766,0.185367,0.879908,2.08158,1.22529,0.116672,1.09798,0.663587,0.854224,0.115819
188.970666667,1.05369,0.412929,0.249287,0.150052,0.719795,2.07415,1.07415,0.0547365,1.23869,0.704834,0.802115,0.276259
189.013333333,0.889198,0.285868,0.347425,0.115729,0.592269,2.15449,0.893905,0.054185,1.12179,0.644457,0.9337,0.178556
189.056000000,0.329814,0,0.954891,0.012616,0.568426,2.11257,0.657611,0.0661767,0.910134,0.17884,1.42328,0.124452
189.098666667,0.00233859,0.0771812,1.33018,0.068134,0.00162606,2.13427,0.0831574,0.113455,0.711081,0.0493741,2.27364,0.360333
189.141333333,0,0.028646,0.869287,0.205591,0.000826299,2.12009,0,0.160534,0.434009,0.0863447,2.26998,0.539883
189.184000000,0,0.00251136,0.983915,0.278687,0.0123986,2.09168,0.00283862,0.140605,0.416407,0.164276,2.36882,0.269084
189.226666667,0,0.00369698,1.1063,0.269553,0.0198066,2.04006,0.0048226,0.0629843,0.448562,0.211796,2.29097,0.333179
189.269333333,0.0995302,0.0144294,1.12609,0.224788,0.0438823,2.03244,0,0.0477764,0.485642,0.219158,2.28615,0.360359
189.312000000,0.236284,0.271966,1.36724,0.00320503,0.15857,2.12327,0.31818,0.0128803,0.35726,0.470766,2.30071,0.266383
189.354666667,0.0609408,0.348583,1.16964,0.0435636,0.352019,2.08101,0.396858,0,0.397186,0.662275,2.12624,0.293187
189.397333333,0.0662924,0.415886,1.25411,0.0533696,0.33696,2.19619,0.415178,0,0.341615,0.699135,2.10228,0.461433
189.440000000,0.0707342,0.358439,1.2868,0.128952,0.277622,2.16661,0.411797,0,0.35966,0.803151,2.03834,0.599176
189.482666667,0.069915,0.314416,1.31319,0.120884,0.231805,2.07835,0.420958,0.0482891,0.464082,0.910801,1.97574,0.620068
189.525333333,0.0675812,0.232945,1.40863,0.160899,0.290953,1.92323,0.510243,0,0.598033,0.891071,1.8544,0.552367
189.568000000,0.0765932,0.19295,1.2788,0.175598,0.272193,1.78844,0.545447,0,0.649298,0.659814,2.0273,0.382736
189.610666667,0.418483,0.252129,0.970709,0.000581217,0.0235887,2.83949,0,0.0159752,0.422233,0.195184,2.43266,0.023001
189.653333333,0.625968,0.131365,0.94397,0.00416525,0.0369828,2.99422,0,0.00928004,0.242423,0.222373,2.37392,0.0186184
189.696000000,0.632811,0.0441632,0.875958,0.0207164,0.098331,2.98068,0,0,0.252111,0.105562,2.37529,0.0278481
189.738666667,0.701865,0.0329263,0.832466,0.0426431,0.160923,2.7857,0,0,0.328667,0.110315,2.34722,0.0268624
189.781333333,0.368531,0,0.959462,0,0.172617,2.21626,0.485769,0.0463086,0.482995,0.252639,2.17717,0.0509002
189.824000000,0.452181,0,0.987537,0.0743544,0.732193,1.67956,0.791164,0.0763127,0.620646,0.174877,1.96836,0.0451441
189.866666667,0.43277,0,1.00653,0.0747161,0.71215,1.61871,0.725122,0.163223,0.872518,0.15163,1.93587,0.0490174
189.909333333,0.52512,0.270336,0.118808,0.0988563,0.701378,1.52531,0.756794,0.190583,0.97879,0.222642,2.10727,0.0585085
189.952000000,0.536353,0.439201,0.137015,0.0476654,0.668456,1.51358,0.711653,0.218789,1.13163,0.236316,2.21759,0.130234
189.994666667,0.479886,0,0.210366,0.0229885,0.672669,1.67395,0.670268,0.25871,1.22136,0.181165,1.9766,0.16332
190.037333333,0.252612,0,1.00864,0.0183974,0.518293,1.78254,0.514734,0.333352,1.19635,0.0574355,1.97321,0.149717
190.080000000,0.0179073,0,1.11585,0.177663,0.0706843,1.87638,0.68596,0.11339,0.59384,0.0824388,2.11303,0.389382
190.122666667,0.486847,0,0.428523,0.178931,0,2.71987,0.536943,0.038059,0.272998,0.225808,1.57627,0.0443657
190.165333333,0.643851,0,0.320582,0.154744,0,3.28966,0.247586,0.0194702,0.14616,0.442012,1.20119,0.0331049
190.208000000,0.6692,0,0.249301,0.1278,0,3.38437,0.0808303,0.00506456,0.0880386,0.57016,1.33017,0.02844
190.250666667,0.614368,0,0.284862,0.110084,0,3.27252,0.0482346,0,0.0793909,0.680645,1.73979,0.0825386
190.293333333,0.706473,0,0.332396,0.0188766,0.0109546,3.18856,0.0875623,0.0477034,0.12754,0.609746,1.79659,0.239617
190.336000000,0.667296,0.162233,0.833718,0,0.125453,2.71187,0.463276,0.00651307,0.351139,0.681869,1.23886,0.288576
190.378666667,0.00599403,0.502145,1.33428,0,0.131444,1.95845,0.595451,0,0.537819,1.32173,1.15842,0.301169
190.421333333,0.196034,0.427628,1.43874,0.15472,0.488731,0.618339,0.803337,0,0.762182,1.66101,1.0537,0.3316
190.464000000,0.0638002,0.54963,1.43976,0.157691,0.575105,1.0682,0.630472,0,0.735804,1.60498,1.11623,0.338194
190.506666667,0.0367059,0.573807,1.33553,0.0194851,0.212135,1.82666,0.473988,0,0.566115,1.29319,1.28817,0.340684
190.549333333,0.293676,0.337053,1.02509,0.0314815,0.0901709,2.22127,0.431817,0,0.470339,0.614459,1.97787,0.251415
190.592000000,0.413976,0.0261285,0.762645,0.0284123,0,3.02498,0.00608731,0.000984298,0.117049,0.138233,2.29843,0.0184853
190.634666667,0.452769,0.0118848,0.790788,0.0244169,0.0574906,2.97745,0.0314663,0,0.155171,0.405408,2.34257,0.0192921
190.677333333,0.464868,0,0.819851,0.0474781,0.102,2.9598,0.0298858,0,0.174246,0.508713,2.3476,0.0275704
190.720000000,0.450727,0,0.912983,0.0754979,0.0846838,2.98946,0.0313878,0,0.203472,0.339084,2.34173,0.0388771
190.762666667,0.352017,0,1.02674,0.00292239,0.0682553,2.09848,0.276918,0.0514824,0.570261,0.207834,2.21228,0.21441
190.805333333,0.513081,0,0.798735,0.0756869,0.8715,1.32661,0.831403,0.294485,0.595136,0.162043,1.97259,0.137137
190.848000000,0.546504,0,0.309645,0.0815602,0.924719,1.34733,0.682819,0.351853,0.574164,0.119389,2.0282,0.164342
190.890666667,0.585047,0.245749,0.119464,0.0559359,0.906737,1.37357,0.660678,0.441527,0.60026,0.10431,2.03466,0.23615
190.933333333,0.77107,0.307898,0.175185,0.0528013,0.820686,1.15138,0.62243,0.335569,0.633356,0.184507,1.99784,0.296978
190.976000000,0.834768,0.0975027,0.248025,0.0413585,0.71641,0.707842,0.619921,0.309526,0.736747,0.259396,2.02453,0.289244
191.018666667,0.416335,0,1.02623,0.0323256,0.58962,1.00961,0.477274,0.409336,0.804621,0.0652702,2.07362,0.21858
191.061333333,0,0.0505519,1.32943,0.215561,0.00265753,1.72054,0,0.0640016,0.76141,0.108067,2.22551,0.499285
191.104000000,0,0,0.990175,0.23921,0.0022727,1.92643,0,0.0686006,0.541887,0.186802,2.33307,0.433086
191.146666667,0,0.0068329,0.972018,0.33947,0.0166502,2.04707,0,0.0679082,0.42508,0.27147,2.45985,0.367431
191.189333333,0,0.00673401,0.986223,0.368948,0.0191857,2.15211,0,0.061663,0.438631,0.283125,2.41229,0.368009
191.232000000,0.0857395,0.0155694,1.04906,0.304628,0.0217725,2.18535,0.00965039,0.0483434,0.45451,0.262643,2.33401,0.378168
191.274666667,0.0990419,0.384851,1.28073,0.157683,0.103855,2.01997,0.359367,0.0101266,0.530246,0.370852,2.07528,0.21894
191.317333333,0.107439,1.16706,1.07107,0.0510186,0.290278,1.59803,0.89122,0.00446829,0.642615,0.328128,1.42972,0.372034
191.360000000,0.265523,1.51332,0.782275,0.0517894,0.220694,0.746218,1.87602,0.0713196,0.412984,0.38393,1.34521,0.624165
191.402666667,0.319383,1.6953,0.585144,0.0459095,0.259814,0.597648,2.29884,0.0945062,0.232322,0.323062,1.18289,0.710993
191.445333333,0.28064,1.82582,0.395713,0.0474223,0.278438,0.187737,2.6577,0.00400393,0.116179,0.216571,1.051,0.733009
191.488000000,0.23522,1.91175,0.0781814,0.00759995,0.269989,0.0460985,3.21585,0.00542365,0.13833,0.0654341,1.22677,0.58243
191.530666667,0.173103,1.85101,0,0,0.290511,0.0413065,3.50796,0.192453,0.204243,0.243248,1.53627,0.355651
191.573333333,0.046965,1.88861,0.116735,0.0378585,0.250593,0,3.63101,0.262692,0.209296,0.369833,1.58852,0.0178753
191.616000000,0.151023,1.84913,0.0932438,0.0448428,0.236296,0,3.67172,0.380548,0.156085,0.387559,1.55579,0
191.658666667,0.205981,1.82834,0.0570641,0.0432844,0.240744,0,3.67886,0.394215,0.148561,0.373745,1.54308,0
191.701333333,0.209346,1.8183,0.0507515,0.0496052,0.254485,0.00730018,3.66708,0.367304,0.202344,0.352449,1.54323,0
191.744000000,0.215975,1.54189,0.0757281,0,0.157257,0.0436011,3.38489,0.0532055,0.312656,0.384349,1.38238,0.00783023
191.786666667,0.756291,1.28928,0.206931,0,0.127913,0.0533523,3.19262,0.0862451,0.427376,0.213681,0.870197,0.0598007
191.829333333,0.939399,1.38453,0.285211,0.224463,0.147066,0.0545588,2.90745,0.161226,0.3267,0.180637,0.794242,0.2172
191.872000000,0.918824,1.5752,0.218965,0.37174,0.488046,0.133524,2.29165,0.364901,0.569863,0.301036,0.847948,0.225952
191.914666667,0.818531,1.50622,0.243685,0.306555,0.515938,0.0675272,2.23774,0.531377,0.693143,0.343694,0.954412,0.210795
191.957333333,0.761029,1.36761,0.352527,0.133893,0.236742,0.0513232,2.55482,0.290375,0.405683,0.162778,1.04806,0.308495
192.000000000,0.534773,1.30326,0.558912,0.058812,0.0732724,0.0429303,2.69482,0.347913,0.417446,0.0520838,1.15601,0.29581
192.042666667,0.00972537,1.53475,0.572466,0.00327582,0.0970005,0.627895,2.68644,0.0670706,0.411692,0.107167,1.08697,0.0965351
192.085333333,0,2.20452,0.238264,0.0650492,0.0727589,2.23233,1.4154,0.0679907,0.312484,0.206047,1.28836,0.0423394
192.128000000,0.0822423,2.53047,0.143324,0.160245,0.0469603,3.00666,0.668039,0.06598,0.385482,0.242116,0.853273,0.0970315
192.170666667,0.283652,2.86621,0.10254,0.213215,0.0353846,3.34317,0.542036,0.0623291,0.799581,0.199811,0.272082,0.0718398
192.213333333,0.435175,2.92915,0.0409823,0.222495,0.0180657,3.41813,0.473614,0.0997146,1.1124,0.155662,0.0227658,0.0731526
192.256000000,0.283659,2.96813,0.0329842,0.0495845,0.133498,3.35015,0.421944,0.0547269,1.27342,0.138398,0.0106837,0.356175
192.298666667,0.0428218,3.44155,0.153391,0,0.117815,2.44046,0.619939,0.297587,1.14043,0.378754,0.0276469,0.260847
192.341333333,0.0545039,3.43573,0.268732,0.00445049,0.115431,1.81817,0.653915,0.284649,1.02472,0.912137,0.159583,0.287645
192.384000000,0.0727734,3.31221,0.183973,0.00494077,0.181603,1.42854,0.801041,0.183245,0.991072,1.02707,0.161599,0.361358
192.426666667,0.15865,3.36995,0.147501,0.00494557,0.141815,1.38506,0.814998,0.0923484,1.16648,0.988024,0.172522,0.349131
192.469333333,0.13822,3.40042,0.0618567,0.0577948,0.189974,1.49291,0.721146,0.138579,1.5035,0.510839,0.172719,0.455482
192.512000000,0,3.31377,0.226773,0.196622,0.123795,1.98026,0.389898,0.164845,2.03797,0.0644902,0.176522,0.298832
192.554666667,0,3.25049,0.30212,0.233181,0.058177,2.03591,0.440643,0.102542,2.02457,0.0988166,0.137809,0.28586
192.597333333,0,3.20646,0.302237,0.227235,0.0228415,1.97544,0.451127,0.117386,2.11065,0.104616,0.0771513,0.348125
192.640000000,0.00616704,3.20445,0.286491,0.208962,0.0107196,1.83596,0.455686,0.162842,2.11271,0.0800341,0.0162439,0.407239
192.682666667,0.0238129,3.2921,0.289356,0.188455,0.0212365,1.72641,0.439597,0.193344,2.01542,0.0153242,0,0.445503
192.725333333,0.0752718,2.89321,0.111073,0,0.0871161,2.01619,0.557499,0.102897,2.09547,0.206739,0.0271802,0.194859
192.768000000,0.305308,2.86507,0.195565,0,0.0921122,2.08683,0.153818,0.538299,1.62407,0.168268,0.0370822,0.186038
192.810666667,0.44526,2.72909,0.230105,0,0.146346,2.04273,0.129567,0.439501,1.3151,0.122269,0.0399944,0.251925
192.853333333,0.706158,2.63713,0.218457,0,0.103352,1.44224,0.24506,0.459038,0.662631,0.676682,0.579824,0.322126
192.896000000,0.57857,2.68738,0.278308,0,0.270168,1.1065,0.122155,0.552464,0.65679,0.605758,0.572848,0.419179
192.938666667,0.357068,2.74781,0.434721,0,0.1306,1.34028,0.0105016,0.350274,1.69656,0.0786883,0.194705,0.443344
192.981333333,0.216076,2.92142,0.630621,0,0.0202916,1.23751,0.0285646,0.433784,2.16083,0.0522856,0.181609,0.37272
193.024000000,0,3.07742,0.219922,0.139309,0.00390461,1.61421,0.35407,0.0949189,2.21886,0.106833,0.157414,0.369175
193.066666667,0.0170597,3.23584,0.189881,0.204429,0.0118051,1.9211,0.33805,0.105753,2.03398,0.1964,0.0875283,0.0990042
193.109333333,0.00147915,3.21386,0.201532,0.211468,0.0198119,1.81153,0.343074,0.129078,1.96368,0.292794,0.02668,0.0641016
193.152000000,0.0252794,3.32131,0.199107,0.158662,0.0190768,1.75784,0.336958,0.117274,1.9885,0.285161,0,0.0774763
193.194666667,0.0327243,3.47123,0.0473809,0.067457,0.0277726,1.84041,0.30873,0.0975744,1.96533,0.254851,0,0.0985334
193.237333333,0.0308113,3.5736,0.0373106,0,0.115806,1.45264,0.519245,0.462042,1.75217,0.290048,0.198322,0.320091
193.280000000,0.217648,2.58811,0.295212,0.00953554,0.221529,0.486915,0.913522,0.149148,1.3778,0.847973,1.18485,0.384895
193.322666667,0.0962611,1.52137,1.05021,0.102004,0.369528,0.450437,0.727304,0.0563423,1.12635,0.550212,2.12686,0.424089
193.365333333,0.0188427,0.701961,1.54526,0.150973,0.305955,1.20592,0.333928,0.00361778,1.1175,0.0797005,2.63355,0.461202
193.408000000,0.069403,0.366037,1.54205,0.0855344,0.113432,1.75186,0.338136,0.00116309,1.12082,0.0140109,3.0332,0.42005
193.450666667,0.205403,0.445583,1.69486,0,0.0927626,1.92538,0.249738,0.0134691,1.20424,0.0292335,3.23118,0.374983
193.493333333,0.20759,0.782389,1.73444,0,0.0766739,2.1998,0.136847,0,1.02284,0.0733902,3.36013,0.254351
193.536000000,0.292295,0.605461,1.96156,0.00148115,0.0412906,2.14993,0.286681,0.0248592,1.04677,0.057264,3.22172,0.0956635
193.578666667,0.295548,0.534724,2.00843,0,0.0514391,2.19231,0.281689,0.0181946,1.01112,0.0516155,3.27199,0.0760219
193.621333333,0.254452,0.533556,2.02683,0,0.0685634,2.24841,0.260323,0.0142224,0.863647,0.0775222,3.37638,0.0709034
193.664000000,0.246624,0.568339,1.99561,0,0.0965199,2.30962,0.257298,0,0.7327,0.116679,3.40269,0.0650484
193.706666667,0.296043,0.51219,1.9292,0.00778202,0.0844936,2.01935,0.317913,0.0541575,0.813792,0.151495,2.83025,0.0189874
193.749333333,0.483154,0.513379,1.75648,0.0783249,0.114037,1.78316,0.468923,0.0500959,0.742856,0.182617,2.24365,0.0106189
193.792000000,0.623383,0.759384,1.56687,0.0359588,0.480236,1.28506,0.751324,0.0476834,0.713084,0.206857,1.97173,0.0241705
193.834666667,0.650269,0.95019,1.17965,0.0567495,0.624057,1.21826,0.748658,0.0627689,0.603177,0.200004,2.03143,0.0199337
193.877333333,0.659386,0.833993,1.03365,0.0383586,0.652526,1.19141,0.74009,0.0751769,0.547604,0.153861,2.0067,0.0435338
193.920000000,0.559304,0.39869,1.48194,0.0104908,0.404331,1.35566,0.559335,0.157037,0.726033,0.0817449,2.31095,0.0787359
193.962666667,0.213722,0.287858,2.03141,0,0.0101683,1.88644,0,0.234058,0.852815,0.0478716,2.96569,0.0958937
194.005333333,0,0.195043,1.62864,0.175631,0,2.03981,0.219792,0.104294,0.7779,0.0465248,2.94561,0.0118482
194.048000000,0.0677908,0.137775,1.28915,0.243738,0.0196026,2.34907,0.260201,0.0687058,0.310053,0.0973757,2.93183,0.0164188
194.090666667,0.414061,0.0970323,1.23734,0.231417,0.0254621,2.57152,0.233188,0.061614,0.161127,0.131498,2.90933,0.0292634
194.133333333,0.522959,0.0933352,1.22714,0.125936,0.0214905,2.61703,0.214413,0.0456264,0.156955,0.239108,2.88645,0.0308787
194.176000000,0.584195,0.106223,1.13163,0.0259256,0.0446491,2.66336,0.195148,0.0280911,0.218202,0.3412,2.79095,0.0273279
194.218666667,0.584131,0.0133603,1.30642,0.0119978,0.160959,2.43649,0.307445,0,0.520967,0.257191,2.72675,0.287171
194.261333333,0.348465,0.341737,1.64137,0.00488557,0.105227,2.18359,0.477108,0,0.441013,0.21398,2.14085,0.293031
194.304000000,0.0541931,0.644245,1.80835,0.167248,0.101587,2.05528,0.410795,0,0.406382,0.403554,1.99266,0.290351
194.346666667,0.0528811,0.66613,1.95158,0.0865619,0.0921857,2.00453,0.360681,0,0.556095,0.589333,1.93658,0.338403
194.389333333,0.0432229,0.530883,1.96653,0.0512068,0.0962132,1.97944,0.295664,0,0.68605,0.425736,2.02818,0.352787
194.432000000,0.0513835,0.304311,1.9885,0.0399613,0.0882145,1.94189,0.417941,0,0.81736,0.174075,2.88595,0.327896
194.474666667,0.0753737,0.309846,1.89261,0.02058,0.0625481,2.35961,0.216004,0,0.813069,0.162323,3.11076,0.103258
194.517333333,0.145244,0.496253,1.83597,0,0.0825575,2.27422,0.160565,0,0.74686,0.179308,3.01018,0.0168127
194.560000000,0.18299,0.372779,1.79824,0,0.0825583,2.40017,0.128514,0,0.709253,0.115562,3.0057,0.017143
194.602666667,0.170593,0.306543,1.81059,0,0.0945149,2.44073,0.125237,0,0.756638,0.116044,3.08848,0.0211623
194.645333333,0,0.217753,1.80458,0,0.148217,2.42762,0.13156,0.041716,0.637296,0.253278,3.25268,0.0172181
194.688000000,0.311058,0.238228,1.81936,0.0121239,0.0887333,2.11806,0.20295,0.0492986,0.777198,0.135618,2.45689,0.0169621
194.730666667,0.306863,0,1.74682,0.0481583,0.247605,2.16537,0.370197,0.0516022,0.714469,0.115195,2.16035,0.0863763
194.773333333,0.407901,0,1.48165,0.0626998,0.602006,1.961,0.456235,0.0506161,1.04752,0.121645,2.10433,0.0899032
194.816000000,0.58773,0,1.28016,0.0362458,0.999913,1.7849,0.725075,0.0515837,1.16886,0.109327,2.17283,0.118305
194.858666667,0.539858,0,1.0654,0.0290511,0.617103,1.87471,0.432357,0.0516826,1.18059,0.0700271,2.18678,0.176822
194.901333333,0.270193,0,1.3698,0.0193537,0.327011,2.06927,0.203578,0.180338,1.05177,0.0471746,2.21642,0.173401
194.944000000,0.188698,0.266228,1.94069,0.0208184,0,1.91854,0,0.245163,1.00077,0.062143,2.65715,0.218852
194.986666667,0,0.267924,1.69733,0.036694,0,2.03783,0,0.0502049,0.785332,0.076588,2.97518,0.180994
195.029333333,0,0.266664,1.82358,0,0,2.12585,0.0164863,0.0265693,0.610962,0.204379,3.10565,0.0191219
195.072000000,0.0253748,0.183324,1.83989,0,0,2.10104,0.0648248,0.00805893,0.667285,0.289223,3.01318,0.0185876
195.114666667,0.000732111,0.200039,1.93772,0,0.0319364,2.18415,0.0968702,0.00173464,0.659716,0.29327,3.00167,0.0616255
195.157333333,0.00523822,0.226033,2.12954,0,0.0244731,2.16165,0.202298,0,0.456213,0.22774,2.94021,0.101139
195.200000000,0.0317461,0.564025,1.84682,0.0104603,0.136713,2.00053,0.276873,0.0245073,0.605376,0.15983,2.18935,0.269896
195.242666667,0.0222714,0.437057,1.50477,0.348191,0.428212,2.14455,0.424736,0.0601416,0.752865,0.83488,1.27125,0.491473
195.285333333,0.0243946,0.452915,1.53664,0.362637,0.616847,2.11828,0.432456,0,0.733791,0.890281,1.2618,0.519777
195.328000000,0.0248109,0.483352,1.67638,0.291506,0.617814,2.08633,0.447178,0,0.839473,0.824245,1.27801,0.589756
195.370666667,0.0228648,0.458043,1.9009,0.208006,0.552489,2.02892,0.420895,0,0.999653,0.626187,1.32748,0.616945
195.413333333,0.0420243,0.322588,2.00911,0.00805464,0.199373,1.91682,0.308253,0.0246723,0.948352,0.159302,2.46196,0.449802
195.456000000,0,0.23058,1.84859,0.00391806,0.0134764,2.38831,0.00145205,0.0121667,0.774141,0.138237,3.15492,0.0399531
195.498666667,0.197967,0.0437395,1.79371,0,0.0443409,2.40129,0.0501604,0,0.797905,0.317108,3.12725,0.00962968
195.541333333,0.307641,0.0129446,1.73706,0,0.0802255,2.29721,0.103247,0.0424468,0.83382,0.355239,3.01907,0.0113611
195.584000000,0.302642,0.0146244,1.79971,0,0.0808577,2.2123,0.103253,0.0425631,0.820958,0.289351,3.01716,0.0135089
195.626666667,0.204852,0,1.82492,0,0.0940498,2.05109,0.0858819,0.0814787,0.994456,0.247326,3.01354,0.0145491
195.669333333,0.36973,0,1.64903,0.0223375,0.289096,1.80287,0.221763,0.359191,0.749166,0.0752653,2.18429,0.227027
195.712000000,0.373725,0,1.3938,0.0258171,0.724231,1.70593,0.363286,0.544897,0.780572,0.0431294,2.06049,0.155886
195.754666667,0.381665,0,1.10571,0.0271534,0.772268,1.66397,0.304366,0.707497,0.840836,0.00336021,1.98632,0.182056
195.797333333,0.411912,0.0051456,0.832967,0.0353178,0.719298,1.62402,0.303721,0.772661,0.944848,0.0092678,1.94288,0.219837
195.840000000,0.3692,0.0350207,0.591481,0.0288354,0.729334,1.62196,0.283399,0.794389,1.06634,0.0296616,1.96198,0.201205
195.882666667,0.261437,0.0459728,0.936758,0.0355347,0.432537,1.79001,0.158962,0.643433,1.11394,0.0480393,2.1465,0.158761
195.925333333,0,0,1.4161,0.137326,0.166794,1.9895,0.184208,0.470171,0.854789,0.0892414,2.56921,0.297768
195.968000000,0.411513,0,0.421322,0.145845,0.00274552,2.3806,0.329804,0.0631042,0.201876,0.131286,2.3253,0.034342
196.010666667,0.510478,0,0.18292,0.140432,0.0113534,2.66076,0.236785,0.0605072,0.0937666,0.205322,2.27714,0.0278599
196.053333333,0.702727,0,0.13617,0.162729,0.0141045,2.84229,0.083261,0.0556415,0.0612834,0.243073,2.28804,0.0265748
196.096000000,0.772289,0,0.191085,0.0935005,0,2.97866,0.0354365,0.0401206,0.0880469,0.4719,2.3296,0.0279784
196.138666667,0.766664,0.0175215,0.342962,0.00603689,0.0986814,3.05747,0.034694,0.0107814,0.108442,0.684199,2.22055,0.154213
196.181333333,0.722415,0.00874367,0.562605,0.00558218,0.199791,2.50362,0.473879,0,0.325972,0.621999,1.78888,0.264289
196.224000000,0.0409134,0.361098,0.971419,0.0039657,0.184926,2.17518,0.491933,0,0.527823,0.737997,1.6194,0.369504
196.266666667,0.141734,0.468535,1.15318,0.221737,0.739441,0.744274,0.934481,0,0.54594,1.04679,1.53704,0.427255
196.309333333,0.116867,0.499692,1.24591,0.25556,0.732554,0.891946,0.965175,0,0.515374,1.11397,1.49874,0.451776
196.352000000,0.13495,0.376881,1.31857,0.146252,0.571781,1.42507,0.851139,0,0.44589,0.957549,1.75786,0.439437
196.394666667,0.115667,0.203067,1.80928,0.0727031,0.0746502,1.88232,0.12394,0.395723,0.695408,0.23265,2.10183,0.291608
196.437333333,0.0811364,0.0824882,1.64062,0.000685674,0.609789,1.70596,0.136132,0.859414,0.573281,0.485665,1.72307,0.583307
196.480000000,0.0861736,0,1.22854,0.236592,0.760453,1.4679,0.346423,0.854021,0.482485,0.955583,1.14057,0.499731
196.522666667,0.0823122,0,1.27922,0.274918,0.803505,1.42184,0.34085,0.835477,0.466298,0.827314,1.06949,0.506344
196.565333333,0.075476,0.0870945,1.5387,0.291684,0.708912,1.50433,0.30431,0.785108,0.487596,0.735034,1.06557,0.373757
196.608000000,0.0765145,0.0675797,1.57854,0.120893,0.744229,1.64276,0.224597,0.710911,0.554007,0.552972,1.27633,0.264805
196.650666667,0.418259,0.00137096,1.03162,0.00689106,1.00186,1.81433,0.768815,0.313807,0.460938,0.178381,1.86383,0.087187
196.693333333,0.465532,0.00279781,0.779369,0.114335,1.13454,1.60283,0.770534,0.685988,0.44985,0.169689,1.69127,0.15045
196.736000000,0.73111,0.00261845,0.5849,0,1.11745,1.80878,0.797174,0.953107,0.420794,0.11362,1.48185,0.335456
196.778666667,0.758729,0.00201677,0.776287,0,1.0083,1.88877,0.948241,0.812398,0.449719,0.284015,1.28686,0.321968
196.821333333,0.597366,0,1.00238,0.00600588,0.94818,1.74148,0.742589,0.536568,0.724504,0.281986,1.2804,0.246758
196.864000000,0.454915,0,1.68439,0.0710363,0.613738,1.12597,0.306029,0.796931,0.786545,0.571869,1.28343,0.117679
196.906666667,0.0576678,0.0738169,1.79725,0.128138,0.845953,0.836507,0.315253,1.04773,0.571318,0.87002,1.12958,0.295621
196.949333333,0.0504085,0.200901,1.78134,0.0717197,0.984969,1.13396,0.206606,0.994201,0.474964,0.674668,1.34359,0.328643
196.992000000,0.0246467,0.0414009,1.56631,0.134051,0.954963,1.62166,0.0904453,0.687815,0.549897,0.257581,1.79459,0.29012
197.034666667,0,0.0204973,1.22285,0.680174,0.410605,1.95997,0,0.0691406,0.762843,0.145113,2.26886,0.662243
197.077333333,7.62971e-05,0.00304095,1.50692,1.04037,0.0292586,1.9664,0,0.0833472,0.933615,0.213078,2.03842,0.566373
197.120000000,0.000253838,0.340296,1.58923,0.763285,0.302633,1.60409,0.24509,0.0700716,0.382079,0.229939,2.28171,0.249858
197.162666667,0.0393552,0.482937,1.01249,0.260957,1.01451,1.32484,0.487663,0.300013,0.446194,0.158778,2.47738,0.0836755
197.205333333,0.0674028,0.458937,1.17395,0.36611,1.00808,1.01889,0.793103,0.299343,0.490481,0.15139,2.40533,0.206732
197.248000000,0.219562,0.438513,1.56405,0.397082,0.997312,0.301536,0.825743,0,0.389338,0.160493,2.53952,0.266764
197.290666667,0.215799,0.44958,1.78013,0.335941,0.976884,0.759093,0.796636,0,0.349854,0.0910375,2.50398,0.269094
197.333333333,0.163971,0.464745,1.708,0.0754112,0.938583,1.12986,0.562721,0,0.430504,0.00923974,2.56636,0.33337
197.376000000,0.0286726,0.519513,1.6357,0.0395654,0.624608,1.47158,0.291745,0.0540387,0.428194,1.44977e-05,2.54922,0.261075
197.418666667,0.415462,0.223672,1.32575,0,0.225329,2.16291,0,0.051446,0.580745,0.00233266,2.56332,0.306862
197.461333333,0.393048,0.236747,1.39897,0.00943104,0.2342,2.10619,0,0.202281,0.350084,0.00305331,2.42269,0.26577
197.504000000,0.384756,0.244105,1.42132,0.0166891,0.182604,2.00967,0.00248745,0.178752,0.387259,0.0627223,2.34455,0.227683
197.546666667,0.460746,0.0862155,1.36296,0.0219522,0.0989748,2.08705,0.00479,0.0776003,0.37479,0.0605665,2.46678,0.23215
197.589333333,0.249851,0,1.2301,0.0321053,0.0542284,2.3671,0.111799,0.00844582,0.483299,0.271808,2.11223,0.0562629
197.632000000,0.45078,0.102747,1.09706,0.0257894,0.605131,1.88846,0.61259,0.0434241,0.376386,0.255351,1.94955,0.0277263
197.674666667,0.507636,0.270572,1.19134,0,0.605597,2.22325,0.539503,0.0437626,0.448362,0.305395,1.26625,0.0548102
197.717333333,0.969739,0.283862,1.12756,0,0.536761,2.20283,0.698977,0.0444517,0.445667,0.490959,1.14914,0.215971
197.760000000,1.03847,0.175945,0.908517,0,0.502092,2.28162,0.819667,0.0452359,0.462476,0.532677,1.07752,0.196269
197.802666667,0.701395,0.102078,0.815149,0.0335374,0.45542,2.32799,0.68759,0.0455417,0.471798,0.510591,1.15096,0.185057
197.845333333,0.337164,0.0462154,1.1654,0.0340827,0.379296,2.16134,0.423905,0.0566375,0.488233,0.121578,1.85573,0.171141
197.888000000,0.0775331,0,1.07426,0.202384,0.105609,1.70223,0.166669,0.0883136,0.506576,0.0222395,2.09717,0.472527
197.930666667,0.548878,0,0.35069,0.124036,0,2.37063,0.239347,0.0598295,0.234746,0.214954,1.97309,0.11855
197.973333333,0.633886,0,0.265666,0.0837872,0,2.88625,0.110443,0.058352,0.112614,0.473397,1.77636,0.0887564
198.016000000,0.697852,0,0.311225,0.0252099,0,3.06957,0.0420641,0.0427722,0.0835389,0.69084,1.76891,0.0580706
198.058666667,0.799941,0,0.490661,0,0,3.08427,0.0367329,0.0115645,0.0859715,0.826705,1.93691,0.0387391
198.101333333,0.837583,0,0.55652,0.00252298,0.0958196,3.05756,0.0821782,0.0413761,0.161419,0.692936,2.01538,0.292779
198.144000000,0.560004,0.0125836,0.59437,0.0112094,0.10089,2.20965,0.576753,0,0.297901,0.645774,2.08421,0.323116
198.186666667,0.0248483,0.240014,0.611555,0.000858757,0.0961574,1.78447,0.720849,0,0.366631,0.825508,2.22133,0.347904
198.229333333,0.243537,0.102085,0.978655,0.133763,0.395144,0.825555,1.096,0,0.419469,0.892252,1.82631,0.359784
198.272000000,0.0519463,0.0581349,1.16604,0.104006,0.290191,1.32419,0.892371,0,0.438829,0.8176,1.87786,0.436509
198.314666667,0.0263329,0.134492,1.13049,0.0297834,0.102164,1.80612,0.451531,0.0851163,0.389755,0.702772,2.07439,0.478922
198.357333333,0.376958,0.0101408,1.00936,0.0258311,0.10582,2.01661,0.461183,0.114221,0.379769,0.417787,2.16805,0.422328
198.400000000,0.296635,0.10495,0.882166,0.0459205,0,2.83865,0,0,0.172396,0.398291,2.24158,0.067781
198.442666667,0.337248,0.0249391,0.952973,0.0367349,0.147567,2.72965,0.0169465,0,0.157302,0.531104,2.22854,0.0663101
198.485333333,0.389356,0.00420022,0.991886,0.0294322,0.256195,2.71619,0.0285824,0,0.177112,0.599787,2.19768,0.063039
198.528000000,0.401911,0.0256186,0.967137,0.0473502,0.057973,2.86064,0.0235432,0,0.186212,0.607561,2.22037,0.0547694
198.570666667,0.438591,0,1.03595,0,0.21534,1.90634,0.664473,0.0504613,0.430325,0.261112,2.11608,0.0304847
198.613333333,0.43156,0,1.10071,0.063907,0.661822,1.67525,0.915238,0.0503714,0.584008,0.25586,1.86087,0.217723
198.656000000,0.62264,0,1.19226,0.0971755,1.00426,1.5358,1.32135,0.23183,0.593501,0.267477,1.63823,0.109374
198.698666667,0.797469,0.00104757,1.19525,0.164003,0.944867,1.4821,1.36136,0.0528682,0.696326,0.259537,1.68453,0.168463
198.741333333,0.819118,0,0.983523,0.117735,0.894319,1.53568,1.31903,0.0534171,0.788667,0.217991,1.78332,0.177651
198.784000000,0.721155,0,0.903238,0.0499382,0.733625,1.72917,1.2412,0.0535623,0.813492,0.151645,1.67301,0.153545
198.826666667,0.355391,0,1.24633,0.0480344,0.557422,1.93647,0.726499,0.0510719,0.634666,0.0938506,1.91868,0.0816469
198.869333333,0.044752,0,1.38408,0.0999753,0,2.15095,0.00594736,0.0709959,0.659664,0.047623,2.16197,0.448108
198.912000000,0,0,0.885294,0.28709,0.00422171,2.09572,0.0149266,0.0705931,0.456933,0.135729,2.23631,0.30512
198.954666667,0,0.016828,0.919679,0.315944,0.017442,2.00711,0,0.0689636,0.408022,0.240985,2.30677,0.235852
198.997333333,0,0.0483555,0.924582,0.247341,0.0245487,2.03852,0.00632431,0.0575922,0.42087,0.296421,2.29182,0.293479
199.040000000,0.0592132,0.0252455,0.999612,0.125871,0.0376392,2.12763,0.0400767,0.111499,0.400295,0.284658,2.26109,0.29104
199.082666667,0.00649357,0.47108,1.11132,0.00229018,0.135764,2.07156,0.423007,0,0.333588,0.720249,2.22568,0.201849
199.125333333,0.00325628,0.523402,0.595422,0.00208365,0.0973812,2.42986,0.50912,0,0.535467,1.27412,1.4055,0.250151
199.168000000,0.021584,0.574743,0.340262,0.00301153,0.104552,2.54785,0.49746,0.0199212,0.548374,1.57977,1.26204,0.580517
199.210666667,0.245027,0.762254,0.576564,0.00113216,0.103764,2.39944,0.572359,0.0255917,0.521184,1.6897,1.07234,0.527048
199.253333333,0.185961,0.629707,1.08367,0.079223,0.142775,2.07772,0.566868,0,0.500951,1.55989,1.18573,0.525004
199.296000000,0.0126315,0.374099,1.34628,0.0063763,0.213535,1.91139,0.544065,0,0.560753,1.22286,1.49211,0.437287
199.338666667,0.0243634,0.365518,1.10391,0.0164512,0.341121,1.96435,0.369263,0,0.432117,0.686183,2.0608,0.251155
199.381333333,0.240778,0.151461,0.859686,0.067506,0.218112,2.50925,0.125323,0.188474,0.318681,0.262898,2.32628,0.0176729
199.424000000,0.282044,0.113405,0.723374,0.0687375,0.274664,2.03493,0.104141,0.316717,0.350504,0.316402,2.39615,0.0793937
199.466666667,0.256593,0.116188,0.72823,0.0218902,0.235266,2.11795,0.0066391,0.355532,0.32045,0.279427,2.48571,0.104399
199.509333333,0.270738,0.111504,0.728174,0,0.430889,2.29153,0,0.350674,0.225717,0.260024,2.62564,0.0323511
199.552000000,0.426668,0,1.0555,0,0.677025,1.66549,1.01898,0.0494486,0.379562,0.276367,2.04154,0.0368029
199.594666667,0.432192,0,1.12066,0.0724184,0.80289,1.61145,0.985925,0.0496104,0.652668,0.253988,1.90786,0.00854564
199.637333333,0.493036,0.00907833,1.15062,0.0378282,0.656854,1.77576,0.964976,0.0507541,0.993634,0.250394,1.72154,0.0540309
199.680000000,0.801758,0.00467906,1.08859,0.0900731,0.643648,1.79211,0.91553,0.16246,1.23812,0.202667,1.22649,0.105093
199.722666667,0.825962,0,0.9509,0.0704574,0.591971,1.76113,0.887697,0.186712,1.28465,0.280652,1.31929,0.168863
199.765333333,0.473366,0,0.912839,0.0455848,0.537409,1.81464,0.833264,0.191331,1.24576,0.271244,1.72193,0.121375
199.808000000,0.163627,0,1.23444,0.0344976,0.200995,2.05893,0.53238,0.366611,1.06372,0.0889443,2.03385,0.166631
199.850666667,0,0,0.789833,0.268459,0.033989,1.80582,0.666497,0.0601604,0.452976,0.0799947,1.91509,0.590601
199.893333333,0.726233,0,0.264044,0.2949,0,2.61319,0.410404,0.0340404,0.17993,0.189647,1.7024,0.039622
199.936000000,0.835078,0,0.231472,0.234093,0,3.0576,0.181689,0.0171105,0.0225421,0.237496,1.54836,0.0383346
199.978666667,0.832231,0,0.212911,0.140759,0,3.20708,0.0479888,0.0245377,0.0290218,0.36665,1.55297,0.0653278
200.021333333,0.703321,0,0.431398,0.073662,0,3.21234,0.122128,0.0328158,0.0279384,0.579624,1.75558,0.0673666
200.064000000,0.826667,0,0.555758,0.0178137,0.10493,2.97699,0.425519,0,0.0933191,0.459679,1.47127,0.265921
200.106666667,0.370564,0.309658,0.219858,0.00180857,0.184719,2.45551,0.597772,0,0.208866,0.9699,1.28587,0.2923
200.149333333,0.0648505,0.735061,0.244979,0.243382,0.0724733,1.94143,0.704688,0.00237228,0.23663,1.44122,1.22217,0.415999
200.192000000,0.169373,1.10433,0.389684,0.183686,0.128241,1.04674,0.802703,0.0328736,0.531548,1.55111,1.30741,0.371599
200.234666667,0.175996,0.957507,0.936557,0.147055,0.169488,1.16239,0.571831,0.106942,0.698758,1.28092,1.18476,0.377728
200.277333333,0.0398261,0.489935,1.17108,0.0035755,0.097277,2.10468,0.414864,0.146211,0.503992,0.856156,1.25842,0.331903
200.320000000,0.671248,0,0.921721,0.0406845,0.0322181,2.66358,0.11471,0.120224,0.403312,0.217386,2.15508,0.227387
200.362666667,0.54691,0.0128707,0.621824,0.104867,0.0153717,2.89797,0.00283272,0.216044,0.403487,0.0966923,2.3397,0.0192544
200.405333333,0.505415,0.0307948,0.590551,0.118311,0.128653,2.77617,0.00190658,0.16011,0.426411,0.0907923,2.56882,0.069744
200.448000000,0.511841,0.0302892,0.628196,0.110642,0.130221,2.7391,0.0116631,0.116062,0.389762,0.073911,2.65158,0.032672
200.490666667,0.528217,0.011306,0.640486,0.0669572,0.0616069,2.85313,0.0483877,0.065375,0.359742,0.0588094,2.56528,0.0309529
200.533333333,0.301575,0,0.832887,0,0.434004,1.93767,0.664991,0.0613499,0.445097,0.226143,2.09859,0.253535
200.576000000,0.348979,0,0.903216,0.0773602,0.972065,1.53003,0.720361,0.173592,0.576944,0.185736,1.91655,0.229858
200.618666667,0.607099,0,0.943632,0.345975,1.10888,1.39762,1.01741,0.17072,0.559847,0.441871,1.72807,0.287894
200.661333333,0.755348,0,0.958356,0.487458,0.736921,1.30195,0.901707,0.175157,0.617087,0.726942,1.62721,0.385994
200.704000000,0.72654,0,0.769617,0.524632,0.51477,1.35616,0.753165,0.201477,0.687142,0.888561,1.5357,0.411741
200.746666667,0.420535,0,0.759873,0.517807,0.446028,1.54035,0.66155,0.274536,0.714421,0.73013,1.48903,0.365222
200.789333333,0,0,1.1662,0.200441,0.263094,1.93142,0.374341,0.333998,0.676028,0.181756,2.00705,0.284303
200.832000000,0,0,1.05641,0.30059,0,2.07165,0.0824692,0.0683452,0.47436,0.10605,2.22309,0.529179
200.874666667,0,0,1.14094,0.452781,0.00650382,2.11482,0.158083,0.0700514,0.487979,0.142865,2.29133,0.194014
200.917333333,0,0,1.354,0.309598,0.0316141,2.06577,0.181633,0.0706338,0.561352,0.151931,2.35741,0.149467
200.960000000,0.0287546,0.00254503,1.21305,0.27716,0.024039,2.04285,0.244019,0.117828,0.5829,0.167121,2.34154,0.164997
201.002666667,0.380085,0,1.15827,0.14798,0.0623277,2.15581,0.335146,0.0912004,0.370829,0.27207,2.18308,0.124265
201.045333333,0.237156,0,0.738872,0.282149,0.221064,1.87024,0.887212,0.063657,0.507431,0.740822,1.73602,0.390473
201.088000000,0.422234,0.876099,0.138647,0.215337,0.193791,0.841133,2.12066,0.299748,0.44519,0.923587,1.12161,0.548405
201.130666667,0.486335,1.3492,0.129109,0.19923,0.148758,0.577474,2.50894,0.401483,0.342535,0.808465,0.744441,0.612353
201.173333333,0.494558,1.7661,0.0900775,0.167091,0.205279,0.29985,2.84563,0.340525,0.219404,0.639775,0.725836,0.574266
201.216000000,0.300875,2.11576,0.078443,0.180462,0.121006,0.0525415,3.41401,0.00681206,0,0.437447,0.669452,0.513233
201.258666667,0.0636065,2.03803,0,0.0094202,0.145828,0.0306044,3.99076,0.0120208,0,0.249877,0.951932,0.393648
201.301333333,0,2.10977,0,0,0.0786942,0,4.43467,0.00134042,0,0.138484,1.33384,0.139976
201.344000000,0.0957335,2.06914,0,0,0.0423081,0,4.55309,0.00277719,0,0.153806,1.27123,0.0189622
201.386666667,0.0329772,2.03125,0,0,0.0257971,0,4.55492,0.00195377,0.00270205,0.15263,1.2651,0.0143293
201.429333333,0.0258179,2.02217,0,0,0.0326655,0,4.54674,0.000823304,0,0.152289,1.2857,0.0130514
201.472000000,0.00367155,2.03812,0,0,0.0537317,0,4.51412,0.00104755,0,0.158262,1.31119,0.0106086
201.514666667,0.341645,1.91513,0.0596699,0,0.0744162,0.0562389,3.82513,0.0506167,0.141428,0.287064,0.748308,0.0262307
201.557333333,0.828723,1.31722,0.1637,0,0.0745205,0.0675496,3.4644,0.0395006,0.35996,0.203579,0.572675,0.0720437
201.600000000,1.0199,1.49081,0.183321,0.115895,0.18179,0.0676608,3.0775,0.10451,0.309971,0.184574,0.489073,0.196578
201.642666667,1.13511,1.38762,0.232964,0.18984,0.269424,0.0681577,2.94653,0.0405372,0.62873,0.173192,0.384124,0.263849
201.685333333,1.0387,1.3689,0.279261,0.179543,0.261305,0.0662612,2.90147,0.0398862,0.582253,0.162964,0.518321,0.27143
201.728000000,0.848563,1.30601,0.381807,0.127976,0.102161,0.0630341,2.99275,0.038911,0.406863,0.137959,0.666114,0.360332
201.770666667,0.285646,1.8857,0.341618,0.0538563,0,0.0355975,3.49846,0.053428,0.258142,0.0942396,0.623378,0.290047
201.813333333,0.0948059,1.98991,0.222138,0,0,0.422433,3.96948,0.0684477,0.0432739,0.140484,0.53445,0.0175884
201.856000000,0,2.67695,0.1451,0,0.0228466,2.02694,2.98061,0.0744706,0.419879,0.125333,0.535452,0
201.898666667,0,3.18478,0.173975,0,0.0559316,2.94813,1.52414,0.0621417,0.950914,0.115914,0.30359,0.00733846
201.941333333,0,3.52091,0.113322,0,0.0410375,3.23743,0.538281,0.0648796,1.39032,0.110998,0.151952,0.0452302
201.984000000,0,3.62834,0.00355623,0,0.0577516,3.49113,0.538095,0.0612403,1.70509,0.00497768,0,0.0464114
202.026666667,0.177041,3.68612,0.175675,0.0216191,0.102932,3.02243,0.455981,0,1.56875,0.103487,0.296776,0.183687
202.069333333,0.194488,3.78409,0.0170753,0.0528962,0.150713,1.8912,0.967898,0.144588,1.65986,0.165476,0.219764,0.291154
202.112000000,0.127008,3.64795,0.0254688,0.0843225,0.152313,1.06697,1.21807,0.0932444,1.88337,0.167815,0.242155,0.341968
202.154666667,0.0483533,3.60055,0.0290761,0.063568,0.14574,0.831616,1.29873,0,1.96788,0.169351,0.281271,0.356561
202.197333333,0.0120109,3.66406,0.0243435,0.0248231,0.0946238,1.04291,1.2425,0,1.91023,0.143467,0.310151,0.352814
202.240000000,0,3.90207,0,0,0.0883821,1.4922,0.94699,0,2.14687,0.0450675,0.563452,0.317994
202.282666667,0,3.76504,0.299637,0,0,1.72723,0.67807,0.0140341,2.42692,0.0764097,0.340433,0.0831594
202.325333333,0,3.76649,0.274019,0,0,1.98562,0.523019,0.0391702,2.42698,0.105989,0.205075,0.0737447
202.368000000,0,3.7559,0.23053,0,0,2.04292,0.520655,0.0466158,2.28489,0.110471,0.135774,0.0747388
202.410666667,0,3.77659,0.199199,0,0,2.07087,0.527973,0.0299897,2.33112,0.109044,0.1278,0.0736654
202.453333333,0,3.78863,0.197466,0,0,2.07702,0.524762,0.00800933,2.406,0.100959,0.125413,0.0676419
202.496000000,0.00642128,3.50568,0.201092,0,0.0994597,1.70682,0.680877,0.102166,2.31618,0.239874,0.0384828,0.104205
202.538666667,0.357428,3.08321,0.307077,0,0.145991,1.31997,0.260998,0.281087,2.10987,0.225103,0.120368,0.228534
202.581333333,0.576508,2.99229,0.150052,0.00887169,0.197267,1.13594,0.355066,0.142592,2.15607,0.230676,0.158427,0.31773
202.624000000,0.615445,2.90659,0.173911,0.0905921,0.336714,1.08318,0.404697,0.320822,1.2029,0.527961,0.258927,0.328118
202.666666667,0.279325,2.90537,0.235186,0.0429305,0.454807,1.29142,0.3223,0.0861026,2.14965,0.180937,0.179281,0.373739
202.709333333,0.11699,3.08644,0.295101,0.00786804,0.16466,1.65181,0.123431,0.122648,2.43329,0.140315,0.196301,0.383339
202.752000000,0.0617527,3.83859,0.299658,0,0,1.28931,0.0707498,0.0767225,2.30626,0.0624821,0.22364,0.168239
202.794666667,0,3.71703,0.169257,0,0,1.47917,0.476345,0.0543232,2.32278,0.134821,0.287911,0
202.837333333,0,3.68325,0.147435,0,0.0087264,1.16615,0.505932,0.0754236,2.44836,0.158999,0.23494,0
202.880000000,0,3.66689,0.145988,0,0.00770135,1.13391,0.567173,0.0764388,2.44283,0.148008,0.212637,0
202.922666667,0,3.71428,0.128491,0,0.000434367,1.30166,0.611096,0.0682711,2.39777,0.129012,0.197269,0
202.965333333,0.0620601,3.87652,0.00505671,0,0.0817656,1.38661,0.620953,0.030851,2.45254,0.157792,0.0187014,0.040835
203.008000000,0.0562386,3.98719,0.201448,0.0025631,0.218194,0.563757,0.359718,0.167345,1.88493,0.316879,0.626532,0.207169
203.050666667,0.186778,3.37396,0.0263543,0.00365634,0.377583,0.650768,0.574487,0.0347284,1.63494,0.443091,1.46979,0.206605
203.093333333,0.147879,2.3756,0.170202,0.0832769,0.43571,1.2169,0.407173,0.0338037,1.31902,0.476156,2.11785,0.254109
203.136000000,0.0475277,1.01739,0.88819,0.0719503,0.26944,1.61495,0.331302,0.0335387,0.889477,0.19436,2.77828,0.256832
203.178666667,0.00179008,0.469236,1.0193,0.0448228,0.114384,1.78195,0.329355,0.0449747,0.973184,0.0764926,3.0821,0.241576
203.221333333,0,0.727224,1.23919,0.0257021,0.108501,1.88599,0.233182,0.033947,0.985278,0.0580332,3.14339,0.196144
203.264000000,0,0.767264,1.21416,0,0.0424743,2.0784,0.22043,0.254571,0.934423,0.0907265,3.33893,0.0064714
203.306666667,0,0.627712,1.16427,0,0.0577648,1.88975,0.269115,0.349985,0.822513,0.118006,3.30947,0
203.349333333,0,0.523446,1.22405,0,0.0613091,1.77346,0.282131,0.379163,0.708434,0.12333,3.27598,0
203.392000000,0,0.424026,1.27846,0,0.0549737,1.76205,0.283269,0.403877,0.680437,0.122364,3.27141,0
203.434666667,0,0.443955,1.53,0.00429435,0.10883,1.97421,0.233103,0.0595587,0.64756,0.217368,3.35318,0
203.477333333,0.184583,0.448086,1.33687,0.0272281,0.142406,1.76729,0.18778,0.0558851,0.667136,0.0903712,3.29795,0
203.520000000,0.396766,0.62809,1.3828,0.0664208,0.116619,1.82143,0.0991128,0.050703,0.606862,0.0418044,2.83562,0.107561
203.562666667,0.551414,0.83483,1.26131,0.122682,0.119365,1.80091,0.22081,0.0644066,0.536626,0.0243566,2.51406,0.211635
203.605333333,0.544291,0.92066,1.23477,0.115598,0.257119,1.61464,0.358039,0.12263,0.474549,0.0348823,2.51586,0.166011
203.648000000,0.443526,0.703882,1.28584,0.0807161,0.169629,1.72224,0.223888,0.154883,0.570891,0.0251181,2.67913,0.145377
203.690666667,0.237099,0.374625,1.44216,0.0503003,0.0466909,1.86465,0,0.163335,0.717458,0.0414112,3.09154,0.114395
203.733333333,0,0.246862,1.5116,0.0528737,0.00392338,1.74231,0,0.0590048,0.647806,0.0700512,3.32156,0.0678914
203.776000000,0,0.108316,1.22158,0.069282,0.0679479,1.79558,0.111328,0.264811,0.55958,0.104794,3.42367,0.00898559
203.818666667,0,0.0486292,1.15609,0.097579,0.068974,1.75877,0.182878,0.31079,0.540938,0.117767,3.31034,0.00889083
203.861333333,0.222398,0.0310786,1.07348,0.0445533,0.0601461,1.90122,0.205064,0.328472,0.562734,0.120492,3.23365,0.00791342
203.904000000,0.32812,0.0548686,1.00814,0.0804583,0,2.14132,0.22431,0.315708,0.51327,0.116209,3.24761,0.00483471
203.946666667,0.216603,0.320681,0.905439,0,0,2.3994,0.301959,0,0.487003,0,3.46687,7.69899e-05
203.989333333,0.172956,0.149451,1.32442,0.0924155,0.122957,1.92047,0.321264,0.0287253,0.30971,0.0416249,3.10145,0.0363168
204.032000000,0.152688,0.144613,1.39004,0.0107311,0.106513,1.80283,0.155652,0.0489876,0.347489,0.0505062,2.96374,0.162447
204.074666667,0.0994424,0.141028,1.41645,0.0514983,0.0930873,1.90354,0.156445,0.0504074,0.363917,0.0606579,2.64301,0.176218
204.117333333,0.0243574,0.0231841,1.3831,0.0604201,0.0927945,2.03117,0.16047,0.0504606,0.402223,0.0735153,2.67992,0.164862
204.160000000,0.000739692,0,1.31304,0.0505466,0.114826,1.96541,0.165983,0.0503817,0.430967,0.0917833,3.07017,0.141022
204.202666667,0,0.033154,1.67312,0.0813121,0.0710859,1.81528,0.128101,0.0644502,0.607616,0.0519417,3.1619,0.0909098
204.245333333,0.0546057,0.0796718,1.16884,0.0822403,0.133155,1.70831,0.222459,0.0640153,0.698503,0.0777711,3.00936,0.184296
204.288000000,0.0662007,0.122491,1.28492,0.224638,0.293964,1.64415,0.306792,0.063703,0.584004,0.0481553,2.6374,0.338855
204.330666667,0.0752377,0.19763,1.38086,0.135924,0.351993,1.60387,0.298605,0.0651106,0.483596,0,2.59016,0.392331
204.373333333,0.0833689,0.193117,1.39854,0.0112018,0.26012,1.7051,0.254761,0.0643455,0.474788,0,2.89473,0.28527
204.416000000,0.0792316,0.0761035,1.29702,0.00704112,0.131318,1.75328,0.148248,0.0622525,0.643163,0.00706487,3.09526,0.174306
204.458666667,0.384188,0.00295183,1.23976,0.00317265,0.15437,2.09912,0.1814,0.0452169,0.521257,0.207473,3.13545,0.000436071
204.501333333,0.478728,0.0049541,1.23498,0,0.0906917,2.1246,0.0546177,0.135524,0.455609,0.193835,2.96084,0.0364967
204.544000000,0.451301,0.00382693,1.23765,0,0.270068,2.0811,0.170321,0.269161,0.356832,0.0567886,2.84412,0.180675
204.586666667,0.493664,0,1.18259,0,0.236354,2.10216,0.297255,0.443378,0.348689,0.0428171,2.81721,0.185431
204.629333333,0.399368,0,1.41107,0.0763707,0.154111,2.14661,0.143423,0.413119,0.480241,0,2.77534,0.127077
204.672000000,0.236034,0.0296503,1.76271,0.136598,0.117307,1.79983,0.187554,0.511732,0.480552,0.0297157,2.74668,0.043559
204.714666667,0.0135539,0.21332,1.73606,0.172666,0.238784,1.50038,0.16761,0.737483,0.37324,0.0130665,2.75098,0.223645
204.757333333,0,0.221292,1.53007,0.0259552,0.174252,1.48036,0.205746,0.544043,0.460132,0.0125138,2.92557,0.0233718
204.800000000,0.11219,0.111541,1.29373,0.0519352,0.11378,1.71169,0.250107,0.469011,0.473508,0.0674375,3.15165,0.0269154
204.842666667,0.102422,0.0290879,1.13055,0.0422047,0.112093,1.69802,0.15775,0.467147,0.541284,0.122058,3.44889,0
204.885333333,9.40392e-05,0.0234047,1.19771,0.0394021,0.111862,1.61426,0.134268,0.475136,0.613263,0.0775384,3.54341,5.6876e-05
204.928000000,0.000235358,0.00341964,1.47286,0,0.140483,1.60554,0.326635,0.12957,0.766094,0.00413046,3.51326,0.000285402
204.970666667,0.0216135,0.254788,0.9202,0.270623,0.0864897,1.83659,0.422343,0.0952187,0.362451,0.0975327,3.11103,0
205.013333333,0.326817,0.873964,1.05259,0.105913,0.076991,2.00478,0.359257,0.106703,0.204253,0.332988,2.65812,0.110865
205.056000000,0.187152,0.950775,1.20931,0.166984,0.0726513,2.44614,0.34748,0.0582749,0.21039,0.818175,1.83171,0.19524
205.098666667,0.103597,0.879544,1.14096,0.138289,0.0661176,2.26309,0.35689,0.0562795,0.221443,0.816769,1.98873,0.159573
205.141333333,0.0490042,0.324917,1.12787,0.054794,0.0650847,1.92211,0.344494,0.0573469,0.334966,0.0905955,2.9598,0.133487
205.184000000,0,0.0247313,1.56672,0.0334153,0.0463715,1.73039,0.345901,0.0646941,0.590816,0.0604986,3.26331,0.0817716
205.226666667,0,0.00447055,1.22242,0,0.0488963,1.76788,0.329366,0.494746,0.384089,0.12753,3.43763,0.0188568
205.269333333,0.0336064,0.004976,1.1774,0,0.0483947,1.82821,0.300788,0.540393,0.355735,0.141771,3.46997,0.0110102
205.312000000,0.0278447,0.00479488,1.27145,0,0.0468427,1.82292,0.261896,0.568071,0.388894,0.126539,3.46942,0.0102192
205.354666667,0,0.00416388,1.39329,0,0.0436343,1.75069,0.215637,0.588451,0.415265,0.117766,3.51144,0.0198555
205.397333333,0,0,1.48182,0,0.0392386,1.7619,0.171337,0.263965,0.573243,0.109953,3.51442,0.053609
205.440000000,0.317362,0.0982325,1.38236,0.263345,0.187956,1.91715,0,0.220729,0.56164,0,2.8416,0.299011
205.482666667,0.56393,0.187069,1.2213,0.0731415,0.117645,1.72129,0.104563,0.285219,0.50516,0,2.79631,0.343787
205.525333333,0.515612,0.039553,1.13508,0.145827,0.0767803,1.76576,0.248734,0.326132,0.471705,0.00449483,2.61377,0.391545
205.568000000,0.419398,0.0259076,1.16012,0.0872279,0.0545459,1.77585,0.267275,0.376491,0.463649,0.0143702,2.68384,0.389387
205.610666667,0.352722,0,1.23828,0.0490084,0.0403084,1.80529,0.259204,0.387004,0.49037,0.0273408,2.85764,0.33393
205.653333333,0.220199,0,1.44641,0.0220417,0,1.85199,0.0509697,0.390993,0.538435,0.0447462,3.16021,0.19475
205.696000000,0,0,1.41727,0.0132189,0.00214677,1.6275,0.749908,0.175532,0.470353,0.0889663,2.99171,0.0691091
205.738666667,0.0793682,0,1.36913,0,0.00268943,1.67028,0.858744,0.231252,0.472576,0.130274,2.82556,0.0801297
205.781333333,0.171639,0,1.33145,0,0.002307,1.78046,0.609911,0.264723,0.47031,0.140289,2.79062,0.122608
205.824000000,0.28349,0,1.27196,0,0.00189484,2.01496,0.373183,0.296503,0.459454,0.129139,2.87359,0.0557776
205.866666667,0.431315,0,1.12241,0,0.00103624,2.12239,0.250478,0.334029,0.401611,0.110136,3.03048,0.0645275
205.909333333,0.454642,0,0.711655,0.0298849,0.45014,2.1712,0.434243,0.0447602,0.373819,0.0325721,3.27389,0
205.952000000,0.306461,0.25313,0.954675,0.10527,0.263165,1.9002,0.289239,0.0481313,0.302823,0.0732941,3.17419,0.154037
205.994666667,0.409746,0.0928402,1.08136,0.163682,0.129252,1.69786,0.372997,0.133799,0.278747,0.0328416,2.68864,0.191194
206.037333333,0.748676,0,1.06755,0.220022,0.118593,1.19114,0.507857,0.325521,0.43651,0.0681126,2.67299,0.194494
206.080000000,0.775087,0,1.03956,0.257756,0.233235,1.19623,0.378756,0.261794,0.463561,0.047839,2.61311,0.163253
206.122666667,0.376438,0,1.0124,0.0277912,0.107929,1.62627,0.232753,0.0487756,0.551243,0.0390193,3.13326,0.133121
206.165333333,0,0,1.34292,0.0568051,0.0393727,1.75394,0.133676,0.442915,0.590841,0.0573356,3.2681,0.0868283
206.208000000,0.226087,0,1.10036,0.0594929,0.048368,1.72845,0.17798,0.511195,0.546064,0.0939265,3.30124,0.0203917
206.250666667,0.319915,0,1.0932,0.0600498,0.046752,1.69387,0.170377,0.537358,0.5488,0.111613,3.19666,0.0132242
206.293333333,0.296936,0,1.11819,0.0517979,0.0438839,1.69876,0.15477,0.56084,0.578994,0.11473,3.16133,0.0144955
206.336000000,0.151132,0,1.2213,0.0320861,0.0384331,1.61638,0.140362,0.582369,0.616704,0.111439,3.36581,0.0153995
206.378666667,0.00579673,0,1.40898,0,0.0541972,1.62768,0.189637,0.0744117,0.673105,0.0688675,3.39231,0.0872556
206.421333333,0.42554,0.261111,1.28425,0.145911,0.383169,1.63949,0.0739692,0.11367,0.482755,0,2.88144,0.116355
206.464000000,0.687769,0.178427,1.19557,0.0747996,0.534019,1.46809,0.345023,0.154875,0.399596,0.0411622,2.61996,0.168891
206.506666667,0.757696,0.126972,1.09705,0.154244,0.839341,1.02954,0.738697,0.373584,0.392195,0.0430127,2.44436,0.209299
206.549333333,0.717697,0.112103,1.06413,0.21215,0.735106,0.913193,0.811184,0.423529,0.393308,0.0387313,2.42958,0.202819
206.592000000,0.502104,0.00985845,1.19098,0.194742,0.281231,1.12802,0.627705,0.331789,0.408436,0.0369075,2.63984,0.167144
206.634666667,0.358025,0,1.43315,0.0388454,0.00746812,1.68939,0,0.188253,0.571852,0.0494992,3.05466,0.14187
206.677333333,0.0124417,0,1.4078,0.0261759,0.0888314,2.01347,0,0.0610321,0.556113,0.0795569,3.09616,0.130117
206.720000000,0.182502,0.00817155,1.3632,0,0.184655,2.02651,0,0.0799617,0.562429,0.109776,3.12178,0.12984
206.762666667,0.189981,0.00725455,1.35451,0,0.177628,1.9565,0.0161917,0.108692,0.572418,0.11639,3.21458,0.138934
206.805333333,0.135771,0.00547071,1.34677,0,0.159218,1.87917,0.0833392,0.139858,0.597949,0.113606,3.32674,0.109431
206.848000000,0,0.00100408,1.33354,0,0.0736512,1.7976,0.0638094,0.177719,0.642461,0.100552,3.41673,0.0523921
206.890666667,0.0753612,0.0929267,0.992233,0.115207,0.365026,1.87676,0.261353,0.0561414,0.411617,0.139556,3.1845,0.139808
206.933333333,0.512306,0.219293,1.01272,0.0651263,0.25217,1.91549,0.345193,0.0475308,0.259819,0.181506,3.11527,0.119578
206.976000000,0.525996,0.110759,0.965382,0.055235,0.271255,2.08661,0.369721,0.0466226,0.245258,0.162599,3.01713,0.155896
207.018666667,0.442575,0.244789,0.936755,0.0971905,0.325722,1.98705,0.375076,0.0740108,0.233834,0.15729,3.01002,0.169712
207.061333333,0.322921,0.250211,0.927192,0.118231,0.415526,1.86425,0.47945,0.158819,0.258975,0.15015,2.99198,0.179575
207.104000000,0.218048,0.062079,0.977259,0.106927,0.385618,1.7108,0.612373,0.134818,0.423907,0.129225,3.06049,0.145048
207.146666667,0,0,1.41454,0.00662582,0.0149619,1.47669,0.375786,0.288127,0.626147,0.0678939,3.31376,0.0772707
207.189333333,0.16382,0,1.22082,0,0.0028526,1.56335,0.270076,0.406101,0.544975,0.104479,3.2962,0.0151608
207.232000000,0.258016,0,1.21348,0,0.00288455,1.71755,0.212221,0.425026,0.547316,0.111768,3.28952,0.00749037
207.274666667,0.216181,0,1.23682,0,0.00309789,1.71783,0.184266,0.441905,0.593289,0.112338,3.32556,0.0119546
207.317333333,0.0897559,0,1.28379,0,0.00347192,1.68646,0.115792,0.452043,0.666336,0.106761,3.35813,0.0302391
207.360000000,0.13105,0,1.26063,0.0377494,0.211122,1.90876,0.356323,0.151784,0.630911,0.0885216,3.20311,0.153615
207.402666667,0.508528,0.144166,1.27332,0.307537,0.0679878,1.83837,0.439798,0.32433,0.306647,0.0215099,2.50939,0.1765
207.445333333,0.600108,0.117101,1.226,0.169396,0.13121,1.70225,0.88947,0.520705,0.188176,0,2.38113,0.190215
207.488000000,0.539301,0.00221036,1.22447,0.222155,0.0559047,2.09611,1.02331,0.639669,0.332692,0.690271,1.59643,0.218314
207.530666667,0.559545,0,1.13666,0.182103,0.049235,1.9472,1.07062,0.651175,0.333161,0.623926,1.79778,0.214404
207.573333333,0.37425,0,1.15076,0.141363,0.122627,1.75209,0.9772,0.635758,0.312753,0.0221053,2.31591,0.188712
207.616000000,0.258717,0,1.13306,0.163287,0.186569,1.57751,0.561817,0.757295,0.293641,0.0559852,2.87424,0.117715
207.658666667,0.085648,0,1.1779,0.0644807,0.0496816,1.71202,0.779054,0.12218,0.52447,0.106416,3.05883,0.0489541
207.701333333,0.184034,0,1.04074,0.113828,0.0522493,1.67235,0.609208,0.16899,0.473383,0.140507,2.98594,0.0214512
207.744000000,0.181289,0,1.03698,0.129163,0.0427514,1.85622,0.420816,0.192598,0.480157,0.135413,2.94471,0.0150026
207.786666667,0.315351,0,1.03162,0.127265,0.0404068,1.93569,0.294241,0.216063,0.499132,0.118657,2.95551,0.0142224
207.829333333,0.512788,0,1.05755,0.0935529,0.0321231,1.84416,0.329392,0.230007,0.489878,0.0152266,3.19478,0
207.872000000,0.496266,0,1.10126,0.072459,0.385363,1.77413,0.398493,0.0465616,0.311769,0.205705,3.07673,0.119061
207.914666667,0.31958,0.192974,1.07031,0.012529,0.131041,1.67019,0.450019,0.0539729,0.255233,0.209138,3.2239,0.12335
207.957333333,0.194065,0.230739,1.05833,0.0787866,0.118583,1.56516,0.65327,0.0558404,0.161019,0.32432,3.1286,0.191557
208.000000000,0.13564,0.251619,1.01061,0.170663,0.112732,1.54941,0.666138,0.173848,0.168609,0.371834,3.07672,0.194061
208.042666667,0.02538,0.293219,0.991062,0.13076,0.11515,1.62239,0.477409,0.162509,0.190732,0.308162,3.1711,0.158542
208.085333333,0.0442272,0.148356,1.00174,0.180803,0.110579,1.75724,0.389557,0.0561249,0.354057,0.154167,3.12913,0.122746
208.128000000,0,0,1.42476,0.0878446,0,1.73327,0.350742,0.366725,0.596095,0.0657516,3.23408,0.0685576
208.170666667,0,0,1.4008,0.0420727,0,1.70838,0.411176,0.501917,0.504498,0.102763,3.26217,0.0157776
208.213333333,0,0,1.3917,0.0443371,0,1.69296,0.405976,0.546626,0.507844,0.113673,3.21569,0.0107573
208.256000000,0,0,1.41117,0.0394919,0,1.62556,0.374851,0.578545,0.522401,0.114586,3.22024,0.0140703
208.298666667,0,0,1.39823,0.0183657,0.0577076,1.57096,0.32717,0.578261,0.566723,0.10393,3.25328,0.023046
208.341333333,0.177182,0.00016126,1.3224,0.062804,0.164233,1.80441,0,0.188383,0.559509,0.0606469,3.13022,0.17352
208.384000000,0.543461,0.205109,1.43016,0.193364,0.0647376,1.7836,0.119111,0.310376,0.46036,0.00810609,2.43553,0.105216
208.426666667,0.734471,0.249116,1.21029,0.13104,0.309014,1.50703,0.463993,0.364111,0.380831,0.0196616,2.22599,0.181227
208.469333333,0.722824,0.341016,1.07501,0.199808,0.409188,1.17906,0.715322,0.51439,0.365946,0.0151791,2.17465,0.225429
208.512000000,0.823165,0.273842,1.06137,0.243601,0.395905,1.09279,0.808083,0.526637,0.381724,0.0245476,2.13346,0.195222
208.554666667,0.53056,0.122725,1.16325,0.270357,0.225497,1.4119,0.602717,0.49097,0.385347,0.0379033,2.28182,0.178691
208.597333333,0.115185,0,1.437,0.252847,0.00371797,1.65996,0.227,0.370664,0.506794,0.0519394,2.82648,0.172
208.640000000,0.0159598,0.00216238,1.06703,0.12449,0.0766473,1.88928,0.0335955,0.190507,0.560284,0.0887592,3.09918,0.0507654
208.682666667,0.0620515,0.00689765,1.11529,0.144088,0.0857698,1.79449,0.032085,0.272756,0.583384,0.110995,3.01602,0.0557911
208.725333333,0.00269717,0.00668597,1.09074,0.163124,0.0834444,1.52126,0.258294,0.323769,0.598183,0.113834,2.94472,0.0731559
208.768000000,0.00217544,0.00598707,1.07085,0.162981,0.0777891,1.57712,0.211751,0.338796,0.625108,0.113775,3.05636,0.0610439
208.810666667,0,0,1.01855,0.0972985,0.0627875,1.6268,0.120284,0.295839,0.664942,0.109603,3.29027,0.0343834
208.853333333,0,0.0569634,1.1154,0.106846,0.332222,1.76669,0.368504,0.162086,0.468894,0.13498,3.16182,0.118197
208.896000000,0.184462,0.287242,1.06742,0.228939,0.201677,1.76555,0.446212,0.0463143,0.371849,0.116261,2.86011,0.135985
208.938666667,0.380536,0.351769,1.01224,0.236511,0.151722,1.33949,0.686772,0.061007,0.365747,0.185606,2.59169,0.186322
208.981333333,0.682919,0.19481,1.02949,0.166936,0.173603,0.93163,1.12975,0.119553,0.568395,0.350891,2.44359,0.210454
209.024000000,0.404051,0.0170664,1.02703,0.125729,0.290504,1.45185,1.01239,0.125998,0.555644,0.190455,2.55084,0.178876
209.066666667,0.0343252,0,1.00577,0.0377138,0.165208,1.54219,0.860317,0.0440043,0.555165,0.0514064,3.041,0.138318
209.109333333,0.113334,0.000503105,1.03319,0,0.028369,1.57177,0.382217,0.423455,0.647741,0.0734648,3.33806,0.0606119
209.152000000,0.270762,0.00351309,0.918107,0,0.0307102,1.53328,0.339962,0.542071,0.561676,0.111163,3.34352,0.0160456
209.194666667,0.261972,0.00273446,0.895958,0,0.0492041,1.46101,0.355339,0.572305,0.542804,0.128619,3.38153,0.0109254
209.237333333,0.294981,0.000606609,0.89905,0,0.0290895,1.55236,0.393685,0.5727,0.562605,0.118414,3.40633,0.0138624
209.280000000,0.29131,0,0.914569,0,0.0241976,1.5458,0.626911,0.50654,0.636193,0.108712,3.32078,0.0271587
209.322666667,0.186125,0,1.11775,0.0435978,0.385591,1.54935,0.426182,0.135925,0.485546,0.0629755,3.0931,0.172941
209.365333333,0.372099,0.190854,1.27239,0.131864,0.530706,1.45365,0.233239,0.130131,0.413132,0.0344268,2.50438,0.355486
209.408000000,0.562086,0.0732839,1.07357,0.187844,0.699461,1.36507,0.141036,0.2623,0.429812,0.0497041,2.4617,0.421189
209.450666667,0.574632,0,0.987964,0.171924,0.825223,1.3242,0.131186,0.349929,0.594753,0.0409792,2.44793,0.442247
209.493333333,0.467181,0.0132994,1.00085,0.16619,0.794691,1.35786,0.121419,0.370333,0.655383,0.025788,2.45872,0.474339
209.536000000,0.213748,0,1.13052,0.171686,0.513099,1.31256,0.0405638,0.296237,0.714473,0.0373092,2.56577,0.542431
209.578666667,0,0,1.17442,0.0825679,0.169423,1.75796,0.412526,0.414969,0.530569,0.0643927,3.05262,0.423613
209.621333333,0.223946,0,0.943162,0.245342,0.0207898,1.99326,0.837231,0.0496761,0.374148,0.0962908,3.04694,0.0333205
209.664000000,0.376226,0,0.737511,0.313981,0.0360712,1.97318,0.739572,0.0824172,0.488474,0.11544,2.93395,0.0176665
209.706666667,0.534116,0,0.689808,0.247162,0.0166703,2.0541,0.547049,0.0890513,0.552419,0.116828,2.82234,0.0139122
209.749333333,0.560375,0,0.713604,0.133288,0.0391746,2.25239,0.382787,0.0208328,0.562788,0.108202,2.97346,0.0145299
209.792000000,0.464986,0,0.858436,0.0687008,0,2.51751,0.326833,0,0.545864,0.00442549,3.12863,0.000371603
209.834666667,0.480876,0.242112,0.895017,0.295704,0.261065,2.0911,0.326374,0,0.457546,0.0474959,2.59351,0.262231
209.877333333,0.181543,0.406568,1.08019,0.00882893,0.134899,2.13789,0.455063,0.00705033,0.248236,0.41127,2.21014,0.353528
209.920000000,0.138697,0.503788,1.21116,0.00658395,0.125829,1.80989,0.657648,0.00653427,0.231786,0.822221,2.0207,0.57708
209.962666667,0.0532976,0.56276,1.25215,0.159092,0.121516,1.81579,0.56519,0.00622122,0.2558,0.896523,1.88715,0.564432
210.005333333,0.0132732,0.568972,1.18056,0.157128,0.126001,2.01175,0.466335,0.005231,0.229548,0.475391,2.06359,0.369456
210.048000000,0.34191,0,0.973154,0.0423078,0.150859,1.85406,0.572421,0,0.533914,0.0667823,2.99679,0.246228
210.090666667,0.341595,0,1.06565,0.0147526,0.00698516,1.63796,0.489941,0.0779846,0.765223,0.0808323,3.25495,0.0441511
210.133333333,0.36762,0.00154452,1.0316,0,0.00840992,1.52573,0.591568,0.221218,0.62357,0.109181,3.40368,0.0136585
210.176000000,0.390396,0.000746067,0.939581,0,0.00823425,1.57171,0.591933,0.334884,0.543371,0.117237,3.39878,0.0107054
210.218666667,0.36316,0,0.964104,0.0126827,0.00592543,1.69551,0.55603,0.213055,0.57731,0.116145,3.29876,0.0153836
210.261333333,0.315563,0,1.02634,0,0.083308,1.82185,0.559374,0.0659435,0.436204,0.237403,3.23018,0.0313829
210.304000000,0.474663,0.00162767,1.35717,0.189179,0.372695,1.89451,0.0203641,0.0405807,0.569218,0.0250949,2.74699,0.138991
210.346666667,0.67301,0.201693,1.33965,0.126248,0.152025,1.88224,0.142335,0.0398212,0.53433,0.000760428,2.48865,0.173258
210.389333333,0.676165,0.100956,1.0933,0.114203,0.218855,2.00139,0.206422,0.0398512,0.494245,0.00437839,2.47382,0.229814
210.432000000,0.601232,0.0406906,1.02342,0.109533,0.271037,1.88342,0.402166,0.0409082,0.466775,0.0163358,2.41192,0.254768
210.474666667,0.60426,0,0.997286,0.0722544,0.197826,1.77109,0.485215,0.0942808,0.590765,0.0289898,2.41678,0.23393
210.517333333,0.446494,0,1.10747,0.0583641,0.076039,1.73851,0.36359,0.182072,0.650902,0.0421995,2.58734,0.177757
210.560000000,0.512313,0,1.28122,0.157498,0.00500187,1.84389,0.0551156,0.0619082,0.517637,0.063582,3.05612,0.144526
210.602666667,0.417883,0,1.09764,0.0507316,0.000476667,2.01708,0.0546161,0.0574171,0.354565,0.0986524,3.13888,0.0157831
210.645333333,0.266061,0,1.07502,0.167131,0.0188065,1.92616,0.318548,0.0624783,0.211522,0.113019,3.29798,0.00892067
210.688000000,0.293561,0,1.04335,0.133991,0.0318075,1.73889,0.665417,0.0603417,0.149348,0.139117,3.31463,0.020558
210.730666667,0.354766,0.00807253,1.044,0.0285858,0.0262332,1.84615,0.549944,0.060281,0.237942,0.216751,3.27211,0.0305113
210.773333333,0.516589,0,1.00037,0,0.283297,1.80539,0.321487,0.028846,0.376883,0.199286,3.27058,0.283084
210.816000000,0.486335,0.620721,1.25948,0.2345,0.359099,1.88502,0.518955,0.00906556,0.0866485,0.0972876,2.60647,0.376583
210.858666667,0.427923,1.62016,0.791282,0.125101,0.275882,1.51211,1.5396,0,0.014966,0.581952,1.61364,0.441643
210.901333333,0.338274,1.85718,0.268333,0.0369851,0.103881,1.0212,2.10091,0,0.151923,0.757204,1.06115,0.53611
210.944000000,0.196866,1.90871,0.0277873,0.0424267,0.131862,0.614821,2.66637,0,0.148243,0.663436,0.946236,0.629415
210.986666667,0.201055,1.93983,0,0.0246486,0.129718,0.0434585,3.60489,0,0,0.418711,1.13545,0.557776
211.029333333,0.46334,1.8078,0,0.0115817,0.225174,0.0271277,4.02918,0,0,0.294599,1.40745,0.378505
211.072000000,0.375137,2.04608,0,0,0.151146,0.011196,4.15889,0,0.0461913,0.215462,1.61891,0.0197047
211.114666667,0.363755,1.96648,0,0.0126621,0.132589,0.0204836,4.18926,0,0.0400754,0.23283,1.57328,0
211.157333333,0.37757,1.9328,0.00922474,0,0.122044,0.0245287,4.19887,0,0.051351,0.239677,1.55178,0
211.200000000,0.423909,1.88416,0.00661565,0,0.130477,0.0266643,4.24396,0,0.0704097,0.149365,1.57082,0.0145717
211.242666667,0.581243,1.63155,0,0,0.260037,0.00706352,4.08507,0.0406847,0.159382,0.445824,1.45311,0.0100197
211.285333333,0.701865,1.3142,0.253609,0.00401685,0.152104,0.0131218,3.38079,0.0418627,0.271527,0.255574,1.03587,0.155125
211.328000000,0.799136,1.38465,0.430969,0.0202315,0.232355,0.0209796,3.21532,0.0560021,0.292889,0.219259,0.80106,0.147476
211.370666667,0.794516,1.52125,0.302225,0.0906416,0.384395,0.0221609,3.01166,0.16234,0.280117,0.365822,1.01427,0.226807
211.413333333,0.711653,1.86077,0.319203,0.126274,0.560817,0.267417,2.33919,0.164525,0.513921,0.210895,1.22569,0.239496
211.456000000,0.655961,1.49007,0.358627,0.0573436,0.446429,0.0196925,2.8968,0.0681874,0.432379,0.186004,1.37163,0.32936
211.498666667,0.644741,1.32926,0.591999,0.0351573,0.139693,0.0100071,2.89674,0.152718,0.312276,0.174483,1.41536,0.477467
211.541333333,1.14431,1.53765,0.464286,0.0993194,0.00604255,0.36387,3.17484,0.116279,0.202247,0.133338,0.962802,0.0540327
211.584000000,0.533062,2.08688,0.147746,0,0.0583387,2.13323,2.04749,0.0372365,0.129578,0.199373,0.90688,0
211.626666667,0.0936864,2.56733,0.0793973,0,0.0384084,3.11044,0.78437,0.00736153,0.669477,0.281439,0.489245,0
211.669333333,0.0457573,2.89451,0.148785,0,0.00152583,3.49126,0.579769,0,0.985163,0.294019,0.096919,0.0362667
211.712000000,0.0646095,3.13734,0.132828,0,0,3.53067,0.566755,0.0383631,1.19587,0.275446,0.0644003,0.0386989
211.754666667,0.0776461,2.90396,0,0,0.126341,3.63632,0.578662,0.031187,1.41509,0.2278,0.0211476,0.177143
211.797333333,0.31715,3.36377,0,0.0656229,0.115333,2.61962,0.347656,0.0469398,1.52081,0.448846,0.160719,0.185391
211.840000000,0.172689,3.82626,0,0.00779591,0.107251,1.61134,0.222604,0.200079,1.53967,0.764584,0.230046,0.3215
211.882666667,0.0918823,3.79567,0.00488773,0,0.0856903,1.22678,0.226009,0.158467,1.63067,0.925886,0.27171,0.349373
211.925333333,0.0219175,3.78112,0.00671175,0,0.0870622,1.2068,0.229921,0.00574479,1.6501,0.929981,0.270198,0.342533
211.968000000,0.00768771,3.66581,0,0,0.1024,1.53554,0.360668,0,1.69741,0.674076,0.243105,0.31171
212.010666667,0.39592,3.18224,0.0728881,0.00616544,0.114713,1.65907,0.312051,0.428317,2.08333,0.0509503,0.174663,0.342032
212.053333333,0.231625,2.71941,0.267134,0.0301838,0.210521,1.82282,0.654901,0.542634,1.96716,0.0769421,0.168976,0.233804
212.096000000,0.0913844,2.48125,0.42785,0.0368285,0.328098,1.54923,0.622056,0.672172,1.64992,0.144028,0.268394,0.487653
212.138666667,0.094837,2.49669,0.471299,0.0292501,0.491436,1.38181,0.536202,0.680324,1.61045,0.157281,0.348135,0.428882
212.181333333,0.0884696,2.59224,0.404447,0.0282155,0.525915,1.42504,0.552518,0.560937,1.81843,0.236619,0.184045,0.263405
212.224000000,0.191243,2.98196,0.169475,0.00417536,0.290314,1.69484,0.470416,0.455212,2.11459,0.232509,0.0532097,0.181058
212.266666667,0.390768,2.74332,0.183773,0.00592227,0.121989,1.78111,0.415617,0.0848462,2.12233,0.291412,0.0127037,0
212.309333333,0.502794,2.83408,0.203542,0,0.173416,1.44964,0.0976622,0.380631,1.83853,0.259555,0.014865,0.0338883
212.352000000,0.780419,2.85029,0.185444,0.00686071,0.317941,1.10236,0.160594,0.16679,1.6387,0.184553,0.38094,0.134516
212.394666667,0.989483,2.85478,0.196626,0,0.375502,0.828268,0.156278,0.342798,1.15186,0.260395,0.695211,0.160369
212.437333333,0.582524,2.84754,0.343193,0.0339088,0.333693,1.41211,0.0760792,0.120711,1.30005,0.218779,0.44932,0.13023
212.480000000,0.221822,2.77718,0.596657,0.0907829,0.369197,1.29897,0.0244459,0.305655,1.64869,0.219784,0.290304,0.137326
212.522666667,0.0149393,2.8154,0.458115,0.0886443,0.700518,0.996586,0.0522935,0.670598,1.28758,0.382861,0.435368,0.311986
212.565333333,0.0356959,2.97923,0.226469,0.00889749,0.679839,1.32343,0.0577087,0.51026,1.5918,0.20923,0.389809,0.284048
212.608000000,0.346756,3.16782,0.100495,0.00811569,0.456537,1.31798,0.0241216,0.2434,2.00196,0.187918,0.129933,0.23304
212.650666667,0.264222,3.33072,0.116131,0.00215282,0.00828311,1.56846,0.105934,0.0155695,2.10423,0.296558,0.0254928,0.0811595
212.693333333,0.280386,3.21946,0.13276,0,0.000668366,1.51077,0.337517,0,2.11256,0.21518,0,0.117738
212.736000000,0.352776,3.26971,0.00037092,0.0285314,0.161999,1.33194,0.51033,0.107933,2.04317,0.254122,0.000174181,0.279691
212.778666667,0.32309,2.92816,0.00800819,0.244821,0.209383,1.57027,0.687538,0.0473146,1.72156,0.559106,0.268799,0.211695
212.821333333,0.608541,1.94897,0.122877,0.315929,0.190261,1.09864,0.87227,0.238887,0.846874,0.858359,1.15815,0.283377
212.864000000,0.501114,1.07587,0.798989,0.296097,0.18692,1.5133,0.451391,0.102027,0.796151,0.6205,1.85258,0.376858
212.906666667,0.374223,0.366751,1.01568,0.169501,0.149731,1.95004,0.388072,0,0.998797,0.260433,2.47604,0.362806
212.949333333,0.260178,0.258854,0.991771,0.102593,0.0814617,1.96052,0.374862,0,1.0898,0.237572,2.93634,0.333776
212.992000000,0.312741,0.640226,1.0627,0.0123268,0.041658,1.99775,0.188655,0,1.0365,0.11684,3.00605,0.194918
213.034666667,0.361105,0.813345,0.87252,0,0.0277947,2.08632,0.297932,0,0.974232,0.0990074,3.22825,0
213.077333333,0.387666,0.787568,0.849596,0,0.0166467,2.11205,0.30242,0,0.873481,0.116818,3.28442,0
213.120000000,0.382981,0.734437,0.829881,0,0.011997,2.16119,0.308251,0,0.723925,0.121093,3.33025,0
213.162666667,0.386712,0.709352,0.911069,0,0.00822923,2.23498,0.32454,0,0.491031,0.118591,3.33457,0
213.205333333,0.519391,0.471925,0.969875,0,0.0836465,1.97496,0.351243,0.0426296,0.619406,0.108531,3.21574,0
213.248000000,0.343285,0.526437,1.2211,0.0625842,0.151227,1.89769,0.143083,0.0462398,0.687833,0.00353635,2.82889,0.044936
213.290666667,0.417952,0.775416,1.14164,0.0420716,0.171166,1.70221,0.317826,0.0593146,0.582628,0,2.5698,0.252148
213.333333333,0.498589,0.978889,1.03787,0.155684,0.484682,1.35104,0.640509,0.127446,0.587354,0,2.34452,0.205517
213.376000000,0.439526,0.980755,0.987836,0.124643,0.545204,1.2666,0.668039,0.167749,0.506144,0.0197452,2.39104,0.1586
213.418666667,0.371367,0.673959,1.07848,0.0862208,0.277553,1.41792,0.51312,0.175703,0.563809,0.0323922,2.7166,0.135529
213.461333333,0.493242,0.349455,1.22926,0.0475945,0.0376655,1.90516,0,0.15596,0.691471,0.0511832,3.12893,0.0993889
213.504000000,0.709104,0.170237,1.10113,0.0158904,0.0131439,1.99154,0.102988,0.0395762,0.444966,0.0853823,3.07249,0.0316084
213.546666667,0.312836,0.280735,1.0707,0,0,2.29784,0.167032,0.00574071,0.27572,0.166117,3.24002,0.00804456
213.589333333,0.179214,0.267948,1.0476,0,0,2.52555,0.215593,0,0.0766746,0.265359,3.35704,0.0132187
213.632000000,0.224807,0.271977,1.01973,0.00818583,0,2.61925,0.206706,0,0.0703863,0.304187,3.31821,0.0151396
213.674666667,0.277284,0.347338,1.05685,0,0,2.59236,0.159271,0,0.078275,0.32177,3.32112,0.01452
213.717333333,0.47379,0.264711,1.02216,0.0506947,0.227976,2.46673,0.212555,0,0.00557878,0.219676,3.36324,0.229216
213.760000000,0.513441,0.041754,1.1816,0.0586862,0.154862,1.9282,0.357257,0,0.101468,0.288434,2.85392,0.423868
213.802666667,0.315328,0.0641856,1.24712,0.044674,0.14394,1.96041,0.349193,0,0.145843,0.381821,2.58471,0.444902
213.845333333,0.195093,0.0369024,1.29955,0.0366098,0.0788188,2.03657,0.351285,0,0.222204,0.400147,2.60272,0.43929
213.888000000,0.356203,0.00428217,1.29357,0.0402837,0.0913283,2.18144,0.357135,0,0.21664,0.270262,2.53437,0.417987
213.930666667,0.549589,0,1.09761,0.0273674,0.11216,2.16896,0.381389,0,0.234181,0.070424,2.9136,0.385121
213.973333333,0.569417,0.400377,0.975548,0.02275,0.007301,2.17113,0.0883811,0,0.261287,0.0672864,3.22439,0.14139
214.016000000,0.46389,0.436048,0.846359,0,0.0147252,2.04917,0.166867,0.00487657,0.226258,0.103496,3.35466,0.0216783
214.058666667,0.425406,0.351236,0.852579,0,0.000944238,2.11892,0.15382,0.0166586,0.240401,0.118874,3.38791,0.0185144
214.101333333,0.406802,0.295257,0.889444,0,0,2.23659,0.123801,0.0167164,0.265492,0.123471,3.40821,0.0183714
214.144000000,0.419331,0.284089,0.956922,0,0,2.35235,0.101369,0.0017323,0.270528,0.141154,3.40701,0.0154125
214.186666667,0.59783,0.0888071,1.01606,0,0.0152135,2.06559,0.348748,0.0450979,0.257139,0.114531,3.37864,0
214.229333333,0.579184,0.176355,1.3774,0.126951,0.0321557,2.0069,0.438659,0.0445743,0.27859,0.042579,2.82139,0.129444
214.272000000,0.723557,0.12171,1.16726,0,0.0541522,2.14046,0.562697,0.0444102,0.190474,0.0300467,2.85849,0.155528
214.314666667,0.598283,0,1.07908,0.118361,0.589163,2.05332,0.565635,0.0451514,0.354937,0.0350635,2.79971,0.177792
214.357333333,0.552653,0,1.03804,0.0400134,0.437611,2.10921,0.536632,0.0570664,0.380429,0.0299857,2.94838,0.159928
214.400000000,0.552855,0,1.16305,0,0.00929502,2.08801,0.432697,0.0440806,0.30517,0.0246501,3.09168,0.142733
214.442666667,0.525586,0,1.22059,0,0,2.01769,0.21375,0.088935,0.411898,0.0484583,3.17848,0.100671
214.485333333,0.484387,0.0213423,1.14921,0.0192793,0,2.00387,0,0.0273973,0.439358,0.0854788,3.18902,0.0354604
214.528000000,0.347944,0.0823933,1.23691,0,0,2.12519,0.0180058,0.0158279,0.313566,0.162667,3.32938,0.0108323
214.570666667,0.362656,0.0821569,1.25649,0.0304997,0.00660715,2.06108,0.040928,0.0093308,0.211477,0.271545,3.24701,0.00498449
214.613333333,0.41603,0.0279669,1.18458,0.0174573,0,2.16729,0.0734678,0.0033982,0.18965,0.302066,3.16132,0.00671233
214.656000000,0.403037,0,1.12026,0.0460633,0,2.31688,0.0829182,0.0157537,0.169857,0.278864,3.23343,0.0121053
214.698666667,0.397737,0.00954891,1.06316,0.184969,0.111071,2.18568,0.360826,0,0.201881,0.133788,3.1864,0.308738
214.741333333,0.646725,0.361647,1.14478,0.0813228,0.132258,1.90574,0.403192,0,0.161,0.106078,3.1273,0.341716
214.784000000,0.404688,0.683042,1.40085,0.0244519,0.129053,2.41304,0.429889,0,0.401814,0.782165,2.05753,0.36352
214.826666667,0.0716557,0.684532,1.52303,0.0166293,0.127309,2.36442,0.398689,0,0.457408,0.614967,1.93446,0.558876
214.869333333,0.211934,0.498449,1.36462,0.0580222,0.12579,2.13907,0.428926,0,0.394326,0.643924,2.3351,0.356753
214.912000000,0.455982,0.0979787,0.990896,0.0508282,0.138116,2.0037,0.441654,0,0.244894,0.0963082,3.12402,0.326698
214.954666667,0.514611,0.283645,0.98697,0.0427767,0,2.22718,0.0823661,0,0.308648,0.0673066,3.26737,0.0622394
214.997333333,0.485815,0.299766,0.923497,0,0,2.16607,0.0511157,0,0.543843,0.10303,3.31413,0.0132626
215.040000000,0.498114,0.301878,0.919011,0,0,2.06496,0.0222939,0,0.554378,0.116628,3.26197,0.00954913
215.082666667,0.528337,0.302917,0.919642,0,0,2.0267,0.0199666,0,0.576489,0.11837,3.23132,0.00976334
215.125333333,0.555364,0.302222,0.903907,0,0,2.03605,0.0261867,0,0.578402,0.119207,3.24709,0.00991052
215.168000000,0.572889,0.00224662,1.26897,0.0399969,0.228106,2.09783,0.0382055,0.0434824,0.533864,0.0781521,3.35415,0
215.210666667,0.549022,0.184595,1.39852,0.170263,0.110402,1.97335,0,0.0466662,0.573397,0.008008,2.98554,0.129919
215.253333333,0.570898,0.179953,1.25228,0.0881032,0.0457535,1.93157,0.0292457,0.0540398,0.553473,0,2.94242,0.187141
215.296000000,0.49523,0.243645,1.23461,0.14578,0.050581,2.02736,0.115864,0.0908878,0.506338,0.00092805,2.82764,0.213286
215.338666667,0.424421,0.242703,1.21399,0.0855383,0.0225778,2.02316,0.0995883,0.123001,0.517335,0.0132908,2.92651,0.212397
215.381333333,0.420096,0.153662,1.28666,0.0443102,0.0126656,1.96657,0,0.162013,0.548157,0.0297402,3.08934,0.174551
215.424000000,0.646543,0,1.13714,0.0679952,0.00867144,1.9282,0,0.29976,0.585914,0.052998,3.08778,0.101535
215.466666667,0.483262,0,1.06685,0.0118359,0,1.81429,0.61904,0.0496109,0.326747,0.0896672,2.96971,0.0493426
215.509333333,0.381341,0.242779,0.972206,0.00756355,0,2.07292,0.512495,0.000973417,0.202457,0.197978,3.12761,0.0287846
215.552000000,0.235382,0.268534,0.978167,0.0336659,0,2.48243,0.318207,0,0.117808,0.261835,3.1836,0.0213502
215.594666667,0.216208,0.237601,0.99383,0.059288,0,2.85231,0.122592,0,0.109382,0.256221,3.1035,0.0188481
215.637333333,0.311422,0.0939839,0.909247,0,0,2.90384,0.155816,0,0.000114935,0.22424,3.23854,1.64972e-05
215.680000000,0.56408,0.0317435,1.17298,0.0460837,0.2021,2.40445,0.280078,0,0.0558951,0.127241,3.07239,0.231665
215.722666667,0.747889,0.179481,1.30925,0,0.0875,1.98502,0.459696,0,0.093689,0.0912188,2.85813,0.256166
215.765333333,0.778423,0.131624,1.3492,0.0949135,0.11698,1.67965,0.607123,0,0.0811385,0.111867,2.83837,0.331882
215.808000000,0.962657,0.164341,1.30998,0.108769,0.177733,1.35023,0.787276,0,0.0489956,0.259968,2.90785,0.326735
215.850666667,0.880951,0.0815581,1.14685,0.0798118,0.213584,1.64984,0.52766,0,0.139271,0.12552,2.7782,0.283417
215.893333333,0.616562,0,0.929579,0.0378532,0.115946,1.8909,0.421238,0,0.204254,0.150827,2.96678,0.238912
215.936000000,0.435791,0.280075,0.999111,0.0563141,0,2.26632,0.0609642,0,0.245828,0.0692488,3.18888,0.0606678
215.978666667,0.338224,0.289935,0.97972,0,0,2.24995,0.0737449,0,0.353949,0.104414,3.27827,0.0202028
216.021333333,0.350575,0.293195,0.981235,0,0,2.21772,0.0912543,0,0.371907,0.114664,3.28905,0.0144415
216.064000000,0.359892,0.296375,0.986106,0,0,2.22198,0.090241,0,0.374065,0.114385,3.26653,0.0170513
216.106666667,0.34348,0.297511,1.0023,0,0.0517022,2.2022,0.0756216,0,0.244084,0.154367,3.25,0.036562
216.149333333,0.534254,0,1.04972,0.105226,0.132276,1.76654,0.331513,0.0428161,0.34129,0.131005,3.05857,0.163024
216.192000000,0.664274,0.214702,1.39309,0.1533,0.420461,1.6967,0.405245,0.0499709,0.328961,0.100242,2.51367,0.15766
216.234666667,0.79713,0.113039,1.19113,0.0408589,0.959501,1.35775,0.883494,0.122778,0.285361,0.131606,2.33113,0.202666
216.277333333,0.844,0.0800389,1.13009,0.0720652,1.1657,0.922422,1.13562,0.228004,0.291718,0.195012,2.23238,0.218006
216.320000000,0.745749,0.104785,1.1478,0.108809,1.02163,0.860615,1.02291,0.179378,0.308902,0.203505,2.23551,0.19552
216.362666667,0.550899,0,1.30271,0.120479,0.483911,1.38354,0.628976,0.0883242,0.410956,0.0697125,2.50491,0.159525
216.405333333,0.530781,0,1.32016,0.0835139,0.00225356,1.90886,0.023133,0.113811,0.565647,0.0577093,2.98794,0.0903894
216.448000000,0.584513,0.09568,1.05709,0.0933551,0,2.00465,0,0.0353113,0.432364,0.0925926,3.00012,0.017915
216.490666667,0.495453,0.26486,0.965955,0.0828741,0,2.05793,0.0916557,0,0.317854,0.113285,3.13503,0.00893557
216.533333333,0.473243,0.281556,1.00769,0.00972024,0,2.04763,0.169774,0,0.246384,0.114608,3.25261,0.0120158
216.576000000,0.454921,0.287117,0.988155,0,0,1.9656,0.278311,0,0.347156,0.110819,3.26491,0.0182419
216.618666667,0.605429,0.235294,0.987467,0,0.0123806,1.94936,0.271637,0.0338911,0.359008,0.215887,3.12926,0.0869549
216.661333333,0.706449,0.108672,1.07057,0.290812,0.263285,1.98242,0.32248,0.0453542,0.356133,0.239899,2.91551,0.335452
216.704000000,0.81849,0.145562,0.973256,0.0877964,0.111607,1.97274,0.332413,0,0.241934,0.263516,3.19854,0.343853
216.746666667,0.690558,0.00241252,0.991989,0.102543,0.102488,2.01129,0.384596,0,0.200434,0.40542,3.19477,0.376528
216.789333333,0.593859,0,1.07861,0.104878,0.24778,1.92864,0.532314,0,0.22325,0.391037,3.13711,0.393173
216.832000000,0.548548,0,1.04384,0.106168,0.392456,1.78057,0.741776,0,0.289997,0.340103,3.02663,0.38346
216.874666667,0.596336,0,0.909671,0.0915598,0.38571,1.67454,0.63692,0,0.431517,0.140885,3.08033,0.391295
216.917333333,0.472143,0.0210999,1.11279,0.211734,0,1.70791,0.0904277,0,0.319521,0.0777546,2.98906,0.0453087
216.960000000,0.486058,0.0515547,1.09249,0.0842059,0.0188957,1.88417,0.0503544,0.065933,0.166274,0.1078,3.02647,0.033459
217.002666667,0.492265,0.0402097,1.08434,0,0.0247861,1.9871,0.00463494,0.0560173,0.191314,0.114745,3.05775,0.0430629
217.045333333,0.507954,0.0102111,1.06511,0.00626289,0.019888,2.02388,0,0.0194937,0.259947,0.111699,3.02253,0.057907
217.088000000,0.468546,0.00449961,1.17318,0.0179118,0,2.18847,0.147684,0,0.352108,0.188548,3.00355,0.0813486
217.130666667,0.580791,0,1.17535,0.270126,0.0872608,2.08224,0.274511,0.0379504,0.412677,0.133966,2.86289,0.171826
217.173333333,0.462021,0.215173,1.45546,0.153047,0.130679,1.63931,0.845887,0.0460036,0.308358,0.0660934,2.58254,0.152834
217.216000000,0.361113,0.0900781,1.42501,0.074614,0.121676,1.70404,1.15742,0.0511924,0.345212,0.431441,2.19177,0.202223
217.258666667,0.215464,0.20467,1.45955,0.0643861,0.0829317,2.01711,1.17996,0.167753,0.477346,0.63008,1.76684,0.227092
217.301333333,0.16846,0.134791,1.42468,0.0529927,0.125689,1.79646,1.1099,0.20296,0.48552,0.301835,2.24828,0.211732
217.344000000,0.300359,0,1.44971,0.107097,0.0486896,1.737,0.776995,0.271827,0.53544,0.0395493,2.61622,0.167051
217.386666667,0.525805,0,1.00169,0.125627,0.0205136,1.79704,0.537135,0.489547,0.443691,0.0664154,2.766,0.098971
217.429333333,0.602423,0.138967,1.00031,0,0,1.73148,0.520652,0.0348369,0.261501,0.0956222,2.95792,0.0380097
217.472000000,0.443108,0.218113,0.799362,0.0135388,0,2.11244,0.32178,0,0.180647,0.111837,3.23001,0.0216333
217.514666667,0.479424,0.227333,0.723976,0.017611,0,2.47389,0.154447,0,0.256787,0.116678,3.35781,0.0173395
217.557333333,0.501625,0.226087,0.758476,0.00921966,0,2.60013,0.0836874,0,0.288507,0.115872,3.37332,0.0187006
217.600000000,0.637354,0.074573,0.944312,0,0.0185519,2.66281,0.0926465,0,0.103725,0.121627,3.25624,0.0321763
217.642666667,0.816936,0.0891089,1.12454,0.116801,0.244328,1.79316,0.448208,0.00597207,0.187469,0.0643774,2.80237,0.389594
217.685333333,0.829127,0.280657,0.935299,0.00669324,0.154962,1.66034,0.563464,0.00924311,0.131578,0.046551,3.02129,0.379124
217.728000000,0.620004,0.265698,0.891621,0.0981761,0.225753,1.50212,0.902222,0.0135973,0.0847129,0.116106,2.95643,0.401458
217.770666667,0.587752,0.272877,0.838647,0.185959,0.270341,1.55852,0.801408,0.0714967,0.08175,0.14308,2.86716,0.377309
217.813333333,0.6616,0.179227,0.810043,0.174258,0.178518,1.74667,0.518737,0.0921997,0.1495,0.0815063,2.77035,0.336184
217.856000000,0.779518,0,0.894508,0.0209963,0.147201,1.86279,0.490619,0.000385038,0.249207,0.0519281,2.82835,0.267408
217.898666667,0.63002,0.257753,0.96939,0.0172555,0.000471513,2.04306,0.166054,0,0.29696,0.0815331,3.10373,0.0609676
217.941333333,0.484248,0.274842,1.03134,0,0.00130272,1.98538,0.249321,0,0.27753,0.109001,3.13917,0.0481935
217.984000000,0.438081,0.278002,1.03474,0,0,1.92468,0.258486,0,0.278944,0.115348,3.12202,0.0490617
218.026666667,0.461211,0.277001,1.01554,0.0190844,0,1.91147,0.209999,0,0.249541,0.114022,3.08492,0.0517328
218.069333333,0.527322,0.13374,1.00491,0,0,1.90236,0.06072,0.00917574,0.577985,0.212973,3.02717,0.0377462
218.112000000,0.583305,0,1.29663,0.227027,0.0640468,2.06738,0,0.0397944,0.541581,0.0197737,2.67705,0.142056
218.154666667,0.752548,0.205503,1.34993,0.1285,0.267516,1.87877,0.189749,0.0481415,0.429013,0,2.35913,0.11866
218.197333333,0.800555,0.127113,1.15044,0.195802,0.666214,1.66,0.452802,0.0566834,0.414083,0.0274696,2.2132,0.192318
218.240000000,0.770896,0.121632,1.05484,0.271937,0.797072,1.36477,0.66634,0.0751748,0.4876,0.0360902,2.22672,0.212341
218.282666667,0.739711,0.108906,1.05983,0.362177,0.640473,1.57808,0.588849,0.11151,0.484335,0.0403144,2.17026,0.179033
218.325333333,0.65174,0,1.12287,0.398169,0.143538,1.76165,0.274326,0.180179,0.571396,0.0459559,2.30871,0.139008
218.368000000,0.721299,0,1.12624,0.223505,0.0103593,1.92175,0,0.0357054,0.460555,0.0650328,2.76857,0.0697264
218.410666667,0.601302,0.148291,0.958509,0,0,1.99357,0.113442,0.0239465,0.386583,0.100741,3.17732,0.016644
218.453333333,0.533559,0.208003,0.789318,0,0.000307379,1.78337,0.360916,0.0503302,0.450923,0.113192,3.36348,0.0130505
218.496000000,0.498016,0.217541,0.722034,0,0,1.56167,0.573021,0.103362,0.460642,0.112543,3.35463,0.0213736
218.538666667,0.528187,0.216059,0.733597,0,0,1.73092,0.394383,0.0950768,0.468524,0.103238,3.32144,0.0285317
218.581333333,0.741128,0,0.90868,0.0591524,0.0866275,1.91755,0.26728,0,0.353367,0.239912,2.95263,0.199243
218.624000000,0.826409,0.206265,1.1241,0.244965,0.100274,1.83169,0.445897,0.03543,0.348179,0.0757438,2.65049,0.257937
218.666666667,0.951223,0.498122,1.2664,0.189351,0.0958519,1.65559,0.627363,0.00105017,0.233417,0.140532,2.51213,0.337493
218.709333333,0.784688,0.565377,1.49532,0.219173,0.105605,1.04328,1.1704,0.00446226,0.206717,0.55868,2.33903,0.394617
218.752000000,0.680122,0.463809,1.43095,0.268314,0.0655976,1.0485,1.3763,0.0713013,0.235279,0.641831,2.3239,0.381008
218.794666667,0.720463,0.205138,1.04379,0.222408,0.0679226,1.63671,1.00997,0.0993968,0.310802,0.172695,2.45694,0.353463
218.837333333,0.662022,0,0.902129,0.0912128,0.0654227,1.66123,0.775658,0.0908745,0.508341,0.0485248,2.76381,0.244491
218.880000000,0.54997,0.242805,0.827776,0,0,1.8378,0.148546,0.0416483,0.404204,0.0848601,3.05178,0.0337885
218.922666667,0.446144,0.248208,0.779718,0,0,1.78281,0.221551,0,0.376985,0.109869,3.17973,0.0157725
218.965333333,0.422231,0.245028,0.775279,0,0,1.64116,0.282202,0,0.35501,0.113218,3.1919,0.0142759
219.008000000,0.445005,0.23516,0.784226,0,0.00635692,1.71325,0.338555,0,0.328687,0.111018,3.10783,0.0211877
219.050666667,0.531019,0.0185808,1.08087,0,0.0832267,1.85684,0.23841,0.0369582,0.445796,0.223481,3.00398,0.0592471
219.093333333,0.494898,0.0446874,1.3981,0.0546935,0.322434,1.63877,0.427952,0.0872737,0.486237,0.047408,2.73565,0.164888
219.136000000,0.48802,0.189432,1.43972,0.158289,0.356911,1.4529,0.927494,0.0575438,0.332896,0.0144521,2.42091,0.178759
219.178666667,0.565149,0.0128433,1.34251,0.117152,0.502613,1.47436,1.04531,0.0523705,0.412264,0.0250176,2.35638,0.213674
219.221333333,0.594039,0,1.28797,0.113173,0.566885,1.41184,0.977111,0.052483,0.458951,0.0232224,2.35782,0.212911
219.264000000,0.546962,0,1.28215,0.0953073,0.474179,1.47059,0.849518,0.113059,0.493537,0.0314211,2.37707,0.200206
219.306666667,0.616955,0,1.21982,0.157076,0.140615,1.57092,0.439506,0.271172,0.597945,0.0448686,2.53983,0.15426
219.349333333,0.924669,0,0.921723,0.0559899,0,1.96198,0.488224,0.163129,0.411516,0.0703117,2.76704,0.0914198
219.392000000,0.582412,0.00530231,0.983512,0,0,2.01294,0.589319,0.236286,0.436953,0.103746,2.86707,0.0324229
219.434666667,0.507963,0.013223,0.875525,0.00482871,0,2.09893,0.379834,0.345936,0.406652,0.116903,2.82492,0.0194805
219.477333333,0.337043,0,0.839724,0.0185384,0,2.4285,0.119649,0.302503,0.401021,0.119747,3.01408,0.014596
219.520000000,0.40005,0,0.824621,0.026194,0,2.6895,0.0742311,0.120132,0.347223,0.108975,3.118,0.0144969
219.562666667,0.375411,0.0073533,0.858694,0.0272714,0,2.73554,0.303817,0.040233,0.0973713,0.173073,3.02869,0.000421448
219.605333333,0.769789,0.218309,0.926918,0.239066,0.147173,2.13244,0.434926,0,0.0985657,0.203054,2.22425,0.0779682
219.648000000,0.73245,0.49066,1.29023,0.00851584,0.142982,2.2147,0.558607,0.0228247,0.0286657,0.730234,1.85421,0.161438
219.690666667,0.749182,0.485698,1.45522,0.105723,0.139468,2.07315,0.689508,0.0237859,0.141955,0.803496,1.70556,0.264772
219.733333333,0.746486,0.567896,1.4224,0,0.136961,2.1305,0.630602,0.0413338,0.18195,0.804014,1.72091,0.179072
219.776000000,0.635859,0.353642,1.20036,0.00764851,0.135413,2.01046,0.616392,0.0219146,0.110706,0.381163,2.19452,0.126241
219.818666667,0.719761,0.000142322,1.11641,0.0806638,0.0847642,1.92424,0.211216,0.431239,0.316733,0.0738456,2.47268,0.22762
219.861333333,0.743505,0.0980983,1.10372,0.184304,0.247491,1.74195,0.264136,0.693141,0.317965,0.112669,2.23639,0.162985
219.904000000,0.742501,0.0881409,1.34116,0.272577,0.429888,1.37682,0.458339,1.0046,0.218629,0.319463,1.84688,0.205755
219.946666667,0.661656,0.119062,1.32536,0.214394,0.428241,1.30426,0.486208,0.923635,0.253896,0.48481,1.92133,0.228057
219.989333333,0.580006,0.170789,1.26797,0.0585889,0.49414,1.58349,0.433613,0.792445,0.284224,0.576136,2.1582,0.275201
220.032000000,0.678589,0.131606,1.31691,0.00585337,0.623084,1.66394,0.242403,0.414874,0.421775,0.0980339,2.50429,0.248954
220.074666667,0.549135,0.00231025,1.15509,0.00971545,0.293518,1.82827,0.236548,0.156531,0.578471,0.192328,2.54641,0.0174132
220.117333333,0.540013,0.108205,1.10734,0.021691,0.0866529,1.83971,0.0244819,0.282091,0.427116,0.159949,2.52479,0.185441
220.160000000,0.624898,0.184571,1.10245,0.0313372,0.263274,1.97498,0.1209,0.303847,0.378634,0.0326704,2.37649,0.308328
220.202666667,0.583045,0.108205,1.0306,0.0463831,0.15186,1.82169,0.380434,0.571889,0.363291,0.0439374,2.31265,0.325782
220.245333333,0.433679,0,1.36365,0.0798045,0.120553,1.90278,0.403683,0.56166,0.460927,0.0196739,2.14099,0.253514
220.288000000,0.560688,0.158681,1.81161,0.220609,0.357148,1.8073,0.261613,0.470753,0.456856,0.0927814,2.01974,0.0266541
220.330666667,0.66025,0.124875,1.53161,0.224595,0.861447,1.77744,0.371668,0.555239,0.189516,0.206489,1.98521,0.0808919
220.373333333,0.709492,0.149523,1.33304,0.185821,0.920612,1.82767,0.271095,0.703283,0.193327,0.0785004,2.10144,0.0427391
220.416000000,0.639158,0.0472833,1.09215,0.215769,0.631689,1.75884,0.149243,0.499603,0.271715,0.115229,2.50811,0.0251919
220.458666667,0.57076,0.152293,0.732,0.508958,0.481461,1.62728,0.156617,0.217638,0.336394,0.148775,2.79416,0
220.501333333,0.559065,0.124608,0.751093,0.626187,0.00197159,1.63353,0.162634,0.165463,0.482766,0.0684063,2.74135,0
220.544000000,0.658116,0.00267086,0.884203,0.252687,0.339604,1.89511,0.305519,0.0512514,0.403634,0.110601,2.67761,0.000889402
220.586666667,0.623205,0.900265,0.673035,0.174717,0.327716,1.90101,0.823108,0.0736058,0.214889,0.513111,1.96681,0.0159654
220.629333333,0.899135,1.718,0,0.117423,0.126905,1.18084,1.59284,0.093646,0.122563,0.966703,1.46615,0.1741
220.672000000,0.919869,1.87324,0,0.0561637,0.0600868,0.685592,1.85764,0.0399838,0.283023,1.01223,1.13955,0.314672
220.714666667,0.952274,1.71494,0,0.0367855,0.0631104,0.25489,2.38654,0.0328565,0.115352,0.915519,1.17216,0.369426
220.757333333,0.865705,1.49229,0,0.00327215,0.0894991,0.0622154,3.22805,0.0311352,0.124309,0.600982,1.27753,0.301958
220.800000000,0.891378,1.36236,0,0,0.198783,0.0452075,3.93899,0,0.259681,0.118067,1.21992,0.0893167
220.842666667,0.84919,1.4487,0.0154245,0,0.156335,0.0279848,4.08446,0.0363743,0.205944,0.111407,1.34911,0.00634543
220.885333333,0.859027,1.41688,0.00833071,0.000663736,0.140946,0.0244515,4.09612,0,0.165555,0.136188,1.46075,0.00101055
220.928000000,0.861866,1.40136,0.00620575,0,0.118776,0.0193166,4.09742,0,0.157445,0.144497,1.45897,0.000474772
220.970666667,0.883535,1.39169,0.000742156,0.00607673,0.0984359,0.0106274,4.10134,0,0.108509,0.151655,1.35554,0.0385441
221.013333333,0.917776,1.3829,0.0734747,0,0.0961206,0.0298784,3.75121,0.0572785,0.190068,0.23802,1.25373,0.0461877
221.056000000,0.834602,1.25844,0.34423,0,0.0978468,0.0252837,3.52039,0.04032,0.290592,0.180526,1.14364,0.111908
221.098666667,0.498562,1.36118,0.524053,0.160043,0.192391,0.0239555,3.27321,0.10997,0.272806,0.162763,1.31195,0.175179
221.141333333,0.363586,1.52733,0.476134,0.391539,0.42122,0.0208629,2.82649,0.3118,0.272693,0.331504,1.32364,0.2285
221.184000000,0.371046,1.58251,0.482598,0.444624,0.451859,0.020339,2.63807,0.420994,0.281546,0.302363,1.42522,0.26062
221.226666667,0.665189,1.40096,0.453921,0.309209,0.221464,0.0259438,2.92497,0.0654954,0.300203,0.155543,1.41358,0.363069
221.269333333,0.987548,1.32999,0.269466,0.13289,0.0599605,0.0301875,3.11371,0.0389756,0.321736,0.114379,0.933361,0.371968
221.312000000,1.02746,1.34269,0.339815,0,0.000943469,0.882954,3.12392,0.0262861,0.324429,0.159222,0.703027,0.0280433
221.354666667,0.539842,2.07742,0.0950149,0,0.0154524,2.30595,1.65878,0.0431663,0.588815,0.163212,0.460862,0
221.397333333,0.406558,2.30922,0.200066,0,0.0149646,2.73487,0.894541,0.0253239,1.13243,0.141231,0.169326,0
221.440000000,0.352533,2.51784,0.217241,0,0.00791375,2.86725,0.779855,0.0255633,1.45163,0.114795,0.150859,0
221.482666667,0.261783,2.83123,0.091854,0,0.000229437,3.27905,0.633,0.042294,1.62162,0,0.0613019,0.000154086
221.525333333,0.468671,2.65333,0.127417,0.00985154,0.135576,2.93557,0.886292,0.0454831,1.40872,0.22617,0.0228706,5.49988e-05
221.568000000,0.562826,2.94321,0.0546258,0.0274501,0.13756,2.31394,0.454964,0.20732,1.52804,0.481361,0.0762526,0.0819619
221.610666667,0.446722,3.05461,0,0.0198682,0.182876,1.44338,0.387123,0.199122,1.63814,0.828555,0.132121,0.158467
221.653333333,0.432316,3.02198,0,0.0150564,0.163061,1.18762,0.585305,0.0508458,1.69118,0.90078,0.156733,0.173459
221.696000000,0.458065,3.03297,0,0.0143098,0.164911,1.27034,0.426451,0.0452455,1.73083,0.794827,0.171193,0.158401
221.738666667,0.471751,2.98796,0,0.00184558,0.179999,1.50096,0.381845,0.0432049,1.92595,0.416581,0.172269,0.12515
221.781333333,0.448864,2.82748,0.185286,0,0.0058047,1.54611,0.700801,0.282313,2.51734,0.0633537,0.205851,0.0446616
221.824000000,0.355143,2.74734,0.173248,0,0,1.88414,0.840392,0.596361,2.18093,0.104321,0.345532,0.0107985
221.866666667,0.330256,2.70921,0.16541,0,0,2.05647,0.82857,0.671174,2.05361,0.11354,0.306641,0.0155396
221.909333333,0.293042,2.69707,0.174259,0,0.00196798,2.09412,0.805542,0.690439,2.09046,0.114373,0.26785,0.0180308
221.952000000,0.249658,2.67253,0.217441,0,0.00194124,2.06415,0.776837,0.601338,2.22879,0.110777,0.195053,0.0200698
221.994666667,0.354344,2.73781,0.310148,0,0.101441,2.20146,0.767494,0.0530913,2.47472,0.143608,0.0323943,2.97036e-07
222.037333333,0.484116,3.03592,0.35578,0,0.105758,1.79313,0.3235,0.378368,1.95938,0.1179,0.108489,0.157978
222.080000000,0.702262,2.82804,0.227881,0,0.140981,1.39224,0.541574,0.168084,1.79332,0.107774,0.237606,0.155759
222.122666667,0.826012,2.84493,0.134883,0.0293491,0.113424,0.931365,0.631025,0.160338,1.60649,0.105383,0.716201,0.172285
222.165333333,0.714991,2.79297,0.185785,0.03188,0.0952256,1.21182,0.627364,0.153715,1.75761,0.0758297,0.679847,0.173147
222.208000000,0.427912,2.83989,0.295442,0,0.0898387,1.75115,0.510128,0.149731,2.03008,0.0344867,0.219541,0.143767
222.250666667,0.425054,3.05833,0.294622,0,0.0281602,1.85753,0.130229,0.218307,2.37704,0.0513608,0.178402,0.0921391
222.293333333,0.353871,2.76071,0.157613,0,0.0311654,1.88779,0.731134,0.167786,2.50709,0.0950813,0.225398,0
222.336000000,0.299703,2.72878,0.204531,0,0.038947,1.6478,0.785606,0.249173,2.53394,0.112081,0.174207,0
222.378666667,0.412788,2.73165,0.282662,0,0.033055,1.39087,0.781724,0.274364,2.52935,0.114343,0.150427,0
222.421333333,0.487565,2.73524,0.151388,0,0.023439,1.39816,0.773231,0.322365,2.51492,0.11492,0.151534,0
222.464000000,0.565608,2.75904,0.134954,0,0.00618051,1.32882,0.732984,0.336829,2.49396,0.121468,0.149206,0
222.506666667,0.516017,3.01445,0.0409634,0.151515,0.258697,1.59382,0.304573,0.220596,1.95667,0.33524,0.139067,0.120215
222.549333333,0.638661,2.57954,0.0993863,0.179786,0.250714,1.66332,0.608192,0.0458119,1.34961,0.576464,0.507756,0.109508
222.592000000,0.70886,1.81429,0.145496,0.256114,0.423792,1.29696,0.518891,0.0460181,0.825442,0.746957,1.43222,0.172516
222.634666667,0.45301,0.932778,0.658742,0.203808,0.317862,1.75236,0.35552,0.0499735,0.701307,0.447864,2.13039,0.164503
222.677333333,0.372603,0.389534,0.869813,0.113186,0.155918,2.07844,0.30419,0.0508612,0.893224,0.124848,2.6273,0.139199
222.720000000,0.482639,0.524377,0.942301,0.0571485,0.121991,2.05732,0.279088,0.0489108,0.856955,0.129564,2.84786,0.103126
222.762666667,0.518457,0.626556,0.902683,0.0235716,0.00322563,1.97956,0.200394,0.264031,1.23912,0.0763345,3.0444,0.0477961
222.805333333,0.582153,0.475728,0.87217,0,0,1.82275,0.444801,0.21636,1.11872,0.111568,3.06217,0
222.848000000,0.587751,0.443829,0.888555,0,0,1.84073,0.430523,0.2346,1.03195,0.122574,3.15646,0
222.890666667,0.588219,0.409801,0.949048,0.0454617,0,1.91921,0.42111,0.230723,0.842742,0.119798,3.07783,1.40758e-05
222.933333333,0.508767,0.371632,0.990584,0,0,1.98395,0.416488,0.159859,0.773016,0.107972,3.02666,8.2867e-05
222.976000000,0.664022,0.582036,0.904402,0.00250477,0.107415,1.9349,0.163263,0.0440352,0.654408,0.0940121,3.01812,0
223.018666667,0.500888,0.657583,1.12092,0.146964,0.164154,1.79162,0.0480925,0.0622232,0.722694,0.04433,2.63504,0.0584182
223.061333333,0.584192,0.888925,0.977929,0.0498133,0.418697,1.4576,0.331314,0.116298,0.597229,0.051177,2.61886,0.15838
223.104000000,0.559453,1.07575,0.925563,0.0357621,0.640177,1.29102,0.449531,0.163128,0.655985,0.0575406,2.59254,0.169892
223.146666667,0.518703,0.894058,0.982511,0.0214079,0.605245,1.26976,0.439718,0.256805,0.685535,0.0476423,2.6943,0.153455
223.189333333,0.538439,0.471431,1.16619,0,0.212361,1.62989,0.187227,0.290676,0.6689,0.0374274,2.98663,0.12608
223.232000000,0.66208,0.228953,1.14624,0.0174497,0.0041015,1.92703,0,0.212984,0.677092,0.0583399,2.99292,0.0848354
223.274666667,0.600535,0.0831596,1.04967,0.0597657,0,2.03539,0.268285,0.213302,0.392416,0.0920767,2.9921,0.0188689
223.317333333,0.541476,0.0483909,0.967763,0.11146,0,1.97912,0.32103,0.28226,0.354121,0.113653,2.8809,0.015342
223.360000000,0.440803,0.0648843,0.894665,0.1335,0,1.89723,0.360989,0.318483,0.353609,0.119137,2.88232,0.0104574
223.402666667,0.458343,0.0943382,0.867731,0.111568,0,1.85477,0.347057,0.340417,0.361215,0.123623,2.98065,0.00466299
223.445333333,0.539928,0.280618,0.837278,0.039746,0.00394204,1.91944,0.265915,0.286857,0.362653,0,3.24424,1.03578e-05
223.488000000,0.614548,0.112521,0.830125,0.0986811,0.163883,1.8668,0.583072,0.0502641,0.280079,0.00125788,2.77738,0.0691232
223.530666667,0.694625,0.165813,0.92481,0,0.136572,1.82553,0.396182,0.0513293,0.324684,0.00460276,2.73227,0.164377
223.573333333,0.672518,0,0.929553,0.00501692,0.141735,1.99201,0.427903,0.0512271,0.403565,0.00194498,2.54211,0.182532
223.616000000,0.620267,0,0.917934,0.0203555,0.143481,2.08474,0.448519,0.0508603,0.428079,0.01615,2.51102,0.172934
223.658666667,0.583069,0,0.85296,0.0239927,0.142752,2.11969,0.430425,0.0509301,0.418399,0.026678,2.6609,0.1475
223.701333333,0.554412,0,0.83017,0.0264376,0.118238,2.06689,0.380173,0.14814,0.460075,0.0443451,2.92357,0.111972
223.744000000,0.622693,0.224172,0.96578,0.0215517,0.00200725,1.88053,0.204777,0.325715,0.589801,0.0771135,2.9896,0.054661
223.786666667,0.640013,0.17291,0.929885,0,0.00302926,1.84245,0.173294,0.303601,0.581111,0.110576,3.04421,0.0134759
223.829333333,0.618014,0.143348,0.914335,0,0.00768558,1.90089,0.11766,0.300606,0.577915,0.119846,3.11925,0.00958352
223.872000000,0.596544,0.0961952,0.909024,0,0.0965157,1.95674,0.111665,0.284427,0.586578,0.117745,3.13695,0.00439149
223.914666667,0.568983,0.077116,0.93136,0,0.00461012,2.01514,0.114454,0.224443,0.701345,0.136349,3.16832,0.000939675
223.957333333,0.638169,0,1.2459,0.121442,0.269677,2.07786,0.228208,0.0448285,0.419136,0.173842,2.91447,0
224.000000000,0.714697,0.212702,1.32073,0.054047,0.0804295,2.03464,0.216151,0.043945,0.379938,0.127769,2.58001,0.150089
224.042666667,0.723439,0.0658678,1.12731,0,0.152671,2.19286,0.274398,0.0446064,0.376533,0.118798,2.55826,0.165552
224.085333333,0.582114,0,1.04397,0.144703,0.388701,2.08184,0.27318,0.0455659,0.459984,0.104144,2.49127,0.197804
224.128000000,0.554372,0.0432522,1.05353,0.0600209,0.109331,2.21824,0.22883,0.0803993,0.486539,0.0946929,2.59556,0.160391
224.170666667,0.551785,0.0306455,1.18114,0.0555668,0.0500822,2.13555,0.0970909,0.140084,0.420872,0.0520959,2.68912,0.132438
224.213333333,0.690845,0,1.05572,0.0817581,0.0121978,2.04117,0.0362456,0.0515494,0.527018,0.061352,2.77768,0.0841415
224.256000000,0.624812,0.0350827,1.19188,0,0.0258509,2.00736,0.17581,0.17991,0.416485,0.149148,2.89575,0.0157991
224.298666667,0.612857,0.0277421,1.24255,0,0.0209005,1.90625,0.133636,0.235566,0.42824,0.160336,2.93605,0.0636077
224.341333333,0.612541,0,1.26874,0,0.0103819,1.9293,0.0957963,0.265408,0.453544,0.153366,2.98358,0.0994038
224.384000000,0.597995,0,1.2144,0.0215634,0,2.00715,0.0636809,0.259045,0.485835,0.152246,3.03477,0.0295842
224.426666667,0.57551,0,1.05725,0.0155522,0,2.03207,0.147948,0.0869765,0.570626,0.028702,3.16815,0.000504104
224.469333333,0.679587,0.153945,1.14638,0.0046415,0.296827,1.95413,0.367676,0.0344738,0.411955,0.146698,3.03773,0.160103
224.512000000,0.777409,0.621157,1.09879,0.0114642,0.139403,1.98162,0.431211,0.0386497,0.233149,0.15215,2.79716,0.13812
224.554666667,0.563186,0.81498,1.21866,0.0039507,0.10542,2.48192,0.471797,0.0412528,0.321788,0.618167,2.03057,0.163675
224.597333333,0.435308,0.831165,1.21456,0,0.102754,2.50067,0.462515,0.0413823,0.348229,0.683412,1.94394,0.163788
224.640000000,0.520308,0.436829,1.07099,0.0770866,0.0989951,2.06752,0.414155,0.0392008,0.268563,0.140374,2.66077,0.142914
224.682666667,0.622647,0.0227501,1.02089,0.0222246,0.0760253,2.04663,0.383769,0.036033,0.487113,0.118128,2.90453,0.0997708
224.725333333,0.65614,0.0926435,1.01192,0,0,2.07278,0.193912,0.452989,0.51653,0.0798297,2.98106,0.0375166
224.768000000,0.611894,0.102008,0.977209,0.000604895,0,2.14684,0.115319,0.454466,0.45362,0.108407,2.91428,0.0135876
224.810666667,0.570967,0.0930693,0.941002,0.00952961,0,2.20271,0.0725704,0.438968,0.44314,0.116178,2.80596,0.00959639
224.853333333,0.542502,0.0728507,0.903778,0.0159682,0,2.20672,0.069859,0.424159,0.45272,0.116729,2.79923,0.0123316
224.896000000,0.553295,0.027191,0.842052,0.0191929,0,2.16308,0.0891117,0.350844,0.529069,0.115608,2.83653,0.0354984
224.938666667,0.69451,0.0348795,0.975649,0.296253,0.221535,2.03657,0.160121,0.233655,0.546231,0.0674139,2.72274,0.119465
224.981333333,0.490055,0.218764,1.24408,0.192279,0.0527421,1.70328,0.179361,0.342088,0.515119,0.0157427,2.57905,0.297565
225.024000000,0.351351,0.118608,1.06815,0.170721,0.147261,1.57262,0.389088,0.380553,0.459743,0,2.49624,0.373458
225.066666667,0.23559,0.148963,0.993499,0.164024,0.209974,1.64559,0.418733,0.432836,0.411532,0.00772017,2.48641,0.356858
225.109333333,0.272555,0.118062,0.938993,0.0976804,0.166936,1.73818,0.338509,0.5628,0.447003,0.0217309,2.60397,0.274492
225.152000000,0.637521,0.0236988,0.984497,0.0791048,0.0067709,1.96214,0.0599448,0.511028,0.517964,0.0374573,2.68594,0.118554
225.194666667,0.730888,0,0.970638,0.0528695,0,1.97653,0.181923,0.126981,0.573781,0.0631046,2.64593,0.0783748
225.237333333,0.580384,0.013311,0.913138,0,0.0409172,1.57652,0.958321,0.213422,0.470668,0.0990429,2.74723,0.0409604
225.280000000,0.662373,0.0130613,0.934737,0,0.089871,1.58726,0.740871,0.246531,0.484497,0.109535,2.7166,0.0227764
225.322666667,0.606393,0.0123137,0.892308,0,0.140819,1.85279,0.530679,0.278684,0.493552,0.104833,2.73607,0.0123868
225.365333333,0.564323,0.00907681,0.824561,0.000970674,0.0849759,2.02153,0.350208,0.31274,0.533172,0.0938792,2.77173,0.0538284
225.408000000,0.587818,0,0.792305,0.0140703,0.0184384,2.03625,0.449801,0.157062,0.497288,0.0008957,2.92952,0.000320229
225.450666667,0.579341,0.239836,0.950304,0.131503,0.265703,1.97655,0.316676,0.0467313,0.369367,0.0630492,2.70507,0.152802
225.493333333,0.642584,0.197714,0.986124,0.00788861,0.188473,1.9113,0.346136,0.0503664,0.354253,0.021176,2.41344,0.175316
225.536000000,0.790395,0.361003,1.01763,0.102403,0.124084,1.42966,0.817526,0.0493877,0.348954,0.375537,2.17746,0.210182
225.578666667,0.923501,0.338387,0.952308,0.10195,0.123349,1.01211,0.966231,0.176756,0.360416,0.369298,2.24507,0.186595
225.621333333,0.741044,0.220428,0.956139,0.0661561,0.118752,1.44803,0.406296,0.0467417,0.4692,0.0372622,2.50684,0.144451
225.664000000,0.586515,0,0.835851,0.0510143,0.089264,1.87073,0.294942,0.0415415,0.581737,0.0491705,2.75357,0.0992867
225.706666667,0.617168,0.0159589,1.004,0,0.0187589,1.85191,0.279848,0.205691,0.55246,0.0819451,3.10232,0.0359377
225.749333333,0.632755,0.0132809,1.04325,0,0.000935349,1.796,0.266657,0.296197,0.547513,0.106651,3.09139,0.0176903
225.792000000,0.617402,0.00784265,1.0836,0.0661655,0,1.84197,0.219188,0.356235,0.599328,0.111702,2.92826,0.0146306
225.834666667,0.596223,0.000228963,1.00865,0.0928841,0,1.86762,0.179968,0.409695,0.627791,0.108847,2.88293,0.0177215
225.877333333,0.571595,0,0.92945,0.107862,0,1.83935,0.195203,0.354763,0.693899,0.0881959,2.82487,0.039216
225.920000000,0.572166,0.0891453,1.14575,0.336955,0.161017,1.98186,0.0284512,0.0479701,0.412549,0.0766771,2.41828,0.126409
225.962666667,0.708594,0.202784,1.29858,0.067451,0.29841,1.82552,0.0892768,0.144088,0.271566,0.0924056,2.43712,0.148088
226.005333333,0.704443,0.0178176,1.18677,0.0858829,0.667699,1.68554,0.29205,0.226258,0.269603,0.0944187,2.34535,0.197221
226.048000000,0.678664,0,1.06154,0.0955898,0.748587,1.47734,0.533103,0.40131,0.272046,0.140399,2.29661,0.202571
226.090666667,0.700705,0,1.00179,0.12339,0.557398,1.42722,0.561288,0.454741,0.282449,0.130617,2.31178,0.17097
226.133333333,0.608152,0,1.19756,0.120162,0.00633299,1.60564,0.213488,0.400534,0.361766,0.0416057,2.49594,0.130788
226.176000000,0.662154,0,1.1128,0.0660302,0.00395215,1.93522,0.255253,0.128701,0.488488,0.0660543,2.69709,0.0588839
226.218666667,0.582686,0,1.15978,0.00753029,0.0314834,1.9174,0.475121,0.26678,0.427671,0.10154,2.80483,0.0153181
226.261333333,0.419111,0,1.26472,0,0.0171108,1.82763,0.541501,0.321642,0.434202,0.114153,2.89713,0.0506647
226.304000000,0.58223,0,1.21484,0,0.0105225,1.7793,0.541304,0.359007,0.469724,0.112896,2.9194,0.0155899
226.346666667,0.672441,0,1.04986,0,0,1.85875,0.346012,0.398348,0.533525,0.0992533,2.88373,0.041597
226.389333333,0.823475,0,1.0021,0.0165239,0.198297,1.98066,0.243257,0.164967,0.50104,0.07082,2.89916,0.14187
226.432000000,0.733093,0.186936,1.18497,0.250276,0.0730481,2.10249,0.223234,0.0568775,0.350675,0.224017,2.51893,0.122145
226.474666667,0.731231,0.0981824,1.11417,0.128348,0.036582,2.17239,0.221515,0.0455215,0.304182,0.236699,2.68485,0.151393
226.517333333,0.518503,0.153337,1.11849,0.1326,0.109854,2.15647,0.209426,0.0484396,0.334556,0.235764,2.73753,0.171565
226.560000000,0.410148,0.163873,1.09505,0.133111,0.30024,2.09718,0.205157,0.0485012,0.354382,0.238729,2.74758,0.184857
226.602666667,0.459863,0,1.05429,0.109105,0.467917,1.9323,0.41034,0.0460503,0.45045,0.238618,2.67572,0.163635
226.645333333,0.525243,0,1.09437,0.0581866,0.401085,1.81448,0.472983,0.162104,0.589703,0.0853755,2.69137,0.113631
226.688000000,0.636617,0,0.858354,0,0.0147809,1.84635,0.102189,0.438224,0.497538,0.0902469,2.79491,0.0330531
226.730666667,0.647376,0,0.839127,0,0.0100746,1.88364,0.116848,0.443746,0.477716,0.115041,2.69901,0.0106573
226.773333333,0.661814,0,0.8598,0,0,1.88466,0.0899566,0.446689,0.503584,0.119343,2.65427,0.00921325
226.816000000,0.668472,0,0.888946,0.0473071,0.0153238,1.93695,0.0348743,0.438564,0.538093,0.115732,2.68664,0.0120472
226.858666667,0.655598,0,0.898551,0,0.145932,1.9889,0.175503,0.370591,0.681387,0.084431,2.74658,0.0411579
226.901333333,0.625831,0.116733,1.18747,0.189727,0.177483,2.01891,0.346689,0.153353,0.386864,0.0335448,2.50072,0.122197
226.944000000,0.562749,0.191321,1.16089,0.166618,0.0505437,1.83039,0.442231,0.245617,0.255829,0,2.36561,0.215955
226.986666667,0.329852,0.205512,0.980471,0.156767,0.0884535,1.94232,0.530573,0.506638,0.921101,0.521369,1.92847,0.318695
227.029333333,0.452836,0.339892,0.912692,0.083946,0.171184,2.00507,0.447697,0.561912,0.943183,0.64689,1.66341,0.290476
227.072000000,0.384223,0.110572,0.910204,0.118873,0.293192,1.78991,0.395644,0.47793,0.690367,0.0396213,2.29797,0.18446
227.114666667,0.487009,0,0.969607,0.149706,0.0777389,1.80648,0.185797,0.49548,0.513044,0.0505924,2.44992,0.13062
227.157333333,0.651625,0,1.05305,0.0562532,0.0177529,1.88588,0.411147,0.299581,0.556793,0.0776831,2.62876,0.0776528
227.200000000,0.669164,0,0.990875,0.0209318,0.0397202,1.69781,0.351323,0.303581,0.502114,0.105341,2.48168,0.0294169
227.242666667,0.583481,0,0.909797,0.0308662,0.0244295,1.88721,0.194956,0.332425,0.503329,0.113978,2.41626,0.0360101
227.285333333,0.487755,0,0.923342,0.0293657,0.0191568,1.95698,0.0581617,0.359453,0.530074,0.110144,2.42252,0.0351363
227.328000000,0.542729,0,1.07529,0.00963804,0,1.92831,0.0157383,0.397085,0.566761,0.0778591,2.56087,0.0230653
227.370666667,0.703948,0,0.864136,0.250381,0.23857,1.91568,0.177748,0.242818,0.554532,0,2.56709,0
227.413333333,0.845987,0.12925,1.11457,0.023389,0.0852494,1.71123,0.291554,0.183316,0.602462,0,2.70835,0.0588402
227.456000000,0.852973,0.11123,0.895851,0.0268722,0.0859612,1.49467,0.295825,0.220087,0.612494,0,2.71793,0.178085
227.498666667,0.926079,0.117179,0.942955,0.0906976,0.0772961,1.30585,0.31581,0.211886,0.58039,0.00907115,2.62055,0.204258
227.541333333,0.825973,0.147572,0.929423,0.0649186,0.0734514,1.5046,0.130522,0.249215,0.559591,0.0211317,2.68592,0.17063
227.584000000,0.673737,0.0344993,0.918332,0.0446613,0.0630129,1.67404,0.107365,0.308893,0.580063,0.0349115,2.70607,0.132798
227.626666667,0.579405,0,0.965226,0.0973517,0.0769657,1.89805,0.313291,0.0485362,0.547449,0.0525598,2.43112,0.117662
227.669333333,0.571842,0.053462,1.13436,0.146077,0.523499,1.79153,0.405722,0.052766,0.426033,0.0751449,2.34921,0.0649687
227.712000000,0.407519,0.054814,1.30422,0.177291,0.782014,1.68598,0.623009,0.0520126,0.346455,0.0781745,2.17697,0.0533317
227.754666667,0.406417,0.169567,1.36224,0.19351,0.756445,1.61177,0.583488,0.0514733,0.354796,0.0455382,2.23433,0.0684247
227.797333333,0.504246,0.22691,1.35775,0.0224557,0.868089,1.63838,0.422584,0.173796,0.394988,0,2.45312,0.164052
227.840000000,0.603771,0.151068,1.18456,0.0316022,0.60417,1.67102,0.367619,0.063262,0.518434,0.0547585,2.55021,0.162706
227.882666667,0.546688,0.00323022,0.991413,0.00470333,0.325476,1.80442,0.302322,0.261357,0.568862,0.123657,2.63581,0.00198098
227.925333333,0.65317,0.0120648,0.884506,0,0.330539,1.47017,0.538813,0.464447,0.492676,0.113681,2.40358,0.0646883
227.968000000,0.831226,0.0215346,0.844867,0.00928934,0.660183,1.212,0.69926,0.557876,0.467439,0,2.20281,0.17739
228.010666667,0.845364,0,0.728031,0.0184712,0.540634,1.18374,0.879062,0.743204,0.508403,0.0540788,2.14986,0.19533
228.053333333,0.455806,0,1.2399,0.0765059,0.217892,1.78323,0.499039,0.653174,0.744062,0.0478129,2.14487,0.134458
228.096000000,0.581668,0.208827,1.65111,0.22038,0.0365964,1.83674,0.271424,0.388238,0.531495,0.0539065,2.12339,0.0181581
228.138666667,0.515211,0.300882,1.46804,0.16156,0.304679,1.97477,0.327113,0.368504,0.422131,0.0621157,2.07401,0
228.181333333,0.346604,0.288779,1.44589,0.136467,0.576851,1.90199,0.342324,0.412887,0.384309,0.0420066,2.25863,0.0116573
228.224000000,0.340627,0.0267527,1.3283,0.257376,0.616354,1.79587,0.296335,0.439495,0.417437,0.119978,2.34584,0.0193991
228.266666667,0.402903,0.00239383,1.27135,0.569249,0.358843,1.5685,0.16561,0.387248,0.535296,0.136101,2.47216,0
228.309333333,0.511927,0.00312604,1.2112,0.661658,0.0385085,1.56799,0.123471,0.412277,0.634157,0.0557915,2.52628,0
228.352000000,0.636722,0.00297639,1.0959,0.254733,0.267904,1.81665,0.256025,0.334273,0.611874,0.0310428,2.75957,0
228.394666667,0.611152,0.145762,1.13481,0.164639,0.155535,1.75474,0.185087,0.410135,0.491787,0.0146485,2.8225,0
228.437333333,0.664223,0.40319,1.2721,0.31681,0.14074,1.72761,0.0804122,0.496621,0.418507,0.109276,2.40844,0.156265
228.480000000,0.790704,0.399742,1.39029,0.289606,0.127995,1.47194,0.399828,0.50644,0.678159,0.693674,2.16089,0.259938
228.522666667,0.635068,0.126602,1.37291,0.218076,0.172807,1.5282,0.531592,0.582012,0.636176,0.30162,2.41934,0.225578
228.565333333,0.48286,0,1.24405,0.0609872,0.202193,1.52184,0.53242,0.607852,0.516622,0.0350333,2.93028,0.15978
228.608000000,0.585542,0,1.03714,0.0560389,0.0808098,1.7194,0.407232,0.323344,0.558962,0.0645511,2.90171,0.0800927
228.650666667,0.615446,0,0.982658,0,0.0871048,1.73223,0.39331,0.455476,0.447248,0.0975292,2.92516,0.0190031
228.693333333,0.550966,0,1.00155,0,0.0846912,1.62087,0.376929,0.513613,0.437022,0.111545,2.95413,0.013502
228.736000000,0.539132,0,0.951106,0,0.0985618,1.67415,0.327616,0.542776,0.461245,0.112489,3.00576,0.0136199
228.778666667,0.585952,0.00735825,0.957585,0,0.0705094,1.82584,0.215492,0.545417,0.504633,0.108187,3.05186,0.0307858
228.821333333,0.561308,0.00905673,0.918245,0,0.212212,1.71451,0.316103,0.370928,0.599155,0.0244445,3.08758,0.167081
228.864000000,0.526808,0.194863,1.27544,0.119415,0.170539,1.52586,0.660068,0.306072,0.41704,0.0262171,2.87624,0.191954
228.906666667,0.404372,0.153234,1.2716,0.0303453,0.164693,1.33201,0.769294,0.391757,0.399632,0.027273,2.69256,0.195223
228.949333333,0.375373,0.137851,1.31545,0.0401355,0.262031,1.13493,0.906193,0.434452,0.33856,0.0188505,2.45427,0.252015
228.992000000,0.304489,0.00993732,1.32425,0.0600903,0.309392,1.16957,0.90564,0.577629,0.3525,0.0226419,2.33467,0.237889
229.034666667,0.330281,0,1.3158,0.038769,0.296008,1.48038,0.579406,0.628731,0.529735,0.0357718,2.55397,0.187838
229.077333333,0.502458,0,1.12915,0.0761072,0.0897714,1.68179,0.600658,0.569622,0.66045,0.0562677,2.85632,0.125819
229.120000000,0.609161,0,1.07053,0,0.0372566,1.8466,1.03038,0.210554,0.528723,0.0830599,2.93097,0.0572924
229.162666667,0.624155,0,1.08623,0,0.0379844,1.83553,0.788475,0.302794,0.514191,0.11058,2.79961,0.0226248
229.205333333,0.609335,0,1.10784,0,0.0315187,1.90486,0.536808,0.356191,0.533304,0.114329,2.65329,0.0136379
229.248000000,0.582061,0,1.08912,0,0.0174579,1.94908,0.414207,0.402213,0.554073,0.11113,2.7659,0.0136668
229.290666667,0.838113,0.00658858,1.16314,0.0344707,0.113462,1.92297,0.340604,0.421954,0.519512,0,3.13937,8.22285e-05
229.333333333,0.535463,0.00320526,1.10845,0.0318052,0.348107,2.01904,0.307094,0.107407,0.550092,0.0232846,3.03929,0.144126
229.376000000,0.660116,0.184342,1.01876,0,0.0975153,1.94854,0.327246,0.0692515,0.508993,0.0240335,2.88445,0.141044
229.418666667,0.520961,0.191016,1.09208,0.0788161,0.0946129,2.05957,0.389527,0.124382,0.581594,0.0203642,2.44733,0.194062
229.461333333,0.416505,0.375093,1.13121,0.0948728,0.0910618,2.03158,0.267303,0.223395,0.674565,0.101847,2.36272,0.426698
229.504000000,0.393996,0.342366,1.08115,0.0854691,0.0994354,1.90051,0.254477,0.307058,0.670667,0.0237949,2.63982,0.167891
229.546666667,0.448522,0,1.00398,0.00836146,0.0662038,1.81672,0.233805,0.294699,0.70533,0.0393314,3.06701,0.130406
229.589333333,0.483262,0.0105357,0.94199,0.0129177,0.0355348,1.77241,0.389443,0.345224,0.551569,0.065978,3.25907,0.0699756
229.632000000,0.454421,0.0146616,0.945315,0,0.0396532,1.7559,0.455293,0.415064,0.492221,0.101247,3.3265,0.0175937
229.674666667,0.435839,0.0145718,0.938155,0,0.0373175,1.6982,0.4463,0.439591,0.492254,0.113168,3.3599,0.010968
229.717333333,0.426434,0.0141395,0.959239,0,0.0342776,1.68983,0.403711,0.458182,0.512134,0.11382,3.378,0.012606
229.760000000,0.427297,0.0123568,0.946589,0,0.0257311,1.75032,0.34074,0.460841,0.554828,0.107382,3.35926,0.0226401
229.802666667,0.392024,0.00600999,0.994388,0,0.0870336,1.81353,0.256591,0.337645,0.578535,0.049495,3.35838,0.168643
229.845333333,0.542328,0.20456,1.27524,0.152717,0.0740729,1.73846,0.160145,0.500902,0.477889,0,3.16464,0.113794
229.888000000,0.70412,0.205067,1.1366,0.02646,0.0859125,1.85134,0.133416,0.527775,0.423864,0,2.93921,0.149873
229.930666667,0.624232,0.27881,1.21284,0.0738589,0.0551611,1.85778,0.118789,0.556562,0.453928,0.0764633,2.59476,0.208553
229.973333333,0.584613,0.142409,1.27991,0.0528139,0.0339732,1.68994,0.379955,0.640847,0.497152,0.217501,2.54802,0.204486
230.016000000,0.545212,0,1.27426,0.0308568,0.0154358,1.66189,0.420022,0.668741,0.539998,0.0825081,2.87105,0.165013
230.058666667,0.426532,0,1.14763,0.035243,0.00333656,1.7964,0.138009,0.354648,0.550387,0.0555749,3.22472,0.0995387
230.101333333,0.355701,0,1.10529,0,0.016664,1.98834,0,0.241661,0.608345,0.0880679,3.3076,0.0225939
230.144000000,0.0575007,0.00136771,1.22522,0.0245868,0.0157217,1.8821,0.0236334,0.286646,0.61632,0.110875,3.30265,0.011983
230.186666667,0,0.00464378,1.23189,0.046662,0.0121843,1.63334,0.393843,0.329105,0.622653,0.113268,3.22205,0.0232726
230.229333333,0.206381,0.010246,1.12972,0.0361162,0.00806326,1.57131,0.444566,0.361703,0.627327,0.112458,3.24569,0.027487
230.272000000,0.377449,0.0171797,1.0286,0,0.0620347,1.72126,0.175895,0.36403,0.664484,0.106992,3.37367,0.0745877
230.314666667,0.427301,0.0890573,1.10175,0.155572,0.398785,1.90859,0.215453,0.239291,0.551125,0.0865299,3.30354,0.134433
230.357333333,0.543264,1.07452,0.839467,0.058144,0.369624,1.69044,0.779266,0.344764,0.264864,0.0950045,3.27626,0.126734
230.400000000,0.415631,1.73714,0.247896,0.0751248,0.359311,1.03829,2.03198,0.409192,0.362564,0.150289,2.84349,0.209457
230.442666667,0.370912,2.03065,0.0153222,0.1074,0.279354,0.206245,2.6582,0.447709,0.322343,0.186888,2.42609,0.256591
230.485333333,0.409861,1.98725,0.0253994,0.149502,0.180775,0.0196841,3.19025,0.477818,0.152002,0.187085,1.91672,0.368611
230.528000000,0.527938,1.93618,0.0635258,0.0896975,0.190981,0.0186584,3.67749,0.372505,0.18976,0.126625,1.4053,0.278662
230.570666667,0.499928,1.78603,0.141474,0.00779121,0.0912685,0.020503,3.79018,0.411111,0.297594,0.107198,1.48982,0.044781
230.613333333,0.428703,1.68853,0.186163,0,0.0755194,0.0258904,3.56524,0.441536,0.319834,0.127628,1.58406,0
230.656000000,0.433774,1.71429,0.197274,0,0.0601914,0.0290893,3.52241,0.454823,0.345054,0.127051,1.57239,0
230.698666667,0.399931,1.7581,0.200869,0,0.0612629,0.0284429,3.59765,0.456342,0.33102,0.141304,1.6032,0
230.741333333,0.373611,1.80376,0.160479,0,0.0613293,0.0291587,3.86138,0.377809,0.284282,0.150048,1.57907,0.00643294
230.784000000,0.528674,1.86014,0.145553,0,0.0872869,0.0584542,4.04402,0.233262,0.146593,0.138479,1.34087,0.00713253
230.826666667,0.587077,1.99158,0.211105,0,0.041434,0.0538772,3.58675,0.570898,0.176947,0.0828413,1.29627,0.17235
230.869333333,0.596434,1.93305,0.131065,0.0717987,0.0609465,0.0608097,3.38518,0.772436,0.201835,0.0613773,1.27673,0.19446
230.912000000,0.54591,2.02189,0.194064,0.0877954,0.288314,0.0560115,2.80378,1.14157,0.357846,0.0645826,1.3877,0.249219
230.954666667,0.517366,1.82582,0.246587,0.0798684,0.230087,0.0551969,2.98626,1.17967,0.299857,0.0543372,1.56132,0.282098
230.997333333,0.633665,1.83073,0.248387,0.00479685,0.000794441,0.051588,3.21217,0.661625,0.186577,0.0516668,1.62579,0.364242
231.040000000,0.694679,1.86227,0.143526,0.00582067,0.0577347,0.0278012,3.76579,0.258691,0.223788,0.117546,1.24377,0.229415
231.082666667,0.564634,2.1019,0.214289,0,0.0187217,0.826576,3.24661,0.242111,0.517035,0.163727,1.09419,0
231.125333333,0.11783,2.23912,0.142318,0,0.0229454,2.16754,1.9353,0.326151,1.28454,0.13263,0.497742,0
231.168000000,0,2.77752,0.232425,0,0.0217312,2.45112,1.11048,0.344788,1.64564,0.119757,0.127604,0.0146033
231.210666667,0,3.22643,0.211477,0.0446441,0.0157115,2.41983,0.833291,0.40063,1.78148,0.112851,0.0893495,0.00765829
231.253333333,0,3.36602,0.133015,0.0232811,0,2.60229,0.831101,0.329101,2.04823,0,0.0492214,0.00685904
231.296000000,0.18746,3.53406,0.275893,0.0332201,0.114602,2.69085,0.575144,0.0578652,1.96436,0.134939,0.164298,0
231.338666667,0.214221,3.62901,0.157605,0.0571944,0.114234,2.22138,0.436571,0.166507,2.09551,0.120014,0.10066,0.124617
231.381333333,0.28655,3.5526,0.108748,0.0693293,0.111717,1.60309,0.43849,0.169381,2.2391,0.118105,0.12434,0.172749
231.424000000,0.180071,3.51248,0.122487,0.0294298,0.106778,1.70347,0.373647,0.103277,2.24323,0.103988,0.147052,0.17426
231.466666667,0.0380192,3.56587,0.134965,0,0.0912125,1.70782,0.316985,0.170967,2.26749,0.0902364,0.169497,0.165084
231.509333333,0.00210967,3.61184,0.176072,0,0.0272218,1.71527,0.261405,0.315591,2.37446,0.0597847,0.182305,0.14761
231.552000000,0.0988574,3.24443,0.179307,0,0.063701,1.6197,0.500351,0.64116,2.32109,0.110798,0.224357,0.0816105
231.594666667,0.0101525,3.07618,0.177242,0,0.0639242,1.7959,0.547385,0.719966,2.25271,0.112972,0.201107,0.103805
231.637333333,0,3.05251,0.17603,0,0.060567,1.87748,0.557007,0.741884,2.20969,0.113918,0.171504,0.113265
231.680000000,0,3.06546,0.17379,0,0.0535401,1.925,0.557597,0.746417,2.20536,0.115938,0.15585,0.106198
231.722666667,0,3.1603,0.169488,0,0.0324817,1.85274,0.557352,0.717823,2.27159,0.116054,0.150739,0.0925172
231.765333333,0,3.3203,0.237432,0,0.0434024,1.8782,0.685028,0.362364,2.28739,0.126225,0.0525819,0.0366393
231.808000000,0.338793,3.357,0.293004,0,0.0670196,1.54211,0.121126,0.631656,2.10585,0.0608375,0.17153,0.159911
231.850666667,0.598748,3.08773,0.190885,0,0.107236,1.27941,0.0811983,0.55057,2.23779,0.0395175,0.266746,0.17306
231.893333333,0.594502,3.08696,0.243105,0,0.0505467,1.00946,0.0562504,0.48959,2.03657,0.194271,0.516692,0.206876
231.936000000,0.370027,3.0628,0.308033,0,0.0403365,1.38106,0.0222356,0.505279,2.26433,0.0272585,0.320589,0.222786
231.978666667,0.13643,3.27462,0.316897,0,0.0141966,1.78545,0,0.570279,2.41335,0.0391042,0.192654,0.178129
232.021333333,0.0649138,3.41406,0.129335,0,0.00645513,1.86693,0.254753,0.304447,2.59018,0.0615683,0.181703,0.0596914
232.064000000,0,3.14254,0.137298,0,0.0247652,1.74045,0.603823,0.352877,2.61878,0.0984783,0.175943,0.0243549
232.106666667,0,3.07169,0.2143,0,0.0203646,1.47508,0.601014,0.385388,2.59857,0.112343,0.142547,0.056384
232.149333333,0.0308961,3.096,0.234443,0,0.0134299,1.2861,0.597635,0.402549,2.58191,0.114465,0.129554,0.0583832
232.192000000,0.050146,3.21294,0.191485,0,0,1.29222,0.579193,0.43408,2.53416,0.110966,0.142486,0.0413441
232.234666667,0.297195,3.45431,0.251565,0,0,1.37601,0.63103,0.386765,2.53552,0.00298703,0.0314312,0.00131516
232.277333333,0.198411,3.78541,0.290333,0.164354,0.196894,1.11012,0.293988,0.266963,2.22237,0.193862,0.14362,0.069454
232.320000000,0.3615,3.05786,0.341856,0.0947312,0.160484,1.11139,0.316933,0.297451,2.19144,0.166785,1.30309,0.139157
232.362666667,0.295741,1.34839,0.858229,0.124838,0.148901,1.57725,0.152332,0.332079,2.3061,0.0374114,2.3295,0.171201
232.405333333,0.211182,0.299653,1.23679,0.0550019,0.0592594,1.81034,0.10091,0.362289,2.07504,0.0236327,2.88828,0.162127
232.448000000,0.155679,0.0668029,1.31155,0.0182109,0.0394933,1.8875,0.0689305,0.393323,1.76507,0.031401,3.1256,0.131919
232.490666667,0.118079,0.31807,1.32498,0.0062685,0.0135832,1.91225,0.174411,0.2402,1.49618,0.0556122,3.21346,0.0879468
232.533333333,0.170807,0.37124,1.12177,0,0.0642465,1.8569,0.401619,0.336674,1.25749,0.0881318,3.25962,0.0101399
232.576000000,0.276782,0.324969,1.01358,0,0.0629851,1.85837,0.449112,0.405892,1.12583,0.114242,3.22139,9.46473e-06
232.618666667,0.365572,0.303098,1.02579,0,0.0591878,1.88335,0.446896,0.438,1.05663,0.118899,3.21604,2.65998e-05
232.661333333,0.410033,0.26333,1.08826,0,0.0524693,1.89113,0.431847,0.468223,1.02269,0.114479,3.20621,4.44688e-05
232.704000000,0.391887,0.278289,1.19505,0,0.0343179,1.884,0.391878,0.487994,0.895092,0.0950807,3.18789,6.90536e-05
232.746666667,0.297586,0.512176,1.24572,0.167988,0.149226,2.00524,0.370987,0.131268,0.710487,0.0910321,3.32598,7.43054e-06
232.789333333,0.201322,0.564744,1.09094,0.171253,0.13793,1.85276,0.41716,0.0550428,0.574831,0.0919217,3.10635,0.116567
232.832000000,0.111385,0.630013,1.0472,0.131154,0.186048,1.94561,0.400477,0.0734428,0.699957,0.0791114,3.15361,0.164438
232.874666667,0.0538721,0.697782,1.12635,0.0612706,0.142452,1.87614,0.369734,0.135913,0.71335,0.0775945,3.28457,0.164274
232.917333333,0.282697,0.601805,1.1989,0.031023,0.11502,1.92718,0.322927,0.207037,0.576519,0.0573633,3.21494,0.144305
232.960000000,0.40581,0.338229,1.18834,0.0275615,0.101791,1.95577,0.253297,0.220174,0.647634,0.0399128,3.25015,0.113403
233.002666667,0.395085,0.328804,1.06565,0.0306144,0.0109631,1.85328,0.191412,0.304387,0.750845,0.0722977,3.32387,0.064674
233.045333333,0.388481,0.314965,0.958,0.0729348,0.0105842,1.84703,0.222664,0.385801,0.82827,0.10962,3.34378,0.00268208
233.088000000,0.440198,0.354787,0.945253,0.132968,0.0101921,1.83097,0.152823,0.438294,0.835818,0.121701,3.34037,0
233.130666667,0.399748,0.333883,0.953389,0.114881,0.00947657,1.81319,0.129014,0.47866,0.842071,0.121539,3.33487,0
233.173333333,0.295901,0.225807,1.0589,0.0359446,0.00762535,1.8088,0.142569,0.505299,0.831163,0.114551,3.36177,0.000943996
233.216000000,0.384753,0.234904,1.04162,0,0.0281338,1.90478,0.290262,0.302808,0.716293,0,3.43197,0.000253628
233.258666667,0.36864,0.44422,1.1044,0.179029,0.166823,2.09961,0.236313,0.0420085,0.58905,0,3.15346,0.0671936
233.301333333,0.551348,0.661473,0.892839,0.0215312,0.161618,2.09261,0.225797,0.0408739,0.491839,0,3.14658,0.156306
233.344000000,0.548773,0.753554,0.908723,0.0398814,0.155391,2.1023,0.213652,0.0398781,0.44342,0.0104845,3.01962,0.168909
233.386666667,0.521438,0.650408,0.920021,0.0360052,0.129702,2.07647,0.201477,0.0388006,0.477582,0.0272963,2.97074,0.156283
233.429333333,0.424769,0.365502,0.91594,0.0288402,0.0869212,2.05136,0.203605,0.040379,0.602112,0.0323941,3.15352,0.132312
233.472000000,0.282029,0.151886,1.07927,0.031184,0.0245444,2.01196,0.333516,0.0673743,0.686812,0.0550294,3.33523,0.0919809
233.514666667,0.340658,0.0695521,0.989781,0,0.0172326,1.87901,0.315976,0.502632,0.586378,0.0912326,3.48815,0.015921
233.557333333,0.364025,0.0245474,0.978624,0,0.017021,1.88577,0.293094,0.570929,0.552304,0.112881,3.53123,0.00407501
233.600000000,0.391347,0.0105631,0.957468,0,0.0145339,1.91677,0.260435,0.595049,0.555544,0.118528,3.53111,0.00219571
233.642666667,0.444719,0.0296679,0.947175,0.00687581,0.00791094,1.9472,0.232419,0.595108,0.565073,0.121585,3.46924,0.00514355
233.685333333,0.436678,0.0209145,0.966367,0,0,1.98576,0.322577,0.41645,0.668428,0.120084,3.39154,0.00146494
233.728000000,0.328153,0.0492764,1.04892,0.0215906,0.293953,1.92397,0.359589,0.0435671,0.628292,0.108936,3.27846,0.0623919
233.770666667,0.338693,0.175869,1.02174,0,0.159422,1.81195,0.313754,0.055048,0.63443,0.0672501,3.36933,0.140769
233.813333333,0.333698,0,1.02605,0.0901542,0.446322,1.7272,0.329842,0.0539257,0.766716,0.0602119,3.30421,0.187938
233.856000000,0.320926,0,0.995116,0.0380535,0.693798,1.63852,0.49277,0.12366,0.790143,0.0614424,3.27391,0.195588
233.898666667,0.420859,0.0179825,0.994195,0.0105569,0.208643,1.92631,0.233413,0.0501646,0.820288,0.0530799,3.24928,0.152875
233.941333333,0.491168,0,1.0593,0.00895574,0.123735,2.00997,0.27615,0.0536635,0.631246,0.0486119,3.18765,0.114449
233.984000000,0.504662,0.028335,1.08062,0.00667236,0.106399,1.90815,0.349611,0.220628,0.671394,0.0747289,3.25946,0.0580031
234.026666667,0.449015,0,1.03704,0,0.11002,1.84636,0.307296,0.542743,0.539862,0.107595,3.34856,0.0109444
234.069333333,0.319122,0,1.0525,0,0.108612,1.82975,0.258849,0.572824,0.519043,0.116469,3.38732,0.0045255
234.112000000,0.327023,0,1.04637,0,0.101155,1.84472,0.226022,0.553042,0.532284,0.11886,3.38722,0.00663632
234.154666667,0.3659,0,1.02811,0,0.072335,1.88606,0.243427,0.461197,0.598279,0.123896,3.36684,0.0147672
234.197333333,0.625029,0,0.992878,0.0454321,0.275814,1.96132,0.331866,0.00837414,0.691665,0.0560302,3.35484,0.000604848
234.240000000,0.57619,0.181333,1.04852,0.182787,0.318744,1.95786,0.218128,0,0.595081,0.118552,3.11023,0.141712
234.282666667,0.555064,0.495325,1.00317,0,0.395063,2.25588,0.213496,0.113354,0.389288,0.642804,2.54324,0.161515
234.325333333,0.33139,0.517306,0.942461,0.0509824,0.347832,2.37285,0.21556,0.375367,0.503402,0.569677,2.43709,0.21853
234.368000000,0.24206,0.641984,1.00527,0.0820258,0.258961,2.22822,0.223029,0.280013,0.382851,0.731145,2.42939,0.18126
234.410666667,0.437068,0.263796,1.01999,0.0274438,0.188557,1.97329,0.270285,0.0199717,0.467465,0.0896472,3.14643,0.134189
234.453333333,0.515198,0,1.03539,0.0199599,0.0599422,1.94627,0.411679,0.0388744,0.589394,0.0789228,3.25725,0.0839501
234.496000000,0.363562,0,0.871101,0,0.0633917,1.99436,0.335761,0.334258,0.556372,0.0936289,3.51374,0.0182485
234.538666667,0.363095,0,0.839103,0,0.0572154,1.98768,0.298526,0.41632,0.522975,0.11332,3.53132,0.00995382
234.581333333,0.415166,0,0.870579,0,0.0495254,1.98053,0.276243,0.452318,0.55057,0.114892,3.47843,0.00840055
234.624000000,0.435537,0,0.859446,0.000662757,0.0385423,1.96331,0.264378,0.46337,0.615,0.116829,3.38851,0.0120865
234.666666667,0.497648,0,0.917753,0.0182466,0.0169447,1.93856,0.313026,0.289895,0.646124,0.106037,3.33973,0.0476143
234.709333333,0.445821,0.0487671,1.12068,0.174006,0.205655,2.02637,0.325268,0.0191476,0.537168,0.0948541,3.0598,0.126688
234.752000000,0.59763,0.217882,1.0364,0.0195182,0.143493,1.94612,0.351415,0.0162645,0.4812,0.0661591,3.24427,0.134501
234.794666667,0.356211,0.26638,1.0565,0.0905744,0.146648,2.00286,0.341043,0.0213391,0.445321,0.0587701,3.18505,0.171049
234.837333333,0.302421,0.271473,1.06801,0.0714338,0.144614,1.99372,0.33912,0.0537844,0.463147,0.0594938,3.19574,0.182123
234.880000000,0.457617,0.19195,1.00002,0.0522866,0.133148,2.04958,0.361652,0.132793,0.52396,0.0616459,3.10847,0.167872
234.922666667,0.627753,0,0.970589,0.0402458,0.103998,1.99488,0.381337,0.127475,0.593368,0.0670025,3.13032,0.120178
234.965333333,0.505323,0,1.0501,0.0314316,0.0817318,2.00784,0.279644,0.482611,0.607089,0.0772289,3.27584,0.046355
235.008000000,0.404226,0,1.00857,0,0.0946877,2.04885,0.114407,0.613508,0.415016,0.109889,3.38338,0.0139705
235.050666667,0.290337,0,0.945114,0,0.106865,2.06552,0.0706417,0.578641,0.378036,0.117686,3.4269,0.00929513
235.093333333,0.133303,0,0.852311,0,0.113726,2.06856,0.0681017,0.527327,0.399982,0.117941,3.4268,0.0109667
235.136000000,0.178176,0,0.803813,0,0.109726,2.08731,0.162235,0.391254,0.486051,0.113115,3.35378,0.0122336
235.178666667,0.594316,0.11459,0.928445,0.0443435,0.272954,1.97872,0.418349,0,0.456031,0.162604,3.28946,0.000537696
235.221333333,0.744186,0.20206,1.10407,0.1409,0.153039,1.67378,0.355313,0,0.441927,0.108642,2.97182,0.125307
235.264000000,0.759743,0.071513,1.00219,0.13209,0.235955,1.6816,0.652346,0.172868,0.420894,0.112473,2.88638,0.199335
235.306666667,0.689639,0.000959816,0.917472,0.0972503,0.330176,1.65988,0.973084,0.339201,0.467215,0.12949,2.94028,0.223469
235.349333333,0.591939,0.0139462,0.924716,0.0757972,0.221363,1.68549,0.81,0.308424,0.48624,0.130034,2.96089,0.192977
235.392000000,0.576987,0,0.94436,0.0369611,0.154317,1.73519,0.615515,0.167423,0.53701,0.129571,3.05419,0.14938
235.434666667,0.624182,0,1.03903,0.0986097,0.208736,2.09571,0.436473,0.00162211,0.461736,0.172375,2.98817,0.109781
235.477333333,0.60481,0.120576,1.26528,0.163911,0.493695,2.05758,0.479041,0.00218154,0.284625,0.263164,2.78157,0.0544425
235.520000000,0.520213,0.28812,1.42219,0.208933,0.477886,2.2905,0.504475,0.102775,0.218407,0.727951,2.07315,0.0704057
235.562666667,0.544541,0.434169,1.44376,0.10187,0.667507,2.14826,0.411136,0.188728,0.20378,0.593957,2.15878,0.11266
235.605333333,0.559358,0.375365,1.40342,0.0575613,0.980453,1.99259,0.237044,0.169975,0.202862,0.381527,2.52426,0.206095
235.648000000,0.530245,0.038487,1.26428,0.0628504,0.950842,1.73265,0.250987,0.0604548,0.363068,0.191672,2.92424,0.168401
235.690666667,0.66658,0.00283388,0.953031,0.00591951,0.365471,1.56012,0.59857,0.184241,0.486735,0.190151,3.08666,0.0124769
235.733333333,0.619717,0.0391911,0.914452,0.00107309,0.232511,1.60438,0.825093,0.360041,0.531565,0.16544,2.73767,0.0670624
235.776000000,0.704677,0.0438868,1.00396,0.00872189,0.542392,1.88904,0.874235,0.317294,0.48981,0.201845,2.31335,0.168473
235.818666667,0.698405,0.168569,1.0671,0.0493103,0.378854,2.00468,0.932191,0.462287,0.568555,0.150549,2.17953,0.196702
235.861333333,0.465418,0,1.25928,0.0578695,0.151191,2.02958,0.701749,0.472674,0.840524,0.0896125,2.17582,0.275835
235.904000000,0.43064,0.285257,1.52706,0.0762881,0.172363,2.06803,0.307429,0.407983,0.571692,0.379544,2.09761,0.188947
235.946666667,0.475034,0.314118,1.482,0.0736355,0.469867,2.1151,0.228953,0.465207,0.392375,0.482962,2.10086,0.182726
235.989333333,0.532098,0.20075,1.33975,0.10752,0.65853,1.87627,0.17228,0.532253,0.449016,0.0598997,2.6047,0.173413
236.032000000,0.45721,0.000422077,1.17603,0.115063,0.688541,1.78202,0.109424,0.339124,0.525802,0.131659,3.07509,0.0134568
236.074666667,0.41807,0.0024732,1.11207,0.523521,0.369354,1.59019,0.11451,0.141249,0.581577,0.136164,3.15238,0.00991588
236.117333333,0.497448,0.00310614,1.05564,0.658404,0.0139171,1.68215,0.211099,0.0705462,0.708782,0.0557214,3.06412,0.0183971
236.160000000,0.820854,0.00339772,0.783019,0.114321,0.231522,1.79397,0.315512,0.0266596,0.514939,0.105409,3.19751,1.1324e-06
236.202666667,0.889039,0.117285,0.79313,0.110384,0.156793,1.73166,0.316089,0.0454819,0.523631,0.13597,3.14711,6.52591e-05
236.245333333,1.01554,0.205482,0.872829,0.135774,0.120009,1.82939,0.297894,0.0367018,0.440961,0.182567,3.06889,0.165052
236.288000000,0.935778,0.243816,0.878444,0.120617,0.217286,1.77074,0.492716,0.0658015,0.420507,0.145954,3.02901,0.19746
236.330666667,0.858859,0.150618,0.887423,0.042452,0.385868,1.81812,0.698042,0.137946,0.44792,0.138579,2.97135,0.20071
236.373333333,0.815536,0.00213383,0.916053,0.0227978,0.345241,1.77808,0.782131,0.108603,0.54313,0.114039,3.04465,0.16335
236.416000000,0.741817,0,1.05615,0.0228342,0.000329778,1.88671,0.474523,0,0.693485,0.0683034,3.19139,0.0809667
236.458666667,0.434197,0,0.993888,0.00881929,0.03398,2.07553,0.293969,0.193077,0.375068,0.100634,3.21486,0.0164676
236.501333333,0.395074,0,0.920074,0.0205513,0.0493292,2.15866,0.257533,0.228783,0.297413,0.115938,3.19248,0.0107826
236.544000000,0.37816,0.00194474,0.869756,0.0265334,0.0485145,2.1982,0.214881,0.243553,0.328162,0.117431,3.15455,0.012313
236.586666667,0.418659,0.00356957,0.84484,0.034195,0.0401294,2.20592,0.198863,0.219943,0.47365,0.113424,3.12187,0.0356443
236.629333333,0.657029,0,0.842878,0.0818192,0.0311281,2.09,0.338407,0,0.677354,0.145749,3.03124,0.150012
236.672000000,0.811066,0.203319,1.05525,0.276241,0.265898,1.69797,0.328965,0.0185872,0.546894,0.0496915,2.84993,0.268448
236.714666667,1.02163,0.182825,1.09949,0.171408,0.186819,1.92589,0.737568,0.16368,0.563422,0.284807,2.23592,0.304583
236.757333333,0.950629,0.186033,1.1126,0.167729,0.202128,2.02627,0.781847,0.256088,0.659438,0.370754,2.04721,0.341948
236.800000000,0.916804,0.266843,1.05536,0.149246,0.184682,2.06752,0.799276,0.39241,0.67385,0.41475,2.0152,0.32844
236.842666667,0.894417,0.179825,1.00597,0.107504,0.203794,1.78818,0.812889,0.297911,0.583909,0.0464175,2.52515,0.288835
236.885333333,0.964219,0,0.932593,0.0132,0.0560543,1.74037,0.795431,0.134947,0.610748,0.0489968,2.88078,0.145638
236.928000000,0.792517,0.00422939,0.754076,0.0137327,0.132166,1.82105,0.329506,0,0.671024,0.0848472,3.1303,0.0287481
236.970666667,0.661345,0,0.744085,0.00661523,0.151116,1.85263,0.316467,0,0.663978,0.110215,3.10887,0.0137052
237.013333333,0.695093,0,0.738927,0,0.15636,1.87265,0.354056,0,0.680019,0.115141,3.06212,0.0154332
237.056000000,0.74434,0.00293354,0.721813,0,0.157042,1.87988,0.281817,0,0.706084,0.114987,3.03724,0.0338016
237.098666667,0.785716,0.00556926,0.719079,0,0.15269,1.81254,0.299325,0.012186,0.731261,0.114445,3.02231,0.0400387
237.141333333,0.725675,0.0176443,0.977471,0.320375,0.379607,1.71484,0.388123,0.0946318,0.357682,0.143709,2.68852,0.188587
237.184000000,0.976563,0.203714,1.02114,0.103255,0.463345,1.50364,0.708902,0.0703324,0.305515,0.144503,2.88533,0.220892
237.226666667,0.863733,0.107262,0.996091,0.103979,0.468152,1.61915,0.751936,0.178105,0.298645,0.151545,2.84728,0.277818
237.269333333,0.753317,0.128615,0.940854,0.0825854,0.480671,1.64647,0.764832,0.316566,0.315165,0.15122,2.82238,0.281907
237.312000000,0.779002,0.0816298,0.900045,0.0658765,0.435641,1.67044,0.839935,0.318998,0.356632,0.156004,2.75839,0.258105
237.354666667,0.864741,0,0.969899,0.030409,0.286815,1.64776,0.930113,0.139946,0.420986,0.143535,2.79206,0.216825
237.397333333,1.041,0.00857391,0.841691,0.0250364,0,1.84555,0.529341,0.000392789,0.736937,0.0685693,2.99664,0.0764491
237.440000000,0.727092,0.00774324,0.800773,0,0,2.08326,0.162351,0.0620965,0.720579,0.105163,3.03058,0.0160582
237.482666667,0.711013,0.000901794,0.817586,0.0105496,0.00235986,2.08086,0.0919468,0.127465,0.733,0.116577,2.9752,0.0101951
237.525333333,0.6868,0,0.874539,0.0163421,0.00838983,2.07202,0.0248289,0.161577,0.758747,0.117755,2.9083,0.0291837
237.568000000,0.686806,0,0.916547,0.0254175,0.0146118,2.06756,0.0204879,0.112301,0.73202,0.201944,2.8377,0.044687
237.610666667,0.808307,0,0.828166,0.11056,0.250839,2.04079,0.344894,0.151552,0.390075,0.0960917,2.83109,0.195082
237.653333333,0.954555,0.226914,0.929826,0.229638,0.255353,1.71978,0.617371,0.354572,0.351701,0.0311465,2.61406,0.274087
237.696000000,1.02625,0.12187,0.974812,0.239221,0.249172,1.68605,0.836209,0.410715,0.317377,0.0387025,2.40908,0.366785
237.738666667,0.970305,0.332707,0.955277,0.273341,0.258606,1.67983,0.855766,0.432333,0.242264,0.0441872,2.30002,0.389811
237.781333333,0.899358,0.34144,0.911263,0.317158,0.276216,1.66248,0.94354,0.390673,0.254139,0.0507264,2.27472,0.368236
237.824000000,0.906773,0.0709167,0.940285,0.286865,0.21606,1.68992,1.01739,0.197752,0.363118,0.0449847,2.41752,0.329353
237.866666667,1.12876,0,0.84371,0.131978,0.0971635,1.57832,0.867412,0.158041,0.440437,0.0603289,2.67661,0.19155
237.909333333,0.610474,0.0747462,0.67671,0,0.115193,1.83855,0.290842,0,0.5166,0.0998875,2.88916,0.042777
237.952000000,0.60973,0.0574098,0.687258,0.018314,0.103414,1.95156,0.262001,0,0.41568,0.120251,2.98668,0.0615873
237.994666667,0.638207,0.0537971,0.706601,0.0237207,0.0921699,1.99532,0.210876,0.0177813,0.368988,0.122753,2.95983,0.0733534
238.037333333,0.641972,0.048426,0.720226,0.023139,0.0827224,2.00388,0.16475,0.0392702,0.315411,0.120393,2.88902,0.0864837
238.080000000,0.638635,0.034324,0.834932,0.0227187,0.0599007,2.04001,0.240918,0.0215182,0.377075,0.202319,2.82269,0.127043
238.122666667,0.893865,0.0879068,0.97585,0.26137,0.371255,1.92708,0.240741,0.123161,0.345137,0.168172,2.53803,0.302013
238.165333333,1.13325,0.184774,1.0399,0.270579,0.313415,1.70382,0.713511,0.198156,0.292578,0.0924567,2.21099,0.352313
238.208000000,1.09852,0.012914,1.05354,0.298761,0.337497,1.54526,0.792307,0.363731,0.376093,0.302939,2.05199,0.406037
238.250666667,1.08734,0.0274999,1.10441,0.309102,0.305495,1.4122,0.853692,0.441587,0.423773,0.557249,1.98973,0.417027
238.293333333,0.9051,0,0.942018,0.327184,0.232598,1.75348,0.942542,0.409767,0.378054,0.190864,2.04078,0.373462
238.336000000,0.942925,0,0.95448,0.202908,0.1619,1.67342,0.937649,0.187938,0.345616,0.124368,2.49138,0.318617
238.378666667,0.762272,0.164623,0.792623,0.0893806,0.0107719,1.62571,0.359026,0,0.632453,0.0768068,2.78029,0.0667268
238.421333333,0.434509,0.142716,0.796489,0.122432,0.0571025,1.85281,0.0998074,0,0.556465,0.122377,2.79188,0.0131002
238.464000000,0.48084,0.0652519,0.903796,0.102787,0.0746176,2.07656,0.0770843,0,0.490582,0.122106,2.80398,0.0239884
238.506666667,0.497928,0.013725,0.959456,0.0502157,0.0736567,2.13607,0.0751301,0,0.406395,0.188795,2.80211,0.0385721
238.549333333,0.497152,0.00737783,0.977767,0.0256291,0.0575099,2.0824,0.065914,0,0.307451,0.267826,2.80327,0.0543698
238.592000000,0.592497,0,0.943559,0.110944,0.456573,1.837,0.256206,0,0.278729,0.173102,2.60318,0.229469
238.634666667,0.746415,0.187865,1.08061,0.159799,0.698157,1.67632,0.670136,0,0.254154,0.0828306,2.40203,0.30239
238.677333333,0.613682,0.0676652,1.04993,0.0785866,0.687958,1.59935,0.71832,0.0259636,0.28331,0.253101,2.3925,0.364027
238.720000000,0.220845,0,1.08575,0.0821877,0.704512,1.46435,0.717968,0.114073,0.347425,0.335493,2.40258,0.376758
238.762666667,0.466113,0.00540849,1.00244,0.0670453,0.642729,1.69655,0.724324,0.157258,0.341033,0.278041,2.3307,0.369809
238.805333333,0.59707,0,0.98587,0.0433475,0.497195,1.81648,0.733291,0.115399,0.434519,0.0794775,2.45814,0.329409
238.848000000,0.908364,0,1.00039,0.0374563,0.0962463,1.68008,0.581682,0,0.535549,0.0679411,2.69382,0.112364
238.890666667,0.658868,0.0599715,0.894903,0.181592,0,2.08365,0.0845103,0.0149406,0.379518,0.0961633,2.65265,0.0163146
238.933333333,0.62077,0.0178926,0.821804,0.184425,0,2.05364,0.10813,0.0218425,0.319548,0.113073,2.62618,0.0151694
238.976000000,0.569768,0.0180123,0.887722,0.0348763,0,2.08573,0.0679636,0.0251334,0.347712,0.114612,2.75264,0.0225276
239.018666667,0.531953,0.0159129,0.947793,0.0253491,0,2.10703,0.0455206,0.021855,0.363914,0.12792,2.77396,0.0302539
239.061333333,0.550885,0.00627077,0.940903,0.00423915,0.138441,2.03074,0.0866459,0.0405372,0.436605,0.138569,2.6944,0.111763
239.104000000,0.721733,0.150734,1.05613,0.203507,0.252984,1.92237,0.415855,0.173686,0.19006,0.0750572,2.37217,0.326225
239.146666667,0.976779,0.376431,1.06175,0.194622,0.268942,2.16056,0.710719,0.374263,0.146246,0.357562,1.57938,0.427798
239.189333333,0.902792,0.170731,1.08658,0.147982,0.291051,2.22702,0.758703,0.269594,0.339243,0.690587,1.56134,0.466603
239.232000000,0.929133,0.176812,1.02297,0.109826,0.280545,2.2654,0.82171,0.340994,0.412267,0.713915,1.5471,0.464658
239.274666667,0.766442,0.268548,1.02172,0.114574,0.29832,2.19713,0.89355,0.253047,0.395177,0.270113,1.65215,0.43303
239.317333333,0.759743,0,0.933281,0.116705,0.227076,1.76174,0.883126,0.131419,0.273504,0.101125,2.45897,0.350172
239.360000000,0.558706,0.202735,0.81526,0.0253655,0,1.87949,0.138223,0,0.532011,0.0893819,2.7856,0.0515687
239.402666667,0.613396,0.0851639,0.837535,0.0244115,0.0187643,1.94496,0.0520127,0.00383972,0.37584,0.120964,2.86618,0.0108728
239.445333333,0.623139,0.0115478,0.871192,0.116664,0.0411085,1.92223,0.0442654,0.00807584,0.266671,0.124518,2.87206,0.00686784
239.488000000,0.627965,0,0.914866,0.0681756,0.0422777,1.89734,0.0330889,0.0106697,0.186922,0.124984,2.88074,0.0145096
239.530666667,0.617887,0,0.962235,0.06935,0.0267593,1.85802,0.034181,0.012775,0.137102,0.171216,2.82377,0.0247666
239.573333333,0.63177,0,0.909626,0.19272,0.316033,2.06804,0.331768,0.112668,0.206112,0.179575,2.44612,0.209626
239.616000000,0.884713,0.203673,0.933626,0.114102,0.228032,1.76123,0.790994,0.0127807,0.15778,0.15575,2.51377,0.287472
239.658666667,0.905814,0.060939,0.739272,0.130608,0.250734,1.82787,0.918778,0.0954349,0.173748,0.262554,2.52603,0.343387
239.701333333,0.816294,0.040182,0.63408,0.167427,0.297328,1.88225,0.943079,0.227997,0.220574,0.344023,2.46824,0.350099
239.744000000,0.792235,0.0150267,0.673679,0.215553,0.268257,1.87089,0.992632,0.278888,0.221582,0.346167,2.41043,0.328433
239.786666667,0.796193,0,0.873921,0.276853,0.230502,1.84799,0.972949,0.167973,0.216168,0.198745,2.3166,0.273993
239.829333333,0.810119,0.206623,0.967221,0.260618,0.0335202,1.80297,0.645403,0,0.30631,0.0679811,2.45518,0.102053
239.872000000,0.37488,0.273134,1.09001,0.155188,0,2.0821,0.00863155,0,0.250018,0.10433,2.62,0.0205856
239.914666667,0.363438,0.219842,1.10508,0.137714,0,2.02506,0.00965732,0,0.12129,0.202042,2.61724,0.0236765
239.957333333,0.377166,0.166084,1.1373,0.078437,0,2.00413,0.0257385,0,0.142102,0.24684,2.61169,0.0341477
240.000000000,0.38717,0.119824,1.14813,0.0595882,0,1.89868,0.0350589,0,0.152298,0.258129,2.59572,0.0384837
240.042666667,0.497932,0.0237409,1.06035,0.0270397,0.0671467,1.78752,0.37672,0.019958,0.295866,0.168771,2.66366,0.157655
240.085333333,0.859719,0.539268,0.99117,0.219799,0.45615,1.74347,0.592193,0.0833096,0.12651,0.0991515,2.16802,0.29269
240.128000000,1.20164,1.45244,0.419302,0.06778,0.519297,1.11621,1.63435,0.147763,0.116497,0.53511,1.14666,0.317765
240.170666667,1.26798,1.80493,0,0.00859208,0.424203,0.705034,1.83095,0.159111,0.221298,0.716471,0.63865,0.432762
240.213333333,1.23072,1.79155,0,0.00883795,0.382212,0.497314,2.1265,0.0338387,0.180205,0.652941,0.561983,0.550817
240.256000000,1.14963,1.34776,0,0.0116055,0.237101,0.0467601,3.28808,0,0.112672,0.408982,0.625427,0.540206
240.298666667,1.26793,1.2586,0,0.00919911,0.135812,0.052385,3.64624,0,0.0906648,0.195257,0.820672,0.361485
240.341333333,1.13211,1.26525,0.0091779,0.041154,0.0383139,0.0700213,3.71531,0.0214145,0.179165,0.163056,0.988451,0.0448874
240.384000000,1.00887,1.22343,0.00890033,0.0452564,0.056266,0.0649997,3.59034,0.0330775,0.134833,0.206581,1.10796,0.0652267
240.426666667,0.994174,1.20045,0.00649102,0.0484803,0.0684586,0.0604799,3.55434,0.048317,0.0780241,0.371548,1.13361,0.00178343
240.469333333,1.00131,1.16338,0.00384913,0.0488084,0.0728752,0.0556187,3.54924,0.0526044,0.0501585,0.475114,1.07037,0.0709022
240.512000000,1.0148,1.15322,0,0.0501715,0.0611261,0.0476748,3.7069,0.0508474,0.0634299,0.508728,0.984598,0.0346997
240.554666667,1.27711,1.30728,0,0.0215036,0.087619,0.0646692,3.50674,0.0119381,0.0180962,0.266927,0.767078,0.322433
240.597333333,1.14038,1.38379,0.0752414,0.0668015,0.185439,0.0592026,3.3966,0.0621585,0.0585803,0.44021,0.841558,0.378673
240.640000000,1.06067,1.71502,0.116846,0.11202,0.306331,0.060871,3.15118,0.217018,0.111244,0.699032,0.834489,0.411773
240.682666667,1.06489,1.99496,0.092653,0.123084,0.436609,0.0603607,2.67492,0.272664,0.332687,0.73752,0.575317,0.41714
240.725333333,1.0996,1.59175,0.00162691,0.047816,0.312227,0.0607169,3.06858,0,0.0541785,0.579716,0.640948,0.447668
240.768000000,1.16554,1.43284,0,0.0157179,0.131641,0.0590276,3.20837,0,0.0307722,0.293244,0.56483,0.608937
240.810666667,1.58403,1.6037,0.0240199,0.0407229,0.000422875,0.0089421,3.87599,0,0.0157023,0.156518,0.603628,0.0836468
240.853333333,1.10964,1.50637,0.175604,0.025078,0.00159566,0.00683241,3.70291,0.00691405,0.407108,0.279749,0.388021,0.00683878
240.896000000,0.852812,1.74095,0.142926,0.0171091,0.0284016,0.448741,2.62969,0.0302274,1.50011,0.361718,0.0998754,0.0109352
240.938666667,0.744203,2.28393,0.254704,0.0152186,0.0405855,0.579162,1.31501,0,2.01758,0.417721,0.0719511,0.0261454
240.981333333,0.723531,2.56766,0.226814,0.014969,0.045815,0.64478,0.672136,0.0477242,2.13899,0.446029,0.0440599,0.0341426
241.024000000,0.715601,2.62513,0.0631575,0.0294087,0.0465423,0.635061,0.938253,0.053385,2.13287,0.366071,0.0211515,0.0134801
241.066666667,0.923586,2.84564,0,0.0888611,0.121026,1.1652,0.450046,0.221705,1.66773,0.450218,0.135325,0.166195
241.109333333,0.861857,2.8678,0,0.0393323,0.341386,1.24425,0.37006,0.193953,1.64564,0.650879,0.155712,0.276534
241.152000000,0.659163,2.82249,0,0.030505,0.437168,1.19366,0.425793,0.108329,1.6693,0.778777,0.178737,0.291401
241.194666667,0.692426,2.84389,0,0.00876662,0.341413,0.937971,0.429847,0.0279113,1.7069,0.79936,0.195623,0.290526
241.237333333,0.714077,2.96809,0,0.00801553,0.196961,1.07724,0.359088,0.0338985,1.79813,0.540679,0.191084,0.276554
241.280000000,0.784015,2.86199,0.0107347,0,0.0456239,1.15926,0.398708,0,2.05733,0.192904,0.167035,0.176635
241.322666667,0.658291,2.77885,0.1482,0,0.0374865,0.791326,0.554752,0.0185505,2.35585,0.149898,0.135288,0.0579852
241.365333333,0.672874,2.68141,0.0776332,0.00972311,0.0169191,0.808048,0.562348,0.0221956,2.20359,0.239727,0.110584,0.0664761
241.408000000,0.552734,2.63575,0.0538313,0.0120184,0.012671,1.37073,0.561819,0.0214345,2.05732,0.325847,0.0884315,0.057139
241.450666667,0.573307,2.60841,0.0529724,0.0166804,0.0035264,1.34114,0.559588,0.0220297,1.97947,0.402726,0.0931511,0.0441052
241.493333333,0.720778,2.57567,0.0491697,0.0261461,0,0.736457,0.558356,0.0200347,1.9362,0.472425,0.0892651,0.0256422
241.536000000,0.713725,3.0373,0.247982,0.0811075,0.105941,1.38013,0.306798,0.486208,1.83699,0.25733,0.0946676,0.32631
241.578666667,0.879759,2.83298,0.157767,0.0573394,0.141077,1.19807,0.378949,0.185297,1.41393,0.625057,0.129314,0.374766
241.621333333,0.901079,2.75101,0,0.116126,0.201825,1.0512,0.424802,0.236741,1.06406,0.747972,0.407016,0.402038
241.664000000,1.01073,2.71165,0,0.0959243,0.25911,0.527753,0.530671,0.542493,0.524834,0.770829,0.759443,0.420557
241.706666667,0.855636,2.82703,0,0.0358087,0.168875,0.700813,0.400677,0.199095,1.492,0.653773,0.202181,0.384084
241.749333333,0.816503,2.98634,0,0,0.127323,1.05333,0.340907,0.249194,1.96664,0.315795,0.154097,0.313997
241.792000000,0.631018,2.84816,0.0162172,0.00552947,0,1.36108,0.461314,0.0158835,2.25335,0.133961,0.131649,0.0163166
241.834666667,0.610617,2.64808,0.0349104,0.0244829,0,0.654583,0.605899,0.0188427,2.18791,0.229549,0.121493,0.203456
241.877333333,0.611891,2.62642,0.03853,0.0286638,0.00534576,0.629603,0.616807,0.02369,2.12528,0.245368,0.107409,0.22043
241.920000000,0.479413,2.62069,0.0383095,0.0245294,0.00305134,1.24246,0.600165,0.0217853,2.07139,0.177887,0.103843,0.213099
241.962666667,0.502961,2.62273,0.0366515,0.0267263,0,1.22019,0.550655,0.0200408,2.02262,0.159828,0.12356,0.188375
242.005333333,0.632981,2.93674,0.0204012,0.0254529,0.0113012,1.25053,0.614272,0.0317559,2.07313,0.380146,0.0130272,0.299833
242.048000000,0.805411,2.55136,0.126463,0.206893,0.199038,1.22763,0.971322,0.00300255,1.17486,0.69996,0.206673,0.290262
242.090666667,0.954647,2.01579,0.101281,0.230468,0.150697,1.11395,0.968311,0,0.564177,0.873922,0.904663,0.426881
242.133333333,0.662408,1.20342,0.855392,0.210988,0.142479,1.31751,0.661734,0,0.54766,0.604829,1.66534,0.440287
242.176000000,0.561979,0.511449,1.1241,0.10674,0.0947245,1.93562,0.566937,0,0.744787,0.349169,2.1125,0.40509
242.218666667,0.683995,0.343218,0.888825,0.0476853,0.0989328,2.11815,0.522153,0,0.853568,0.156792,2.49187,0.362933
242.261333333,0.898553,0.483855,0.834785,0.0181101,0.0546875,2.02097,0.367146,0,0.823942,0.159583,2.68388,0.184591
242.304000000,1.0026,0.383577,0.817891,0.0305136,0,2.18584,0.307267,0,0.883242,0.105309,2.64495,0.000158979
242.346666667,1.03509,0.375139,0.770075,0.0329937,0.00196764,2.20123,0.315479,0,0.916375,0.120852,2.7283,0.000288326
242.389333333,1.03806,0.383213,0.779242,0.0328265,0.0162089,2.30599,0.311634,0,0.813242,0.12343,2.79293,0.00034908
242.432000000,1.0295,0.352789,0.744349,0.0341382,0.0223546,2.35395,0.33022,0,0.598476,0.124175,2.83886,0.000398558
242.474666667,0.903409,0.380303,0.806949,0.0176492,0.109697,2.07372,0.428287,0,0.437747,0.250554,2.80712,0.16182
242.517333333,0.579803,0.561714,1.0671,0.0949581,0.178251,1.99652,0.442748,0,0.342535,0.169503,2.67257,0.255247
242.560000000,0.549889,1.01012,0.996001,0.0502382,0.239179,1.76814,0.402466,0,0.195175,0.156577,2.86317,0.334618
242.602666667,0.146962,1.35946,1.0703,0.0399082,0.38746,1.68572,0.554569,0,0.190241,0.205852,2.50653,0.331198
242.645333333,0.20211,1.22378,1.10234,0.0155924,0.418185,1.77797,0.56415,0,0.216885,0.159938,2.50803,0.314076
242.688000000,0.567766,0.817937,0.98517,0.0175681,0.23462,1.95953,0.420751,0,0.181098,0.158607,2.72375,0.308186
242.730666667,0.699345,0.360388,0.945036,0.0065892,0.106956,2.05944,0.42771,0,0.336583,0.134122,2.6767,0.302351
242.773333333,1.1471,0.290715,0.792175,0.0226375,0.0178025,2.30478,0.129925,0,0.316944,0.0877117,2.84649,0.0281355
242.816000000,1.16011,0.196781,0.746623,0.0186821,0,2.22003,0.232109,0,0.331248,0.115919,2.86933,0.0006569
242.858666667,1.11234,0.181234,0.738193,0.0132649,0.0131858,2.17532,0.257061,0,0.353097,0.123366,2.93461,0.000551438
242.901333333,0.999389,0.180593,0.717447,0.00903382,0.0304006,2.18824,0.265303,0,0.384143,0.134345,2.99515,0.00032124
242.944000000,1.00226,0.149009,0.867465,0,0.0659879,2.2184,0.246368,0,0.363507,0.159136,2.95037,0.00035005
242.986666667,0.781322,0.19032,0.977177,0.0470377,0.204343,1.94272,0.552427,0,0.258052,0.154918,3.11153,0.191964
243.029333333,0.862647,0.195632,1.06084,0.0332777,0.123642,1.98407,0.512553,0,0.190099,0.105929,2.661,0.336412
243.072000000,0.841297,0.104471,1.07666,0,0.107513,2.06737,0.5017,0,0.180121,0.290296,2.61933,0.369304
243.114666667,0.728331,0.124251,1.07367,0,0.122755,2.12183,0.493716,0,0.188453,0.312539,2.60951,0.388896
243.157333333,0.731704,0.0100908,1.00318,0.0201115,0.142872,2.17145,0.488612,0,0.242551,0.227615,2.54323,0.350984
243.200000000,0.692748,0,0.960212,0.0294745,0.174531,2.13337,0.482662,0,0.354893,0.0671531,2.77518,0.315398
243.242666667,0.815088,0.0150111,0.972402,0.0825945,0.126308,1.94601,0.0309649,0.390725,0.602193,0.057629,2.71226,0.23331
243.285333333,0.866655,0,1.15025,0.0364848,0.570416,1.74233,0.135377,0.640785,0.382773,0.064066,2.43772,0.134381
243.328000000,0.886944,0,1.49486,0.179494,0.729238,1.19076,0.184376,0.875951,0.275711,0.01896,2.24796,0.139332
243.370666667,0.850418,0.051043,1.59911,0.103443,0.737947,1.2242,0.15057,0.862002,0.307338,0,2.3674,0.182364
243.413333333,0.844559,0.0474445,1.48077,0.013172,0.510695,1.60057,0.0969145,0.6668,0.369671,0,2.46538,0.239053
243.456000000,0.748086,0.0195877,1.17743,0.00607319,0.347549,1.90557,0.150587,0.373626,0.50452,0.0554033,2.72079,0.211502
243.498666667,0.595866,0.00353237,1.06197,0.0262418,0.196591,2.03438,0.626956,0,0.179281,0.33115,2.93662,0.247815
243.541333333,0.589063,0.00521415,0.999659,0.0255296,0.107094,2.10151,0.52271,0.0384967,0.116532,0.371424,3.0075,0.260872
243.584000000,0.576753,0,1.06408,0.0265135,0.355195,2.01829,0.890112,0.04859,0.107713,0.505105,2.80298,0.351479
243.626666667,0.554662,0,1.12387,0.109303,0.248759,2.10617,0.80511,0.199826,0.0697381,0.520284,2.58699,0.389291
243.669333333,0.702819,0.0215789,1.34437,0.0594751,0.505502,1.82707,0.261291,0.686134,0.264696,0.0610382,2.49999,0.247541
243.712000000,0.559055,0.261348,1.50672,0.167665,0.62326,1.52311,0.316641,0.843145,0.240941,0.0492481,2.24594,0.244238
243.754666667,0.632758,0.328788,1.42531,0.152012,0.610861,1.58421,0.252301,0.730799,0.252738,0.00976114,2.26169,0.220271
243.797333333,0.640889,0.229559,1.17695,0.1288,0.47578,1.81152,0.218402,0.455014,0.387861,0.0307381,2.38892,0.20737
243.840000000,0.546788,0.00133959,1.08909,0.115769,0.10964,2.03251,0.104771,0.28947,0.525998,0.109348,2.61866,0.275885
243.882666667,0.576033,0.00299073,0.991876,0.0284624,0.0138645,1.96196,0.0313524,0,0.481717,0.110358,2.95592,0.389472
243.925333333,0.551986,0.00327844,0.961099,0.0233089,0.00536695,1.98265,0,0.00151128,0.532295,0.0527231,3.00986,0.384107
243.968000000,0.618563,0.00345426,0.94072,0.154621,0.174276,2.06561,0.316734,0.0218647,0.351814,0.124013,2.75867,0.306429
244.010666667,0.720426,0.227653,0.980768,0.156285,0.18279,2.01637,0.396377,0.0596381,0.251334,0.105952,2.47603,0.28072
244.053333333,0.783413,0.681661,1.09239,0.149833,0.198379,2.26535,0.369496,0.0228554,0.0731962,0.163494,2.22054,0.397253
244.096000000,0.689256,0.855814,1.09032,0.13392,0.20716,2.28505,0.355683,0,0.0654055,0.207615,2.2694,0.41867
244.138666667,0.629247,0.486045,1.06733,0.118333,0.221804,2.21319,0.351112,0,0.0737741,0.110616,2.27529,0.409112
244.181333333,0.636885,0.0483473,0.957268,0.0267567,0.218074,2.09464,0.323022,0,0.248649,0.113419,2.74893,0.357291
244.224000000,1.03385,0,0.962494,0.0608429,0.00232204,2.03569,0.0126583,0,0.274065,0.0735203,2.80136,0.149935
244.266666667,0.959782,0,0.86929,0.0285668,0,2.0461,0.0537251,0.111251,0.220123,0.103946,2.90559,0.0215526
244.309333333,1.00644,0,0.87605,0,0,2.04142,0.0699918,0,0.238661,0.115553,2.93395,0.0105718
244.352000000,1.01902,0,0.838087,0,0,2.00149,0.0752207,0,0.294646,0.117162,2.91617,0.0110423
244.394666667,1.0443,0,0.78396,0,0,1.92627,0.057794,0,0.436518,0.117458,2.94583,0.0333517
244.437333333,0.784828,0,0.816825,0.0466366,0.353298,2.0617,0.400264,0,0.184189,0.141412,3.03008,0.317091
244.480000000,0.684743,0.219014,1.10729,0.157245,0.116799,1.95372,0.45163,0.00754023,0.141456,0.0883114,2.94713,0.469518
244.522666667,0.541635,0.37767,1.20706,0.00363235,0.110778,1.8288,0.504533,0,0.0769852,0.220986,3.03508,0.483435
244.565333333,0.481828,0.232477,1.14967,0.004073,0.176123,1.87932,0.642185,0,0.0621144,0.322638,2.9171,0.501652
244.608000000,0.580058,0.020903,0.994958,0.00313776,0.177729,1.96274,0.668445,0.0295713,0.0923995,0.335151,2.84346,0.501576
244.650666667,0.639693,0,0.994761,0,0.112047,2.08337,0.464623,0,0.163859,0.12135,2.77143,0.486899
244.693333333,0.813744,0,0.951485,0,0.122406,2.07016,0.447551,0,0.209295,0.112659,2.7938,0.398666
244.736000000,1.13515,0,0.801939,0,0,1.85201,0,0.0297116,0.369703,0.0908644,2.88756,0.0284083
244.778666667,1.22925,0,0.771336,0,0,1.79472,0.0263502,0.0132455,0.478885,0.116559,2.96174,0.0109714
244.821333333,1.27356,0,0.76117,0,0,1.8312,0.0165816,0.00637241,0.528284,0.119703,2.96616,0.00877004
244.864000000,1.21405,0,0.837398,0.0107195,0,1.90001,0.0122135,0,0.416714,0.115912,2.94428,0.0125762
244.906666667,0.973347,0,0.874304,0.00178999,0.122642,1.98047,0.199292,0.00724336,0.37834,0.240758,2.9348,0.142598
244.949333333,0.591971,0.0362021,1.16828,0.182619,0.270941,1.97825,0.395699,0,0.242745,0.0685009,2.69004,0.424259
244.992000000,0.694164,0.1867,1.09906,0.272358,0.221444,1.41877,0.523298,0.092344,0.11972,0.11637,2.62686,0.430572
245.034666667,0.668736,0.0677876,1.06594,0.41579,0.395508,1.07106,1.14136,0.335915,0.0900796,0.310116,2.12153,0.465907
245.077333333,0.873173,0.0581017,0.952856,0.404262,0.387264,1.00719,1.17377,0.377505,0.0944549,0.407487,2.19685,0.457396
245.120000000,0.576205,0,0.847584,0.270872,0.248505,1.4957,0.789322,0.322014,0.100761,0.164981,2.56438,0.440248
245.162666667,0.584329,0,0.917345,0,0.252837,1.97974,0.444849,0,0.242514,0.051939,2.83892,0.391963
245.205333333,1.02891,0,0.813612,0,0.0567463,1.97483,0.0797839,0,0.328057,0.0748873,2.92745,0.0580471
245.248000000,1.14254,0,0.798914,0,0.00968597,1.88308,0.00725402,0,0.501755,0.107825,2.90833,0.0164563
245.290666667,1.25258,0,0.751796,0,0.027374,1.77859,0.0192605,0,0.538072,0.116547,2.95325,0.0108001
245.333333333,1.29613,0,0.733421,0,0.0527666,1.71584,0.0488224,0.01542,0.477527,0.116311,2.95955,0.0129737
245.376000000,1.29265,0,0.741106,0,0.0501261,1.75284,0.050852,0.0262611,0.468294,0.106868,2.90644,0.0318418
245.418666667,0.814106,0.106498,0.980499,0.153256,0.342552,2.06198,0.434841,0,0.136938,0.12116,2.97763,0.248294
245.461333333,0.64736,0.219902,1.11156,0.163572,0.39552,1.66759,0.441615,0.0064335,0.147315,0.10377,2.56276,0.379925
245.504000000,0.722816,0.111976,1.01005,0.326171,0.683134,1.33442,0.680544,0,0.125042,0.289443,2.3364,0.424409
245.546666667,0.68363,0.0484741,0.927005,0.447996,0.919215,1.17773,0.905754,0.0820477,0.11367,0.365408,2.23458,0.430275
245.589333333,0.601705,0,0.87438,0.445581,0.867578,1.36421,0.872631,0.159434,0.147271,0.327496,2.20396,0.418807
245.632000000,0.543439,0,0.922749,0.349083,0.517005,1.78636,0.696065,0.13444,0.146463,0.0987441,2.45936,0.396414
245.674666667,0.874542,0,0.954061,0,0.253491,2.02008,0.338448,0,0.174141,0.0754125,2.8125,0.247158
245.717333333,1.22233,0,0.861613,0,0.0213993,1.90216,0.0025253,0.0143007,0.313342,0.0984022,2.89958,0.0198254
245.760000000,1.21008,0,0.833447,0,0.0332667,1.85562,0.00673215,0.0352577,0.203225,0.1136,2.98873,0.01166
245.802666667,1.2974,0,0.768475,0,0.0518749,1.8023,0.02045,0.0382884,0.302074,0.114818,2.96611,0.0106553
245.845333333,1.31352,0,0.756867,0,0.0692278,1.79521,0.0151703,0.0370905,0.381733,0.110382,2.92883,0.0137013
245.888000000,0.905207,0,0.934555,0,0.133983,2.08985,0.294441,0,0.247055,0.259162,2.85718,0.17366
245.930666667,0.705437,0.126025,1.17815,0.227504,0.358683,2.15278,0.386751,0,0.171229,0.150698,2.58479,0.338744
245.973333333,0.858705,0.1745,1.06485,0.00740514,0.327192,2.12612,0.3937,0,0.0367017,0.164711,2.99584,0.337588
246.016000000,0.615483,0.052013,1.13495,0.00595418,0.336515,2.15154,0.391243,0,0.0528735,0.327832,3.14245,0.37959
246.058666667,0.369186,0.138559,1.1574,0.0862668,0.43036,2.08244,0.422101,0,0.0400162,0.391333,3.14684,0.39339
246.101333333,0.600798,0.0328963,0.974704,0.0698315,0.562108,2.18602,0.601173,0.0952172,0.0901516,0.245015,2.92165,0.350406
246.144000000,0.586436,0,1.18487,0.09577,0.297587,2.05248,0.508832,0,0.180319,0.165756,2.77321,0.280365
246.186666667,0.621963,0,1.09513,0.0665117,0.0175243,1.93198,0,0.0068977,0.401453,0.0778926,2.98185,0.153928
246.229333333,0.619433,0,1.03415,0.000161127,0.00498492,1.94937,0,0.014019,0.391918,0.109328,3.09529,0.136596
246.272000000,0.623209,0,1.01004,0.00552507,0.00201297,1.97146,0,0.00578286,0.441766,0.116786,3.13238,0.175375
246.314666667,0.602149,0.00224272,0.995669,0.0135876,0,1.98065,0,0,0.504361,0.114099,3.09881,0.211499
246.357333333,0.545305,0.000887343,0.989521,0.0123607,0,1.95301,0,0,0.554473,0.10563,3.01752,0.256688
246.400000000,0.446709,0,1.16168,0.175107,0.305072,2.0196,0.397948,0,0.180844,0.0975104,2.85458,0.338942
246.442666667,0.585696,0.198448,1.06741,0.111322,0.133851,1.79716,0.38041,0.0346785,0.133848,0.117803,2.62301,0.371778
246.485333333,0.254895,0.303816,1.06645,0.231388,0.132931,1.97341,0.797701,0.389268,0.0517165,0.473598,1.92371,0.407703
246.528000000,0.435736,0.402727,1.13157,0.220953,0.132048,2.03328,0.844311,0.393755,0.0654103,0.800493,1.75242,0.437196
246.570666667,0.433476,0.307844,0.953502,0.161967,0.190515,2.06255,0.779239,0.389522,0.135776,0.457781,2.06178,0.433357
246.613333333,0.561926,0,0.852382,0.0808914,0.248155,1.82364,0.732103,0.219803,0.117066,0.173618,2.73062,0.381315
246.656000000,0.632189,0,0.969154,0.0216309,0.082031,2.11156,0.412594,0.0013568,0.200218,0.143737,2.91047,0.21658
246.698666667,0.727545,0.00216208,0.912899,0.045566,0.00567351,1.94866,0.00220006,0,0.512655,0.0982811,3.01001,0.0628961
246.741333333,0.782171,0,0.870171,0.0207146,0.00919264,1.87354,0.00546768,0,0.542292,0.114083,3.07133,0.0547041
246.784000000,0.853896,0,0.879719,0.00290336,0.00328462,1.8349,0,0,0.609054,0.114984,3.11309,0.032823
246.826666667,0.874172,0,0.910582,0.00211604,0,1.8219,0.00655886,0,0.649262,0.112029,3.09406,0.0211079
246.869333333,0.590668,0,0.812606,0,0.112987,1.72031,0.411555,0,0.237722,0.240057,3.06847,0.356875
246.912000000,0.547338,0.161231,1.12316,0.236332,0.382347,1.61364,0.769141,0.02917,0.115892,0.105151,2.82531,0.439307
246.954666667,0.481006,0.178758,1.13046,0.198781,0.451511,1.55302,0.99732,0,0.0702953,0.106118,3.04981,0.468742
246.997333333,0.225131,0.160193,1.14215,0.250715,0.459366,1.64253,1.05189,0.0579385,0.10367,0.15214,3.03602,0.49628
247.040000000,0.162387,0.117944,1.04917,0.262882,0.446199,1.66736,1.09319,0.160021,0.11261,0.188939,2.99672,0.487178
247.082666667,0.375741,0,0.885442,0.240166,0.390342,1.7287,1.1226,0.190139,0.114609,0.1569,2.84146,0.462572
247.125333333,0.493861,0,0.933466,0.107648,0.325145,1.70321,1.04615,0.128638,0.162232,0.137246,2.75894,0.427723
247.168000000,0.929055,0,0.966746,0,0,2.00867,0,0,0.439937,0.0842748,2.91869,0.0363219
247.210666667,1.02829,0,1.00354,0.00199123,0,1.9668,0,0,0.351709,0.112717,2.94587,0.0129989
247.253333333,1.10306,0,1.04929,0.00909624,0,1.93859,0,0.0584605,0.399669,0.117497,2.97857,0.0105145
247.296000000,1.149,0,0.988582,0.015248,0,1.91087,0,0.0344283,0.542314,0.114459,2.99876,0.0132928
247.338666667,1.04722,0,0.856866,0,0.00218751,1.98198,0.270104,0.00567723,0.197244,0.250695,2.97788,0.0288486
247.381333333,0.494631,0,1.01749,0.21864,0.446387,2.10173,0.47338,0.0985632,0.144921,0.113415,2.82247,0.414729
247.424000000,0.713364,0.192992,1.04974,0.143894,0.396481,1.84452,0.7818,0.189545,0.012944,0.10215,2.45191,0.430625
247.466666667,0.677054,0.0917202,1.0724,0.255267,0.38404,1.73498,1.2427,0.31516,0.0130727,0.374319,1.93935,0.484361
247.509333333,0.903637,0.25598,1.01982,0.257498,0.368432,1.53693,1.31466,0.304785,0.00153615,0.439161,2.18067,0.486079
247.552000000,0.693417,0,0.974469,0.256119,0.394269,1.75746,1.23823,0.261782,0.0108633,0.352167,2.08602,0.462317
247.594666667,0.493797,0,0.903162,0.15163,0.392439,1.78425,1.07188,0.174879,0.132247,0.108697,2.66268,0.418428
247.637333333,0.934036,0,0.84488,0,0.163369,1.69522,0.692754,0.139716,0.134098,0.168133,2.90166,0.145234
247.680000000,0.968036,0,0.89667,0.0168556,0.00619282,1.86408,0,0,0.338648,0.111169,2.94449,0.0174576
247.722666667,1.04619,0,0.881717,0,0.00642001,1.87572,0.0139663,0,0.278395,0.119128,2.95058,0.010549
247.765333333,1.11087,0,0.845816,0,0.000446561,1.86192,0.0567379,0,0.101717,0.117613,2.99555,0.0115814
247.808000000,1.10189,0,0.812948,0,0,1.8268,0.0780911,0,0.154769,0.113235,3.05777,0.0192377
247.850666667,0.629931,0,0.916834,0.0324117,0.213262,2.04993,0.428353,0,0.14474,0.182017,3.18088,0.407115
247.893333333,0.659001,0.200517,1.12337,0.193907,0.300822,1.85981,0.506663,0.0233602,0.140583,0.106986,2.93396,0.41247
247.936000000,0.777769,0.149283,1.05115,0.186364,0.356188,1.19998,1.21836,0,0.102895,0.131003,2.83583,0.448177
247.978666667,0.740102,0.0146629,1.0178,0.262219,0.398949,0.890241,1.49016,0.156141,0.0729827,0.233218,2.71471,0.471035
248.021333333,0.680021,0,0.97596,0.244008,0.395981,0.97133,1.50459,0.26936,0.0880995,0.267529,2.63618,0.466409
248.064000000,0.520332,0,0.933527,0.17188,0.368581,1.6841,1.0555,0.238385,0.110997,0.170085,2.76771,0.44492
248.106666667,0.559444,0,0.937628,0.101291,0.310834,1.78112,0.912975,0.133524,0.149135,0.13597,2.9091,0.368511
248.149333333,0.946052,0,0.867451,0.00499662,0,1.92152,0.00652502,0,0.264668,0.0970814,2.99835,0.0339293
248.192000000,1.0431,0,0.894958,0.00261642,0,1.81817,0.0118331,0,0.475354,0.119367,2.96322,0.0127608
248.234666667,1.02765,0,0.911624,0.018055,0,1.8863,0.0456419,0,0.420481,0.161974,2.93163,0.0104244
248.277333333,1.01005,0,0.904245,0.0358256,0,1.93615,0.0830375,0,0.197994,0.156711,2.9233,0.013435
248.320000000,0.826164,0,0.967979,0,0.11814,1.71916,0.390753,0,0.211396,0.22627,2.98025,0.137807
248.362666667,0.422535,0.0215871,1.12133,0.158729,0.404316,1.7543,0.596359,0.0723406,0.196518,0.114844,2.92118,0.433254
248.405333333,0.440001,0.349927,1.18638,0.168032,0.664986,1.41781,1.00855,0,0.0742072,0.10756,2.85824,0.437036
248.448000000,0.163281,0.372916,1.28172,0.123484,0.77382,1.23094,1.11899,0.000852696,0.126056,0.118003,2.75105,0.476608
248.490666667,0.31724,0.225221,1.24458,0.0889534,0.74738,1.31056,1.10873,0.0147401,0.137421,0.12272,2.65191,0.489426
248.533333333,0.465815,0,1.0548,0,0.659007,1.61072,1.0451,0.123418,0.129189,0.126559,2.67301,0.472533
248.576000000,0.447411,0,1.23326,0,0.365253,1.77605,0.802412,0.108076,0.154691,0.127303,2.84152,0.254005
248.618666667,0.603152,0,1.0659,0,0.00862944,1.73551,0.127939,0.00896422,0.46874,0.0745706,3.05602,0.184492
248.661333333,0.608349,0,1.06124,0,0.0116585,1.88407,0,0.0258768,0.466262,0.109607,3.12174,0.132448
248.704000000,0.599615,0,1.02766,0.00174925,0.0114156,1.80238,0,0.021866,0.464254,0.12001,3.10781,0.14653
248.746666667,0.594873,0,1.02177,0.00536479,0.00682762,1.79213,0,0.0112123,0.490298,0.115111,3.09081,0.166666
248.789333333,0.570608,0,1.01957,0.00942305,0.00157278,1.81803,0,0,0.540343,0.108956,3.09911,0.190539
248.832000000,0.460831,0,0.955399,0.058124,0.192218,1.66217,0.334348,0.124313,0.311167,0.000328939,3.0589,0.335277
248.874666667,0.503775,0.194676,1.22404,0.17583,0.310782,1.78665,0.80367,0.0252487,0.0765916,0.222504,2.69894,0.218037
248.917333333,0.605822,0.184209,1.08778,0.212151,0.327488,2.07262,1.04137,0.346604,0.0646206,0.921888,1.87105,0.302023
248.960000000,0.398854,0.0321931,1.1179,0.212991,0.356244,2.12764,1.01084,0.313583,0.113105,0.980138,1.79944,0.347257
249.002666667,0.754637,0.110128,1.07708,0.194233,0.29156,2.18659,1.05135,0.340171,0.066897,0.929151,1.77638,0.32003
249.045333333,0.463584,0,0.974281,0.167361,0.379515,1.9214,1.06026,0.226811,0.100352,0.329432,2.62321,0.254579
249.088000000,0.521341,0.0114746,0.943542,0.0992047,0.0926536,1.82801,0.931607,0.148815,0.131874,0.0564296,2.88183,0.160802
249.130666667,0.650909,0.0130018,0.965636,0.0180469,0.0116508,1.82864,0.00511178,0.00654332,0.423299,0.0952505,3.13738,0.0965723
249.173333333,0.651461,0.00521493,0.938877,0.0069606,0.0162706,1.64319,0.00785482,0.00154984,0.433426,0.120571,3.1539,0.0979703
249.216000000,0.644033,0,0.958409,0,0.0133853,1.64255,0.0064914,0,0.520632,0.116047,3.13683,0.130691
249.258666667,0.564902,0,0.982091,0,0.0026074,1.6198,0.00514367,0,0.557518,0.112624,3.10098,0.154633
249.301333333,0.455895,0,1.13463,0,0.0180951,1.76943,0.353267,0.00887863,0.222362,0.14502,3.03706,0.117342
249.344000000,0.398955,0.109058,1.05192,0.184968,0.458779,1.76211,0.538943,0.102176,0.176603,0.181235,2.90726,0.382615
249.386666667,0.442456,0.180225,1.00817,0.166835,0.50256,1.61548,0.881086,0,0.0747381,0.223644,3.07734,0.403076
249.429333333,0.334316,0.031174,0.973866,0.208195,0.49185,1.72255,0.936445,0.0848957,0.0724749,0.284587,3.018,0.445578
249.472000000,0.322212,0,0.909342,0.223662,0.473596,1.77631,0.958263,0.214283,0.075843,0.315424,2.94175,0.448004
249.514666667,0.395122,0,0.879062,0.221773,0.433763,1.82026,0.985874,0.277104,0.0947326,0.270754,2.80755,0.418452
249.557333333,0.436869,0,0.999129,0.198418,0.308039,1.81837,0.941619,0.142097,0.131521,0.171557,2.71235,0.355666
249.600000000,0.594423,0,1.00703,0,0.0144674,1.7094,0.219349,0,0.288566,0.0773089,2.9203,0.16776
249.642666667,0.709366,0,0.979254,0.000912867,0.0109344,1.62455,0.000963802,0.00409222,0.399982,0.111886,3.11496,0.0981697
249.685333333,0.753052,0,1.00383,0.000147386,0,1.45662,0,0.0163635,0.409126,0.119231,3.13131,0.0564154
249.728000000,0.78439,0,1.01901,0.00256225,0,1.50796,0,0.0238739,0.457204,0.115965,3.08933,0.0618282
249.770666667,0.795826,0,0.944267,0.00318799,0,1.51995,0.22005,0.0213873,0.296917,0.116574,3.03894,0.058125
249.813333333,0.582425,0,0.985132,0.108266,0.612892,1.74555,0.632796,0,0.0356285,0,3.14916,0.361268
249.856000000,0.737333,0.876579,0.865154,0.14987,0.583914,1.71956,1.12257,0,0,0.226846,2.31801,0.321921
249.898666667,0.674745,1.59835,0.287041,0.0192408,0.475796,0.970194,2.01356,0,0,0.684909,1.49297,0.434627
249.941333333,0.457466,1.74909,0.0836635,0,0.447872,0.622602,2.49895,0,0,0.706269,1.00041,0.590605
249.984000000,0.430032,1.70169,0,0,0.456861,0.11778,3.53511,0,0,0.493604,0.854401,0.556578
250.026666667,0.723121,1.52258,0,0,0.409963,0.0259011,3.90719,0,0,0.187562,1.39748,0.477946
250.069333333,0.833549,1.39284,0.00614155,0.00187754,0.279795,0.0309823,4.03039,0,0.0268591,0.154169,1.41647,0.27493
250.112000000,1.12442,1.41468,0.0718229,0.0685579,0.153822,0.00770331,3.973,0,0.0325161,0.228981,1.44424,0
250.154666667,1.16558,1.40189,0.0800091,0.0754131,0.155887,0,4.02194,0.0906134,0.0257497,0.252723,1.53116,0
250.197333333,1.16641,1.37885,0.0998669,0.0453192,0.159268,0,4.01831,0.125217,0.0337665,0.242565,1.5719,0.016638
250.240000000,1.17913,1.35054,0.138092,0.0217383,0.149675,0,4.01563,0.121578,0.0374752,0.240086,1.5327,0.031246
250.282666667,0.704001,1.39543,0.0256992,0.00423535,0.254505,0.0669481,4.16339,0.0167656,0,0.162691,1.42836,0.222651
250.325333333,0.656313,1.60575,0.0800133,0.00738352,0.195825,0.0512373,3.90857,0,0.0562742,0.288972,1.18101,0.400303
250.368000000,0.299401,1.87215,0.052515,0.00560123,0.223885,0.0485488,3.7458,0.0651707,0,0.293388,1.20873,0.423392
250.410666667,0.264195,1.96296,0.00518857,0.0507939,0.296454,0.0472458,3.62094,0.118262,0,0.300788,1.07084,0.460097
250.453333333,0.214327,2.03665,0.0371141,0.154489,0.304057,0.047073,3.53338,0,0,0.315074,1.17695,0.468399
250.496000000,0.547111,1.69395,0.0370026,0.0481037,0.22504,0.0515672,3.74391,0,0,0.30946,1.31941,0.468438
250.538666667,0.803685,1.46798,0,0.0396125,0.192754,0.0536847,3.98849,0,0,0.265458,1.20073,0.516613
250.581333333,1.4445,1.5364,0.180832,0.0548894,0.0814576,0,4.04637,0,0.0120385,0.111853,0.964412,0.0174283
250.624000000,1.3152,1.58867,0.0448221,0.0178878,0.0544616,0.402268,3.72792,0.0178419,0.724602,0.113443,0.35866,0.000112556
250.666666667,0.94878,2.10368,0.13328,0.0205011,0.0372761,0.887929,2.77685,0.0203604,1.58689,0.116413,0.0900221,0.0171633
250.709333333,0.694084,2.80952,0.195113,0.0520688,0.00384015,1.20564,1.51692,0.0102318,1.96618,0.10639,0.062793,0.116355
250.752000000,0.669343,3.04627,0.134122,0.0177008,0.00807848,1.54551,0.634216,0.0574208,2.09336,0.0980031,0.0286904,0.147596
250.794666667,0.59528,3.03622,0.0114578,0,0.14165,0.89064,0.814657,0,1.90249,0.307879,0.111912,0.29301
250.837333333,0.464761,3.50715,0.029928,0.056176,0.342702,1.17487,0.481784,0.18535,1.71354,0.306085,0.0605875,0.291055
250.880000000,0.194009,3.69408,0,0,0.378717,1.20279,0.196584,0.148093,1.71733,0.353706,0.12096,0.339592
250.922666667,0.107597,3.70916,0,0,0.391049,1.17604,0.206049,0.0467619,1.74899,0.376297,0.159847,0.35973
250.965333333,0.274045,3.59045,0,0,0.39602,1.05468,0.36806,0.00621403,1.80307,0.360597,0.175577,0.347959
251.008000000,0.467024,3.27751,0.233934,0,0.251146,0.591766,0.373694,0.066706,1.86409,0.306766,0.186375,0.365065
251.050666667,0.542825,2.92472,0.296631,0,0.00207121,0.770694,0.46909,0.0138762,2.29157,0.0681541,0.147252,0.286657
251.093333333,0.502863,2.82892,0.266901,0,0.00466815,1.2353,0.549576,0.0389182,2.30901,0.0986318,0.12786,0.247922
251.136000000,0.492038,2.8246,0.230999,0,0.0399808,1.19168,0.55469,0.0423378,2.31737,0.112269,0.121178,0.284929
251.178666667,0.490134,2.84415,0.207552,0,0.0320707,1.08869,0.557433,0.0376551,2.34885,0.113592,0.124346,0.313443
251.221333333,0.560344,2.89128,0.204138,0,0.0372799,0.657367,0.555656,0.0308111,2.41039,0.110281,0.140964,0.325676
251.264000000,0.48247,3.01473,0.410375,0,0,0.714429,0.538171,0.0226051,2.46749,0,0.0364085,0.333611
251.306666667,0.516354,3.23982,0.438448,0.0568294,0.0785819,0.80543,0.37489,0.23379,1.7914,0.0759936,0.116726,0.425455
251.349333333,0.751557,3.11425,0.0816765,0.0283166,0.31389,0.700235,0.508347,0.0907124,1.64381,0.274811,0.173544,0.435321
251.392000000,0.687523,3.06948,0,0.0311182,0.339313,0.612615,0.504691,0.0381018,1.66553,0.397238,0.325709,0.45376
251.434666667,0.636588,3.06817,0,0.0292092,0.353362,0.633512,0.496082,0.0166601,1.7812,0.372832,0.231401,0.457468
251.477333333,0.605174,3.20714,0,0.0236743,0.32768,0.596397,0.481652,0.10742,1.89382,0.240262,0.221412,0.449957
251.520000000,0.621228,3.28078,0.040069,0.0237115,0.0605085,0.608234,0.370683,0.173845,1.95712,0.0598037,0.212862,0.291098
251.562666667,0.621562,2.92289,0.0771092,0,0,0.8677,0.503636,0.027949,2.39531,0.0807451,0.17902,0.166127
251.605333333,0.574017,2.87311,0.0784773,0,0.00354865,0.897844,0.528444,0.0212298,2.48716,0.106341,0.158097,0.162591
251.648000000,0.542281,2.8882,0.126125,0,0.00400807,0.937833,0.529409,0.0207566,2.54934,0.111296,0.145922,0.211977
251.690666667,0.470241,2.9362,0.182836,0,0,0.922051,0.524808,0.0247087,2.5625,0.108165,0.145389,0.276342
251.733333333,0.403816,2.98281,0.189786,0,0,1.13003,0.520995,0.00835552,2.4939,0.10566,0.153565,0.244248
251.776000000,0.368423,3.28028,0.0435541,0.196724,0.448487,1.16326,0.529794,0.146698,1.84868,0.36754,0.16367,0.310527
251.818666667,0.518893,2.54523,0.105912,0.142991,0.503814,1.46176,0.908798,0.0596244,1.47255,0.611589,0.478624,0.304079
251.861333333,0.614972,1.79931,0.176312,0.000762742,0.60877,1.41029,0.711857,0.0803842,0.708689,0.770856,1.61454,0.362919
251.904000000,0.487748,1.10789,0.611377,0,0.565328,1.82364,0.54425,0.0403111,0.627144,0.325853,2.37537,0.374888
251.946666667,0.336445,0.594654,0.874554,0,0.57377,2.01106,0.532291,0.0423572,0.638162,0.105878,2.95339,0.353239
251.989333333,0.21595,0.565183,1.04801,0,0.403861,2.00791,0.526605,0.0312159,0.708269,0.0821753,3.10484,0.325689
252.032000000,0.611722,0.643841,1.02003,0,0.00157449,2.12202,0.210261,0,0.703097,0.0774878,3.19997,0.196407
252.074666667,0.738561,0.558278,0.981505,0,0.0039425,2.1022,0.283353,0.0130495,0.778894,0.110047,3.16102,0.155021
252.117333333,0.844221,0.493508,1.08429,0,0.000907738,2.15734,0.279552,0.0141964,0.686866,0.120212,3.15987,0.0901085
252.160000000,0.872629,0.471692,1.08904,0,0.00941973,2.21365,0.282318,0.0133874,0.58168,0.119414,3.19067,0.053494
252.202666667,0.817057,0.478445,1.04483,0,0,2.24543,0.288,0.00975523,0.494464,0.108925,3.17168,0.11645
252.245333333,0.387398,0.539209,0.997423,0,0.150122,2.19082,0.55021,0,0.315826,0.291369,3.24957,0.208597
252.288000000,0.178083,0.61524,1.23134,0.034143,0.336329,1.84501,0.576673,0.00335787,0.268974,0.249488,3.17658,0.27124
252.330666667,0.227869,0.870214,1.04262,0,0.391349,1.70069,0.5522,0.0142354,0.143674,0.247303,3.30995,0.355218
252.373333333,0.333595,1.0371,1.02329,0,0.419834,1.68927,0.55174,0,0.0982011,0.241512,3.28603,0.36339
252.416000000,0.398246,0.882379,0.995811,0,0.427785,1.84013,0.547652,0,0.122383,0.24346,3.24578,0.354703
252.458666667,0.472465,0.474656,1.00853,0,0.377336,2.03692,0.534111,0,0.224503,0.235556,3.08192,0.336263
252.501333333,0.551822,0.388481,1.04667,0,0.154867,2.23603,0.299581,0,0.22309,0.223854,3.11011,0.27944
252.544000000,0.926945,0.280576,1.02566,0.00343972,0.00858398,2.26762,0.251888,0.0211514,0.392792,0.097378,3.17825,0.0611413
252.586666667,0.945641,0.255672,1.00684,0.00606091,0.00557219,2.27087,0.224795,0.0336105,0.379174,0.135782,3.20922,0.0552649
252.629333333,1.00536,0.282169,0.992356,0.0123792,0.00456021,2.22631,0.234592,0.0320156,0.333114,0.194721,3.21673,0.0422029
252.672000000,1.03607,0.285291,1.02421,0,0.0246656,2.16702,0.233695,0.0307473,0.334266,0.189308,3.20994,0.0364921
252.714666667,0.797618,0.312205,0.991871,0.00696785,0.147341,2.25141,0.329371,0,0.320804,0.177336,3.43521,0.0381945
252.757333333,0.435024,0.0725439,1.30945,0.134233,0.394704,2.1215,0.531735,0,0.175643,0.228874,3.10747,0.244483
252.800000000,0.615936,0.169418,1.12496,0.0176716,0.486712,1.95707,0.521624,0,0.122396,0.23021,2.98003,0.336657
252.842666667,0.553835,0.0304593,1.11209,0.0147633,0.507359,2.00079,0.516015,0,0.164889,0.228017,2.68249,0.366898
252.885333333,0.478611,0,1.11071,0.0123707,0.504307,2.05312,0.51219,0,0.182165,0.248047,2.6231,0.373973
252.928000000,0.443893,0,1.03031,0.0108436,0.484181,2.13549,0.508127,0,0.182813,0.223676,2.87164,0.363286
252.970666667,0.419732,0,1.0494,0.00849341,0.352521,2.14693,0.488178,0,0.221061,0.225881,3.12032,0.330732
253.013333333,0.968374,0.23092,0.980574,0,0.0170692,2.26884,0.127645,0,0.360547,0.167485,3.16042,0.0474336
253.056000000,1.15485,0.117312,0.961519,0,0.00669706,2.2642,0.1979,0.0161757,0.377247,0.199832,3.15843,0.00536123
253.098666667,1.16827,0.076756,0.977577,0,0.00378485,2.24592,0.209123,0.0308536,0.348327,0.157987,3.14472,4.25418e-05
253.141333333,1.15448,0.0502345,0.928847,0,0.00131642,2.2175,0.182071,0.0391941,0.337384,0.124295,3.12881,0
253.184000000,1.15331,0.024724,0.893978,0,0.00576858,2.26424,0.16209,0.0389897,0.319806,0.132794,3.15313,8.65249e-05
253.226666667,0.525592,0,1.16946,0.165794,0.268291,2.14111,0.363677,0,0.156509,0.263683,3.10815,0.134952
253.269333333,0.542462,0.18884,1.15188,0.0548938,0.422358,2.01149,0.342693,0.0149439,0.0964203,0.239273,3.27867,0.290426
253.312000000,0.506936,0.0979786,1.01477,0,0.475282,2.09783,0.341891,0.0215045,0.0314728,0.227078,3.41728,0.319553
253.354666667,0.473419,0,1.01062,0,0.519173,2.1589,0.396783,0.018077,0.0153543,0.223827,3.38937,0.364494
253.397333333,0.514656,0,0.976006,0,0.467782,2.22744,0.337848,0,0.0513778,0.225943,3.2358,0.331742
253.440000000,0.549396,0.0196095,0.997334,0,0.372675,2.18188,0.327815,0,0.116749,0.233562,2.93116,0.29624
253.482666667,1.01111,0.0213793,0.987367,0,0.16243,2.07251,0.240889,0,0.168038,0.252009,2.93577,0.102085
253.525333333,1.18783,0.0157778,0.85564,0,0.0544999,1.9805,0.134272,0.0311353,0.19051,0.101595,3.05992,0.0110167
253.568000000,1.13095,0,0.853701,0,0.0254749,2.05539,0.126723,0.0383527,0.213727,0.116491,3.18069,0.00472561
253.610666667,1.22405,0,0.801307,0,0.0133826,2.0436,0.126328,0.0397961,0.271489,0.120369,3.16642,0.00362126
253.653333333,1.24844,0,0.773479,0,0.00648987,2.01728,0.13071,0.0400108,0.30786,0.124296,3.13036,0.00375471
253.696000000,0.791217,0.0272168,0.95395,0.00185334,0.165209,2.00106,0.419573,0.0998926,0.152695,0.141528,3.52039,0.00558925
253.738666667,0.482404,0.153184,1.22345,0.160148,0.362902,2.0459,0.500942,0.176343,0.133715,0.13435,3.22534,0.288445
253.781333333,0.640291,0.312752,1.03355,0.000439554,0.482372,1.98776,0.50713,0.171239,0.0481141,0.13258,3.13539,0.278784
253.824000000,0.527742,0.61115,1.01392,7.07871e-05,0.541609,2.12133,0.505698,0.178231,0,0.128112,2.90663,0.30794
253.866666667,0.336623,0.581288,1.04083,0,0.56156,2.07974,0.504004,0.209521,0,0.128311,2.95844,0.315913
253.909333333,0.365481,0.169825,0.998329,0,0.533826,2.06245,0.499558,0.1761,0.0550275,0.128905,3.15518,0.304005
253.952000000,0.392228,0.0180029,1.04359,0,0.365064,2.11295,0.482971,0.149877,0.11067,0.151615,3.22548,0.253381
253.994666667,1.09651,0,0.981915,0.00786132,0.0641159,1.93319,0.201267,0,0.190359,0.190768,3.02164,0.0358164
254.037333333,1.1784,0,0.970405,0,0.0491919,1.92533,0.115177,0.0031145,0.255701,0.137823,3.07086,0.0130617
254.080000000,1.2183,0,0.851543,0,0,1.96427,0.103903,0.0255645,0.271054,0.127197,3.08683,0.00870461
254.122666667,1.21267,0,0.859109,0,0.0078414,2.01104,0.104346,0.0386029,0.190932,0.134266,3.0722,0.0106799
254.165333333,1.2341,0,0.817341,0,0.0702828,1.96041,0.0960915,0.0288627,0.158196,0.118469,3.118,0.0495859
254.208000000,0.525719,0.00845791,1.04991,0.140506,0.432184,2.14031,0.517966,0,0.100648,0.195272,3.14268,0.424489
254.250666667,0.609667,0.199237,1.09907,0.0352963,0.401249,1.97819,0.537913,0,0.106276,0.187167,3.16187,0.410112
254.293333333,0.331856,0.0888655,0.966838,0.00387143,0.45938,1.9638,0.538463,0,0.129664,0.180611,3.21311,0.435765
254.336000000,0.111586,0.00817235,0.967114,0.00256175,0.482668,1.96284,0.536195,0.00609057,0.143451,0.184387,3.2166,0.445299
254.378666667,0.436569,0,0.905092,0.00211527,0.468438,2.08647,0.531392,0.0553183,0.135148,0.192531,3.04117,0.433166
254.421333333,0.516105,0,0.960286,0.00143241,0.384615,2.14579,0.509553,0,0.132742,0.200261,2.92528,0.412536
254.464000000,0.993086,0,0.955613,0,0.163266,2.08544,0.364782,0,0.0746588,0.177312,2.92818,0.0958379
254.506666667,1.23253,0,0.806178,0,0.048768,1.90343,0.0478923,0.045351,0.0447663,0.1068,3.00785,0.0175587
254.549333333,1.21449,0,0.827066,0,0.0836968,1.92954,0.0320773,0.0507321,0.08508,0.116714,3.01798,0.0104528
254.592000000,1.17654,0,0.794865,0,0.124127,1.89483,0.0277031,0.105685,0.365872,0.115379,3.04777,0.0112676
254.634666667,1.19393,0,0.726026,0,0.144075,1.84012,0.00199564,0.197109,0.513126,0.111539,3.07499,0.0266881
254.677333333,0.549089,0,1.0082,0.247153,0.368966,2.18042,0.404076,0.260186,0.0629674,0.1285,2.90619,0.186687
254.720000000,0.497801,0.173353,1.25363,0.164148,0.398267,1.92752,0.40378,0.283725,0.0689669,0.113807,2.86126,0.374988
254.762666667,0.537144,0.155087,1.09608,0.210998,0.505608,1.5515,0.548485,0.271213,0.0151997,0.148392,2.85628,0.410004
254.805333333,0.534527,0.0233166,1.00393,0.301349,0.501216,1.35836,1.23845,0.479839,0,0.349801,2.75778,0.44931
254.848000000,0.616446,0,0.98661,0.268786,0.486868,1.4701,1.00192,0.470543,0,0.335522,2.74003,0.433808
254.890666667,0.37753,0,0.967632,0.124918,0.475051,1.88384,0.496162,0.398724,0.0647637,0.118386,2.84798,0.401671
254.933333333,0.615132,0,1.04947,0,0.262448,2.14586,0.380137,0.185186,0.084318,0.138085,2.89664,0.28573
254.976000000,1.22943,0,0.907255,0,0.000743434,1.89001,0,0.0592059,0.0850128,0.0957783,2.88284,0.0316482
255.018666667,1.25108,0,0.91333,0,0.031203,1.86475,0.00320225,0.0375607,0.0992781,0.129414,2.93542,0.0126934
255.061333333,1.27242,0,0.88614,0,0.0524427,1.83026,0,0.0344903,0.137,0.175354,2.98791,0.00959656
255.104000000,1.28048,0,0.887679,0,0.0688482,1.84831,0.000457424,0.0341662,0.171642,0.171499,3.00183,0.0121521
255.146666667,0.98468,0,0.978663,0,0.110128,2.04462,0.215301,0.363842,0.119167,0.153354,2.96043,0.0463804
255.189333333,0.340144,0.0154876,1.22992,0.234249,0.397311,2.17863,0.333027,0.294324,0.1028,0.141691,2.85602,0.294754
255.232000000,0.516017,0.190172,1.13798,0.202405,0.513667,1.60992,0.360217,0.29192,0.0918699,0.130445,2.70511,0.316649
255.274666667,0.588835,0.0724587,1.03815,0.37673,0.675018,1.33675,0.4845,0.353019,0.0992521,0.14606,2.44162,0.363649
255.317333333,0.537594,0,1.01321,0.434233,0.693546,1.27108,0.557244,0.463389,0.102798,0.152153,2.37166,0.379966
255.360000000,0.392262,0,0.957971,0.368911,0.578571,1.7306,0.605019,0.507545,0.102027,0.138697,2.4976,0.373355
255.402666667,0.334801,0,0.968182,0.185706,0.296194,1.9098,0.611935,0.409782,0.0997304,0.131762,2.74677,0.341375
255.445333333,1.18548,0,0.932173,0,0.124435,1.97914,0.164415,0.305293,0.0515353,0.124377,2.85026,0.0588605
255.488000000,1.22014,0,0.880443,0,0.0958671,1.90421,0,0.0379948,0.295276,0.110826,2.84602,0.0165872
255.530666667,1.2438,0,0.882963,0,0.0949898,1.85428,0.0039522,0.0305766,0.319156,0.184541,2.87273,0.0108008
255.573333333,1.2351,0,0.886312,0,0.0982778,1.81665,0.00833615,0.0339245,0.275648,0.196323,2.89421,0.0118952
255.616000000,1.22586,0,0.891666,0,0.0906371,1.82108,0,0.0383404,0.177707,0.143141,2.93822,0.0282775
255.658666667,0.749435,0.0320634,1.15036,0.0271816,0.323678,2.14405,0.363289,0.0347451,0.0812804,0.269441,2.96891,0.103883
255.701333333,0.613768,0.199733,1.26514,0.114176,0.411953,2.11547,0.362184,0.0691965,0.0581085,0.245215,2.77133,0.282451
255.744000000,0.65235,0.128611,1.08367,0,0.488386,2.1559,0.351724,0.0753817,0,0.243388,2.85919,0.310373
255.786666667,0.578868,0,1.07481,0,0.507809,2.20712,0.349161,0.0828674,0,0.277319,2.84252,0.345849
255.829333333,0.495969,0,1.03564,0,0.600428,2.2033,0.333577,0.141125,0,0.295078,2.77567,0.366414
255.872000000,0.415656,0,1.01371,0,0.629506,2.21077,0.460023,0.205481,0.0390311,0.258681,2.70031,0.346041
255.914666667,0.87035,0,1.07,0,0.23731,2.1005,0.316952,0.0521649,0.0681145,0.257842,2.74856,0.156895
255.957333333,1.25998,0,0.81677,0,0.0228008,1.84739,0,0.0930056,0.0370559,0.0959846,2.80782,0.0218401
256.000000000,1.2838,0,0.823761,0,0.0356458,1.83502,0,0.0435101,0.0923984,0.113836,2.81678,0.0128925
256.042666667,1.28861,0,0.849177,0.006845,0.030728,1.82811,0,0.0425562,0.275759,0.114951,2.82033,0.0101873
256.085333333,1.29673,0,0.844917,0.00628757,0.0394749,1.79987,0,0.0409157,0.422498,0.110892,2.83151,0.0126121
256.128000000,1.02778,0,0.9893,0,0.109127,2.04407,0.17697,0.169653,0.127431,0.119221,2.81351,0.0640433
256.170666667,0.433867,0.0800882,1.26567,0.232994,0.49292,1.9964,0.29426,0.0398527,0.120629,0.131701,2.86067,0.25046
256.213333333,0.656657,0.173116,1.1181,0.138001,0.657116,1.86013,0.383497,0.0110557,0.021008,0.127267,2.73085,0.293078
256.256000000,0.74288,0.0445898,1.05307,0.153257,0.737532,2.01562,0.726256,0.149928,0.0207522,0.205823,2.1775,0.353363
256.298666667,0.871623,0,1.01599,0.145087,0.696561,2.03873,0.662651,0.170619,0.0664411,0.257785,2.1704,0.367399
256.341333333,0.448576,0,0.949792,0.141041,0.613071,1.90827,0.543589,0.19504,0.093183,0.127268,2.52112,0.346622
256.384000000,0.505146,0,0.990694,0.109522,0.350793,1.8919,0.450847,0.155135,0.0929809,0.145412,2.71906,0.267429
256.426666667,1.22245,0,0.909296,0,0.057008,1.93444,0.0339237,0.0939515,0.0390474,0.0802686,2.70677,0.0454568
256.469333333,1.22403,0,0.843201,0,0.0487402,1.8511,0.0447238,0.0414499,0.273216,0.111534,2.77641,0.0145723
256.512000000,1.25941,0,0.860281,0,0.0672136,1.8489,0,0.054338,0.207326,0.116413,2.77785,0.010459
256.554666667,1.28739,0,0.846921,0,0.0700951,1.80531,0,0.042166,0.176865,0.113365,2.78678,0.0124845
256.597333333,1.31137,0,0.781083,0,0.0554057,1.75643,0.0114435,0.0424372,0.267631,0.10824,2.81432,0.0332479
256.640000000,0.518697,0,1.05523,0.0939192,0.463055,1.80064,0.438832,0.0647315,0.0513477,0.213181,2.70454,0.317912
256.682666667,0.567429,0.201588,1.17767,0.12865,0.60056,1.69018,0.614724,0.0319755,0.0122049,0.206265,2.70015,0.362488
256.725333333,0.542629,0.111031,1.00226,0.239938,0.672197,1.74632,0.76842,0.0513182,0.00449215,0.207358,2.73806,0.405056
256.768000000,0.425592,0,0.975739,0.267813,0.664458,1.84156,0.784193,0.137938,0.0117376,0.208251,2.71008,0.429943
256.810666667,0.396858,0,0.937769,0.278195,0.587335,1.8478,0.813035,0.232793,0.0215606,0.217803,2.63332,0.419688
256.853333333,0.380532,0,0.990683,0.254461,0.387931,1.81314,0.825048,0.240331,0.0551681,0.22697,2.51622,0.38777
256.896000000,0.934376,0,0.988475,0.107703,0.178144,1.78379,0.551764,0.178404,0.0388156,0.198084,2.59686,0.101511
256.938666667,1.28577,0,0.894856,0,0.0321717,1.89916,0,0.0347502,0.0327976,0.105088,2.73097,0.0188295
256.981333333,1.29876,0,0.846615,0,0.0439929,1.87512,0,0.0368632,0.0356825,0.121278,2.74995,0.0114483
257.024000000,1.30027,0,0.795405,0,0.0439878,1.81879,0,0.0394413,0.0893263,0.120283,2.74725,0.0104753
257.066666667,1.31683,0,0.743805,0,0.0445763,1.75056,0,0.0465698,0.225236,0.112533,2.76071,0.0134894
257.109333333,1.054,0,0.988006,0,0.138997,1.9228,0.170354,0.138214,0.185331,0.167436,2.75869,0.103058
257.152000000,0.434585,0.128351,1.26815,0.204281,0.349239,1.9655,0.288353,0.243131,0.106454,0.175493,2.5064,0.279057
257.194666667,0.61094,0.167175,1.07245,0.175863,0.482491,1.76122,0.508449,0.331406,0.00224393,0.365499,2.2953,0.342719
257.237333333,0.611995,0.0372075,1.00556,0.236736,0.469298,1.6912,0.70149,0.444002,0,0.597991,2.20238,0.390999
257.280000000,0.73384,0,0.997613,0.276277,0.381969,1.68314,0.782059,0.432749,0,0.543439,2.22336,0.385163
257.322666667,0.538704,0,1.01184,0.280687,0.310492,1.78262,0.786936,0.417169,0.0384906,0.288857,2.24985,0.358234
257.365333333,0.741915,0,0.980863,0.186797,0.206878,1.7473,0.703742,0.365928,0.0719149,0.188091,2.44646,0.207339
257.408000000,1.17395,0,0.796628,0,0.001131,1.55494,0.144918,0.0427372,0.0878336,0.088673,2.60296,0.0584438
257.450666667,1.24036,0,0.785346,0.130844,0.00161847,1.73073,0,0.0445116,0.228683,0.113718,2.65321,0.0115013
257.493333333,1.29229,0,0.777231,0.0757263,0.0360433,1.744,0,0.0426412,0.262807,0.121836,2.70695,0.0081129
257.536000000,1.32046,0,0.787333,0,0.0615496,1.73198,0,0.0414506,0.240154,0.117779,2.72021,0.0119094
257.578666667,1.31108,0,0.776446,0,0.0586989,1.74022,0.0466464,0.153153,0.215783,0.107601,2.6952,0.0299818
257.621333333,0.738543,0,1.11766,0.125505,0.485964,2.05977,0.42574,0.210076,0.0580705,0.224561,2.54311,0.188139
257.664000000,0.744567,0.20157,1.17332,0.208858,0.437584,1.73946,0.45939,0.161589,0.0707588,0.208942,2.46512,0.274263
257.706666667,0.859984,0.102117,1.06188,0.353964,0.621305,0.847711,0.996482,0.162424,0.057101,0.219098,2.35037,0.334364
257.749333333,0.742927,0.00350942,1.0532,0.43692,0.710416,0.832538,1.2294,0.288521,0.0459255,0.210143,2.39773,0.358659
257.792000000,0.610696,0,0.996562,0.397924,0.596518,1.22023,1.03126,0.380355,0.0604098,0.192112,2.30815,0.358936
257.834666667,0.536327,0,0.963188,0.319549,0.364378,1.8223,0.885681,0.320731,0.0594317,0.164013,2.3663,0.306094
257.877333333,1.00749,0,0.924254,0.182182,0.141785,1.741,0.624128,0.190294,0.0187975,0.0597703,2.47321,0.0997594
257.920000000,1.23414,0,0.792221,0,0.0400244,1.652,0,0.0401064,0.0468153,0.104361,2.66366,0.0224153
257.962666667,1.29458,0,0.776679,0,0.0366641,1.70088,0.0233248,0.0357346,0.1321,0.117607,2.71314,0.0108937
258.005333333,1.31347,0,0.836717,0,0.0233259,1.75807,0.0608255,0.032587,0.167492,0.117204,2.71445,0.01049
258.048000000,1.30534,0,0.836334,0,0.0212248,1.74443,0.0497303,0.0335006,0.289779,0.114345,2.68794,0.0137002
258.090666667,0.838257,0,1.00076,0,0.149781,1.78365,0.250036,0.0838394,0.166333,0.250685,2.66519,0.128029
258.133333333,0.42531,0.188243,1.25836,0.207795,0.455662,1.79515,0.3308,0.194213,0.0991621,0.202067,2.3887,0.25451
258.176000000,0.580176,0.155431,1.05778,0.00241067,0.780015,1.4807,0.63024,0.172137,0.0707137,0.282006,2.47648,0.295141
258.218666667,0.444612,0.0309467,1.0848,0.000964731,0.912427,1.27143,0.732114,0.186752,0.0904241,0.672606,1.90832,0.428025
258.261333333,0.487828,0.000260607,1.04772,0.000716219,0.830631,1.29247,0.708707,0.226042,0.0975858,0.545474,2.21818,0.342275
258.304000000,0.391977,0,1.01156,0,0.56875,1.82558,0.649762,0.308147,0.10618,0.214527,2.41166,0.307504
258.346666667,0.72986,0,1.02293,0,0.257948,1.83686,0.535718,0.245047,0.113585,0.202877,2.51335,0.131453
258.389333333,1.28504,0,0.879069,0,0.0377672,1.76683,0,0.037583,0.0435845,0.0927676,2.61978,0.0291391
258.432000000,1.27295,0,0.894629,0,0.0530765,1.74162,0,0.0467377,0.033732,0.118067,2.64184,0.0131229
258.474666667,1.21677,0,0.890056,0,0.0491825,1.6912,0,0.0687824,0.0550365,0.121684,2.65842,0.0108661
258.517333333,1.1666,0,0.869645,0,0.0446453,1.69845,0,0.0687276,0.072755,0.112636,2.71185,0.0129766
258.560000000,1.13721,0,0.900883,0,0.0532693,1.74349,0.0325964,0.390745,0.0889693,0.114487,2.66363,0.0382068
258.602666667,0.496794,0,1.21038,0.187326,0.459418,1.89849,0.111932,0.214246,0.106208,0.203118,2.47445,0.285912
258.645333333,0.611659,0.193004,1.1139,0.222224,0.599988,1.72099,0.381393,0.230344,0,0.196381,2.37133,0.320763
258.688000000,0.827075,0.11293,1.03694,0.240833,0.666683,2.0691,0.515271,0.355439,0,0.357431,1.76442,0.366904
258.730666667,0.985859,0.135739,1.08485,0.22918,0.623061,2.2749,0.51172,0.32699,0,0.5244,1.56228,0.384365
258.773333333,0.557255,0,0.987525,0.198902,0.566049,1.93792,0.574947,0.381357,0,0.213712,2.21538,0.367769
258.816000000,0.542388,0,1.01785,0.17879,0.35162,1.83409,0.587201,0.223781,0.0392654,0.216876,2.38515,0.289237
258.858666667,1.14814,0,0.908861,0.127,0.100809,1.63049,0.382156,0.227334,0.0216407,0.0784141,2.48039,0.0809717
258.901333333,1.22969,0,0.810229,0,0.0933203,1.6793,0,0.109655,0.0323425,0.112603,2.60198,0.0169014
258.944000000,1.23658,0,0.803347,0,0.0749056,1.63625,0,0.0579445,0.0475074,0.120067,2.62257,0.0104715
258.986666667,1.27865,0,0.788826,0,0.0519291,1.60975,0,0.0406887,0.0790048,0.116257,2.63816,0.0116507
259.029333333,1.28491,0,0.781202,0,0.0481261,1.58647,0,0.064947,0.141162,0.110569,2.64401,0.0216095
259.072000000,0.860779,0,1.01927,0,0.360797,2.03956,0.297494,0.146321,0.18431,0.218234,2.73272,0.152155
259.114666667,0.451589,0.186312,1.22357,0.174411,0.349674,2.04353,0.355437,0.194551,0.0875022,0.215535,2.57342,0.214953
259.157333333,0.507403,0.12472,0.98713,0.200247,0.397947,2.00961,0.601685,0.185487,0.0498011,0.207669,2.64155,0.274188
259.200000000,0.445896,0,0.980119,0.203129,0.398017,2.10591,0.682945,0.257487,0.0425746,0.207846,2.61303,0.308587
259.242666667,0.392071,0,0.973759,0.195839,0.365612,2.09576,0.74915,0.343502,0.0397325,0.213386,2.58187,0.3044
259.285333333,0.368746,0,1.02239,0.175441,0.282276,2.04258,0.777048,0.359921,0.0504532,0.222446,2.49289,0.261442
259.328000000,0.896149,0,0.992287,0.114194,0.144679,1.87403,0.697924,0.217154,0.0187502,0.1826,2.39468,0.121616
259.370666667,1.21896,0,0.861319,0,0.0342022,1.73169,0,0.0413596,0.102821,0.105947,2.53725,0.0248713
259.413333333,1.16624,0,0.83316,0.163183,0.0541164,1.5198,0,0.142358,0.109255,0.131252,2.48111,0.00893569
259.456000000,1.17987,0,0.780999,0.0886609,0.0395024,1.45846,0,0.154871,0.159145,0.115868,2.54776,0.00841677
259.498666667,1.19707,0,0.789438,0,0.0503418,1.52088,0.0124764,0.0432792,0.186272,0.11208,2.6154,0.0130234
259.541333333,1.21301,0,0.704995,0,0.112276,1.37927,0.328424,0.0857648,0.255782,0.118721,2.69911,0.0513291
259.584000000,0.822054,0.604838,0.9731,0.23349,0.711512,1.62649,0.532508,0.135132,0.0676912,0,2.43418,0.148444
259.626666667,0.95154,1.71704,0.373288,0.288598,0.609084,1.73614,0.703525,0.298292,0,0.0815736,1.72539,0.155061
259.669333333,1.01581,2.19341,0.0508632,0.272341,0.558712,1.56507,1.29182,0.260303,0.0482477,0.202121,0.6829,0.260493
259.712000000,1.11567,2.09087,0.00593153,0.149172,0.393967,0.867164,2.00014,0.0820915,0.245185,0.275754,0.365517,0.360355
259.754666667,0.905694,1.87443,0,0.0669558,0.351946,0.414908,2.30765,0.124961,0.418648,0.205589,0.24888,0.40149
259.797333333,1.25754,1.80579,0,0,0.189105,0.0584425,2.27676,0.010546,0.523438,0.22663,0.796637,0.287988
259.840000000,1.58608,1.73375,0,0,0.0350779,0.122639,2.45107,0.0550827,0.854447,0.0719952,0.905065,0.0815554
259.882666667,1.60996,1.67924,0,0,0.00389846,0.0247641,2.46778,0.0432595,0.86266,0.11202,1.00526,0.0773608
259.925333333,1.61633,1.65222,0,0,0.0017085,0,2.44612,0.0521779,0.885454,0.132639,1.06695,0.0782044
259.968000000,1.61876,1.64007,0,0,0.0139552,0,2.43214,0.0640365,0.912453,0.117381,1.03922,0.0770636
260.010666667,1.60668,1.66764,0,0,0.00338417,0,2.39798,0.0775319,0.914975,0.118634,1.00496,0.045626
260.053333333,1.27963,1.77031,0.0584403,0,0.126242,0.149699,2.4002,0.0125304,0.71238,0.128636,0.89753,0.0806718
260.096000000,0.898763,1.82266,0.125105,0,0.30582,0.0753336,2.22458,0.128189,0.552179,0.216145,0.529937,0.264402
260.138666667,0.983742,2.0008,0.11023,0,0.443931,0.0788825,2.14766,0.221557,0.491627,0.218843,0.167701,0.323083
260.181333333,0.939226,2.19176,0.240169,0,0.475237,0.0781164,1.99751,0.147001,0.451379,0.221745,0.226085,0.367895
260.224000000,0.864256,2.18575,0.218113,0,0.384665,0.0778408,1.99917,0.145989,0.502937,0.233181,0.270401,0.37285
260.266666667,0.92517,1.94087,0.15695,0,0.233977,0.0728203,2.04746,0.119264,0.472097,0.250886,0.694088,0.31401
260.309333333,1.39089,1.87239,0,0,0.109789,0.135568,2.01479,0,0.887557,0.061122,0.795416,0.280634
260.352000000,1.54141,2.01191,0.0446201,0,0.0146224,0.16903,1.98131,0.0348237,1.71382,0.0947359,0.330167,0.0201925
260.394666667,1.35618,2.17126,0,0,0.0356852,0.452645,1.45106,0.0389944,2.54659,0.113398,0.110771,0.0183944
260.437333333,1.3409,2.20618,0.00671586,0,0.0574307,0.439083,0.791849,0.039857,2.96848,0.116327,0.0891965,0.00908533
260.480000000,1.34585,2.10755,0,0.243482,0.0584289,0.374794,0.686231,0.0403762,3.06532,0.114614,0.0721447,0
260.522666667,1.27041,2.23876,0.0850948,0.278405,0.10659,0.365334,0.69078,0,3.0739,0.102429,0.00654547,0.000421833
260.565333333,0.699624,2.29622,0.224342,0.187759,0.246287,0.0682176,0.527785,0.184034,2.59386,0.332679,0.0851165,0.132806
260.608000000,0.758265,2.39177,0.0735192,0.176055,0.411174,0.0869217,0.136546,0.326199,2.47299,0.336561,0.056299,0.217754
260.650666667,0.674465,2.21543,0,0,0.584754,0.302167,0.133348,0.257331,2.54689,0.33669,0.114018,0.248635
260.693333333,0.642224,2.17189,0,0.0136837,0.510046,0.132997,0.127176,0.189384,2.59697,0.355693,0.155027,0.272373
260.736000000,0.59244,2.41125,0,0.174526,0.3438,0.0650574,0.117301,0.188836,2.59433,0.370105,0.176609,0.260328
260.778666667,1.0262,2.50716,0,0.160169,0.172861,0.0619599,0.188519,0.0775534,2.72592,0.342838,0.182719,0.107855
260.821333333,1.3789,2.12024,0,0.251963,0.0755949,0,0.594067,0.0383226,3.08955,0.0828741,0.155771,0
260.864000000,1.38754,1.98927,0,0.251573,0.0677868,0,0.632344,0.036936,3.11031,0.111563,0.116953,0
260.906666667,1.37888,1.97798,0,0.263247,0.0635846,0,0.637381,0.0370936,3.10619,0.116732,0.101831,0
260.949333333,1.36437,2.00418,0,0.283711,0.0741996,0,0.658827,0.0378533,3.07759,0.115102,0.101592,0
260.992000000,1.36472,2.02606,0,0.290416,0.0688641,0,0.625965,0.0407399,3.05372,0.110773,0.104031,0.000101114
261.034666667,0.947799,2.12512,0.107138,0.222466,0.101497,0.0889164,0.696154,0.137385,2.69223,0.314517,0.0661318,0.128077
261.077333333,0.673886,2.31955,0.184618,0.331213,0.172528,0.209685,0.333255,0.409514,2.35238,0.322767,0.0518842,0.261191
261.120000000,0.842057,2.24944,0.000878126,0.308436,0.227841,0.106239,0.37607,0.304234,2.23848,0.329021,0.11123,0.316881
261.162666667,1.34725,1.86576,0,0.398393,0.183695,0.287374,0.405865,0.257114,2.30747,0.317426,0.217627,0.367741
261.205333333,0.906383,2.27281,0,0.223886,0.175823,0.0854983,0.37015,0.312213,2.46905,0.336989,0.177437,0.350861
261.248000000,0.74757,2.38409,0,0.17806,0.146002,0.0852225,0.286756,0.378666,2.60574,0.35719,0.186784,0.243079
261.290666667,1.30931,2.20291,0,0.25187,0.0625692,0.0776116,0.444999,0,2.97351,0.105782,0.181378,0.0535316
261.333333333,1.33619,2.05614,0,0.236715,0,0.0272285,0.597953,0.0351129,3.12305,0.106925,0.147894,0
261.376000000,1.31124,1.99385,0,0.266683,0,0.0289014,0.618672,0.0395011,3.14328,0.117183,0.105287,0
261.418666667,1.36875,1.96733,0,0.283297,0,0.0156231,0.616747,0.0393014,3.12206,0.116533,0.10057,0
261.461333333,1.37627,1.95381,0,0.293601,0.00194391,0.00298091,0.628713,0.0384887,3.09169,0.111045,0.105365,0
261.504000000,1.1469,1.94984,0,0.269621,0.0899365,0.0790139,0.606349,0.0141155,2.98826,0.169943,0.00271077,0.0784248
261.546666667,1.13292,2.04801,0.204414,0.426767,0.234702,0.51201,0.324769,0.217552,2.37057,0.454841,0.0585041,0.207772
261.589333333,1.43401,1.70562,0.0597463,0.331905,0.369053,0.855882,0.422516,0.299646,1.82776,0.583698,0.631845,0.292082
261.632000000,1.53583,1.28095,0,0.196014,0.651943,1.51022,0.301106,0.352952,1.24797,0.442327,0.833576,0.306507
261.674666667,1.5772,1.21494,0,0,0.551293,2.35976,0.301826,0.175803,0.728847,0.299238,1.22832,0.296575
261.717333333,1.71655,1.16232,0.0620025,0,0.309623,2.41005,0.291524,0.0473202,0.34121,0.547539,1.65485,0.263985
261.760000000,1.72427,1.25014,0.251974,0,0.0633315,2.74737,0.0485344,0,0.375082,0.578157,1.78205,0.084901
261.802666667,1.76478,0.951006,0.107394,0,0,2.75317,0.386186,0.0464066,0.404749,0.413579,1.78007,0
261.845333333,1.77382,0.862097,0.0551235,0,0,2.72187,0.420719,0.0466517,0.349869,0.42514,1.85803,0
261.888000000,1.77453,0.84909,0,0,0,2.75433,0.447702,0.0455385,0.286972,0.384085,1.92222,0
261.930666667,1.77504,0.842447,0,0,0,2.80339,0.471157,0.0426709,0.197518,0.363015,1.95023,0
261.973333333,1.78402,0.827291,0,0,0,2.82257,0.466548,0.0423503,0.116618,0.361937,1.92944,0
262.016000000,1.79084,0.798838,0,0,0,2.82389,0.438731,0.0443152,0.106925,0.415014,1.88741,0
262.058666667,1.80683,0.780772,0,0,0,2.89096,0.427801,0.0435212,0.11314,0.462248,1.84129,0
262.101333333,1.78499,0.779642,0,0,0,2.92709,0.42048,0.0430068,0.0817777,0.534412,1.8435,0
262.144000000,1.73709,0.881741,0,0,0,3.03712,0.427393,0.044136,0.00231526,0.476571,1.9735,0
262.186666667,1.78596,1.19671,0,0,0,2.95076,0.0141643,0.0439057,0,0.470703,2.07328,0
262.229333333,1.81937,1.17706,0,0,0,2.9145,0.0117539,0.0435419,0,0.483519,2.0653,0
262.272000000,1.84327,1.15901,0,0,0.0133926,2.92737,0.0112347,0.0435172,0,0.529752,2.03858,0
262.314666667,1.84501,1.14169,0,0,0.0368455,2.96524,0.0111876,0.0448389,0,0.555878,2.00594,0
262.357333333,1.83195,1.13022,0,0,0.0279026,2.97685,0.0100684,0.0462632,0,0.61312,1.97407,0
262.400000000,1.73967,1.12531,0,0,0,2.99929,0.00764884,0.0491673,0,0.650041,1.95844,0
262.442666667,1.71147,1.10775,0,0,0,2.99345,0.00883621,0.0469402,0,0.578725,1.98092,0
262.485333333,1.78233,1.07332,0,0,0,2.96067,0.00993159,0.0442096,0,0.500532,2.01168,0
262.528000000,1.7955,1.04059,0,0,0,2.95323,0.011526,0.0461333,0,0.456035,2.02512,0
262.570666667,1.81721,1.02169,0,0,0,2.96893,0.0169925,0.048263,0,0.47641,2.0096,1.92004e-05
262.613333333,1.83497,1.00446,0,0,0,2.99704,0.0214202,0.0484993,0,0.462454,1.97325,3.52467e-05
262.656000000,1.80525,0.98456,0,0,0,3.04973,0.0163435,0.048672,0,0.490998,1.92806,6.52286e-06
262.698666667,1.74322,0.959485,0,0,0,3.09052,0.00359633,0.0479866,0.00037398,0.573534,1.89262,0.000841352
262.741333333,1.77052,0.927128,0,0,0,3.06193,0.000204341,0.0465176,0.000399562,0.569668,1.89615,0
262.784000000,1.81395,0.899964,0,0,0,3.01715,0,0.045619,0,0.52178,1.91711,0
262.826666667,1.79446,0.88728,0,0,0,3.03533,0,0.0454966,0,0.496395,1.91804,0
262.869333333,1.79896,0.879331,0,0,0,3.08425,0,0.04557,0,0.491791,1.90129,0
262.912000000,1.81368,0.863966,0,0,0,3.12355,0.000877157,0.0454642,0,0.468993,1.87115,0.000838719
262.954666667,1.79692,0.844328,0,0,0,3.13465,9.72291e-05,0.0466532,0,0.525899,1.83707,0.00093321
262.997333333,1.73883,0.823467,0,0,0,3.15001,0,0.0478019,0,0.59745,1.80362,0.000837443
263.040000000,1.74923,0.803328,0,0,0,3.14115,0,0.0471885,0,0.543893,1.78414,0.00201433
263.082666667,1.79632,0.783427,0,0,0,3.11379,0,0.0470757,0,0.447342,1.78398,0.00332944
263.125333333,1.79616,0.769936,0,0,0,3.11983,0,0.0470883,0,0.416479,1.78449,0.00386445
263.168000000,1.81958,0.762918,0,0,0,3.12273,0,0.0476674,0,0.417787,1.77863,0.00403188
263.210666667,1.84066,0.744573,0,0,0,3.11637,0,0.0485311,0,0.407914,1.77086,0.00652929
263.253333333,1.83948,0.705403,0,0,0,3.08604,0,0.0497612,0,0.432628,1.76217,0.00501507
263.296000000,1.81449,0.683221,0,0,0,3.10114,0,0.0509394,0,0.474995,1.73359,0.00372558
263.338666667,1.80995,0.681797,0,0,0,3.12766,0,0.0509918,0,0.487777,1.70352,0.00289261
263.381333333,1.78933,0.674243,0,0,0,3.15058,0,0.0514401,0,0.493126,1.68583,0.00297538
263.424000000,1.78798,0.661478,0,0,0,3.17798,0,0.050807,0,0.443395,1.67581,0.00513883
263.466666667,1.81958,0.651352,0,0,0,3.16971,0,0.0496606,0,0.342656,1.67586,0.00442228
263.509333333,1.84228,0.652609,0,0,0,3.15152,0,0.0482914,0,0.309549,1.67538,0.00415734
263.552000000,1.86369,0.6459,0,0,0,3.11638,0,0.0471915,0,0.384394,1.6675,0.0046527
263.594666667,1.85388,0.62288,0,0,0.00101244,3.11029,0,0.0475968,0,0.42712,1.64763,0.00413795
263.637333333,1.83966,0.582985,0,0,0,3.13417,0,0.0487828,0,0.42915,1.61743,0.00377859
263.680000000,1.78316,0.567138,0,0,0,3.21719,0,0.049825,0,0.452477,1.58152,0.00434975
263.722666667,1.79068,0.592625,0,0,0,3.25796,0,0.048997,0,0.42574,1.56217,0.00612323
263.765333333,1.81894,0.610485,0,0,0,3.22861,0,0.0482867,0,0.346395,1.5546,0.00776449
263.808000000,1.82866,0.603245,0,0,0,3.19153,0,0.0476778,0,0.36915,1.55236,0.00536611
263.850666667,1.82957,0.590478,0,0,0,3.1674,0,0.046647,0,0.420112,1.54208,0.00239034
263.893333333,1.82942,0.587601,0,0,0,3.15908,0,0.0469449,0,0.41325,1.52305,0.00190504
263.936000000,1.80106,0.580254,0,0,0,3.19252,0,0.0488064,0,0.396673,1.48923,0.00450724
263.978666667,1.75065,0.572239,0,0,0,3.2644,0,0.050903,0,0.424518,1.4606,0.00871638
264.021333333,1.78555,0.563208,0,0,0,3.24925,0,0.0506892,0,0.356785,1.46257,0.00788664
264.064000000,1.82751,0.559579,0,0,0,3.19694,0,0.0498979,0,0.27895,1.46557,0.00475723
264.106666667,1.83596,0.559722,0,0,0,3.18519,0,0.0496048,0,0.321334,1.44753,0.00613199
264.149333333,1.85307,0.547315,0,0,0,3.17759,0,0.0486898,0,0.409852,1.42689,0.0059311
264.192000000,1.85526,0.544039,0,0,0,3.19224,0,0.0482858,0,0.430058,1.40785,0.00461875
264.234666667,1.82514,0.538798,0,0,0,3.2226,0,0.0484594,0,0.445824,1.38669,0.0043607
264.277333333,1.79056,0.53034,0,0.00251529,0,3.23007,0,0.0485076,0,0.477209,1.3667,0.00474644
264.320000000,1.81703,0.53107,0,0.00463753,0,3.21355,0,0.047208,0,0.437594,1.34486,0.00501483
264.362666667,1.82941,0.524856,0,0,0,3.21084,0,0.0465626,0,0.321978,1.33231,0.00681544
264.405333333,1.82753,0.518629,0,0,0,3.23563,0,0.0477417,0,0.273207,1.32776,0.0107665
264.448000000,1.85833,0.509722,0,0,0,3.2347,0,0.0486858,0,0.264376,1.31495,0.01074
264.490666667,1.87818,0.486699,0,0,0,3.22124,0,0.0487488,0,0.284219,1.29425,0.0055602
264.533333333,1.86007,0.444312,0,0,0,3.22521,0,0.0489544,0,0.319783,1.26509,0.00336515
264.576000000,1.83446,0.410002,0,0,0,3.23722,0,0.0490472,0,0.348692,1.23936,0.0069935
264.618666667,1.83712,0.407158,0,0,0,3.2556,0,0.0484356,0,0.340634,1.22804,0.00967019
264.661333333,1.81732,0.426308,0,0,0,3.28268,0,0.0483852,0,0.304296,1.21806,0.00943379
264.704000000,1.81754,0.436593,0,0,0,3.30253,0,0.0477649,0,0.299489,1.20825,0.00811333
264.746666667,1.85442,0.415829,0,0,0,3.27992,0,0.0476172,0,0.262315,1.20036,0.00730532
264.789333333,1.76797,0.42969,0,0,0,3.52521,0,0.0499952,0,0.214044,1.03247,0
264.832000000,1.71869,0.371627,0,0,0,3.56586,0,0.0519095,0,0.210413,1.00374,0
264.874666667,1.70353,0.377438,0,0,0,3.58333,0,0.0525837,0,0.203784,0.989383,0
264.917333333,1.70899,0.36001,0,0,0,3.60768,0,0.0521995,0,0.206473,0.9593,0
264.960000000,1.67858,0.334962,0,0,0,3.6681,0,0.052052,0,0.312324,0.886543,0
265.002666667,1.7088,0.340077,0,0,0,3.72886,0,0.0495444,0,0.312611,0.78787,0
265.045333333,1.74796,0.322596,0,0,0,3.72851,0,0.0472175,0,0.225085,0.723965,0
265.088000000,1.74458,0.284215,0,0,0,3.63699,0,0.0483988,7.5128e-05,0.146989,0.746803,0
265.130666667,1.7174,0.215823,0,0,0,3.59704,0,0.0504398,0,0.159165,0.80023,0
265.173333333,1.72667,0.168859,0,0,0,3.57224,0,0.0507291,0,0.185341,0.80867,0
265.216000000,1.71949,0.156153,0,0,0,3.56818,0,0.0508556,0,0.171148,0.764528,0
265.258666667,1.70135,0.193233,0,0,0,3.58795,0,0.0515878,0,0.18482,0.738996,0
265.301333333,1.73946,0.235787,0,0,0.0115241,3.59251,0,0.0508508,0,0.192079,0.744794,0
265.344000000,1.74972,0.23919,0,0,0.041688,3.5735,0,0.0503852,0,0.145128,0.750063,0
265.386666667,1.74518,0.175888,0,0,0.052888,3.54798,0.00135987,0.0508379,0,0.104414,0.743457,0
265.429333333,2.13529,0.13171,0.200155,0.116656,0.162614,3.28849,0.204792,0.128034,0,0.101947,0.786492,0
265.472000000,1.90489,0.368298,0,0,0.0290021,3.47122,0.622866,0.134939,0.040498,0.109924,0.251301,0
265.514666667,1.88128,0.798324,0,0,0,2.57467,2.07132,0.0884184,0.0179976,0.104947,0.256063,0
265.557333333,1.93164,1.01872,0,0,0.0176816,0.797959,3.33424,0.0717019,0.0444042,0.146817,0.337242,0
265.600000000,1.69936,1.31616,0,0,0.039423,0.0805142,3.49342,0.129084,0.0104866,0.0119283,0.585636,0.053205
265.642666667,1.66937,1.30059,0,0,0.032987,0,3.62762,0.10129,0.0161326,0.0870511,0.646622,0.0489878
265.685333333,1.65156,1.37907,0,0,0.0267139,0.0265391,3.66238,0.101575,0.0188563,0.00628437,0.735649,0
265.728000000,1.63172,1.33882,0,0,0.0191421,0.035983,3.67329,0.104274,0,0.00137923,0.764277,0
265.770666667,1.64296,1.3094,0,0,0.015864,0.0272418,3.64839,0.120146,0,0.00232736,0.788662,0.0630152
265.813333333,1.64881,1.29163,0,0,0.00911648,0.0168068,3.63971,0.138121,0,0.0207862,0.777484,0.0647119
265.856000000,1.64599,1.33286,0,0,0.005548,0.0181016,3.66067,0.172178,0,0.0217862,0.733405,0
265.898666667,1.64336,1.33037,0,0,0.0193984,0.0181649,3.64759,0.182984,0,0.000453625,0.66782,0
265.941333333,1.6296,1.33044,0.0031298,0,0.0405509,0.0146369,3.65832,0.165155,0,0.00198767,0.616841,0
265.984000000,1.6245,1.3173,0.0155648,0,0.0461301,0.0113821,3.65886,0.14424,0,0.00350686,0.620408,0
266.026666667,1.60017,1.29516,0,0,0.0489309,0.0117316,3.67303,0.136714,0,0.00407288,0.644111,0
266.069333333,1.63182,1.30703,0,0,0.034919,0.0106944,3.64201,0.130439,0,0.00354638,0.619043,0.0640036
266.112000000,1.64009,1.28868,0,0,0.0226447,0.0121435,3.68525,0.123035,0,0.00390293,0.594481,0
266.154666667,1.64141,1.37972,0.0930621,0.0830102,0.0221659,0.0112832,3.71886,0.0973446,0,0.00274412,0.469577,0
266.197333333,1.75802,1.48528,0.24355,0,0.0290223,0.00366106,3.71195,0.0882131,0,0.0139939,0.301814,0
266.240000000,1.66092,1.49011,0.0928701,0,0.0300685,0.402645,3.45818,0.0960558,0.410455,0,0,0
266.282666667,1.33619,1.92312,0.107242,0,0.0254753,0.802205,2.38353,0.122214,1.43583,0,0.088199,0.116537
266.325333333,1.28368,2.41772,0.172655,0,0.0201827,0.998195,1.25433,0.185681,1.87748,0.0105193,0,0
266.368000000,1.25809,2.63975,0,0,0.0319355,1.03341,0.660718,0.243115,2.19608,0.0104708,0,0
266.410666667,1.27114,2.62782,0,0,0.0512281,1.05722,0.650368,0.104164,2.18566,0.00544296,0,0
266.453333333,1.27793,2.63408,0,0,0.0669552,1.06252,0.642228,0.0796814,2.11781,0,0,0
266.496000000,1.28914,2.6347,0,0,0.0714803,1.05254,0.644844,0.0804504,2.11607,0,0,0
266.538666667,1.28687,2.63275,0,0,0.0621716,1.04831,0.651335,0.079674,2.15657,0.00604527,0,0
266.581333333,1.26134,2.63978,0,0,0.0338206,1.03323,0.648827,0.0972832,2.15404,0.00361597,0,0
266.624000000,1.25137,2.65764,0,0,0.0150572,1.03529,0.629233,0.0870722,2.11928,0,0,0
266.666666667,1.28434,2.66673,0,0,0.0267151,1.03453,0.610821,0.0871955,2.07117,0,0,0
266.709333333,1.28837,2.65969,0,0,0.0456327,1.00742,0.601971,0.0929538,2.09227,0,0,0
266.752000000,1.29714,2.66058,0,0,0.0452295,0.956994,0.595355,0.104522,2.14208,0,0,0
266.794666667,1.28071,2.66211,0,0,0.023672,1.07237,0.59399,0.132433,2.09926,0,0,0
266.837333333,1.31328,2.66716,0,0,0.00858965,0.966791,0.592215,0.15568,2.04131,0.00218688,0,0
266.880000000,1.26951,2.66322,0,0,0.0111344,1.0056,0.588636,0.146243,2.016,0.0243176,0,0
266.922666667,1.25822,2.6458,0,0,0.0215562,0.991388,0.589441,0.127849,2.00225,0.0143492,0,0
266.965333333,1.27255,2.63653,0,0,0.0315561,0.981371,0.586656,0.129,1.97054,0,2.54376e-06,0
267.008000000,1.27347,2.64751,0,0,0.0282521,0.969406,0.584646,0.163786,1.98663,0,0,0
267.050666667,1.29451,2.67047,0,0,0.0213714,0.960142,0.604268,0.124594,2.05742,0,0,0
267.093333333,1.32463,2.6834,0,0,0.0180767,0.959481,0.613885,0.0831524,2.15012,0,0,0
267.136000000,1.31573,2.68962,0,0,0.0147254,0.980008,0.591241,0.0834655,2.18987,0,0,0
267.178666667,1.26619,2.70204,0,0,0.0140043,1.06063,0.580785,0.082918,2.17458,0.00334476,0,0
267.221333333,1.25043,2.69835,0,0,0.0151558,1.09514,0.57467,0.0817528,2.10054,0.00192888,0,0
267.264000000,1.2542,2.67239,0,0,0.0282345,1.09676,0.562945,0.0831384,2.00202,0.021311,0,0
267.306666667,1.2572,2.66974,0,0,0.0371233,1.06842,0.555013,0.09034,1.9653,0.00653753,0,0
267.349333333,1.29849,2.64898,0,0,0.0382795,1.00049,0.554927,0.0986209,1.91829,0.0193555,0,0
267.392000000,1.24799,2.57329,0,0,0.0466988,1.3505,0.544982,0.0848297,1.82593,0.232719,0,0
267.434666667,1.43338,2.63128,0.225695,0.172018,0.0465911,1.7818,0,0.042739,1.57318,0.260753,0.621081,0.09328
267.477333333,1.50869,1.78664,0.585696,0.108615,0.133729,1.69407,0.0120129,0.0414446,1.40741,0.0598764,1.68492,0.0919006
267.520000000,1.44331,1.00723,0.719711,0.082652,0.135728,1.78095,0.0252305,0.042147,1.23351,0.00600905,2.2095,0.156311
267.562666667,1.40506,0.587378,0.661688,0,0.0389677,1.88016,0.0240012,0.0422034,1.08633,0,2.52365,0.120597
267.605333333,1.27369,0.37367,0.680346,0,0.0303926,1.93478,0.278526,0.0694148,0.917663,0,2.53529,0
267.648000000,1.32909,0.632351,0.695221,0,0.0154705,1.86624,0.00574067,0.0443766,0.758844,0,2.59955,0
267.690666667,1.34266,0.641048,0.708343,0,0.011147,1.83863,0.0089243,0.0456789,0.667937,0,2.58378,0
267.733333333,1.34861,0.612639,0.715739,0,0.0122958,1.89317,0.000259667,0.0467463,0.53922,0,2.58699,0
267.776000000,1.35499,0.574974,0.716098,0,0.0430084,1.92338,0,0.0445523,0.468187,0,2.60343,0
267.818666667,1.34831,0.543691,0.726347,0,0.0562373,1.91012,0.0094224,0.0422379,0.481478,0,2.61922,0
267.861333333,1.33264,0.520768,0.738454,0,0.0415211,1.91529,0.0118763,0.0420962,0.49936,0,2.64085,0
267.904000000,1.32031,0.500515,0.753372,0,0.0127611,1.92757,0.00668945,0.0425097,0.471812,0,2.66711,0
267.946666667,1.36556,0.465393,0.774879,0,0.00612165,1.92634,0.0159075,0.0406117,0.409129,0,2.64759,0
267.989333333,1.37206,0.443181,0.765289,0,0.00657444,1.90589,0.0284185,0.0399116,0.330283,0,2.65286,0
268.032000000,1.38437,0.432663,0.753155,0,0.00780537,1.90092,0.0335855,0.0392148,0.2584,0,2.66534,0
268.074666667,1.39837,0.427102,0.724831,0,0.011866,1.89315,0.0313581,0.0386325,0.294435,0,2.66125,0
268.117333333,1.37402,0.419882,0.698962,0,0.0320897,1.90677,0.024822,0.0397652,0.411901,0,2.65753,0
268.160000000,1.34072,0.412824,0.696251,0,0.0529039,1.9167,0.0251676,0.0403735,0.488541,0,2.66465,0
268.202666667,1.33846,0.3964,0.749452,0,0.0654723,1.91559,0.0274732,0.0402023,0.457491,0,2.65764,0
268.245333333,1.36429,0.381439,0.769126,0,0.0685023,1.88903,0.039027,0.0396087,0.364556,0,2.65646,0
268.288000000,1.37252,0.369072,0.740764,0,0.0612532,1.86858,0.0614592,0.0387374,0.264346,0,2.66599,0
268.330666667,1.38791,0.356704,0.699858,0,0.0457841,1.90107,0.0624054,0.0384913,0.216625,0,2.67137,0
268.373333333,1.40607,0.337631,0.703972,0,0.0358589,1.91441,0.0489093,0.040301,0.189238,0,2.6605,0
268.416000000,1.38662,0.323432,0.746888,0,0.0204259,1.90583,0.0256722,0.0429175,0.227187,0,2.65872,0
268.458666667,1.35811,0.308091,0.807229,0,0.00755592,1.88232,0.0278564,0.0438556,0.308381,0,2.64932,0
268.501333333,1.36145,0.286316,0.816812,0,0.00733472,1.88591,0.0388429,0.0429796,0.344819,0,2.63513,0
268.544000000,1.36278,0.260887,0.771653,0,0.00542196,1.8992,0.0447694,0.0420134,0.324358,0,2.63915,0
268.586666667,1.35953,0.226333,0.715168,0,0.00787664,1.9256,0.0471416,0.0402925,0.254551,0,2.68155,0
268.629333333,1.38306,0.211467,0.703426,0,0.0233298,1.90573,0.0418237,0.0398001,0.215881,0.00117664,2.70803,0
268.672000000,1.39632,0.193172,0.738478,0,0.0342801,1.89361,0.0349118,0.039459,0.213158,0.00190728,2.68736,0
268.714666667,1.37923,0.172301,0.775298,0,0.0291559,1.90193,0.0238896,0.0397121,0.275231,0.00152805,2.65427,0
268.757333333,1.36082,0.15925,0.782763,0,0.0178781,1.8948,0.0118983,0.0406545,0.351739,0.000377187,2.63795,0
268.800000000,1.36542,0.155782,0.774323,0,0.00665043,1.88607,0.0162084,0.040742,0.357848,0,2.63477,0
268.842666667,1.36194,0.151241,0.741622,0,0.00291904,1.88656,0.0231647,0.0417896,0.320185,0,2.6724,0
268.885333333,1.35309,0.139776,0.704848,0,0.00209998,1.90035,0.0283446,0.0425531,0.269576,0,2.72462,0
268.928000000,1.38919,0.120806,0.705345,0,0.0073435,1.932,0.030335,0.0404806,0.286121,0.000253443,2.7145,0
268.970666667,1.39542,0.105906,0.7051,0,0.0153222,1.90524,0.028558,0.0406425,0.306386,0.000694131,2.68723,0
269.013333333,1.39131,0.0940158,0.69842,0,0.0295793,1.83972,0.0126208,0.0422232,0.32057,0,2.67753,0
269.056000000,1.38359,0.0872549,0.711089,0,0.0357047,1.82472,0,0.0437829,0.271597,0,2.66174,0
269.098666667,1.37536,0.0754741,0.729994,0,0.0417841,1.85875,0,0.0432687,0.223292,0,2.64417,0
269.141333333,1.3635,0.062025,0.750345,0,0.0418281,1.89173,0,0.0422053,0.188661,0,2.66799,0
269.184000000,1.34715,0.0420485,0.74997,0,0.041144,1.90932,0.0107854,0.041637,0.206482,0.000721563,2.7079,0
269.226666667,1.39581,0.0363569,0.734087,0,0.0347105,1.8806,0.0182793,0.0390255,0.266009,0.00262152,2.68411,0
269.269333333,1.39954,0.0400996,0.7219,0,0.0257548,1.86349,0,0.0375208,0.251828,0.00389783,2.6601,0
269.312000000,1.3967,0.0423712,0.730776,0,0.0178233,1.86295,0,0.0380938,0.251868,0.00422719,2.63843,0
269.354666667,1.40363,0.0390314,0.722348,0,0.0180538,1.86836,0,0.0411977,0.238594,0.0024258,2.60542,0
269.397333333,1.41887,0.0352911,0.694916,0,0.025704,1.8394,0,0.0413176,0.266385,0,2.60368,0
269.440000000,1.41207,0.0337278,0.688666,0,0.035257,1.85397,0.00996293,0.0397098,0.261753,0,2.60512,0
269.482666667,1.39928,0.0130412,0.691139,0,0.0374564,1.86861,0.0140154,0.0409623,0.238076,0,2.60681,0
269.525333333,1.40374,0.0199209,0.698949,0,0.0314165,1.85672,0.00678551,0.0421354,0.29588,0,2.65463,0
269.568000000,1.39131,0.0372419,0.702708,0,0.0265073,1.86712,0,0.0422255,0.424767,0,2.6776,0
269.610666667,1.37242,0.0423237,0.703593,0,0.0240322,1.87043,0,0.0412814,0.419511,0,2.67773,3.04304e-05
269.653333333,1.37905,0.0329151,0.708687,0,0.0272899,1.87317,0,0.0397596,0.345227,0,2.67057,8.71708e-06
269.696000000,1.4036,0.0149924,0.717804,0,0.0269579,1.86025,0,0.0513139,0.224929,0,2.65714,0
269.738666667,1.39814,0.00451451,0.739719,0,0.0312019,1.87894,0,0.0583655,0.19581,0,2.64812,0
269.781333333,1.39044,0.00445559,0.76328,0,0.0289118,1.88945,0,0.0374294,0.199049,0.000911637,2.65658,0
269.824000000,1.38026,0.0055904,0.754644,0,0.0186415,1.90126,0,0.0390258,0.206031,0,2.65387,0
269.866666667,1.38052,0.0115379,0.736333,0,0.00790774,1.89948,0.00251807,0.0404136,0.279293,0,2.65371,0
269.909333333,1.36009,0.0176949,0.752605,0,0.0157081,1.87123,0.000223991,0.0416228,0.242199,0,2.67178,0
269.952000000,1.3564,0.00967435,0.725261,0,0.0362903,1.85697,0.00812875,0.0396725,0.209282,0,2.6929,0
269.994666667,1.39412,0.0133163,0.712839,0,0.042925,1.86315,0,0.0369867,0.210627,0,2.65373,0
270.037333333,1.40291,0.0264815,0.728386,0,0.0264073,1.88918,0,0.0368621,0.201988,0,2.63413,0
270.080000000,1.39761,0.0280304,0.738315,0,0.0128871,1.89899,0,0.0378202,0.134983,0,2.63268,0
270.122666667,1.3968,0.0204093,0.740218,0,0.0241432,1.88334,0,0.0379111,0.151912,0,2.63152,0
270.165333333,1.37209,0.00973887,0.73404,0,0.0369348,1.87532,0,0.0379487,0.226838,0,2.63532,0
270.208000000,1.31708,0,0.715346,0,0.0380615,1.87121,0,0.0393094,0.29114,0,2.65263,0
270.250666667,1.31796,0,0.72744,0,0.0371972,1.85442,0.00151633,0.0404249,0.360717,0,2.6518,0
270.293333333,1.37045,0,0.706876,0,0.0486193,1.84255,0,0.0407953,0.368724,0,2.6415,0
270.336000000,1.38026,0,0.709206,0,0.0495011,1.83567,0,0.040668,0.293097,0,2.63487,0
270.378666667,1.39301,0,0.74557,0,0.0380295,1.84824,0,0.0386153,0.179492,0,2.6182,0
270.421333333,1.38878,0,0.794864,0,0.0222826,1.87071,0,0.0374624,0.1465,0.000504011,2.61818,0
270.464000000,1.36898,0,0.791311,0,0.0148722,1.87038,0,0.0386441,0.231889,0.00179395,2.63599,0
270.506666667,1.33787,0,0.768587,0,0.0257827,1.85749,0,0.0406247,0.260481,0.000832137,2.64963,0
270.549333333,1.34953,0,0.768778,0,0.0298082,1.8623,0,0.0419267,0.154011,0,2.64038,0
270.592000000,1.36565,0,0.764558,0,0.0332979,1.87637,0,0.0415911,0.168316,0.000985722,2.62436,0
270.634666667,1.36011,0,0.737365,0,0.04396,1.89456,0,0.0395946,0.232369,0.00145583,2.62418,0
270.677333333,1.38311,0,0.750597,0,0.0570798,1.90342,0,0.0371174,0.216339,0.000299661,2.63947,0
270.720000000,1.40173,0,0.758015,0,0.0529246,1.90252,0.0112757,0.0350796,0.170581,0,2.65292,0
270.762666667,1.38039,0,0.766312,0,0.0437907,1.9028,0.0036951,0.0377164,0.126362,0,2.63717,0
270.805333333,1.33903,0,0.775968,0,0.0461379,1.90425,0,0.0422971,0.0515218,0,2.6205,0
270.848000000,1.34594,0,0.739045,0,0.0530008,1.89887,0,0.0909827,0.0261098,0.00010383,2.62142,0
270.890666667,1.35891,0,0.727823,0,0.05767,1.88796,0.00612194,0.0947333,0.039796,0.00161585,2.62853,0
270.933333333,1.36419,0,0.739903,0,0.053075,1.88283,0.0205925,0.0409701,0.0549882,0.0028245,2.63992,0
270.976000000,1.39521,0,0.756988,0,0.0603199,1.86817,0.0228696,0.0395762,0.0403125,0.00117006,2.63811,0
271.018666667,1.40753,0,0.762075,0,0.0854516,1.86941,0.035581,0.0391177,0.0250442,0,2.6335,0
271.061333333,1.3884,0,0.799217,0,0.0953055,1.8534,0,0.0399278,0.0226465,0,2.61814,0
271.104000000,1.35676,0,0.807997,0,0.083777,1.86632,0,0.0411546,0.0236028,0,2.60779,0
271.146666667,1.35957,0,0.781445,0,0.0635049,1.86743,0,0.041228,0.0219755,5.27567e-05,2.60711,0
271.189333333,1.3412,0,0.760213,0,0.0515255,1.90625,0,0.0412052,0.0194211,0.00164706,2.62389,0
271.232000000,1.35336,0,0.748661,0,0.0501043,1.90744,0,0.0420859,0.0265095,0.00368058,2.64714,0
271.274666667,1.38745,0,0.74561,0,0.0407802,1.86654,0,0.0425634,0.0554243,0.00338111,2.66173,0
271.317333333,1.3998,0,0.746466,0,0.0424407,1.85729,0,0.0430058,0.0629959,0.00106237,2.64124,0
271.360000000,1.39006,0,0.73436,0,0.0561637,1.84656,0,0.0434552,0.0576527,0,2.62704,0
271.402666667,1.37911,0,0.723289,0,0.0653268,1.84947,0,0.0421971,0.107918,0,2.6315,4.3804e-05
271.445333333,1.36827,0,0.743326,0,0.0662574,1.87355,0,0.0395223,0.111893,0,2.63002,3.54225e-05
271.488000000,1.34931,0,0.770218,0,0.0686486,1.90595,0,0.0376132,0.0453075,0.0006968,2.63881,0
271.530666667,1.36687,0,0.774104,0,0.066332,1.90661,0,0.0376851,0.0699958,0.00148345,2.65949,0
271.573333333,1.38436,0,0.8046,0,0.0521143,1.90253,0,0.0380916,0.095476,0.000493205,2.64818,0
271.616000000,1.3864,0,0.816739,0,0.0392704,1.91165,0,0.0381346,0.0978729,0,2.62691,0
271.658666667,1.39154,0,0.79799,0,0.0453635,1.90885,0,0.0369528,0.0732978,0.000436078,2.61297,0
271.701333333,1.39243,0,0.744115,0,0.0491344,1.90102,0,0.174621,0.0373809,0.000460592,2.61957,0
271.744000000,1.37577,0,0.734705,0,0.0386098,1.89976,0,0.243193,0.0196164,0,2.62158,0
271.786666667,1.35079,0,0.736004,0,0.0345608,1.88165,0,0.287192,0.0190297,0,2.63273,0
271.829333333,1.374,0,0.72531,0,0.0364947,1.86197,0,0.34565,0.0155153,0,2.62356,0
271.872000000,1.39344,0,0.708233,0,0.0250723,1.85957,0,0.281576,0.0157849,0,2.62299,0
271.914666667,1.40003,0,0.714858,0,0.0186528,1.8648,0,0.0735826,0.0154728,0,2.62697,0
271.957333333,1.40887,0,0.723672,0,0.0229656,1.86744,0,0.0402372,0.0110584,0,2.62807,0
272.000000000,1.40757,0,0.718272,0,0.0183626,1.86347,0,0.0407061,0.0199902,0,2.62835,0
272.042666667,1.38431,0,0.72116,0,0.00760171,1.85196,0,0.0402086,0.126943,0,2.62139,0
272.085333333,1.35831,0,0.727891,0,0.00635751,1.85397,0,0.0698375,0.179466,0,2.61555,0
272.128000000,1.37763,0,0.711958,0,0.0302696,1.87208,0,0.041215,0.135585,0,2.61436,0
272.170666667,1.37715,0,0.731023,0,0.0517445,1.89252,0,0.0432365,0.0418389,0.000181575,2.61733,0
272.213333333,1.38412,0,0.766599,0,0.0685505,1.89422,0,0.0423002,0.0331713,0,2.61531,0
272.256000000,1.41049,0,0.784766,0,0.073357,1.86894,0,0.0401602,0.0141042,0,2.61424,0
272.298666667,1.41264,0,0.775262,0,0.0701447,1.84784,0,0.0410184,0.010919,0,2.6182,1.99571e-05
272.341333333,1.38697,0,0.777576,0,0.0568448,1.84512,0,0.0427849,0.00993447,0,2.61705,0.00015128
272.384000000,1.35755,0,0.809154,0,0.0373576,1.8852,0.00857951,0.0427339,0.0156908,0,2.61189,0.000214802
272.426666667,1.37481,0,0.800863,0,0.0228725,1.88537,0.00617329,0.0408379,0.0182684,0,2.61856,0.000168785
272.469333333,1.37511,0,0.757898,0,0.0186994,1.85212,0,0.0406723,0.043635,0,2.6363,0.000120516
272.512000000,1.39202,0,0.711814,0,0.0259415,1.81948,0,0.0413026,0.061827,0,2.64653,0.000116589
272.554666667,1.41469,0,0.726175,0,0.0418677,1.81044,0,0.0422888,0.0612301,0,2.62855,0.000100932
272.597333333,1.41438,0,0.733705,0,0.0566597,1.80979,0,0.167895,0.0688208,0,2.61774,0
272.640000000,1.39739,0,0.735099,0,0.0587656,1.8111,0,0.164502,0.0972676,0,2.62164,0
272.682666667,1.38804,0,0.754625,0,0.0505369,1.82996,0,0.0894713,0.117178,0,2.62318,0
272.725333333,1.387,0,0.764711,0,0.0337336,1.83574,0,0.0739216,0.16898,0,2.61514,0
272.768000000,1.36805,0,0.78314,0,0.0366109,1.84516,0,0.0667252,0.169674,0,2.62204,0
272.810666667,1.39503,0,0.797436,0,0.0485142,1.83641,0,0.0371283,0.080051,0,2.64103,0
272.853333333,1.41414,0,0.799668,0,0.0446906,1.81564,0,0.0385306,0.0635187,0,2.63767,0
272.896000000,1.41093,0,0.812524,0,0.0187067,1.80348,0,0.0774461,0.0531105,0,2.63588,0
272.938666667,1.39878,0,0.771736,0,0.00810945,1.7966,0,0.0974616,0.0192484,0,2.61922,0
272.981333333,1.39265,0,0.793145,0,0.00912677,1.81234,0,0.109531,0.0498458,0,2.60702,0
273.024000000,1.38325,0,0.81824,0,0.0108572,1.83419,0,0.0615586,0.0569756,0.000177035,2.60668,0
273.066666667,1.37021,0,0.798775,0,0.0345836,1.8592,0,0.0365588,0.043327,0,2.61364,0
273.109333333,1.40151,0,0.753027,0,0.0584075,1.85039,0,0.0370458,0.075115,0.00118818,2.62978,0
273.152000000,1.40815,0,0.731265,0,0.0669918,1.82882,0,0.0380849,0.104083,0.00360572,2.64605,0
273.194666667,1.40614,0,0.718974,0,0.0588208,1.80833,0,0.0389751,0.0931519,0.00520408,2.65227,0
273.237333333,1.41575,0,0.722611,0,0.0430034,1.77116,0,0.0394884,0.109773,0.00523477,2.65394,0
273.280000000,1.43512,0,0.732106,0,0.0401433,1.75324,0,0.0396495,0.109167,0.00320815,2.63707,0
273.322666667,1.43774,0,0.719981,0,0.0510715,1.74899,0,0.13283,0.062427,0.000271105,2.62274,0
273.365333333,1.40953,0,0.720835,0,0.0517967,1.74816,0,0.156446,0.0105195,9.28927e-05,2.61755,0
273.408000000,1.39721,0,0.760237,0,0.0516262,1.76841,0,0.0427904,0,0.00233646,2.61534,0
273.450666667,1.38287,0,0.802521,0,0.0535573,1.79811,0,0.0395073,0,0.00358634,2.61298,0
273.493333333,1.37419,0,0.813471,0,0.0455314,1.78117,0,0.0382518,0.0149067,0.00246113,2.62846,0
273.536000000,1.35941,0,0.79273,0.00354308,0.0349162,1.78371,0,0.0402956,0.0268294,0,2.63029,0
273.578666667,1.37467,0,0.827674,0,0.0344978,1.77922,0.0362192,0.0397473,0.00509871,0,2.6231,0
273.621333333,1.39375,0,0.8511,0,0.0379848,1.76969,0.0577114,0.0388748,0.00134023,0,2.61604,0
273.664000000,1.38623,0,0.802769,0,0.0393835,1.73437,0.059591,0.0384777,0.104007,0.00319006,2.62035,0
273.706666667,1.37032,0,0.756581,0,0.0357555,1.71384,0.0143136,0.0359925,0.0979123,0.0047681,2.6316,0
273.749333333,1.34169,0,0.819353,0,0.0291962,1.71467,0.0244739,0.0333554,0.0185458,0.0032152,2.63279,0
273.792000000,1.3185,0,0.837989,0,0.0285221,1.74919,0.0212666,0.0389968,0.0020577,0.000305282,2.61523,0
273.834666667,1.26569,0,0.837843,0,0.0201342,1.81339,0,0.0437694,0.00422065,0,2.59561,0
273.877333333,1.31535,0,0.839538,0,0.0184281,1.83126,0,0.041208,0.010319,4.28926e-05,2.59145,0
273.920000000,1.37015,0,0.821459,0.015947,0.0221107,1.78532,0.0592897,0.043441,0.00912733,0,2.60606,0
273.962666667,1.39957,0,0.773687,0.014056,0.0580291,1.72799,0.026055,0.101106,0.0131084,0,2.64077,0
274.005333333,1.39475,0,0.788463,0,0.0345062,1.73734,0,0.1017,0.019229,0,2.64189,0
274.048000000,1.37369,0,0.794472,0,0.0406339,1.74252,0,0.120805,0.0179181,0,2.62332,0
274.090666667,1.30404,0,0.759993,0,0.0530908,1.7563,0,0.0963601,0.000556315,0,2.6186,0
274.133333333,1.24101,0,0.782713,0,0.0540615,1.80725,0,0.0339448,0.00902428,0,2.62483,0
274.176000000,1.29662,0,0.787031,0,0.032247,1.81485,0,0.151417,0.0506299,0,2.63161,0
274.218666667,1.33746,0,0.892863,0.00982091,0.0250367,1.80034,0,0.0271523,0.0604758,9.82865e-05,2.63852,9.14168e-06
274.261333333,1.35475,0,0.93624,0.00518654,0.0164544,1.78192,0,0.0268104,0.0273268,0.0012404,2.62444,0.000123308
274.304000000,1.35268,0,0.933577,0.135933,0.0135657,1.78533,0,0.0445545,0.0444015,0.034177,2.52858,0.000131614
274.346666667,1.3438,0,0.904404,0.145156,0.0591791,1.78117,0,0.09807,0.0868639,0.013243,2.50977,9.55218e-05
274.389333333,1.3124,0,0.855806,0.002171,0.0745425,1.73753,0.0120514,0.0982516,0.0662734,0.00171806,2.58255,2.83516e-05
274.432000000,1.28302,0,0.812497,0.0220534,0.0752685,1.69906,0.0187254,0.0496783,0.0494377,0.00224449,2.59309,0
274.474666667,1.30341,0,0.806685,0.0242217,0.0680623,1.72036,0,0.0418641,0.0567231,0.00461133,2.595,0
274.517333333,1.30174,0,0.78037,0.0172457,0.0382549,1.64233,0,0.0381189,0.072202,0.00828489,2.63003,0
274.560000000,1.30022,0,0.80795,0.00745158,0.0330086,1.51485,0,0.0309048,0.145446,0.00979562,2.65109,0
274.602666667,1.31123,0,0.760391,0,0.0790676,1.41717,0.0165617,0.031024,0.197217,0.00843215,2.63474,0
274.645333333,1.2673,0,0.751626,0.128363,0.155523,1.36901,0,0.0358859,0.157722,0.00487229,2.59682,0
274.688000000,1.20114,0,0.856152,0.134562,0.139496,1.42558,0,0.0599603,0.0355849,0.00321825,2.57644,0.00161881
274.730666667,1.19679,0,0.752627,0,0.105295,1.49235,0.0153737,0.0638509,0,0.0166751,2.61911,0.0149182
274.773333333,1.20947,0,0.712988,0,0.275545,1.49336,0.00863113,0.0369954,0.0590927,0.00134832,2.60612,0
274.816000000,1.20092,0,0.828025,0,0.0820119,1.44569,0.0112875,0.0401152,0.0877249,0.0871733,2.41481,0.0531974
274.858666667,1.34942,0,0.681695,0,0.0528527,1.0989,0.0350234,0.111708,0.0758019,0.0352234,2.30555,0.138264
274.901333333,1.55273,0,0.48686,0,0.0561608,0.519222,0.0672694,0.107883,0.0559115,0.039935,2.49113,0.139315
274.944000000,1.45832,0,0.617229,0.239991,0.0769078,0.507863,0.0911405,0.103609,0.0185746,0.00853427,2.50718,0
274.986666667,1.486,0,0.771386,0.236008,0.169984,0.666549,0.280985,0.104681,0.0165649,0,2.42322,0.022365
275.029333333,1.4634,0.00790557,0.698023,0.168148,0.0937864,0.859516,0.320069,0.0308685,0,0.00928201,2.38899,0.0105716
275.072000000,1.43722,0.300432,0.291997,0,0.153378,1.00902,0.26327,0.0347696,0,0.119552,2.41576,0.00692858
275.114666667,1.41882,0.581411,0,0,0.154808,1.1118,0.276092,0.0386409,0,0.182021,2.35938,0.00149301
275.157333333,1.57806,0.741937,0.0392248,0,0.149898,0.792707,0.306496,0.0590034,0,0.148862,2.25149,0.0329163
275.200000000,1.68695,0.833506,0,0.0548131,0.106102,0.466742,0.216985,0.0392915,0,0.142456,1.92954,0.430198
275.242666667,1.65773,0,0,0,0.113716,0,0.000309919,0.0731829,0,0.0982092,0,0
275.285333333,1.64003,0,0,0,0.102292,0,0,0.0382263,0.0517167,0.125957,0,0
275.328000000,1.63393,0,0,0,0.0867155,0,0.00516057,0.0279613,0.0839834,0.115564,0,0
275.370666667,1.63333,0,0,0,0.0722657,0,0.02059,0.0242142,0.0816912,0.0676133,0.00141838,0
275.413333333,1.62143,0,0,0,0.0656004,0,0.0479931,0.0869512,0.0180332,0.0349677,0.000926961,0
275.456000000,1.66085,0,0,0,0.0694734,0,0.0462905,0.0858671,0.000796723,0.0487055,0,0
275.498666667,1.66343,0,0,0,0.078765,0,0.0289387,0.0844517,0.000222157,0.0799164,0,0
275.541333333,1.66129,0,0,0,0.0802525,0,0.0282214,0.178391,0.0182166,0.0928266,0,0
275.584000000,1.64737,0,0,0,0.0923083,0,0.0103171,0.15372,0.079468,0.107785,0,0
275.626666667,1.62413,0,0,0,0.111108,0.00064861,0.00119062,0.0343683,0.0860748,0.0996081,0.00525628,0
275.669333333,1.60663,0,0,0,0.121133,0.000590068,0.0163688,0.0337288,0.0381865,0.0773885,0.00507348,0
275.712000000,1.6067,0,0,0,0.118387,0,0.0209167,0.0356263,0.0243522,0.0858667,0.00106826,0
275.754666667,1.64905,0,0,0,0.113761,0,0.0234492,0.0363987,0.0538319,0.0826983,0,0
275.797333333,1.64478,0,0,0,0.106997,0.000213018,0.00887388,0.0372156,0.158751,0.0721823,0,0
275.840000000,1.64155,0,0,0,0.0930421,0.000722488,0,0.0380417,0.180879,0.0811455,0,0
275.882666667,1.64841,0,0,0,0.0738655,0.000505483,0.0084321,0.0376622,0.108225,0.0918503,0,0
275.925333333,1.63438,0,0,0,0.0816815,9.31467e-05,0.05998,0.0372612,0.00671768,0.147739,0,0
275.968000000,1.61753,0,0,0,0.0973747,0.000421191,0.0560929,0.1563,0,0.222306,0,0
276.010666667,1.62397,0,0,0,0.114889,0,0.0466527,0.235218,0.00027843,0.249394,0,0
276.053333333,1.64415,0,0,0,0.120391,0,0.0735536,0.206092,0.00273045,0.203739,0,0
276.096000000,1.63056,0,0,0,0.116842,0,0.0992563,0.166482,0.0154761,0.172952,0.00281967,0
276.138666667,1.6477,0,0,0,0.109799,0,0.106001,0.174763,0,0.221881,0.00603871,0
276.181333333,1.67308,0,0,0,0.101949,0,0.0879491,0.308675,0,0.229956,0.0014027,0
276.224000000,1.65741,0,0,0,0.0983699,0.000321256,0.0507766,0.292872,0,0.171916,0,0
276.266666667,1.6268,0,0,0,0.0854114,0,0.0671814,0.226164,0.0345341,0.0609892,0.000135841,0
276.309333333,1.6248,0,0,0,0.0802975,0,0.0691833,0.244162,0.0921188,0.0161093,0.000152515,0
276.352000000,1.62411,0,0,0,0.0962573,0,0.0446234,0.307913,0.00625368,0.0252813,0.000982973,0
276.394666667,1.62014,0,0,0,0.0966225,0,0,0.387994,1.47595e-05,0.0829526,0,0
276.437333333,1.63283,0,0,0,0.0733961,0,0.0081262,0.328918,2.98758e-05,0.130746,0,0
276.480000000,1.64222,0,0,0.00657209,0.0556683,0,0.0356431,0.146493,0,0.125034,0,0
276.522666667,1.62835,0,0,0,0.0615918,0,0.042056,0.0460876,0.0257481,0.105403,0,0
276.565333333,1.61888,0,0,0,0.0983401,0,0.0308683,0.0650681,0.0347659,0.0502459,0,4.11208e-05
276.608000000,1.63243,0,0,0,0.119309,0.000303094,0.0316976,0.102616,0.012362,0.0440117,0,9.53728e-05
276.650666667,1.63028,0,0,0,0.124624,0.00142698,0.036558,0.1958,0.0184677,0.0575109,0,7.57289e-05
276.693333333,1.63221,0,0,0,0.120899,0.00175583,0.0253512,0.424828,0.0182531,0.0411502,0,2.15957e-05
276.736000000,1.67683,0,0,0,0.108349,0.0175454,0,0.50693,0.0643998,0.015662,0.000596538,0
276.778666667,1.6766,0,0,0,0.0967353,0.0308338,0,0.45872,0.163817,0.0135583,0.00120264,0
276.821333333,1.66321,0,0,0,0.0774997,0.0203985,0,0.243498,0.247916,0.0746816,0.000823554,0
276.864000000,1.65749,0,0,0,0.0638013,0,0,0.0670329,0.312915,0.120973,0.00360806,0
276.906666667,1.65334,0,0,0,0.0746196,0,0.0112492,0.035507,0.303216,0.170491,0.00312892,0
276.949333333,1.64573,0,0,0,0.0869344,0,0.029569,0.0491457,0.163636,0.220895,0,0
276.992000000,1.64106,0,0,0,0.103412,0,0.0510711,0.0651668,0.00594561,0.256711,0,0
277.034666667,1.67946,0,0,0,0.106486,0,0.159007,0.0352932,0.00021854,0.270743,0,0
277.077333333,1.66701,0,0,0,0.101605,0,0.18603,0.0432199,0.00572335,0.208104,0,0
277.120000000,1.66022,0,0,0,0.0975298,0,0.10954,0.0607718,0.0129039,0.196174,0,0
277.162666667,1.65404,0,0,0,0.0853363,0,0.0463945,0.0538136,0.0060774,0.193924,0,0
277.205333333,1.6608,0,0,0,0.0782755,0,0.0175816,0.0373931,0.000452101,0.157645,0,0
277.248000000,1.60031,0,0.868044,0.542647,0.201732,0.306398,0,0.0398875,0,0.0723897,0,0
277.290666667,1.61851,0,0.068626,0.897818,0.353557,0.369409,0.0145256,0.0932741,0,0.202577,0,0
277.333333333,1.68867,0,0,0,0.10786,0,0.123729,0.0328008,0,0.159094,0.00999195,0
277.376000000,1.67824,0,0,0,0.112426,9.29509e-05,0.0973304,0.0343094,0,0.113725,0.0119612,0
277.418666667,1.65379,0,0,0,0.129702,0.00391223,0.00309089,0.0393983,0,0.0700168,0.0138067,0
277.461333333,1.65538,0.00317816,0,0,0.141978,0.00424218,0,0.0370384,0.0108133,0.0717561,0.00840579,0
277.504000000,1.67204,0.00396951,0,0,0.135109,0.00297106,0.0166146,0.0349166,0.0187645,0.0707345,0,0
277.546666667,1.64544,0,0,0,0.121944,0.000820794,0.0373282,0.0361047,0.0115582,0.158109,0,0
277.589333333,1.624,0.00150441,0,0,0.115438,0.000260908,0,0.11414,0.0728686,0.129895,0.00161168,0
277.632000000,1.63795,0,0,0,0.125753,0.000100906,0,0.133964,0.141298,0.0443027,0.00706346,0
277.674666667,1.65246,0,0,0,0.130455,0,0,0.127271,0.23541,0.0170615,0.00480102,0
277.717333333,1.62175,0,0,0,0.133657,0,0,0.0970926,0.203078,0.0991796,0.00262847,0
277.760000000,0,0,0,0,0,0,0,0,0,0,0,0
277.802666667,0,0,0,0,0,0,0,0,0,0,0,0
277.845333333,1.62791,0.0011262,0,0,0.130191,0.00393302,0.0496836,0.0793451,0.0506915,0.193932,0.00347433,0
277.888000000,1.64142,0.00402815,0,0,0.121672,0.000529549,0.114187,0.0356817,0.0254078,0.169067,0,0
277.930666667,1.6396,0.00740129,0,0,0.145047,0,0.123155,0.0353519,0.00072716,0.163731,0,0
277.973333333,0,0,0,0,0,0,0,0,0,0,0,0
278.016000000,0,0,0,0,0,0,0,0,0,0,0,0
278.058666667,0,0,0,0,0,0,0,0,0,0,0,0
278.101333333,0,0,0,0,0,0,0,0,0,0,0,0
278.144000000,0,0,0,0,0,0,0,0,0,0,0,0
278.186666667,0,0,0,0,0,0,0,0,0,0,0,0
278.229333333,0,0,0,0,0,0,0,0,0,0,0,0
278.272000000,0,0,0,0,0,0,0,0,0,0,0,0
278.314666667,0,0,0,0,0,0,0,0,0,0,0,0
278.357333333,0,0,0,0,0,0,0,0,0,0,0,0
278.400000000,0,0,0,0,0,0,0,0,0,0,0,0
278.442666667,0,0,0,0,0,0,0,0,0,0,0,0
278.485333333,0,0,0,0,0,0,0,0,0,0,0,0
278.528000000,0,0,0,0,0,0,0,0,0,0,0,0
278.570666667,0,0,0,0,0,0,0,0,0,0,0,0
278.613333333,0,0,0,0,0,0,0,0,0,0,0,0
278.656000000,0,0,0,0,0,0,0,0,0,0,0,0
278.698666667,0,0,0,0,0,0,0,0,0,0,0,0
278.741333333,0,0,0,0,0,0,0,0,0,0,0,0
278.784000000,0,0,0,0,0,0,0,0,0,0,0,0
278.826666667,0,0,0,0,0,0,0,0,0,0,0,0
278.869333333,0,0,0,0,0,0,0,0,0,0,0,0
278.912000000,0,0,0,0,0,0,0,0,0,0,0,0
278.954666667,0,0,0,0,0,0,0,0,0,0,0,0
278.997333333,0,0,0,0,0,0,0,0,0,0,0,0
279.040000000,0,0,0,0,0,0,0,0,0,0,0,0
279.082666667,0,0,0,0,0,0,0,0,0,0,0,0
279.125333333,0,0,0,0,0,0,0,0,0,0,0,0
279.168000000,0,0,0,0,0,0,0,0,0,0,0,0
279.210666667,0,0,0,0,0,0,0,0,0,0,0,0
279.253333333,0,0,0,0,0,0,0,0,0,0,0,0
279.296000000,0,0,0,0,0,0,0,0,0,0,0,0
279.338666667,0,0,0,0,0,0,0,0,0,0,0,0
279.381333333,0,0,0,0,0,0,0,0,0,0,0,0
279.424000000,0,0,0,0,0,0,0,0,0,0,0,0
279.466666667,0,0,0,0,0,0,0,0,0,0,0,0
279.509333333,0,0,0,0,0,0,0,0,0,0,0,0
279.552000000,0,0,0,0,0,0,0,0,0,0,0,0
279.594666667,0,0,0,0,0,0,0,0,0,0,0,0
279.637333333,0,0,0,0,0,0,0,0,0,0,0,0
279.680000000,0,0,0,0,0,0,0,0,0,0,0,0
279.722666667,0,0,0,0,0,0,0,0,0,0,0,0
279.765333333,0,0,0,0,0,0,0,0,0,0,0,0
279.808000000,0,0,0,0,0,0,0,0,0,0,0,0
279.850666667,0,0,0,0,0,0,0,0,0,0,0,0
279.893333333,0,0,0,0,0,0,0,0,0,0,0,0
279.936000000,0,0,0,0,0,0,0,0,0,0,0,0
279.978666667,0,0,0,0,0,0,0,0,0,0,0,0
280.021333333,0,0,0,0,0,0,0,0,0,0,0,0
280.064000000,0,0,0,0,0,0,0,0,0,0,0,0
280.106666667,0,0,0,0,0,0,0,0,0,0,0,0
280.149333333,0,0,0,0,0,0,0,0,0,0,0,0
280.192000000,0,0,0,0,0,0,0,0,0,0,0,0
280.234666667,0,0,0,0,0,0,0,0,0,0,0,0
280.277333333,0,0,0,0,0,0,0,0,0,0,0,0
280.320000000,0,0,0,0,0,0,0,0,0,0,0,0
280.362666667,0,0,0,0,0,0,0,0,0,0,0,0
280.405333333,0,0,0,0,0,0,0,0,0,0,0,0
280.448000000,0,0,0,0,0,0,0,0,0,0,0,0
280.490666667,0,0,0,0,0,0,0,0,0,0,0,0
280.533333333,0,0,0,0,0,0,0,0,0,0,0,0
280.576000000,0,0,0,0,0,0,0,0,0,0,0,0
280.618666667,0,0,0,0,0,0,0,0,0,0,0,0
280.661333333,0,0,0,0,0,0,0,0,0,0,0,0
280.704000000,0,0,0,0,0,0,0,0,0,0,0,0
280.746666667,0,0,0,0,0,0,0,0,0,0,0,0
280.789333333,0,0,0,0,0,0,0,0,0,0,0,0
280.832000000,0,0,0,0,0,0,0,0,0,0,0,0
280.874666667,0,0,0,0,0,0,0,0,0,0,0,0
280.917333333,0,0,0,0,0,0,0,0,0,0,0,0
280.960000000,0,0,0,0,0,0,0,0,0,0,0,0
281.002666667,0,0,0,0,0,0,0,0,0,0,0,0
281.045333333,0,0,0,0,0,0,0,0,0,0,0,0
281.088000000,0,0,0,0,0,0,0,0,0,0,0,0
281.130666667,0,0,0,0,0,0,0,0,0,0,0,0
281.173333333,0,0,0,0,0,0,0,0,0,0,0,0
281.216000000,0,0,0,0,0,0,0,0,0,0,0,0
281.258666667,0,0,0,0,0,0,0,0,0,0,0,0
281.301333333,0,0,0,0,0,0,0,0,0,0,0,0
281.344000000,0,0,0,0,0,0,0,0,0,0,0,0
281.386666667,0,0,0,0,0,0,0,0,0,0,0,0
281.429333333,0,0,0,0,0,0,0,0,0,0,0,0
281.472000000,0,0,0,0,0,0,0,0,0,0,0,0
281.514666667,0,0,0,0,0,0,0,0,0,0,0,0
281.557333333,0,0,0,0,0,0,0,0,0,0,0,0
281.600000000,0,0,0,0,0,0,0,0,0,0,0,0
281.642666667,0,0,0,0,0,0,0,0,0,0,0,0
281.685333333,0,0,0,0,0,0,0,0,0,0,0,0
281.728000000,0,0,0,0,0,0,0,0,0,0,0,0
281.770666667,0,0,0,0,0,0,0,0,0,0,0,0
281.813333333,0,0,0,0,0,0,0,0,0,0,0,0
281.856000000,0,0,0,0,0,0,0,0,0,0,0,0
281.898666667,0,0,0,0,0,0,0,0,0,0,0,0
281.941333333,0,0,0,0,0,0,0,0,0,0,0,0
281.984000000,0,0,0,0,0,0,0,0,0,0,0,0
282.026666667,0,0,0,0,0,0,0,0,0,0,0,0
282.069333333,0,0,0,0,0,0,0,0,0,0,0,0
282.112000000,0,0,0,0,0,0,0,0,0,0,0,0
282.154666667,0,0,0,0,0,0,0,0,0,0,0,0
282.197333333,0,0,0,0,0,0,0,0,0,0,0,0
282.240000000,0,0,0,0,0,0,0,0,0,0,0,0
282.282666667,0,0,0,0,0,0,0,0,0,0,0,0
282.325333333,0,0,0,0,0,0,0,0,0,0,0,0
282.368000000,0,0,0,0,0,0,0,0,0,0,0,0
282.410666667,0,0,0,0,0,0,0,0,0,0,0,0
282.453333333,0,0,0,0,0,0,0,0,0,0,0,0
282.496000000,0,0,0,0,0,0,0,0,0,0,0,0
282.538666667,0,0,0,0,0,0,0,0,0,0,0,0
282.581333333,0,0,0,0,0,0,0,0,0,0,0,0
282.624000000,0,0,0,0,0,0,0,0,0,0,0,0
282.666666667,0,0,0,0,0,0,0,0,0,0,0,0
282.709333333,0,0,0,0,0,0,0,0,0,0,0,0
282.752000000,0,0,0,0,0,0,0,0,0,0,0,0
282.794666667,0,0,0,0,0,0,0,0,0,0,0,0
282.837333333,0,0,0,0,0,0,0,0,0,0,0,0
282.880000000,0,0,0,0,0,0,0,0,0,0,0,0
282.922666667,0,0,0,0,0,0,0,0,0,0,0,0
282.965333333,0,0,0,0,0,0,0,0,0,0,0,0
283.008000000,0,0,0,0,0,0,0,0,0,0,0,0
283.050666667,0,0,0,0,0,0,0,0,0,0,0,0
283.093333333,0,0,0,0,0,0,0,0,0,0,0,0
283.136000000,0,0,0,0,0,0,0,0,0,0,0,0
283.178666667,0,0,0,0,0,0,0,0,0,0,0,0
283.221333333,0,0,0,0,0,0,0,0,0,0,0,0
283.264000000,0,0,0,0,0,0,0,0,0,0,0,0
283.306666667,0,0,0,0,0,0,0,0,0,0,0,0
283.349333333,0,0,0,0,0,0,0,0,0,0,0,0
283.392000000,0,0,0,0,0,0,0,0,0,0,0,0
283.434666667,0,0,0,0,0,0,0,0,0,0,0,0
283.477333333,0,0,0,0,0,0,0,0,0,0,0,0
283.520000000,0,0,0,0,0,0,0,0,0,0,0,0
283.562666667,0,0,0,0,0,0,0,0,0,0,0,0
283.605333333,0,0,0,0,0,0,0,0,0,0,0,0
283.648000000,0,0,0,0,0,0,0,0,0,0,0,0
283.690666667,0,0,0,0,0,0,0,0,0,0,0,0
283.733333333,0,0,0,0,0,0,0,0,0,0,0,0
283.776000000,0,0,0,0,0,0,0,0,0,0,0,0
283.818666667,0,0,0,0,0,0,0,0,0,0,0,0
283.861333333,0,0,0,0,0,0,0,0,0,0,0,0
283.904000000,0,0,0,0,0,0,0,0,0,0,0,0
283.946666667,0,0,0,0,0,0,0,0,0,0,0,0
283.989333333,0,0,0,0,0,0,0,0,0,0,0,0
284.032000000,0,0,0,0,0,0,0,0,0,0,0,0
284.074666667,0,0,0,0,0,0,0,0,0,0,0,0
284.117333333,0,0,0,0,0,0,0,0,0,0,0,0
284.160000000,0,0,0,0,0,0,0,0,0,0,0,0
284.202666667,0,0,0,0,0,0,0,0,0,0,0,0
284.245333333,0,0,0,0,0,0,0,0,0,0,0,0
284.288000000,0,0,0,0,0,0,0,0,0,0,0,0
284.330666667,0,0,0,0,0,0,0,0,0,0,0,0
284.373333333,0,0,0,0,0,0,0,0,0,0,0,0
284.416000000,0,0,0,0,0,0,0,0,0,0,0,0
284.458666667,0,0,0,0,0,0,0,0,0,0,0,0
284.501333333,0,0,0,0,0,0,0,0,0,0,0,0
284.544000000,0,0,0,0,0,0,0,0,0,0,0,0
284.586666667,0,0,0,0,0,0,0,0,0,0,0,0
284.629333333,0,0,0,0,0,0,0,0,0,0,0,0
284.672000000,0,0,0,0,0,0,0,0,0,0,0,0
284.714666667,0,0,0,0,0,0,0,0,0,0,0,0
284.757333333,0,0,0,0,0,0,0,0,0,0,0,0
284.800000000,0,0,0,0,0,0,0,0,0,0,0,0
284.842666667,0,0,0,0,0,0,0,0,0,0,0,0
284.885333333,0,0,0,0,0,0,0,0,0,0,0,0
284.928000000,0,0,0,0,0,0,0,0,0,0,0,0
284.970666667,0,0,0,0,0,0,0,0,0,0,0,0
285.013333333,0,0,0,0,0,0,0,0,0,0,0,0
285.056000000,0,0,0,0,0,0,0,0,0,0,0,0
285.098666667,0,0,0,0,0,0,0,0,0,0,0,0
285.141333333,0,0,0,0,0,0,0,0,0,0,0,0
285.184000000,0,0,0,0,0,0,0,0,0,0,0,0
285.226666667,0,0,0,0,0,0,0,0,0,0,0,0
285.269333333,0,0,0,0,0,0,0,0,0,0,0,0
285.312000000,0,0,0,0,0,0,0,0,0,0,0,0
285.354666667,0,0,0,0,0,0,0,0,0,0,0,0
285.397333333,0,0,0,0,0,0,0,0,0,0,0,0
285.440000000,0,0,0,0,0,0,0,0,0,0,0,0
285.482666667,0,0,0,0,0,0,0,0,0,0,0,0
285.525333333,0,0,0,0,0,0,0,0,0,0,0,0
285.568000000,0,0,0,0,0,0,0,0,0,0,0,0
285.610666667,0,0,0,0,0,0,0,0,0,0,0,0
285.653333333,0,0,0,0,0,0,0,0,0,0,0,0
285.696000000,0,0,0,0,0,0,0,0,0,0,0,0
285.738666667,0,0,0,0,0,0,0,0,0,0,0,0
285.781333333,0,0,0,0,0,0,0,0,0,0,0,0
285.824000000,0,0,0,0,0,0,0,0,0,0,0,0
285.866666667,0,0,0,0,0,0,0,0,0,0,0,0
285.909333333,0,0,0,0,0,0,0,0,0,0,0,0
285.952000000,0,0,0,0,0,0,0,0,0,0,0,0
285.994666667,0,0,0,0,0,0,0,0,0,0,0,0
286.037333333,0,0,0,0,0,0,0,0,0,0,0,0
286.080000000,0,0,0,0,0,0,0,0,0,0,0,0
286.122666667,0,0,0,0,0,0,0,0,0,0,0,0
286.165333333,0,0,0,0,0,0,0,0,0,0,0,0
286.208000000,0,0,0,0,0,0,0,0,0,0,0,0
286.250666667,0,0,0,0,0,0,0,0,0,0,0,0
286.293333333,0,0,0,0,0,0,0,0,0,0,0,0
286.336000000,0,0,0,0,0,0,0,0,0,0,0,0
286.378666667,0,0,0,0,0,0,0,0,0,0,0,0
286.421333333,0,0,0,0,0,0,0,0,0,0,0,0
286.464000000,0,0,0,0,0,0,0,0,0,0,0,0
286.506666667,0,0,0,0,0,0,0,0,0,0,0,0
286.549333333,0,0,0,0,0,0,0,0,0,0,0,0
286.592000000,0,0,0,0,0,0,0,0,0,0,0,0
286.634666667,0,0,0,0,0,0,0,0,0,0,0,0
286.677333333,0,0,0,0,0,0,0,0,0,0,0,0
286.720000000,0,0,0,0,0,0,0,0,0,0,0,0
286.762666667,0,0,0,0,0,0,0,0,0,0,0,0
286.805333333,0,0,0,0,0,0,0,0,0,0,0,0
286.848000000,0,0,0,0,0,0,0,0,0,0,0,0
286.890666667,0,0,0,0,0,0,0,0,0,0,0,0
286.933333333,0,0,0,0,0,0,0,0,0,0,0,0
286.976000000,0,0,0,0,0,0,0,0,0,0,0,0
287.018666667,0,0,0,0,0,0,0,0,0,0,0,0
287.061333333,0,0,0,0,0,0,0,0,0,0,0,0
287.104000000,0,0,0,0,0,0,0,0,0,0,0,0
287.146666667,0,0,0,0,0,0,0,0,0,0,0,0
287.189333333,0,0,0,0,0,0,0,0,0,0,0,0
287.232000000,0,0,0,0,0,0,0,0,0,0,0,0
287.274666667,0,0,0,0,0,0,0,0,0,0,0,0
287.317333333,0,0,0,0,0,0,0,0,0,0,0,0
287.360000000,0,0,0,0,0,0,0,0,0,0,0,0
287.402666667,0,0,0,0,0,0,0,0,0,0,0,0
287.445333333,0,0,0,0,0,0,0,0,0,0,0,0
287.488000000,0,0,0,0,0,0,0,0,0,0,0,0
287.530666667,0,0,0,0,0,0,0,0,0,0,0,0
287.573333333,0,0,0,0,0,0,0,0,0,0,0,0
287.616000000,0,0,0,0,0,0,0,0,0,0,0,0
287.658666667,0,0,0,0,0,0,0,0,0,0,0,0
287.701333333,0,0,0,0,0,0,0,0,0,0,0,0
287.744000000,0,0,0,0,0,0,0,0,0,0,0,0
287.786666667,0,0,0,0,0,0,0,0,0,0,0,0
287.829333333,0,0,0,0,0,0,0,0,0,0,0,0
287.872000000,0,0,0,0,0,0,0,0,0,0,0,0
287.914666667,0,0,0,0,0,0,0,0,0,0,0,0
287.957333333,0,0,0,0,0,0,0,0,0,0,0,0
288.000000000,0,0,0,0,0,0,0,0,0,0,0,0
288.042666667,0,0,0,0,0,0,0,0,0,0,0,0
288.085333333,0,0,0,0,0,0,0,0,0,0,0,0
288.128000000,0,0,0,0,0,0,0,0,0,0,0,0
288.170666667,0,0,0,0,0,0,0,0,0,0,0,0
288.213333333,0,0,0,0,0,0,0,0,0,0,0,0
288.256000000,0,0,0,0,0,0,0,0,0,0,0,0
288.298666667,0,0,0,0,0,0,0,0,0,0,0,0
288.341333333,0,0,0,0,0,0,0,0,0,0,0,0
288.384000000,0,0,0,0,0,0,0,0,0,0,0,0
288.426666667,0,0,0,0,0,0,0,0,0,0,0,0
288.469333333,0,0,0,0,0,0,0,0,0,0,0,0
288.512000000,0,0,0,0,0,0,0,0,0,0,0,0
288.554666667,0,0,0,0,0,0,0,0,0,0,0,0
288.597333333,0,0,0,0,0,0,0,0,0,0,0,0
288.640000000,0,0,0,0,0,0,0,0,0,0,0,0
288.682666667,0,0,0,0,0,0,0,0,0,0,0,0
288.725333333,0,0,0,0,0,0,0,0,0,0,0,0
288.768000000,0,0,0,0,0,0,0,0,0,0,0,0
288.810666667,0,0,0,0,0,0,0,0,0,0,0,0
288.853333333,0,0,0,0,0,0,0,0,0,0,0,0
288.896000000,0,0,0,0,0,0,0,0,0,0,0,0
288.938666667,0,0,0,0,0,0,0,0,0,0,0,0
288.981333333,0,0,0,0,0,0,0,0,0,0,0,0
289.024000000,0,0,0,0,0,0,0,0,0,0,0,0
289.066666667,0,0,0,0,0,0,0,0,0,0,0,0
289.109333333,0,0,0,0,0,0,0,0,0,0,0,0
289.152000000,0,0,0,0,0,0,0,0,0,0,0,0
289.194666667,0,0,0,0,0,0,0,0,0,0,0,0
289.237333333,0,0,0,0,0,0,0,0,0,0,0,0
289.280000000,0,0,0,0,0,0,0,0,0,0,0,0
289.322666667,0,0,0,0,0,0,0,0,0,0,0,0
289.365333333,0,0,0,0,0,0,0,0,0,0,0,0
289.408000000,0,0,0,0,0,0,0,0,0,0,0,0
289.450666667,0,0,0,0,0,0,0,0,0,0,0,0
289.493333333,0,0,0,0,0,0,0,0,0,0,0,0
289.536000000,0,0,0,0,0,0,0,0,0,0,0,0
289.578666667,0,0,0,0,0,0,0,0,0,0,0,0
289.621333333,0,0,0,0,0,0,0,0,0,0,0,0
289.664000000,0,0,0,0,0,0,0,0,0,0,0,0
289.706666667,0,0,0,0,0,0,0,0,0,0,0,0
289.749333333,0,0,0,0,0,0,0,0,0,0,0,0
289.792000000,0,0,0,0,0,0,0,0,0,0,0,0
289.834666667,0,0,0,0,0,0,0,0,0,0,0,0
289.877333333,0,0,0,0,0,0,0,0,0,0,0,0
289.920000000,0,0,0,0,0,0,0,0,0,0,0,0
289.962666667,0,0,0,0,0,0,0,0,0,0,0,0
290.005333333,0,0,0,0,0,0,0,0,0,0,0,0
290.048000000,0,0,0,0,0,0,0,0,0,0,0,0
290.090666667,0,0,0,0,0,0,0,0,0,0,0,0
290.133333333,0,0,0,0,0,0,0,0,0,0,0,0
290.176000000,0,0,0,0,0,0,0,0,0,0,0,0
290.218666667,0,0,0,0,0,0,0,0,0,0,0,0
290.261333333,0,0,0,0,0,0,0,0,0,0,0,0
290.304000000,0,0,0,0,0,0,0,0,0,0,0,0
290.346666667,0,0,0,0,0,0,0,0,0,0,0,0
290.389333333,0,0,0,0,0,0,0,0,0,0,0,0
290.432000000,0,0,0,0,0,0,0,0,0,0,0,0
290.474666667,0,0,0,0,0,0,0,0,0,0,0,0
290.517333333,0,0,0,0,0,0,0,0,0,0,0,0
290.560000000,0,0,0,0,0,0,0,0,0,0,0,0
290.602666667,0,0,0,0,0,0,0,0,0,0,0,0
290.645333333,0,0,0,0,0,0,0,0,0,0,0,0
290.688000000,0,0,0,0,0,0,0,0,0,0,0,0
290.730666667,0,0,0,0,0,0,0,0,0,0,0,0
290.773333333,0,0,0,0,0,0,0,0,0,0,0,0
290.816000000,0,0,0,0,0,0,0,0,0,0,0,0
290.858666667,0,0,0,0,0,0,0,0,0,0,0,0
290.901333333,0,0,0,0,0,0,0,0,0,0,0,0
290.944000000,0,0,0,0,0,0,0,0,0,0,0,0
290.986666667,0,0,0,0,0,0,0,0,0,0,0,0
291.029333333,0,0,0,0,0,0,0,0,0,0,0,0
291.072000000,0,0,0,0,0,0,0,0,0,0,0,0
291.114666667,0,0,0,0,0,0,0,0,0,0,0,0
291.157333333,0,0,0,0,0,0,0,0,0,0,0,0
291.200000000,0,0,0,0,0,0,0,0,0,0,0,0
291.242666667,0,0,0,0,0,0,0,0,0,0,0,0
291.285333333,0,0,0,0,0,0,0,0,0,0,0,0
291.328000000,0,0,0,0,0,0,0,0,0,0,0,0
291.370666667,0,0,0,0,0,0,0,0,0,0,0,0
291.413333333,0,0,0,0,0,0,0,0,0,0,0,0
291.456000000,0,0,0,0,0,0,0,0,0,0,0,0
291.498666667,0,0,0,0,0,0,0,0,0,0,0,0
291.541333333,0,0,0,0,0,0,0,0,0,0,0,0
291.584000000,0,0,0,0,0,0,0,0,0,0,0,0
291.626666667,0,0,0,0,0,0,0,0,0,0,0,0
291.669333333,0,0,0,0,0,0,0,0,0,0,0,0
291.712000000,0,0,0,0,0,0,0,0,0,0,0,0
291.754666667,0,0,0,0,0,0,0,0,0,0,0,0
291.797333333,0,0,0,0,0,0,0,0,0,0,0,0
291.840000000,0,0,0,0,0,0,0,0,0,0,0,0
291.882666667,0,0,0,0,0,0,0,0,0,0,0,0
291.925333333,0,0,0,0,0,0,0,0,0,0,0,0
291.968000000,0,0,0,0,0,0,0,0,0,0,0,0
292.010666667,0,0,0,0,0,0,0,0,0,0,0,0
292.053333333,0,0,0,0,0,0,0,0,0,0,0,0
292.096000000,0,0,0,0,0,0,0,0,0,0,0,0
292.138666667,0,0,0,0,0,0,0,0,0,0,0,0
292.181333333,0,0,0,0,0,0,0,0,0,0,0,0
292.224000000,0,0,0,0,0,0,0,0,0,0,0,0
292.266666667,0,0,0,0,0,0,0,0,0,0,0,0
292.309333333,0,0,0,0,0,0,0,0,0,0,0,0
292.352000000,0,0,0,0,0,0,0,0,0,0,0,0
292.394666667,0,0,0,0,0,0,0,0,0,0,0,0
292.437333333,0,0,0,0,0,0,0,0,0,0,0,0
292.480000000,0,0,0,0,0,0,0,0,0,0,0,0
292.522666667,0,0,0,0,0,0,0,0,0,0,0,0
292.565333333,0,0,0,0,0,0,0,0,0,0,0,0
292.608000000,0,0,0,0,0,0,0,0,0,0,0,0
292.650666667,0,0,0,0,0,0,0,0,0,0,0,0
292.693333333,0,0,0,0,0,0,0,0,0,0,0,0
292.736000000,0,0,0,0,0,0,0,0,0,0,0,0
292.778666667,0,0,0,0,0,0,0,0,0,0,0,0
292.821333333,0,0,0,0,0,0,0,0,0,0,0,0
292.864000000,0,0,0,0,0,0,0,0,0,0,0,0
292.906666667,0,0,0,0,0,0,0,0,0,0,0,0
292.949333333,0,0,0,0,0,0,0,0,0,0,0,0
292.992000000,0,0,0,0,0,0,0,0,0,0,0,0
293.034666667,0,0,0,0,0,0,0,0,0,0,0,0
293.077333333,0,0,0,0,0,0,0,0,0,0,0,0
293.120000000,0,0,0,0,0,0,0,0,0,0,0,0
293.162666667,0,0,0,0,0,0,0,0,0,0,0,0
293.205333333,0,0,0,0,0,0,0,0,0,0,0,0
293.248000000,0,0,0,0,0,0,0,0,0,0,0,0
293.290666667,0,0,0,0,0,0,0,0,0,0,0,0
293.333333333,0,0,0,0,0,0,0,0,0,0,0,0
293.376000000,0,0,0,0,0,0,0,0,0,0,0,0
293.418666667,0,0,0,0,0,0,0,0,0,0,0,0
293.461333333,0,0,0,0,0,0,0,0,0,0,0,0
293.504000000,0,0,0,0,0,0,0,0,0,0,0,0
293.546666667,0,0,0,0,0,0,0,0,0,0,0,0
293.589333333,0,0,0,0,0,0,0,0,0,0,0,0
293.632000000,0,0,0,0,0,0,0,0,0,0,0,0
293.674666667,0,0,0,0,0,0,0,0,0,0,0,0
293.717333333,0,0,0,0,0,0,0,0,0,0,0,0